Date,SPY,QQQ,AGG,GLD,EFA
2010-01-04,84.57850646972656,40.2465705871582,65.19210052490234,109.80000305175781,34.58121871948242
2010-01-05,84.8023681640625,40.2465705871582,65.48868560791016,109.69999694824219,34.611690521240234
2010-01-06,84.86207580566406,40.003807067871094,65.45079040527344,111.51000213623047,34.75798416137695
2010-01-07,85.2203140258789,40.029815673828125,65.37505340576172,110.81999969482422,34.62388229370117
2010-01-08,85.50390625,40.35927200317383,65.41292572021484,111.37000274658203,34.89818572998047
2010-01-11,85.62332916259766,40.19455337524414,65.36247253417969,112.8499984741211,35.1846809387207
2010-01-12,84.82476806640625,39.691654205322266,65.77893829345703,110.48999786376953,34.770179748535156
2010-01-13,85.54121398925781,40.18589401245117,65.50125885009766,111.54000091552734,35.062767028808594
2010-01-14,85.77256774902344,40.220542907714844,65.67166137695312,112.02999877929688,35.33098602294922
2010-01-15,84.80986022949219,39.75236892700195,65.79788970947266,110.86000061035156,34.77627182006836
2010-01-19,85.86956787109375,40.393959045410156,65.69058990478516,111.5199966430664,35.11764144897461
2010-01-20,84.99638366699219,39.81306838989258,65.86099243164062,108.94000244140625,34.221553802490234
2010-01-21,83.36200714111328,39.44023132324219,65.87989044189453,107.37000274658203,33.49007034301758
2010-01-22,81.50372314453125,38.2871208190918,65.9177474975586,107.16999816894531,32.83781814575195
2010-01-25,81.92161560058594,38.41719436645508,65.91146850585938,107.4800033569336,33.24014663696289
2010-01-26,81.57835388183594,38.45186233520508,65.99346923828125,107.55999755859375,33.051177978515625
2010-01-27,81.96640014648438,38.755306243896484,65.9430160522461,106.52999877929688,33.014610290527344
2010-01-28,81.02609252929688,37.758243560791016,65.88619995117188,106.4800033569336,32.45988845825195
2010-01-29,80.1454086303711,37.09931564331055,66.03768920898438,105.95999908447266,31.990516662597656
2010-02-01,81.39177703857422,37.506805419921875,65.9471664428711,108.3499984741211,32.57570266723633
2010-02-02,82.37690734863281,37.84494400024414,66.02307891845703,109.12999725341797,33.11823272705078
2010-02-03,81.96640014648438,38.05303192138672,65.90283966064453,108.69999694824219,32.77075958251953
2010-02-04,79.43648529052734,36.95193099975586,66.06108856201172,104.37000274658203,31.4357967376709
2010-02-05,79.60061645507812,37.26406478881836,66.08638763427734,104.68000030517578,31.380937576293945
2010-02-08,79.02598571777344,36.995277404785156,66.2130126953125,104.04000091552734,30.759172439575195
2010-02-09,80.01860046386719,37.376773834228516,66.09274291992188,105.41000366210938,31.7283992767334
2010-02-10,79.8618392944336,37.29872512817383,65.9408187866211,105.12000274658203,31.527240753173828
2010-02-11,80.69768524169922,37.86228942871094,65.83314514160156,107.12999725341797,31.81983757019043
2010-02-12,80.6305160522461,37.94032669067383,65.84587860107422,107.04000091552734,31.54551887512207
2010-02-16,81.89926147460938,38.42586135864258,66.01045989990234,109.62000274658203,32.24653244018555
2010-02-17,82.2873764038086,38.64259338378906,65.80785369873047,109.25,32.28921127319336
2010-02-18,82.77244567871094,38.88534927368164,65.7825698852539,109.9800033569336,32.472076416015625
2010-02-19,82.94410705566406,38.86801528930664,65.83314514160156,109.47000122070312,32.27091598510742
2010-02-22,82.95903778076172,38.789974212646484,65.71929168701172,109.06999969482422,32.331871032714844
2010-02-23,81.9515151977539,38.2871208190918,65.95347595214844,107.88999938964844,31.87469482421875
2010-02-24,82.70525360107422,38.677268981933594,66.02307891845703,107.36000061035156,32.075843811035156
2010-02-25,82.59333038330078,38.66859817504883,66.15606689453125,108.30999755859375,31.880794525146484
2010-02-26,82.64555358886719,38.80731964111328,66.16869354248047,109.43000030517578,32.075843811035156
2010-03-01,83.50379943847656,39.37087631225586,66.26586151123047,109.43000030517578,32.325767517089844
2010-03-02,83.73515319824219,39.49224853515625,66.29122924804688,111.0199966430664,32.56960678100586
2010-03-03,83.80978393554688,39.53560256958008,66.29122924804688,111.62999725341797,32.95973205566406
2010-03-04,84.06355285644531,39.665653228759766,66.41188049316406,110.83000183105469,32.8744010925293
2010-03-05,85.26507568359375,40.263893127441406,66.284912109375,110.80999755859375,33.514461517333984
2010-03-08,85.27996063232422,40.3419303894043,66.3293685913086,109.87999725341797,33.514461517333984
2010-03-09,85.42182922363281,40.56736373901367,66.40554809570312,109.72000122070312,33.43519973754883
2010-03-10,85.80241394042969,40.896812438964844,66.3611068725586,108.47000122070312,33.575408935546875
2010-03-11,86.1606216430664,41.05288314819336,66.3611068725586,108.5999984741211,33.70341873168945
2010-03-12,86.16809844970703,41.061546325683594,66.36741638183594,107.94999694824219,33.928951263427734
2010-03-15,86.19050598144531,40.957515716552734,66.44998931884766,108.36000061035156,33.69123077392578
2010-03-16,86.87711334228516,41.21760940551758,66.57060241699219,110.4000015258789,34.1179313659668
2010-03-17,87.39202880859375,41.33031463623047,66.62144470214844,109.58999633789062,34.30079650878906
2010-03-18,87.34727478027344,41.46902847290039,66.56426239013672,110.33999633789062,34.09964370727539
2010-03-19,86.90514373779297,41.218196868896484,66.51349639892578,108.27999877929688,33.752201080322266
2010-03-22,87.3697280883789,41.591407775878906,66.56426239013672,107.75,33.849708557128906
2010-03-23,87.98422241210938,41.877845764160156,66.57699584960938,108.31999969482422,34.08744812011719
2010-03-24,87.55709075927734,41.67820739746094,66.24043273925781,106.30000305175781,33.526634216308594
2010-03-25,87.41473388671875,41.61745834350586,66.06901550292969,106.77999877929688,33.508358001708984
2010-03-26,87.36226654052734,41.660865783691406,66.17694854736328,108.58999633789062,33.837520599365234
2010-03-29,87.916748046875,41.8604736328125,66.10076141357422,108.75,34.12403869628906
2010-03-30,87.97676849365234,41.99935531616211,66.12616729736328,107.97000122070312,34.12403869628906
2010-03-31,87.67697143554688,41.79973220825195,66.16426849365234,108.94999694824219,34.12403869628906
2010-04-01,88.27649688720703,41.79973220825195,66.13943481445312,110.26000213623047,34.727508544921875
2010-04-05,88.9958724975586,42.190284729003906,65.73176574707031,110.88999938964844,34.76408004760742
2010-04-06,89.20570373535156,42.31179428100586,65.81460571289062,111.02999877929688,34.666542053222656
2010-04-07,88.69611358642578,42.20765686035156,66.09476470947266,112.48999786376953,34.42271423339844
2010-04-08,89.00340270996094,42.30311965942383,66.0311279296875,112.6500015258789,34.386146545410156
2010-04-09,89.58788299560547,42.55483627319336,66.10123443603516,113.63999938964844,34.83722686767578
2010-04-12,89.73026275634766,42.58955001831055,66.25408172607422,113.01000213623047,34.94695281982422
2010-04-13,89.7977066040039,42.80652618408203,66.36237335205078,112.69000244140625,34.916481018066406
2010-04-14,90.81687927246094,43.31861114501953,66.2859115600586,113.02999877929688,35.37974166870117
2010-04-15,90.89179992675781,43.50954818725586,66.40695190429688,113.6500015258789,35.35536575317383
2010-04-16,89.44551086425781,42.988800048828125,66.50883483886719,111.23999786376953,34.57511520385742
2010-04-19,89.7827377319336,42.96276092529297,66.3878402709961,111.1500015258789,34.48367691040039
2010-04-20,90.58456420898438,43.179744720458984,66.49609375,111.45999908447266,34.6970329284668
2010-04-21,90.41969299316406,43.42274856567383,66.6107406616211,112.30999755859375,34.47148513793945
2010-04-22,90.6894760131836,43.6657829284668,66.47698974609375,111.83999633789062,34.160606384277344
2010-04-23,91.28147888183594,43.84804916381836,66.39420318603516,113.19000244140625,34.41663360595703
2010-04-26,90.93675994873047,43.75258255004883,66.3878402709961,112.75,34.45320129394531
2010-04-27,88.78607177734375,42.82389450073242,66.59800720214844,114.62999725341797,33.06946563720703
2010-04-28,89.46051025390625,42.84993362426758,66.49609375,114.30999755859375,33.075557708740234
2010-04-29,90.5696029663086,43.59634017944336,66.52156066894531,114.27999877929688,33.58759689331055
2010-04-30,89.03337860107422,42.73710632324219,66.80821228027344,115.36000061035156,33.1669921875
2010-05-03,90.1874008178711,43.33597183227539,66.68172454833984,115.7300033569336,33.404727935791016
2010-05-04,88.0666732788086,42.03407669067383,66.9499740600586,114.87000274658203,32.08195495605469
2010-05-05,87.5420913696289,41.81708526611328,66.8989028930664,115.08999633789062,31.466276168823242
2010-05-06,84.63449096679688,40.41971969604492,66.99474334716797,118.48999786376953,30.06424903869629
2010-05-07,83.37556457519531,39.41291046142578,66.70088195800781,118.2699966430664,29.997207641601562
2010-05-10,87.04753875732422,41.461238861083984,66.69447326660156,117.56999969482422,31.941749572753906
2010-05-11,86.80022430419922,41.41783142089844,66.9436264038086,120.66000366210938,31.423606872558594
2010-05-12,88.0141830444336,42.198974609375,66.87335205078125,121.4000015258789,31.77716636657715
2010-05-13,86.92009735107422,41.53065490722656,66.96918487548828,120.55999755859375,31.362659454345703
2010-05-14,85.346435546875,40.73215866088867,67.2119140625,120.37000274658203,30.472681045532227
2010-05-17,85.39141082763672,40.86235046386719,67.16085052490234,119.36000061035156,30.515336990356445
2010-05-18,84.22985076904297,40.2982063293457,67.39083099365234,119.48999786376953,29.85700225830078
2010-05-19,83.75028991699219,39.9770622253418,67.42272186279297,116.62999725341797,29.972820281982422
2010-05-20,80.58790588378906,38.49288558959961,67.36529541015625,115.83999633789062,28.93044090270996
2010-05-21,81.76439666748047,38.918182373046875,67.65274047851562,115.22000122070312,29.63755226135254
2010-05-24,80.71527099609375,38.761959075927734,67.61442565917969,116.83999633789062,28.954822540283203
2010-05-25,80.7977294921875,38.79668426513672,67.69746398925781,117.36000061035156,28.84510612487793
2010-05-26,80.31060791015625,38.36269760131836,67.62078857421875,118.47000122070312,28.41840362548828
2010-05-27,83.00089263916016,39.812129974365234,67.46104431152344,118.69000244140625,30.03377342224121
2010-05-28,81.95923614501953,39.57781219482422,67.53136444091797,118.87999725341797,29.454683303833008
2010-06-01,80.58039093017578,39.21327590942383,67.642822265625,119.91000366210938,29.16208267211914
2010-06-02,82.67864990234375,40.14197540283203,67.57233428955078,119.77999877929688,29.942338943481445
2010-06-03,82.96340942382812,40.52386474609375,67.54037475585938,117.95999908447266,29.85090446472168
2010-06-04,80.04835510253906,39.135162353515625,67.71332550048828,119.19000244140625,28.576892852783203
2010-06-07,79.05168151855469,38.423465728759766,67.91203308105469,121.48999786376953,28.217235565185547
2010-06-08,79.8984603881836,38.35404968261719,67.83511352539062,121.0,28.668325424194336
2010-06-09,79.47132110595703,38.03289031982422,67.87355041503906,120.55999755859375,28.564697265625
2010-06-10,81.79438781738281,39.11782455444336,67.66848754882812,118.97000122070312,29.771652221679688
2010-06-11,82.1915512084961,39.49100875854492,67.70696258544922,120.01000213623047,29.814321517944336
2010-06-14,82.06415557861328,39.48234176635742,67.80303955078125,119.5999984741211,30.0032958984375
2010-06-15,83.93011474609375,40.54123306274414,67.80303955078125,120.98999786376953,30.9542293548584
2010-06-16,83.90011596679688,40.70612716674805,67.90560150146484,120.33000183105469,30.80793571472168
2010-06-17,84.0350112915039,40.83632278442383,68.06575012207031,121.9000015258789,30.905473709106445
2010-06-18,84.1261215209961,40.8702392578125,67.95684814453125,122.83000183105469,30.850610733032227
2010-06-21,83.88520812988281,40.52239990234375,68.10424041748047,120.38999938964844,30.844514846801758
2010-06-22,82.49977111816406,40.209346771240234,68.17469787597656,121.44999694824219,30.454383850097656
2010-06-23,82.24378967285156,40.044132232666016,68.34776306152344,120.94999694824219,30.65843963623047
2010-06-24,80.8809585571289,39.43543243408203,68.2900390625,121.30000305175781,30.12502670288086
2010-06-25,81.21979522705078,39.443267822265625,68.38618469238281,122.76000213623047,30.298696517944336
2010-06-28,80.96376037597656,39.303855895996094,68.51434326171875,121.08999633789062,30.075422286987305
2010-06-29,78.46399688720703,37.78782653808594,68.71942138671875,121.2699966430664,29.045814514160156
2010-06-30,77.71861267089844,37.2127685546875,68.72586059570312,121.68000030517578,28.847335815429688
2010-07-01,77.37225341796875,37.10821533203125,68.68983459472656,117.04000091552734,29.269105911254883
2010-07-02,76.95060729980469,37.003662109375,68.59342193603516,118.48999786376953,29.20707893371582
2010-07-06,77.455078125,37.11692428588867,68.80550384521484,116.51000213623047,29.790102005004883
2010-07-07,79.89461517333984,38.30188751220703,68.71550750732422,117.7300033569336,30.7204532623291
2010-07-08,80.68521881103516,38.51100540161133,68.70269012451172,117.20999908447266,31.01818084716797
2010-07-09,81.28752899169922,38.87693786621094,68.5998764038086,118.36000061035156,31.049196243286133
2010-07-12,81.3402328491211,38.990203857421875,68.67698669433594,117.33999633789062,30.931346893310547
2010-07-13,82.56754302978516,39.495548248291016,68.5034408569336,118.36000061035156,31.501972198486328
2010-07-14,82.56001281738281,39.695960998535156,68.73478698730469,118.30000305175781,31.61361312866211
2010-07-15,82.58259582519531,39.730804443359375,68.83119201660156,118.2300033569336,31.768672943115234
2010-07-16,80.3087158203125,38.63296127319336,69.04328918457031,116.66999816894531,30.751483917236328
2010-07-19,80.7830810546875,38.96405029296875,68.97906494140625,115.7300033569336,30.94995880126953
2010-07-20,81.67906951904297,39.4345588684082,68.92765045166016,116.6500015258789,31.16084098815918
2010-07-21,80.617431640625,38.894344329833984,69.22968292236328,115.8499984741211,30.596418380737305
2010-07-22,82.4169692993164,39.878902435302734,69.16539764404297,116.86000061035156,31.62601661682129
2010-07-23,83.13221740722656,40.131587982177734,69.04328918457031,116.08999633789062,31.998159408569336
2010-07-26,83.99810028076172,40.462684631347656,69.03044128417969,115.5199966430664,32.22144317626953
2010-07-27,83.99059295654297,40.44525909423828,69.00472259521484,113.51000213623047,32.314483642578125
2010-07-28,83.448486328125,40.12287521362305,69.13326263427734,113.77999877929688,32.14701843261719
2010-07-29,83.04190063476562,39.82664108276367,69.19751739501953,114.29000091552734,32.295867919921875
2010-07-30,83.02682495117188,39.91376495361328,69.31320190429688,115.48999786376953,32.19663619995117
2010-08-02,84.90169525146484,40.6630744934082,69.21913146972656,115.54000091552734,33.28205490112305
2010-08-03,84.49505615234375,40.48881149291992,69.26426696777344,115.98999786376953,33.2324333190918
2010-08-04,85.05978393554688,40.898319244384766,69.14178466796875,116.72000122070312,33.26344680786133
2010-08-05,84.96943664550781,40.802486419677734,69.22557830810547,116.9800033569336,33.238643646240234
2010-08-06,84.62307739257812,40.741485595703125,69.36091613769531,117.83999633789062,33.33787155151367
2010-08-09,85.07483673095703,41.02031326293945,69.36091613769531,117.4000015258789,33.37510299682617
2010-08-10,84.61554718017578,40.6630744934082,69.47687530517578,117.7300033569336,33.108394622802734
2010-08-11,82.29650115966797,39.55653762817383,69.54131317138672,117.33999633789062,31.601207733154297
2010-08-12,81.79199981689453,39.24288558959961,69.4317626953125,118.7699966430664,31.563989639282227
2010-08-13,81.55107879638672,38.96405029296875,69.5929183959961,118.73999786376953,31.452341079711914
2010-08-16,81.513427734375,39.03375244140625,69.82490539550781,119.7300033569336,31.706642150878906
2010-08-17,82.51484680175781,39.530391693115234,69.74111938476562,119.75,32.06018829345703
2010-08-18,82.6654281616211,39.687232971191406,69.66378784179688,120.22000122070312,32.04777145385742
2010-08-19,81.227294921875,39.08604431152344,69.88934326171875,120.38999938964844,31.53297233581543
2010-08-20,80.96376037597656,39.13832473754883,69.79267120361328,119.97000122070312,31.20424461364746
2010-08-23,80.65509033203125,38.754940032958984,69.86357879638672,119.77999877929688,31.142230987548828
2010-08-24,79.45787048339844,38.031768798828125,70.14070129394531,120.36000061035156,30.71426773071289
2010-08-25,79.7665786743164,38.3977165222168,69.97954559326172,121.36000061035156,30.745269775390625
2010-08-26,79.23202514648438,37.935935974121094,70.0698013305664,120.95999908447266,30.73287010192871
2010-08-27,80.45930480957031,38.3977165222168,69.68315124511719,121.01000213623047,31.33449935913086
2010-08-30,79.29224395751953,37.9969367980957,70.15355682373047,120.91000366210938,30.881729125976562
2010-08-31,79.29224395751953,37.866233825683594,70.2051010131836,122.08000183105469,30.974761962890625
2010-09-01,81.66400146484375,38.99891662597656,70.05516815185547,121.69000244140625,32.07878494262695
2010-09-02,82.42447662353516,39.4345588684082,69.96472930908203,122.29000091552734,32.258663177490234
2010-09-03,83.49363708496094,40.0880126953125,69.80320739746094,121.86000061035156,32.55637741088867
2010-09-07,82.55247497558594,39.817935943603516,70.00349426269531,122.69999694824219,32.10359191894531
2010-09-08,83.13221740722656,40.29712677001953,69.95182800292969,122.70999908447266,32.35169219970703
2010-09-09,83.51625061035156,40.4539680480957,69.61577606201172,121.55999755859375,32.655609130859375
2010-09-10,83.9378890991211,40.60208511352539,69.46714782714844,121.7300033569336,32.75484848022461
2010-09-13,84.87153625488281,41.168426513671875,69.62220001220703,121.62000274658203,33.35028839111328
2010-09-14,84.81884765625,41.342674255371094,69.87425231933594,124.0199966430664,33.57357406616211
2010-09-15,85.14261627197266,41.604061126708984,69.74503326416016,123.94000244140625,33.585975646972656
2010-09-16,85.12002563476562,41.769596099853516,69.62870788574219,124.62999725341797,33.42470932006836
2010-09-17,85.15180969238281,41.91109085083008,69.71918487548828,124.54000091552734,33.26344680786133
2010-09-20,86.45378112792969,42.64469528198242,69.74503326416016,124.87000274658203,33.84027099609375
2010-09-21,86.27969360351562,42.63596725463867,70.04229736328125,126.01000213623047,33.83407211303711
2010-09-22,85.85577392578125,42.52241516113281,70.0616683959961,126.19999694824219,33.78445816040039
2010-09-23,85.1594009399414,42.50496292114258,70.13919830322266,126.30000305175781,33.41850662231445
2010-09-24,86.91556549072266,43.369544982910156,69.88076782226562,126.69000244140625,34.348873138427734
2010-09-27,86.49919891357422,43.13376235961914,70.11983489990234,126.72000122070312,34.17520523071289
2010-09-28,86.80198669433594,43.11628341674805,70.28785705566406,127.8499984741211,34.373680114746094
2010-09-29,86.6506118774414,43.04643249511719,70.23612213134766,127.94999694824219,34.3178596496582
2010-09-30,86.39321899414062,42.854286193847656,70.2103042602539,127.91000366210938,34.063568115234375
2010-10-01,86.75656127929688,42.8018798828125,70.12928009033203,128.91000366210938,34.40469741821289
2010-10-04,86.1055908203125,42.33903503417969,70.24593353271484,128.4600067138672,33.90850067138672
2010-10-05,87.83905792236328,43.369544982910156,70.24593353271484,130.99000549316406,34.869869232177734
2010-10-06,87.83148193359375,42.994022369384766,70.31719970703125,131.80999755859375,35.161376953125
2010-10-07,87.72553253173828,43.151206970214844,70.34959411621094,130.3699951171875,35.04353332519531
2010-10-08,88.21754455566406,43.44814682006836,70.49205780029297,131.66000366210938,35.27302169799805
2010-10-11,88.30081939697266,43.46561813354492,70.4532470703125,132.2899932861328,35.22960662841797
2010-10-12,88.57331085205078,43.762542724609375,70.38196563720703,131.9600067138672,35.15517807006836
2010-10-13,89.26216125488281,44.1206169128418,70.37548828125,134.07000732421875,35.5521354675293
2010-10-14,88.91398620605469,44.03329849243164,70.11642456054688,134.75,35.800235748291016
2010-10-15,89.09561157226562,44.967742919921875,69.9738540649414,133.67999267578125,35.682369232177734
2010-10-18,89.53468322753906,44.801815032958984,70.2199935913086,134.27999877929688,35.76300811767578
2010-10-19,88.36135864257812,44.38262939453125,70.27827453613281,130.11000061035156,34.97530746459961
2010-10-20,89.22432708740234,44.70574951171875,70.36251831054688,131.32000732421875,35.632755279541016
2010-10-21,89.42115020751953,44.79308319091797,70.25237274169922,129.47000122070312,35.44049072265625
2010-10-22,89.58765411376953,45.09874725341797,70.28478240966797,129.72999572753906,35.53352355957031
2010-10-25,89.85260009765625,45.31708526611328,70.29129791259766,130.85000610351562,35.66998291015625
2010-10-26,89.86775207519531,45.43935012817383,70.12928009033203,130.8800048828125,35.44049072265625
2010-10-27,89.61038970947266,45.57909393310547,69.9932632446289,129.52000427246094,35.09935760498047
2010-10-28,89.62551879882812,45.67513656616211,70.168212890625,131.24000549316406,35.37226104736328
2010-10-29,89.69365692138672,45.57034683227539,70.31719970703125,132.6199951171875,35.35985565185547
2010-11-01,89.72391510009766,45.60528564453125,70.28860473632812,131.9199981689453,35.22960662841797
2010-11-02,90.43548583984375,46.09433364868164,70.41201782226562,132.49000549316406,35.8126220703125
2010-11-03,90.79884338378906,46.303932189941406,70.39900970458984,131.57000732421875,36.060726165771484
2010-11-04,92.54740905761719,46.87159729003906,70.73673248291016,136.02999877929688,36.87944412231445
2010-11-05,92.89563751220703,46.87159729003906,70.54188537597656,136.3800048828125,36.71817398071289
2010-11-08,92.72150421142578,46.9327392578125,70.50943756103516,137.77999877929688,36.49488830566406
2010-11-09,92.05535888671875,46.67947769165039,70.16526794433594,135.58999633789062,36.12895202636719
2010-11-10,92.4262924194336,46.915279388427734,70.10678100585938,137.24000549316406,36.2343864440918
2010-11-11,92.078125,46.61834716796875,70.10023498535156,137.66000366210938,35.92426681518555
2010-11-12,90.9880599975586,45.85853576660156,69.8210220336914,133.69000244140625,35.626556396484375
2010-11-15,90.85935974121094,45.68389129638672,69.43787384033203,132.4199981689453,35.60175704956055
2010-11-16,89.44381713867188,44.93280792236328,69.60671997070312,130.97000122070312,34.76442337036133
2010-11-17,89.4892807006836,45.06382751464844,69.62618255615234,130.3800048828125,34.95669937133789
2010-11-18,90.80636596679688,45.78868103027344,69.60671997070312,132.08999633789062,35.83123779296875
2010-11-19,91.05619049072266,45.823604583740234,69.6846694946289,132.1999969482422,35.83123779296875
2010-11-22,90.98048400878906,46.20787048339844,69.85352325439453,133.47999572753906,35.44668960571289
2010-11-23,89.66336059570312,45.47426986694336,69.9249267578125,134.41000366210938,34.3798713684082
2010-11-24,90.9880599975586,46.39126968383789,69.5872573852539,134.17999267578125,34.92569351196289
2010-11-26,89.92830657958984,46.085609436035156,69.7300796508789,133.11000061035156,34.3426628112793
2010-11-29,90.20079040527344,46.05067443847656,69.7755126953125,133.50999450683594,34.03874969482422
2010-11-30,89.69365692138672,45.49174499511719,69.7300796508789,135.4199981689453,33.65420150756836
2010-12-01,91.6012191772461,46.452415466308594,69.36648559570312,135.3800048828125,34.60935974121094
2010-12-02,92.7745361328125,46.92399978637695,69.22941589355469,135.1999969482422,35.26681900024414
2010-12-03,93.02432250976562,47.0462646484375,69.36648559570312,138.07000732421875,35.60795974731445
2010-12-06,92.92591094970703,47.0287971496582,69.62110137939453,139.11000061035156,35.44668960571289
2010-12-07,92.97889709472656,47.05500793457031,69.07926177978516,136.5,35.465293884277344
2010-12-08,93.3195571899414,47.22967529296875,68.74632263183594,134.7899932861328,35.57073974609375
2010-12-09,93.6828842163086,47.27334213256836,68.87037658691406,135.3699951171875,35.66377258300781
2010-12-10,94.2278823852539,47.58773422241211,68.73979949951172,135.41000366210938,35.744407653808594
2010-12-13,94.2884521484375,47.42180252075195,68.78549194335938,136.0500030517578,36.12895202636719
2010-12-14,94.37171936035156,47.50913619995117,68.40034484863281,136.17999267578125,36.184776306152344
2010-12-15,93.94026184082031,47.29953384399414,68.2828140258789,134.6999969482422,35.707191467285156
2010-12-16,94.48528289794922,47.66632843017578,68.41336822509766,133.80999755859375,35.90566635131836
2010-12-17,94.58648681640625,47.70834732055664,68.78549194335938,134.1999969482422,35.707191467285156
2010-12-20,94.81478118896484,47.74333572387695,68.83119201660156,135.11000061035156,35.78783416748047
2010-12-21,95.41593170166016,48.0321159362793,68.96170043945312,135.32000732421875,36.08708572387695
2010-12-22,95.71271514892578,48.02336502075195,68.8834228515625,135.0500030517578,36.15594482421875
2010-12-23,95.57572174072266,47.90084457397461,68.75289916992188,134.66000366210938,36.13718032836914
2010-12-27,95.61377716064453,47.92709732055664,68.94864654541016,135.02000427246094,36.062049865722656
2010-12-28,95.75074768066406,47.83959197998047,68.54528045654297,137.22000122070312,36.093345642089844
2010-12-29,95.8192367553711,47.94461441040039,69.02989959716797,137.7100067138672,36.4063835144043
2010-12-30,95.66704559326172,47.83085250854492,68.97756958007812,137.02999877929688,36.231082916259766
2010-12-31,95.68985748291016,47.65583038330078,69.25917053222656,138.72000122070312,36.45021438598633
2011-01-03,96.67912292480469,48.399635314941406,69.18051147460938,138.0,36.7507209777832
2011-01-04,96.6258544921875,48.3646240234375,69.2001724243164,134.75,36.63802719116211
2011-01-05,97.12806701660156,48.77590560913086,68.86615753173828,134.3699951171875,36.481510162353516
2011-01-06,96.93780517578125,48.933433532714844,68.87928771972656,133.8300018310547,36.062049865722656
2011-01-07,96.74758911132812,48.88966369628906,69.1019058227539,133.5800018310547,35.91804504394531
2011-01-10,96.6258544921875,49.07342529296875,69.28529357910156,134.1199951171875,35.85544204711914
2011-01-11,96.96826934814453,49.14344787597656,69.14778900146484,134.91000366210938,36.09960174560547
2011-01-12,97.84334564208984,49.493465423583984,69.1412124633789,135.4600067138672,36.89472961425781
2011-01-13,97.68356323242188,49.510963439941406,69.3901138305664,134.0500030517578,36.994903564453125
2011-01-14,98.3912353515625,49.87849807739258,69.24606323242188,132.69000244140625,37.22028732299805
2011-01-18,98.55866241455078,50.018489837646484,69.2001724243164,133.42999267578125,37.464454650878906
2011-01-19,97.5922622680664,49.44970703125,69.21328735351562,133.72000122070312,37.207759857177734
2011-01-20,97.46288299560547,49.099693298339844,68.9513168334961,131.1999969482422,36.888465881347656
2011-01-21,97.68356323242188,48.723411560058594,69.16743469238281,131.02999877929688,37.088809967041016
2011-01-24,98.23904418945312,49.39720916748047,69.12814331054688,130.36000061035156,37.483238220214844
2011-01-25,98.29232025146484,49.46721267700195,69.34423065185547,130.10000610351562,37.40811538696289
2011-01-26,98.67279815673828,49.72975158691406,69.11507415771484,131.16000366210938,37.64602279663086
2011-01-27,98.91629791259766,50.0360107421875,69.23295593261719,127.93000030517578,37.73365783691406
2011-01-28,97.18893432617188,48.76716232299805,69.33119201660156,130.27999877929688,36.89472961425781
2011-01-31,97.91944122314453,49.00344467163086,69.2001724243164,129.8699951171875,37.21402359008789
2011-02-01,99.48702239990234,49.922245025634766,69.05305480957031,130.8000030517578,38.0967903137207
2011-02-02,99.2967758178711,49.84347915649414,68.97418212890625,130.4499969482422,38.065486907958984
2011-02-03,99.51746368408203,49.930999755859375,68.71802520751953,132.1999969482422,38.071754455566406
2011-02-04,99.79901123046875,50.21100997924805,68.48812866210938,131.66000366210938,38.059234619140625
2011-02-07,100.4229736328125,50.447288513183594,68.51439666748047,131.67999267578125,38.178184509277344
2011-02-08,100.87957763671875,50.77981185913086,68.31732940673828,133.13999938964844,38.42861557006836
2011-02-09,100.65127563476562,50.692291259765625,68.4421157836914,133.07000732421875,38.315921783447266
2011-02-10,100.6893310546875,50.77104568481445,68.24502563476562,132.85000610351562,38.065486907958984
2011-02-11,101.29045867919922,51.138580322265625,68.51439666748047,132.32000732421875,38.084266662597656
2011-02-14,101.53397369384766,51.26108932495117,68.5472640991211,132.9499969482422,38.15940856933594
2011-02-15,101.21436309814453,51.19108200073242,68.63262939453125,133.97000122070312,38.04670333862305
2011-02-16,101.85360717773438,51.52360916137695,68.63262939453125,134.10000610351562,38.50374221801758
2011-02-17,102.15795135498047,51.506099700927734,68.79686737060547,135.0399932861328,38.63521957397461
2011-02-18,102.37101745605469,51.392337799072266,68.77056884765625,135.41000366210938,38.76669692993164
2011-02-22,100.31646728515625,49.90474319458008,69.02017211914062,136.2899932861328,37.658546447753906
2011-02-23,99.70008087158203,49.493465423583984,69.07274627685547,137.50999450683594,37.708641052246094
2011-02-24,99.63160705566406,49.755985260009766,69.08590698242188,136.47999572753906,37.73992919921875
2011-02-25,100.69694519042969,50.447288513183594,69.26980590820312,137.3800048828125,38.190704345703125
2011-02-28,101.32091522216797,50.552284240722656,69.40116882324219,137.66000366210938,38.53505325317383
2011-03-01,99.63160705566406,49.73847579956055,69.34517669677734,140.02999877929688,37.99662780761719
2011-03-02,99.84467315673828,50.00100326538086,69.2332763671875,139.9199981689453,38.19696807861328
2011-03-03,101.56443786621094,50.98983383178711,68.9894790649414,138.08999633789062,38.685306549072266
2011-03-04,100.80347442626953,50.727298736572266,69.17398834228516,139.35000610351562,38.33470153808594
2011-03-07,100.01210021972656,50.044742584228516,69.20687866210938,139.72000122070312,37.965309143066406
2011-03-08,100.88719940185547,50.246009826660156,69.15420532226562,139.36000061035156,38.084266662597656
2011-03-09,100.74259185791016,49.90474319458008,69.3188247680664,139.41000366210938,38.0967903137207
2011-03-10,98.87826538085938,49.125938415527344,69.56256103515625,137.77000427246094,37.15141677856445
2011-03-11,99.5631103515625,49.43220901489258,69.57573699951172,138.22000122070312,37.15141677856445
2011-03-14,98.96198272705078,49.257198333740234,69.61524200439453,138.86000061035156,36.48777770996094
2011-03-15,97.8281478881836,48.5571403503418,69.64161682128906,136.27000427246094,35.723968505859375
2011-03-16,96.01707458496094,47.38457107543945,69.8392333984375,136.24000549316406,34.61579895019531
2011-03-17,97.28784942626953,47.82209396362305,69.79310607910156,136.97000122070312,35.767791748046875
2011-03-18,97.64170837402344,47.71430587768555,69.76676940917969,138.3699951171875,36.26238250732422
2011-03-21,99.15496063232422,48.634429931640625,69.60208892822266,139.13999938964844,37.157676696777344
2011-03-22,98.81104278564453,48.54680252075195,69.60871124267578,139.0500030517578,37.05125045776367
2011-03-23,99.09383392333984,48.81844711303711,69.57573699951172,140.33999633789062,37.095069885253906
2011-03-24,100.04147338867188,49.685977935791016,69.38469696044922,139.22000122070312,37.58967208862305
2011-03-25,100.34721374511719,49.80865478515625,69.325439453125,139.25999450683594,37.17646026611328
2011-03-28,100.1026382446289,49.537010192871094,69.29251098632812,138.5399932861328,37.157676696777344
2011-03-29,100.77518463134766,50.018978118896484,69.20687866210938,138.2100067138672,37.35176467895508
2011-03-30,101.47068786621094,50.25556564331055,69.325439453125,138.6699981689453,37.7962760925293
2011-03-31,101.33306884765625,50.32566452026367,69.24639129638672,139.86000061035156,37.61471176147461
2011-04-01,101.76107025146484,50.351959228515625,69.34085845947266,139.1999969482422,37.97158432006836
2011-04-04,101.84514617919922,50.18547439575195,69.4532241821289,139.83999633789062,38.02166748046875
2011-04-05,101.82986450195312,50.05402755737305,69.3078384399414,142.0500030517578,37.9277458190918
2011-04-06,102.15084838867188,50.176692962646484,69.10307312011719,142.3800048828125,38.24079132080078
2011-04-07,101.89100646972656,50.14164352416992,69.2087631225586,142.50999450683594,38.052974700927734
2011-04-08,101.5394287109375,49.90504837036133,69.07662200927734,143.66000366210938,38.36600875854492
2011-04-11,101.23375701904297,49.73855209350586,69.14271545410156,142.63999938964844,38.2908821105957
2011-04-12,100.47711181640625,49.39679718017578,69.40693664550781,141.61000061035156,37.93400955200195
2011-04-13,100.46946716308594,49.81742477416992,69.4796142578125,141.89999389648438,38.04670333862305
2011-04-14,100.54588317871094,49.72978591918945,69.41353607177734,143.80999755859375,38.21575164794922
2011-04-15,100.91273498535156,49.64216995239258,69.66454315185547,145.0500030517578,38.15940856933594
2011-04-18,99.78164672851562,49.291648864746094,69.7834701538086,145.92999267578125,37.37681579589844
2011-04-19,100.35481262207031,49.59833908081055,69.92221069335938,145.92999267578125,37.65227508544922
2011-04-20,101.72286224365234,50.720008850097656,69.82317352294922,146.5,38.610172271728516
2011-04-21,102.24253845214844,51.12311935424805,69.86943054199219,146.74000549316406,38.86061477661133
2011-04-25,102.13555908203125,51.254539489746094,69.90897369384766,146.8699951171875,38.86061477661133
2011-04-26,103.01443481445312,51.54372024536133,70.1666488647461,146.3800048828125,39.1611213684082
2011-04-27,103.68696594238281,51.89425277709961,70.10721588134766,149.1999969482422,39.649471282958984
2011-04-28,104.02330017089844,51.815364837646484,70.27239227294922,149.82000732421875,39.91868591308594
2011-04-29,104.26782989501953,51.77156066894531,70.33186340332031,152.3699951171875,39.73086166381836
2011-05-02,104.10735321044922,51.675174713134766,70.36892700195312,150.41000366210938,39.987545013427734
2011-05-03,103.73285675048828,51.42979431152344,70.38884735107422,149.8800048828125,39.6619873046875
2011-05-04,103.04500579833984,51.350921630859375,70.52130889892578,147.72999572753906,39.323917388916016
2011-05-05,102.11264038085938,51.07051467895508,70.68041229248047,143.47000122070312,38.54756546020508
2011-05-06,102.56352233886719,51.23702621459961,70.67377471923828,145.3000030517578,38.56635284423828
2011-05-09,102.9609603881836,51.42979431152344,70.75324249267578,147.3800048828125,38.841827392578125
2011-05-10,103.83987426757812,51.867950439453125,70.62738037109375,147.89999389648438,39.21121597290039
2011-05-11,102.74696350097656,51.49116134643555,70.75324249267578,146.5399932861328,38.42235565185547
2011-05-12,103.23609161376953,51.7978515625,70.64725494384766,146.58999633789062,38.54756546020508
2011-05-13,102.44125366210938,51.18444061279297,70.75987243652344,145.6300048828125,37.946537017822266
2011-05-16,101.7916488647461,50.29938888549805,70.91232299804688,145.3699951171875,37.87766647338867
2011-05-17,101.77635955810547,50.43960189819336,70.99178314208984,144.74000549316406,37.95905685424805
2011-05-18,102.6858139038086,50.8602180480957,70.879150390625,145.60000610351562,38.190704345703125
2011-05-19,102.93037414550781,51.00920486450195,70.82615661621094,145.64999389648438,38.40983581542969
2011-05-20,102.11264038085938,50.62360763549805,70.89234924316406,147.49000549316406,37.865142822265625
2011-05-23,100.92803955078125,49.878746032714844,70.95205688476562,147.8300018310547,36.9886360168457
2011-05-24,100.84397888183594,49.57206344604492,70.97857666015625,148.58999633789062,37.20151138305664
2011-05-25,101.18024444580078,49.76484680175781,70.96534729003906,148.5800018310547,37.43941879272461
2011-05-26,101.64643096923828,50.07155227661133,71.11772918701172,148.22000122070312,37.790016174316406
2011-05-27,102.03620147705078,50.32566452026367,71.18391418457031,149.6999969482422,38.065486907958984
2011-05-31,103.0985107421875,51.14061737060547,71.20381164550781,149.63999938964844,38.854347229003906
2011-06-01,100.78280639648438,50.02772903442383,71.51153564453125,149.91000366210938,37.93400955200195
2011-06-02,100.67584228515625,50.13290023803711,71.22575378417969,149.5,38.12809753417969
2011-06-03,99.67462921142578,49.379268646240234,71.31877136230469,150.22000122070312,38.146873474121094
2011-06-06,98.61996459960938,48.97617721557617,71.3320541381836,150.47999572753906,37.65227508544922
2011-06-07,98.558837890625,48.888553619384766,71.47830200195312,150.4199981689453,37.99662780761719
2011-06-08,98.14611053466797,48.53803253173828,71.5380859375,149.80999755859375,37.50828552246094
2011-06-09,98.89507293701172,48.62565231323242,71.4317398071289,150.55999755859375,37.89645004272461
2011-06-10,97.51943969726562,47.880794525146484,71.42510223388672,149.24000549316406,37.01994705200195
2011-06-13,97.59586334228516,47.880794525146484,71.3320541381836,147.77000427246094,37.076290130615234
2011-06-14,98.83395385742188,48.49421310424805,71.139404296875,148.6699981689453,37.73365783691406
2011-06-15,97.07615661621094,47.5741081237793,71.31877136230469,149.1199951171875,36.49403762817383
2011-06-16,97.29014587402344,47.39009094238281,71.3653564453125,148.97000122070312,36.36882781982422
2011-06-17,97.58049774169922,47.24164581298828,71.4317398071289,149.94000244140625,36.72569274902344
2011-06-20,98.07969665527344,47.487579345703125,71.33869171142578,150.02999877929688,36.681861877441406
2011-06-21,99.42383575439453,48.506351470947266,71.40515899658203,150.75999450683594,37.47697448730469
2011-06-22,98.82472229003906,48.15505599975586,71.358642578125,150.99000549316406,37.11381530761719
2011-06-23,98.5405502319336,48.60296630859375,71.59126281738281,148.33999633789062,36.79469299316406
2011-06-24,97.39614868164062,47.75983428955078,71.52476501464844,146.25999450683594,36.443660736083984
2011-06-27,98.26402282714844,48.523921966552734,71.39849853515625,145.72999572753906,36.74363327026367
2011-06-28,99.54669189453125,49.244083404541016,71.11279296875,146.24000549316406,37.184024810791016
2011-06-29,100.39923095703125,49.44607925415039,70.900146484375,147.17999267578125,37.835025787353516
2011-06-30,101.3592758178711,50.10478973388672,70.88682556152344,146.0,38.3839225769043
2011-07-01,102.85696411132812,50.86009216308594,70.90946960449219,144.92999267578125,38.8051643371582
2011-07-05,102.77247619628906,51.11477279663086,71.1827621459961,147.6300048828125,38.57538604736328
2011-07-06,102.8953857421875,51.28166198730469,71.22272491455078,148.91000366210938,38.332855224609375
2011-07-07,103.96292114257812,51.9842643737793,71.02283477783203,149.14999389648438,38.66475296020508
2011-07-08,103.22563171386719,51.84374237060547,71.38937377929688,150.25,38.186065673828125
2011-07-11,101.3592758178711,50.904014587402344,71.58262634277344,151.58999633789062,37.03084945678711
2011-07-12,100.92147064208984,50.51756286621094,71.64257049560547,152.77000427246094,36.78192901611328
2011-07-13,101.25942993164062,50.72834396362305,71.78257751464844,154.13999938964844,37.3308219909668
2011-07-14,100.56051635742188,50.13991165161133,71.60257720947266,154.5399932861328,37.00531768798828
2011-07-15,101.14421844482422,50.80739212036133,71.70259094238281,155.1999969482422,37.13297653198242
2011-07-18,100.31475067138672,50.535125732421875,71.5959701538086,156.57000732421875,36.58407974243164
2011-07-19,101.9429931640625,51.6856575012207,71.74921417236328,154.66000366210938,37.13297653198242
2011-07-20,101.88153076171875,51.46609878540039,71.63592529296875,156.02000427246094,37.57334899902344
2011-07-21,103.29473876953125,51.808624267578125,71.52263641357422,154.8300018310547,38.371158599853516
2011-07-22,103.3638687133789,52.3443489074707,71.6759262084961,156.1199951171875,38.409446716308594
2011-07-25,102.787841796875,52.23896789550781,71.46930694580078,157.33999633789062,38.16691970825195
2011-07-26,102.40382385253906,52.370697021484375,71.63592529296875,157.77000427246094,38.39667892456055
2011-07-27,100.30702209472656,51.0181770324707,71.51602172851562,157.19000244140625,37.464847564697266
2011-07-28,100.01518249511719,51.10600662231445,71.65592956542969,157.32000732421875,37.37550354003906
2011-07-29,99.33163452148438,50.939144134521484,72.08248901367188,158.2899932861328,37.47123718261719
2011-08-01,98.9092025756836,50.70200729370117,72.25619506835938,157.72000122070312,36.998931884765625
2011-08-02,96.38232421875,49.419742584228516,72.5635757446289,161.52000427246094,36.02242660522461
2011-08-03,96.90460968017578,49.89400863647461,72.6370849609375,161.49000549316406,36.233036041259766
2011-08-04,92.36543273925781,47.57538986206055,73.02472686767578,160.63999938964844,33.70559310913086
2011-08-05,92.22721099853516,47.27679443359375,72.54354095458984,161.75,34.299171447753906
2011-08-08,86.22106170654297,44.43122100830078,72.57701873779297,167.1199951171875,31.739809036254883
2011-08-09,90.23023986816406,46.574188232421875,73.00471496582031,168.61000061035156,33.877933502197266
2011-08-10,86.24409484863281,44.668357849121094,73.59944915771484,174.5800018310547,31.85469627380371
2011-08-11,90.11504364013672,46.635658264160156,72.68392181396484,170.75,33.380104064941406
2011-08-12,90.72181701660156,47.04844284057617,73.00471496582031,169.97000122070312,33.76304626464844
2011-08-15,92.6419448852539,47.74226760864258,73.11833190917969,171.8000030517578,34.5480842590332
2011-08-16,91.8508529663086,47.33827590942383,73.27201080322266,173.9199981689453,34.04386901855469
2011-08-17,91.91227722167969,47.057220458984375,73.3923110961914,174.4199981689453,34.241729736328125
2011-08-18,87.94918823242188,44.74740219116211,73.49927520751953,177.72000122070312,32.575904846191406
2011-08-19,86.51288604736328,43.93939208984375,73.53265380859375,179.9499969482422,32.02064895629883
2011-08-22,86.58203125,44.09747314453125,73.43907165527344,184.58999633789062,32.224876403808594
2011-08-23,89.4314956665039,45.91547393798828,73.26535034179688,177.6699981689453,33.27159881591797
2011-08-24,90.69107818603516,46.275569915771484,72.8509292602539,171.64999389648438,33.284366607666016
2011-08-25,89.30860900878906,45.52027130126953,72.99798583984375,172.36000061035156,32.48018264770508
2011-08-26,90.60661315917969,46.662010192871094,73.09828186035156,177.47000122070312,32.99077606201172
2011-08-29,93.21029663085938,47.961830139160156,73.01805114746094,173.88999938964844,33.77579879760742
2011-08-30,93.45604705810547,48.27801513671875,73.24530029296875,179.10000610351562,33.577964782714844
2011-08-31,93.87081146240234,48.357051849365234,73.17843627929688,177.72000122070312,34.19065475463867
2011-09-01,92.88770294189453,47.91792297363281,73.4142074584961,177.8699951171875,33.76942443847656
2011-09-02,90.51441955566406,46.793739318847656,73.63518524169922,183.24000549316406,33.01629638671875
2011-09-06,89.85393524169922,46.802528381347656,73.82939910888672,182.89999389648438,31.931283950805664
2011-09-07,92.38848114013672,47.988182067871094,73.65534973144531,177.0800018310547,32.88227081298828
2011-09-08,91.42842864990234,47.76859664916992,73.67535400390625,181.80999755859375,32.231266021728516
2011-09-09,89.0320816040039,46.7059211730957,73.77578735351562,180.6999969482422,31.114337921142578
2011-09-12,89.6081314086914,47.30314254760742,73.62848663330078,176.6699981689453,30.980302810668945
2011-09-13,90.42996215820312,47.935489654541016,73.65534973144531,178.5399932861328,31.312191009521484
2011-09-14,91.68186950683594,48.62053680419922,73.66864013671875,177.2100067138672,31.78449249267578
2011-09-15,93.26402282714844,49.34070587158203,73.4543685913086,174.39999389648438,32.47378921508789
2011-09-16,93.8160400390625,49.7929573059082,73.56153106689453,176.02999877929688,32.48655319213867
2011-09-19,92.88191986083984,49.8105583190918,73.72221374511719,173.30999755859375,31.593021392822266
2011-09-20,92.77383422851562,49.5905876159668,73.86952209472656,175.77999877929688,31.72066879272461
2011-09-21,90.0408706665039,48.72829818725586,73.99012756347656,173.58999633789062,30.77608299255371
2011-09-22,87.1303482055664,47.14450454711914,74.2044677734375,169.0500030517578,29.780406951904297
2011-09-23,87.65532684326172,47.646026611328125,73.82271575927734,159.8000030517578,30.11867332458496
2011-09-26,89.73978424072266,48.20035171508789,73.65534973144531,157.5800018310547,30.737773895263672
2011-09-27,90.743408203125,48.701900482177734,73.55476379394531,160.6300048828125,31.497278213500977
2011-09-28,88.89055633544922,47.980384826660156,73.49454498291016,156.22000122070312,30.96115493774414
2011-09-29,89.59309387207031,47.408451080322266,73.46778869628906,157.6999969482422,31.567493438720703
2011-09-30,87.35423278808594,46.18541717529297,73.74237060546875,158.05999755859375,30.495241165161133
2011-10-03,84.86830139160156,44.9975700378418,74.04365539550781,160.9600067138672,29.69105339050293
2011-10-04,86.72887420654297,45.921443939208984,73.81547546386719,157.63999938964844,30.188888549804688
2011-10-05,88.3346939086914,47.10049819946289,73.56722259521484,159.4600067138672,30.654800415039062
2011-10-06,89.93278503417969,47.89241027832031,73.44642639160156,160.49000549316406,31.478137969970703
2011-10-07,89.33058166503906,47.575645446777344,73.29877471923828,159.17999267578125,31.26113510131836
2011-10-10,92.31834411621094,49.22102737426758,73.15113830566406,163.27000427246094,32.45465087890625
2011-10-11,92.41094207763672,49.55538558959961,73.32563781738281,162.10000610351562,32.39720916748047
2011-10-12,93.22159576416016,49.801753997802734,73.18476104736328,163.25999450683594,32.86949920654297
2011-10-13,93.03630065917969,50.25930404663086,73.22494506835938,162.3000030517578,32.88227081298828
2011-10-14,94.62669372558594,51.191986083984375,73.10419464111328,163.39999389648438,33.26521301269531
2011-10-17,92.82015228271484,50.40009689331055,73.39270782470703,162.6199951171875,32.49932861328125
2011-10-18,94.63440704345703,51.024810791015625,73.3122329711914,161.83999633789062,32.96525192260742
2011-10-19,93.51495361328125,50.03932571411133,73.41954803466797,159.8699951171875,32.371673583984375
2011-10-20,93.92413330078125,49.7929573059082,73.37933349609375,157.77000427246094,32.45465087890625
2011-10-21,95.70748901367188,50.417686462402344,73.41954803466797,159.52000427246094,33.239681243896484
2011-10-24,96.88098907470703,51.464752197265625,73.3055191040039,161.02000427246094,33.737510681152344
2011-10-25,94.99723815917969,50.452880859375,73.68124389648438,165.58999633789062,33.156715393066406
2011-10-26,95.96226501464844,50.39128112792969,73.47998809814453,167.39999389648438,33.60986328125
2011-10-27,99.30511474609375,51.7815055847168,73.19811248779297,169.5500030517578,35.4671516418457
2011-10-28,99.28196716308594,51.86069869995117,73.48672485351562,169.6199951171875,35.262908935546875
2011-10-31,96.88870239257812,50.9896125793457,73.83562469482422,167.33999633789062,33.4311637878418
2011-11-01,94.18663024902344,49.66097640991211,74.1901626586914,167.3800048828125,32.38444519042969
2011-11-02,95.7229232788086,50.08332443237305,74.1901626586914,169.05999755859375,32.65888214111328
2011-11-03,97.46771240234375,51.1215934753418,74.02872467041016,171.72000122070312,33.48221969604492
2011-11-04,96.87325286865234,50.857643127441406,74.00853729248047,170.85000610351562,33.06097412109375
2011-11-07,97.4754409790039,51.218379974365234,74.06905364990234,174.97999572753906,33.201393127441406
2011-11-08,98.72606658935547,51.80791091918945,73.96812438964844,173.52999877929688,33.603485107421875
2011-11-09,95.08214569091797,49.98654556274414,74.09598541259766,172.07000732421875,31.880224227905273
2011-11-10,95.97769927978516,49.96014404296875,73.95468139648438,171.13999938964844,32.25679016113281
2011-11-11,97.78423309326172,50.90161895751953,73.8672866821289,173.9600067138672,33.06097412109375
2011-11-14,96.8578109741211,50.58487319946289,73.92779541015625,173.1999969482422,32.47378921508789
2011-11-15,97.33646392822266,51.14800262451172,73.83358764648438,173.36000061035156,32.38444519042969
2011-11-16,95.79244995117188,50.30329895019531,73.80668640136719,171.50999450683594,31.76534080505371
2011-11-17,94.27152252197266,49.124237060546875,73.76634216308594,167.10000610351562,31.420692443847656
2011-11-18,94.17119598388672,48.745906829833984,73.75288391113281,167.6199951171875,31.529197692871094
2011-11-21,92.38008117675781,47.81321716308594,73.73943328857422,163.5,30.73138999938965
2011-11-22,92.01724243164062,47.971595764160156,73.79325103759766,165.30999755859375,30.642040252685547
2011-11-23,89.98682403564453,46.88932418823242,73.8604965209961,164.8300018310547,29.7995548248291
2011-11-25,89.81695556640625,46.5285758972168,73.75959777832031,163.39999389648438,29.64637565612793
2011-11-28,92.41865539550781,48.14756393432617,73.75288391113281,166.6300048828125,30.910106658935547
2011-11-29,92.68115997314453,47.84841537475586,73.77980041503906,166.8800048828125,31.114337921142578
2011-11-30,96.49494934082031,49.61698532104492,73.59141540527344,170.1300048828125,32.70355987548828
2011-12-01,96.4795150756836,49.96014404296875,73.6170883178711,169.6300048828125,32.4227294921875
2011-12-02,96.39460754394531,49.819366455078125,73.80644989013672,169.82000732421875,32.416351318359375
2011-12-05,97.44454956054688,50.364891052246094,73.88766479492188,167.32000732421875,32.78653335571289
2011-12-06,97.4754409790039,50.22410202026367,73.82003784179688,168.17999267578125,32.63335418701172
2011-12-07,97.83826446533203,50.22410202026367,73.95526885986328,169.39999389648438,32.86312484741211
2011-12-08,95.69207000732422,49.37942123413086,74.02967834472656,165.97999572753906,31.78449249267578
2011-12-09,97.3133316040039,50.17131042480469,73.9891128540039,166.39999389648438,32.575904846191406
2011-12-12,95.89277648925781,49.60818862915039,74.00941467285156,161.99000549316406,31.624937057495117
2011-12-13,94.99723815917969,49.062652587890625,74.1581802368164,158.4499969482422,31.197303771972656
2011-12-14,93.98589324951172,48.297157287597656,74.34080505371094,152.88999938964844,30.827125549316406
2011-12-15,94.3255615234375,48.1651725769043,74.1852798461914,152.3300018310547,30.980302810668945
2011-12-16,94.4654312133789,48.41316223144531,74.43555450439453,155.22999572753906,30.852663040161133
2011-12-19,93.45542907714844,47.93659591674805,74.50991821289062,154.8699951171875,30.565439224243164
2011-12-20,96.28340148925781,49.35740280151367,74.408447265625,156.97999572753906,31.64348602294922
2011-12-21,96.4698715209961,48.65143585205078,74.21910858154297,157.16000366210938,31.47554588317871
2011-12-22,97.32447814941406,49.066184997558594,74.33407592773438,156.0399932861328,31.759746551513672
2011-12-23,98.19462585449219,49.489768981933594,74.24609375,156.30999755859375,31.979360580444336
2011-12-27,98.27233123779297,49.67438507080078,74.38006591796875,154.91000366210938,31.837257385253906
2011-12-28,96.98262786865234,49.10025405883789,74.50861358642578,151.02999877929688,31.26239013671875
2011-12-29,97.98487854003906,49.45356369018555,74.6845474243164,150.33999633789062,31.837257385253906
2011-12-30,97.50318908691406,49.312232971191406,74.58982849121094,151.99000549316406,31.992271423339844
2012-01-03,99.0570068359375,50.25733947753906,74.44098663330078,155.9199981689453,32.8642692565918
2012-01-04,99.21240234375,50.469295501708984,74.33952331542969,156.7100067138672,32.67049026489258
2012-01-05,99.4765396118164,50.88444519042969,74.44098663330078,157.77999877929688,32.1860466003418
2012-01-06,99.22016143798828,51.06108474731445,74.5018539428711,157.1999969482422,31.7468318939209
2012-01-09,99.46100616455078,50.89327621459961,74.44098663330078,156.5,31.869548797607422
2012-01-10,100.32341003417969,51.26423263549805,74.42070770263672,158.63999938964844,32.35399627685547
2012-01-11,100.37775421142578,51.3702392578125,74.6845474243164,159.6699981689453,32.25064468383789
2012-01-12,100.61860656738281,51.573368072509766,74.62358093261719,160.3800048828125,32.386287689208984
2012-01-13,100.09807586669922,51.387901306152344,74.79280853271484,159.25999450683594,32.03749084472656
2012-01-17,100.48654174804688,51.85603713989258,74.81309509277344,160.5,32.4185905456543
2012-01-18,101.5975341796875,52.544979095458984,74.71836853027344,161.60000610351562,32.96115493774414
2012-01-19,102.13359832763672,52.87177276611328,74.59660339355469,161.22000122070312,33.368072509765625
2012-01-20,102.51431274414062,52.79227828979492,74.40718078613281,162.07000732421875,33.54248046875
2012-01-23,102.25011444091797,52.809932708740234,74.34623718261719,163.16000366210938,33.67166519165039
2012-01-24,102.13359832763672,52.71278762817383,74.40718078613281,162.00999450683594,33.484352111816406
2012-01-25,102.98822021484375,53.37522888183594,74.51541137695312,166.4199981689453,33.8331413269043
2012-01-26,102.45989227294922,53.18974304199219,74.66423797607422,167.27000427246094,33.846065521240234
2012-01-27,102.41327667236328,53.348731994628906,74.7860336303711,168.97000122070312,33.90419387817383
2012-01-30,102.06363677978516,53.39289093017578,75.00247955322266,168.02999877929688,33.50372314453125
2012-01-31,102.02483367919922,53.46354675292969,75.13106536865234,169.30999755859375,33.678123474121094
2012-02-01,102.91829681396484,53.89635467529297,74.99879455566406,169.55999755859375,34.20777130126953
2012-02-02,103.0814437866211,54.06416320800781,75.01915740966797,171.0500030517578,34.2788200378418
2012-02-03,104.52651977539062,54.80610275268555,74.98524475097656,167.63999938964844,34.81494140625
2012-02-06,104.4565658569336,54.761940002441406,75.03948974609375,167.17999267578125,34.646995544433594
2012-02-07,104.72071838378906,54.87675857543945,74.96485137939453,169.6999969482422,34.860145568847656
2012-02-08,105.03150177001953,55.16823959350586,74.90385437011719,168.5,34.98287582397461
2012-02-09,105.16358947753906,55.56570053100586,74.78176879882812,168.02000427246094,35.073307037353516
2012-02-10,104.38665008544922,55.17707824707031,74.88349914550781,167.13999938964844,34.40800857543945
2012-02-13,105.16358947753906,55.689369201660156,74.9106216430664,167.50999450683594,34.80200958251953
2012-02-14,105.03150177001953,55.83068084716797,74.97166442871094,167.1199951171875,34.54364776611328
2012-02-15,104.54203033447266,55.44205093383789,74.94454193115234,168.11000061035156,34.58241271972656
2012-02-16,105.69965362548828,56.20164108276367,74.93102264404297,168.0,35.06038284301758
2012-02-17,105.97933197021484,56.02499771118164,74.83602142333984,167.35000610351562,35.21541213989258
2012-02-21,106.02594757080078,56.18398666381836,74.72073364257812,171.02000427246094,35.221866607666016
2012-02-22,105.68413543701172,55.92783737182617,74.93102264404297,172.94000244140625,35.11851501464844
2012-02-23,106.15028381347656,56.29882049560547,74.99203491210938,173.02000427246094,35.40918731689453
2012-02-24,106.38333129882812,56.49313735961914,75.01241302490234,172.22999572753906,35.62234878540039
2012-02-27,106.5620346069336,56.57261657714844,75.24971771240234,171.6999969482422,35.44146728515625
2012-02-28,106.87281036376953,57.146732330322266,75.1954574584961,173.49000549316406,35.77090072631836
2012-02-29,106.4532699584961,56.89060592651367,75.12086486816406,164.2899932861328,35.30583953857422
2012-03-01,107.00489044189453,57.34105682373047,74.96929168701172,166.61000061035156,35.70630645751953
2012-03-02,106.6785888671875,57.29690170288086,75.1324462890625,166.33999633789062,35.37688446044922
2012-03-05,106.24345397949219,56.70510482788086,75.02363586425781,165.64999389648438,35.18956756591797
2012-03-06,104.68966674804688,56.14864730834961,75.1732406616211,162.6999969482422,34.065677642822266
2012-03-07,105.41999053955078,56.581459045410156,75.10525512695312,163.6300048828125,34.48552322387695
2012-03-08,106.46883392333984,57.1909065246582,74.93527221679688,165.27999877929688,35.228328704833984
2012-03-09,106.88056945800781,57.42938995361328,74.92169189453125,166.3800048828125,35.11205291748047
2012-03-12,106.88833618164062,57.45588302612305,74.98967742919922,165.07000732421875,35.02162551879883
2012-03-13,108.81507110595703,58.52463150024414,74.73809814453125,162.3000030517578,35.590030670166016
2012-03-14,108.6985855102539,58.7277717590332,74.33009338378906,159.57000732421875,35.27354049682617
2012-03-15,109.327880859375,58.895606994628906,74.29615783691406,161.0800018310547,35.609413146972656
2012-03-16,109.479248046875,58.8539924621582,74.30292510986328,161.3000030517578,35.85485076904297
2012-03-19,109.90843200683594,59.26984405517578,74.06495666503906,161.58999633789062,36.04218292236328
2012-03-20,109.5885009765625,59.37600326538086,74.17377471923828,160.1300048828125,35.615875244140625
2012-03-21,109.40898895263672,59.384864807128906,74.35051727294922,160.2100067138672,35.38334655761719
2012-03-22,108.62088012695312,59.2609977722168,74.41852569580078,159.57000732421875,35.13789749145508
2012-03-23,108.9720458984375,59.22560119628906,74.58853149414062,161.52999877929688,35.38334655761719
2012-03-26,110.50143432617188,60.26076889038086,74.53411102294922,164.39999389648438,35.83549118041992
2012-03-27,110.1581802368164,60.349246978759766,74.61571502685547,163.24000549316406,35.609413146972656
2012-03-28,109.61186981201172,60.110374450683594,74.60209655761719,161.50999450683594,35.36396789550781
2012-03-29,109.42460632324219,59.88031768798828,74.80606842041016,161.27999877929688,35.13789749145508
2012-03-30,109.87720489501953,59.76530838012695,74.69049072265625,162.1199951171875,35.45439529418945
2012-04-02,110.68091583251953,60.38462448120117,74.69932556152344,162.94000244140625,35.8677864074707
2012-04-03,110.2283706665039,60.3669548034668,74.3790512084961,159.88999938964844,35.24124526977539
2012-04-04,109.13591766357422,59.54412078857422,74.53581237792969,157.2100067138672,34.45322036743164
2012-04-05,109.08129119873047,59.915714263916016,74.70613861083984,158.30999755859375,34.24652099609375
2012-04-09,107.85615539550781,59.464481353759766,75.033203125,159.3699951171875,34.09797286987305
2012-04-10,106.04578399658203,58.50896072387695,75.04006958007812,161.10000610351562,33.368072509765625
2012-04-11,106.90416717529297,58.79206466674805,75.046875,161.07000732421875,33.8331413269043
2012-04-12,108.30097961425781,59.464481353759766,74.9719009399414,162.6999969482422,34.45322036743164
2012-04-13,107.01344299316406,58.562034606933594,75.20360565185547,160.85000610351562,33.79438781738281
2012-04-16,106.94322967529297,57.90732192993164,75.21727752685547,160.4600067138672,34.03984069824219
2012-04-17,108.5272445678711,59.08403396606445,75.2308578491211,160.25,34.58241271972656
2012-04-18,108.16049194335938,58.933624267578125,75.32624053955078,159.30999755859375,34.401554107666016
2012-04-19,107.46601867675781,58.27005386352539,75.27171325683594,159.42999267578125,34.19485092163086
2012-04-20,107.64546966552734,58.11081314086914,75.28541564941406,159.5399932861328,34.52427673339844
2012-04-23,106.74029541015625,57.5799446105957,75.36035919189453,159.07000732421875,33.8331413269043
2012-04-24,107.1461181640625,57.27028274536133,75.25131225585938,159.3000030517578,34.104427337646484
2012-04-25,108.61306762695312,58.79206466674805,75.28541564941406,159.6199951171875,34.56949234008789
2012-04-26,109.37002563476562,59.13713455200195,75.40126037597656,161.02999877929688,34.776180267333984
2012-04-27,109.54948425292969,59.49101638793945,75.39441680908203,161.3800048828125,34.91828918457031
2012-04-30,109.1436996459961,59.06636047363281,75.36719512939453,161.8800048828125,34.718048095703125
2012-05-01,109.8226089477539,59.16365051269531,75.33984375,161.32000732421875,34.860145568847656
2012-05-02,109.49483489990234,59.33179473876953,75.41500854492188,160.58999633789062,34.588863372802734
2012-05-03,108.65992736816406,58.70358657836914,75.49689483642578,158.97000122070312,34.28528594970703
2012-05-04,106.90416717529297,57.24373245239258,75.57200622558594,159.47000122070312,33.76209259033203
2012-05-07,106.98225402832031,57.29684066772461,75.59935760498047,159.0800018310547,34.007537841796875
2012-05-08,106.55304718017578,57.08448791503906,75.65396881103516,156.0,33.484352111816406
2012-05-09,105.92098999023438,56.90754318237305,75.67443084716797,154.47000122070312,33.096797943115234
2012-05-10,106.13946533203125,56.79252243041992,75.59935760498047,154.77000427246094,33.2518196105957
2012-05-11,105.81952667236328,56.78367233276367,75.65396881103516,153.55999755859375,33.045127868652344
2012-05-14,104.6490478515625,56.25282287597656,75.82471466064453,151.3300018310547,32.4121208190918
2012-05-15,104.04817962646484,56.067020416259766,75.7837142944336,149.74000549316406,32.00520706176758
2012-05-16,103.65021514892578,55.68656921386719,75.7700424194336,149.4600067138672,31.68869400024414
2012-05-17,102.11300659179688,54.50983810424805,75.81785583496094,152.8000030517578,31.301156997680664
2012-05-18,101.23904418945312,53.80204772949219,75.79736328125,154.5500030517578,31.075071334838867
2012-05-21,102.97913360595703,55.306129455566406,75.7837142944336,154.64999389648438,31.759746551513672
2012-05-22,103.15863037109375,55.24418640136719,75.59935760498047,152.0800018310547,31.64348602294922
2012-05-23,103.2132568359375,55.35037612915039,75.68810272216797,151.6199951171875,31.385112762451172
2012-05-24,103.41614532470703,54.98762893676758,75.62664794921875,151.41000366210938,31.178417205810547
2012-05-25,103.08061981201172,54.91683578491211,75.74266815185547,152.67999267578125,31.06861114501953
2012-05-29,104.3291015625,55.61579132080078,75.7017593383789,151.02000427246094,31.462627410888672
2012-05-30,102.81527709960938,55.14686965942383,75.95440673828125,151.91000366210938,30.719825744628906
2012-05-31,102.58899688720703,54.90799331665039,76.17974090576172,151.6199951171875,30.8490047454834
2012-06-01,100.0061264038086,53.44814682006836,76.36997985839844,157.5,30.06744384765625
2012-06-04,99.9593276977539,53.855140686035156,76.19202423095703,157.32000732421875,30.319355010986328
2012-06-05,100.71623992919922,54.076324462890625,76.03469848632812,157.13999938964844,30.53896713256836
2012-06-06,102.97913360595703,55.314979553222656,75.80888366699219,157.2100067138672,31.391582489013672
2012-06-07,103.04155731201172,55.09380340576172,75.92517852783203,154.5,31.43678855895996
2012-06-08,103.86094665527344,55.6246337890625,75.8909912109375,154.72999572753906,31.33343505859375
2012-06-11,102.54220581054688,54.686798095703125,75.95943450927734,155.36000061035156,31.029857635498047
2012-06-12,103.72046661376953,55.35037612915039,75.89781188964844,156.4600067138672,31.546594619750977
2012-06-13,103.05721282958984,54.96991729736328,76.09627532958984,157.1199951171875,31.294687271118164
2012-06-14,104.14962005615234,55.17341613769531,76.04151916503906,157.75,31.527219772338867
2012-06-15,105.21478271484375,55.858909606933594,76.21944427490234,157.83999633789062,31.972900390625
2012-06-18,105.41876983642578,56.382118225097656,76.19888305664062,157.92999267578125,31.882471084594727
2012-06-19,106.43842315673828,56.96738052368164,76.10997009277344,157.16000366210938,32.4121208190918
2012-06-20,106.265869140625,57.011722564697266,75.99360656738281,155.97000122070312,32.59944534301758
2012-06-21,103.88140106201172,55.592864990234375,76.09627532958984,152.02000427246094,31.74612808227539
2012-06-22,104.68144989013672,56.178138732910156,75.98680114746094,152.63999938964844,32.01713562011719
2012-06-25,103.0029067993164,55.096256256103516,76.22624969482422,153.75999450683594,31.30329132080078
2012-06-26,103.52057647705078,55.44211196899414,76.14419555664062,152.6199951171875,31.50819206237793
2012-06-27,104.4540023803711,55.77908706665039,76.17841339111328,152.8300018310547,31.805618286132812
2012-06-28,104.1559066772461,55.15834045410156,76.26736450195312,151.0500030517578,31.871726989746094
2012-06-29,106.752197265625,56.896461486816406,76.1646957397461,155.19000244140625,33.021793365478516
2012-07-02,107.07373809814453,57.0649528503418,76.31077575683594,155.08999633789062,33.23991775512695
2012-07-03,107.77970123291016,57.543785095214844,76.25592803955078,157.4600067138672,33.5439567565918
2012-07-05,107.29337310791016,57.57927703857422,76.45478057861328,155.67999267578125,32.98874282836914
2012-07-06,106.27369689941406,56.8609733581543,76.50961303710938,153.7100067138672,32.6780891418457
2012-07-09,106.14036560058594,56.754573822021484,76.66047668457031,154.0399932861328,32.60539627075195
2012-07-10,105.21478271484375,56.19587707519531,76.69473266601562,152.14999389648438,32.387271881103516
2012-07-11,105.23051452636719,55.88550567626953,76.6878662109375,152.99000549316406,32.486412048339844
2012-07-12,104.72065734863281,55.36228942871094,76.82504272460938,152.58999633789062,32.16253662109375
2012-07-13,106.47764587402344,56.20475387573242,76.85244750976562,154.13999938964844,32.61860275268555
2012-07-16,106.22664642333984,56.045127868652344,76.9141616821289,154.2100067138672,32.61198806762695
2012-07-17,106.95611572265625,56.3377685546875,76.88673400878906,153.47000122070312,32.70453643798828
2012-07-18,107.74832153320312,57.10041046142578,77.03760528564453,153.0500030517578,32.96230697631836
2012-07-19,108.03071594238281,57.73002624511719,76.97588348388672,153.3800048828125,33.266353607177734
2012-07-20,107.04237365722656,56.96738052368164,77.08561706542969,153.6699981689453,32.486412048339844
2012-07-23,105.9599609375,56.27568435668945,77.15409851074219,153.02999877929688,31.81884002685547
2012-07-24,105.05010223388672,55.83230209350586,77.25016784667969,153.52000427246094,31.475143432617188
2012-07-25,105.07362365722656,55.45985412597656,77.2776107788086,155.6699981689453,31.640380859375
2012-07-26,106.80704498291016,56.19587707519531,77.22959899902344,156.77000427246094,32.60539627075195
2012-07-27,108.77587127685547,57.526065826416016,76.99644470214844,157.5399932861328,33.29278564453125
2012-07-30,108.77587127685547,57.48172378540039,77.12671661376953,157.42999267578125,33.253135681152344
2012-07-31,108.01499938964844,57.463985443115234,77.20213317871094,156.49000549316406,33.04823303222656
2012-08-01,107.92085266113281,57.295509338378906,77.1128158569336,155.13999938964844,33.05484390258789
2012-08-02,107.17575073242188,57.091552734375,77.12659454345703,154.1300048828125,32.592166900634766
2012-08-03,109.3013916015625,58.17342758178711,76.94104766845703,155.5500030517578,33.70259475708008
2012-08-06,109.51313781738281,58.61680603027344,77.05786895751953,156.3000030517578,33.9405403137207
2012-08-07,110.06217956542969,59.10457229614258,76.85179138183594,156.27999877929688,34.2247428894043
2012-08-08,110.19549560546875,59.07795333862305,76.75558471679688,156.47999572753906,34.204925537109375
2012-08-09,110.28964233398438,59.25531768798828,76.73499298095703,156.99000549316406,34.2247428894043
2012-08-10,110.4700927734375,59.29077911376953,76.85863494873047,157.17999267578125,34.28422927856445
2012-08-13,110.41516876220703,59.43267822265625,76.85179138183594,155.99000549316406,34.11900329589844
2012-08-14,110.43085479736328,59.45927810668945,76.67312622070312,155.1300048828125,34.19832229614258
2012-08-15,110.55634307861328,59.61002731323242,76.42585754394531,155.6300048828125,34.09917068481445
2012-08-16,111.37208557128906,60.3194580078125,76.32955932617188,156.55999755859375,34.52219009399414
2012-08-17,111.52111053466797,60.58549499511719,76.41893005371094,156.72000122070312,34.568458557128906
2012-08-20,111.5289535522461,60.67418670654297,76.3914566040039,157.25999450683594,34.528804779052734
2012-08-21,111.191650390625,60.434730529785156,76.49446868896484,158.8300018310547,34.727088928222656
2012-08-22,111.23871612548828,60.68305969238281,76.82429504394531,160.5399932861328,34.687435150146484
2012-08-23,110.32891845703125,60.18645095825195,76.8792724609375,161.88999938964844,34.4891471862793
2012-08-24,110.99556732177734,60.558895111083984,76.82429504394531,161.97000122070312,34.43626022338867
2012-08-27,111.0191421508789,60.656455993652344,76.92730712890625,161.36000061035156,34.456092834472656
2012-08-28,110.90928649902344,60.656455993652344,76.9891586303711,161.63999938964844,34.42304229736328
2012-08-29,110.99556732177734,60.656455993652344,76.9135971069336,160.58999633789062,34.317291259765625
2012-08-30,110.19549560546875,60.044532775878906,76.96167755126953,160.52000427246094,33.808349609375
2012-08-31,110.72107696533203,60.44362258911133,77.20213317871094,164.22000122070312,34.10578155517578
2012-09-04,110.61911010742188,60.38151550292969,77.18770599365234,164.47999572753906,33.933929443359375
2012-09-05,110.52497100830078,60.3194580078125,77.18770599365234,164.30999755859375,33.841400146484375
2012-09-06,112.76826477050781,61.658531188964844,77.0087661743164,164.88999938964844,34.68081283569336
2012-09-07,113.20746612548828,61.56984329223633,77.02254486083984,168.44000244140625,35.20298385620117
2012-09-10,112.56432342529297,60.780582427978516,77.03626251220703,167.2899932861328,34.92536926269531
2012-09-11,112.87805938720703,60.68305969238281,76.94678497314453,167.89999389648438,35.32196044921875
2012-09-12,113.25455474853516,60.860416412353516,76.80224609375,167.9199981689453,35.55329895019531
2012-09-13,114.98017120361328,61.685123443603516,76.98112487792969,171.30999755859375,36.09528732299805
2012-09-14,115.48999786376953,62.23494338989258,76.66452026367188,171.8000030517578,36.452213287353516
2012-09-17,115.0978012084961,62.26151657104492,76.7884292602539,170.39999389648438,36.260528564453125
2012-09-18,115.00367736816406,62.314693450927734,76.83661651611328,171.72000122070312,36.1085090637207
2012-09-19,115.06644439697266,62.43002700805664,76.98806762695312,171.74000549316406,36.260528564453125
2012-09-20,115.07432556152344,62.3679313659668,76.93990325927734,171.47000122070312,36.02918243408203
2012-09-21,115.02619171142578,62.38572692871094,77.06378936767578,171.9600067138672,36.049015045166016
2012-09-24,114.85269927978516,62.02111053466797,77.14642333984375,171.0500030517578,35.92342758178711
2012-09-25,113.63042449951172,61.14960479736328,77.27034759521484,170.77000427246094,35.67226028442383
2012-09-26,112.99169921875,60.65155029296875,77.34600067138672,169.80999755859375,35.315338134765625
2012-09-27,114.05628967285156,61.487510681152344,77.29783630371094,172.33999633789062,35.738365173339844
2012-09-28,113.52796173095703,60.980613708496094,77.40797424316406,171.88999938964844,35.03113555908203
2012-10-01,113.8276138305664,60.89166259765625,77.37835693359375,172.2899932861328,35.315338134765625
2012-10-02,113.94586944580078,61.06951904296875,77.44041442871094,172.10000610351562,35.45414733886719
2012-10-03,114.41114044189453,61.46083068847656,77.4128189086914,172.41000366210938,35.308738708496094
2012-10-04,115.23124694824219,61.674293518066406,77.30248260498047,173.61000061035156,35.738365173339844
2012-10-05,115.23909759521484,61.34521484375,77.14389038085938,172.6199951171875,35.78462219238281
2012-10-08,114.84483337402344,60.78493118286133,77.2611083984375,172.0500030517578,35.573116302490234
2012-10-09,113.70929718017578,59.81560516357422,77.1783676147461,170.99000549316406,35.05756759643555
2012-10-10,112.98384094238281,59.51322937011719,77.30248260498047,170.83999633789062,34.95842742919922
2012-10-11,113.04689025878906,59.32646179199219,77.39900207519531,171.32000732421875,35.18315124511719
2012-10-12,112.67630767822266,59.2998046875,77.46109771728516,170.05999755859375,35.14348602294922
2012-10-15,113.61468505859375,59.73555374145508,77.50247955322266,168.35000610351562,35.4871940612793
2012-10-16,114.76595306396484,60.58041763305664,77.37835693359375,169.4199981689453,36.07545471191406
2012-10-17,115.286376953125,60.54483413696289,77.1369400024414,169.5399932861328,36.41254806518555
2012-10-18,114.98678588867188,59.84226989746094,77.1093978881836,168.7899932861328,36.273738861083984
2012-10-19,113.070556640625,58.41046905517578,77.2059326171875,166.97000122070312,35.78462219238281
2012-10-22,113.0863265991211,58.71284484863281,77.10249328613281,167.5800018310547,36.03580093383789
2012-10-23,111.51715087890625,58.15257263183594,77.27485656738281,165.42999267578125,35.262474060058594
2012-10-24,111.20167541503906,57.948028564453125,77.21977996826172,164.86000061035156,35.28229904174805
2012-10-25,111.52501678466797,57.948028564453125,77.05421447753906,166.02000427246094,35.49380874633789
2012-10-26,111.46196746826172,58.116981506347656,77.2611083984375,165.92999267578125,35.440921783447266
2012-10-31,111.46196746826172,57.76125717163086,77.37144470214844,166.8300018310547,35.414493560791016
2012-11-01,112.62898254394531,58.57944107055664,77.26988220214844,166.07000732421875,35.830894470214844
2012-11-02,111.62751007080078,57.95692443847656,77.31822204589844,162.60000610351562,35.4871940612793
2012-11-05,111.8562240600586,58.339332580566406,77.44952392578125,163.22999572753906,35.40127182006836
2012-11-06,112.7314453125,58.44603729248047,77.22836303710938,166.3000030517578,35.738365173339844
2012-11-07,110.1766128540039,57.067604064941406,77.40805053710938,166.49000549316406,35.20298385620117
2012-11-08,108.8518295288086,56.16938400268555,77.50482940673828,167.99000549316406,34.88571548461914
2012-11-09,108.94645690917969,56.40949630737305,77.46334075927734,167.82000732421875,34.89894104003906
2012-11-12,109.0332260131836,56.40061569213867,77.442626953125,167.4499969482422,34.87250518798828
2012-11-13,108.65469360351562,56.009300231933594,77.58086395263672,167.10000610351562,34.700653076171875
2012-11-14,107.18798828125,55.35121536254883,77.60157775878906,167.13999938964844,34.337120056152344
2012-11-15,107.00662231445312,55.164466857910156,77.52555847167969,166.08999633789062,34.449485778808594
2012-11-16,107.53494262695312,55.404571533203125,77.55319213867188,165.8800048828125,34.429649353027344
2012-11-19,109.71136474609375,56.720767974853516,77.60848236083984,167.8699951171875,35.17654800415039
2012-11-20,109.75865173339844,56.738555908203125,77.46334075927734,167.38999938964844,35.22941589355469
2012-11-21,109.96363830566406,56.85415267944336,77.33203125,167.55999755859375,35.288902282714844
2012-11-23,111.46196746826172,57.7168083190918,77.38042449951172,169.61000061035156,36.049015045166016
2012-11-26,111.22538757324219,57.96580123901367,77.40805053710938,169.42999267578125,35.96309280395508
2012-11-27,110.65760040283203,57.77016830444336,77.51173400878906,168.7100067138672,35.78462219238281
2012-11-28,111.54867553710938,58.2681884765625,77.52555847167969,166.5500030517578,36.04240417480469
2012-11-29,112.06909942626953,58.61503219604492,77.62229919433594,167.17999267578125,36.35305404663086
2012-11-30,112.09278106689453,58.51719284057617,77.58086395263672,166.0500030517578,36.399330139160156
2012-12-03,111.54080200195312,58.40156173706055,77.59198760986328,166.1300048828125,36.445594787597656
2012-12-04,111.38306427001953,58.36599349975586,77.64063262939453,164.4199981689453,36.53813552856445
2012-12-05,111.58021545410156,57.7168083190918,77.71021270751953,164.1199951171875,36.59101104736328
2012-12-06,111.95867919921875,58.09030532836914,77.7032241821289,164.5,36.663719177246094
2012-12-07,112.29779815673828,57.74348831176758,77.63370513916016,165.16000366210938,36.67694091796875
2012-12-10,112.3451156616211,57.91244888305664,77.6475830078125,165.8000030517578,36.71658706665039
2012-12-11,113.11000061035156,58.668365478515625,77.61975860595703,165.64999389648438,36.92809295654297
2012-12-12,113.16522216796875,58.54388427734375,77.40419006347656,165.77000427246094,37.047061920166016
2012-12-13,112.47125244140625,58.081417083740234,77.27911376953125,164.3699951171875,36.93471145629883
2012-12-14,112.0533447265625,57.530059814453125,77.41817474365234,164.1300048828125,37.06690216064453
2012-12-17,113.3702621459961,58.29488754272461,77.23043823242188,164.44000244140625,37.218936920166016
2012-12-18,114.63188934326172,59.184165954589844,77.0496826171875,162.0800018310547,37.60647964477539
2012-12-19,113.78025817871094,58.92628479003906,77.18180084228516,161.69000244140625,37.74011993408203
2012-12-20,114.43477630615234,58.92628479003906,77.18875885009766,159.72999572753906,37.99404525756836
2012-12-21,113.3960189819336,58.30652618408203,77.25829315185547,160.3300018310547,37.760154724121094
2012-12-24,113.04659271240234,58.1902961730957,77.26518249511719,160.6199951171875,37.6599235534668
2012-12-26,112.57010650634766,57.680572509765625,77.36971282958984,160.77999877929688,37.653255462646484
2012-12-27,112.41920471191406,57.59111785888672,77.41149139404297,161.16000366210938,37.82699203491211
2012-12-28,111.20419311523438,57.03666687011719,77.52996063232422,160.5399932861328,37.42605972290039
2012-12-31,113.0942611694336,58.243927001953125,77.39064025878906,162.02000427246094,37.99404525756836
2013-01-02,115.99288940429688,60.09510040283203,77.300048828125,163.1699981689453,38.58205795288086
2013-01-03,115.73079681396484,59.78207015991211,77.10490417480469,161.1999969482422,38.207862854003906
2013-01-04,116.2391357421875,59.58534622192383,77.18856811523438,160.44000244140625,38.401641845703125
2013-01-07,115.92137145996094,59.60325241088867,77.14677429199219,159.42999267578125,38.23459243774414
2013-01-08,115.58789825439453,59.48698043823242,77.21644592285156,160.55999755859375,38.02077102661133
2013-01-09,115.8817367553711,59.710548400878906,77.16069793701172,160.49000549316406,38.21454620361328
2013-01-10,116.80291748046875,60.06825256347656,77.15370178222656,161.97999572753906,38.702327728271484
2013-01-11,116.79499053955078,60.14875411987305,77.23036193847656,161.05999755859375,38.78252029418945
2013-01-14,116.7155532836914,59.88047409057617,77.300048828125,161.5399932861328,38.82929229736328
2013-01-15,116.79499053955078,59.58534622192383,77.3209228515625,162.55999755859375,38.769161224365234
2013-01-16,116.77911376953125,59.82680892944336,77.36273193359375,162.64999389648438,38.58205795288086
2013-01-17,117.5335464477539,60.112972259521484,77.1955337524414,163.35000610351562,38.89611053466797
2013-01-18,117.7956314086914,59.978843688964844,77.28608703613281,163.08999633789062,38.856021881103516
2013-01-22,118.43094635009766,60.077213287353516,77.24431610107422,163.6699981689453,38.876068115234375
2013-01-23,118.62152099609375,60.4438591003418,77.32785034179688,163.2100067138672,38.83597183227539
2013-01-24,118.65326690673828,59.61216354370117,77.22341918945312,161.4199981689453,39.0230712890625
2013-01-25,119.32035827636719,59.916221618652344,77.03530883789062,160.64999389648438,39.44404220581055
2013-01-28,119.17739868164062,60.05037307739258,76.92379760742188,160.2899932861328,39.2502555847168
2013-01-29,119.64593505859375,60.0593376159668,76.87503814697266,160.99000549316406,39.517539978027344
2013-01-30,119.17739868164062,59.93413162231445,76.84019470214844,162.19000244140625,39.55763244628906
2013-01-31,118.88359069824219,59.79998016357422,76.90988159179688,161.1999969482422,39.4106330871582
2013-02-01,120.1065902709961,60.50645446777344,76.74305725097656,161.4499969482422,39.72468185424805
2013-02-04,118.75654602050781,59.45121765136719,76.95942687988281,162.0,39.009708404541016
2013-02-05,119.95567321777344,60.32760238647461,76.79890441894531,161.9600067138672,39.19012451171875
2013-02-06,120.04302215576172,60.130859375,76.9315414428711,162.38999938964844,39.18344497680664
2013-02-07,119.88421630859375,60.18452453613281,76.95942687988281,161.83999633789062,38.862701416015625
2013-02-08,120.55132293701172,60.80155563354492,76.98038482666016,161.57000732421875,39.10993576049805
2013-02-11,120.5274429321289,60.81946563720703,76.90362548828125,159.6999969482422,39.069847106933594
2013-02-12,120.72599029541016,60.56904983520508,76.88964080810547,159.88999938964844,39.26362991333008
2013-02-13,120.82929229736328,60.78368377685547,76.81287384033203,159.0500030517578,39.3571662902832
2013-02-14,120.94037628173828,60.76578903198242,76.95245361328125,158.35000610351562,39.14335632324219
2013-02-15,120.79744720458984,60.58693313598633,76.95942687988281,155.75999450683594,39.04311752319336
2013-02-19,121.70276641845703,61.025123596191406,76.86866760253906,155.3300018310547,39.50418472290039
2013-02-20,120.18595886230469,60.086143493652344,76.91753387451172,151.44000244140625,39.11661911010742
2013-02-21,119.45538330078125,59.442264556884766,76.95942687988281,152.6199951171875,38.528602600097656
2013-02-22,120.62276458740234,60.04141616821289,77.00129699707031,152.97000122070312,39.083213806152344
2013-02-25,118.32769775390625,59.29917907714844,77.29447937011719,154.33999633789062,38.14773178100586
2013-02-26,119.13771057128906,59.52276611328125,77.27356719970703,156.22000122070312,38.455101013183594
2013-02-27,120.6386489868164,60.130859375,77.29447937011719,154.57000732421875,38.94289016723633
2013-02-28,120.40043640136719,60.00566864013672,77.36431121826172,153.0,38.902793884277344
2013-03-01,120.79744720458984,60.256046295166016,77.39154815673828,152.44000244140625,38.82261657714844
2013-03-04,121.44076538085938,60.524330139160156,77.33561706542969,152.3000030517578,38.98965835571289
2013-03-05,122.5287094116211,61.418617248535156,77.2726821899414,152.3800048828125,39.377220153808594
2013-03-06,122.69549560546875,61.266578674316406,77.18878936767578,153.22999572753906,39.477455139160156
2013-03-07,122.91783905029297,61.42755889892578,77.0278549194336,152.69000244140625,39.59103775024414
2013-03-08,123.44197845458984,61.499088287353516,76.80409240722656,152.7100067138672,39.67791748046875
2013-03-11,123.91050720214844,61.67793655395508,76.84610748291016,152.99000549316406,39.798179626464844
2013-03-12,123.63258361816406,61.45439910888672,76.98595428466797,154.19000244140625,39.597740173339844
2013-03-13,123.8072509765625,61.37390899658203,76.92301177978516,153.66000366210938,39.53759002685547
2013-03-14,124.46640014648438,61.57958221435547,77.00688171386719,153.67999267578125,39.925140380859375
2013-03-15,124.30213165283203,61.40837097167969,77.07688903808594,154.0,40.00532913208008
2013-03-18,123.61612701416016,61.27391052246094,77.14678955078125,155.3800048828125,39.56431198120117
2013-03-19,123.32892608642578,61.15739440917969,77.25869750976562,156.0800018310547,39.44404220581055
2013-03-20,124.19043731689453,61.58766555786133,77.17481231689453,155.3699951171875,39.68459701538086
2013-03-21,123.12953186035156,60.888492584228516,77.18878936767578,156.25,39.323760986328125
2013-03-22,124.11862182617188,61.48006820678711,77.21672821044922,155.5500030517578,39.66454315185547
2013-03-25,123.60016632080078,61.2559928894043,77.18878936767578,155.24000549316406,39.17008590698242
2013-03-26,124.58928680419922,61.58766555786133,77.27970886230469,154.72000122070312,39.41731262207031
2013-03-27,124.58928680419922,61.66835021972656,77.44049835205078,155.36000061035156,39.223541259765625
2013-03-28,124.97219848632812,61.8206787109375,77.44049835205078,154.4499969482422,39.4106330871582
2013-04-01,124.47754669189453,61.39942932128906,77.51063537597656,154.6699981689453,38.88275146484375
2013-04-02,125.09180450439453,61.88344955444336,77.42647552490234,152.42999267578125,39.29704666137695
2013-04-03,123.82345581054688,61.318721771240234,77.51063537597656,150.72999572753906,39.10325241088867
2013-04-04,124.32604217529297,61.3366813659668,77.72794342041016,150.2899932861328,39.450721740722656
2013-04-05,123.76762390136719,60.82575607299805,77.95227813720703,152.80999755859375,39.27030944824219
2013-04-08,124.60523986816406,61.1484260559082,77.81910705566406,152.16000366210938,39.42399978637695
2013-04-09,125.03594207763672,61.560768127441406,77.84712219238281,153.33999633789062,39.56431198120117
2013-04-10,126.5675048828125,62.7618408203125,77.68587493896484,150.75,40.152339935302734
2013-04-11,126.98228454589844,62.73496627807617,77.69990539550781,151.0500030517578,40.46639633178711
2013-04-12,126.67118072509766,62.69013214111328,77.95227813720703,143.9499969482422,40.36616897583008
2013-04-15,123.73573303222656,61.45317840576172,77.98735046386719,131.30999755859375,39.57099914550781
2013-04-16,125.56246185302734,62.26887893676758,77.98735046386719,132.8000030517578,40.132286071777344
2013-04-17,123.72781372070312,61.04984664916992,77.98735046386719,132.8699951171875,39.29704666137695
2013-04-18,122.95403289794922,60.207271575927734,77.97330474853516,134.3000030517578,39.1767463684082
2013-04-19,124.02288055419922,61.03190231323242,77.98033905029297,135.47000122070312,39.49081039428711
2013-04-22,124.57333374023438,61.65935516357422,78.07847595214844,137.89999389648438,39.65786361694336
2013-04-23,125.85757446289062,62.25092697143555,78.04341888427734,136.8800048828125,40.21915817260742
2013-04-24,125.93734741210938,62.22407150268555,78.02933502197266,138.3699951171875,40.56662368774414
2013-04-25,126.4478530883789,62.55569839477539,77.99433135986328,141.6300048828125,40.78044891357422
2013-04-26,126.22449493408203,62.3585090637207,78.15553283691406,140.91000366210938,40.81386184692383
2013-04-29,127.07006072998047,62.93214797973633,78.20464324951172,142.3000030517578,41.335060119628906
2013-04-30,127.37316131591797,63.38932418823242,78.19061279296875,142.77000427246094,41.38850784301758
2013-05-01,126.25640869140625,63.093502044677734,78.22711181640625,141.11000061035156,41.14127731323242
2013-05-02,127.4289779663086,63.89125061035156,78.23416900634766,141.9199981689453,41.26823806762695
2013-05-03,128.7212371826172,64.64417266845703,77.94622802734375,142.08999633789062,41.79611587524414
2013-05-06,129.04827880859375,64.89515686035156,77.81982421875,142.14999389648438,41.7426643371582
2013-05-07,129.70237731933594,64.85930633544922,77.77766418457031,140.3800048828125,41.80948257446289
2013-05-08,130.2926788330078,65.1729965209961,77.84793090820312,142.4600067138672,42.25048828125
2013-05-09,129.92572021484375,65.08336639404297,77.74258422851562,140.80999755859375,41.842891693115234
2013-05-10,130.34852600097656,65.47777557373047,77.5880355834961,139.60000610351562,41.88966369628906
2013-05-13,130.45217895507812,65.55842590332031,77.51778411865234,138.42999267578125,41.86961364746094
2013-05-14,131.80026245117188,65.89903259277344,77.33521270751953,137.80999755859375,41.94980239868164
2013-05-15,132.51016235351562,66.03351593017578,77.44759368896484,134.6300048828125,42.13021469116211
2013-05-16,131.88807678222656,65.96179962158203,77.65830993652344,134.08999633789062,41.842891693115234
2013-05-17,133.16432189941406,66.59820556640625,77.46868133544922,131.07000732421875,42.13021469116211
2013-05-20,133.1563262939453,66.49964141845703,77.3913803100586,135.1199951171875,42.36408615112305
2013-05-21,133.3477783203125,66.57131958007812,77.45458984375,132.8800048828125,42.450950622558594
2013-05-22,132.35862731933594,65.98868560791016,77.19478607177734,131.94000244140625,42.02330780029297
2013-05-23,131.97576904296875,65.8363037109375,77.16668701171875,134.61000061035156,41.42192840576172
2013-05-24,131.8640594482422,65.80048370361328,77.16668701171875,133.75999450683594,41.06108856201172
2013-05-28,132.65377807617188,66.23069763183594,76.68911743164062,133.49000549316406,41.16800308227539
2013-05-29,131.79226684570312,65.91696166992188,76.79446411132812,134.8300018310547,40.77375411987305
2013-05-30,132.27890014648438,66.26654815673828,76.77342987060547,136.6999969482422,40.93414306640625
2013-05-31,130.38037109375,65.65704345703125,76.62590789794922,133.9199981689453,40.13896179199219
2013-06-03,131.09828186035156,65.77356719970703,76.66464233398438,136.50999450683594,40.29265594482422
2013-06-04,130.4681854248047,65.43292236328125,76.4957504272461,135.22999572753906,40.439659118652344
2013-06-05,128.64146423339844,64.58142852783203,76.45353698730469,135.52000427246094,39.53759002685547
2013-06-06,129.80606079101562,64.89515686035156,76.65058135986328,136.52999877929688,39.75810241699219
2013-06-07,131.45730590820312,65.78251647949219,76.411376953125,133.27999877929688,40.29265594482422
2013-06-10,131.45730590820312,65.80943298339844,76.25657653808594,133.94000244140625,40.33274841308594
2013-06-11,130.10118103027344,65.15510559082031,76.26360321044922,133.25,39.838279724121094
2013-06-12,129.0243377685547,64.40217590332031,76.13695526123047,134.25,39.79150390625
2013-06-13,130.98666381835938,65.21781921386719,76.50983428955078,133.74000549316406,40.399574279785156
2013-06-14,130.16505432128906,64.78759002685547,76.53094482421875,134.42999267578125,39.95855712890625
2013-06-17,131.1700897216797,65.41503143310547,76.47464752197266,133.77000427246094,40.53321838378906
2013-06-18,132.20709228515625,65.95282745361328,76.44650268554688,132.1300048828125,40.82054901123047
2013-06-19,130.38037109375,65.21781921386719,75.9329605102539,130.58999633789062,40.05878829956055
2013-06-20,127.14983367919922,63.66716766357422,75.4263916015625,123.5999984741211,38.5887451171875
2013-06-21,127.55797576904297,63.32907485961914,75.00432586669922,125.05000305175781,38.715694427490234
2013-06-24,125.9461898803711,62.69963836669922,74.70179748535156,123.93000030517578,38.107643127441406
2013-06-25,127.15705108642578,63.15822219848633,74.78618621826172,123.47000122070312,38.595428466796875
2013-06-26,128.416015625,63.72469711303711,75.1027603149414,118.27999877929688,38.749107360839844
2013-06-27,129.16978454589844,63.994476318359375,75.41934967041016,115.94000244140625,39.139068603515625
2013-06-28,128.64047241210938,64.0843734741211,75.4263916015625,119.11000061035156,39.0640754699707
2013-07-01,129.39434814453125,64.47999572753906,75.53071594238281,121.12999725341797,39.43222427368164
2013-07-02,129.27398681640625,64.50699615478516,75.53071594238281,120.05000305175781,39.23451614379883
2013-07-03,129.33018493652344,64.76776123046875,75.42503356933594,120.73999786376953,39.24814987182617
2013-07-05,130.72543334960938,65.26232147216797,74.6003189086914,118.08999633789062,39.43222427368164
2013-07-08,131.47125244140625,65.32522583007812,74.98797607421875,119.51000213623047,39.67765808105469
2013-07-09,132.41749572753906,65.72088623046875,75.0655517578125,120.62000274658203,39.89580535888672
2013-07-10,132.46559143066406,66.09850311279297,74.86817169189453,120.94999694824219,40.0117073059082
2013-07-11,134.2698516845703,67.4113540649414,75.36859893798828,124.23999786376953,41.04795837402344
2013-07-12,134.3260040283203,67.70811462402344,75.28398895263672,124.12999725341797,40.77526092529297
2013-07-15,134.8391876220703,67.86090087890625,75.44612121582031,124.18000030517578,41.02751541137695
2013-07-16,134.333984375,67.77098846435547,75.56595611572266,124.88999938964844,41.000240325927734
2013-07-17,134.6788330078125,67.94184875488281,75.72806549072266,123.31999969482422,41.122955322265625
2013-07-18,135.4165802001953,67.77098846435547,75.5870590209961,124.01000213623047,41.39564895629883
2013-07-19,135.65713500976562,67.06962585449219,75.78446197509766,125.11000061035156,41.36155700683594
2013-07-22,135.9217529296875,67.26746368408203,75.88317108154297,128.83999633789062,41.59335708618164
2013-07-23,135.63304138183594,66.77293395996094,75.84086608886719,129.7100067138672,41.681983947753906
2013-07-24,135.1359100341797,66.9887466430664,75.59412384033203,127.4800033569336,41.6274528503418
2013-07-25,135.46473693847656,67.4113540649414,75.62236022949219,128.6699981689453,41.709259033203125
2013-07-26,135.60903930664062,67.77098846435547,75.60120391845703,128.77999877929688,41.450191497802734
2013-07-29,135.19204711914062,67.64513397216797,75.60120391845703,128.47000122070312,41.054779052734375
2013-07-30,135.19204711914062,68.00480651855469,75.57302856445312,128.1199951171875,41.04795837402344
2013-07-31,135.2882537841797,68.13068389892578,75.62938690185547,127.95999908447266,41.14340591430664
2013-08-01,136.8519287109375,68.82306671142578,75.2021484375,126.61000061035156,41.70243453979492
2013-08-02,137.0845489501953,69.2096939086914,75.45632934570312,126.36000061035156,42.043312072753906
2013-08-05,136.8840789794922,69.2546615600586,75.49168395996094,125.69999694824219,41.954681396484375
2013-08-06,136.10621643066406,68.84103393554688,75.41402435302734,123.97000122070312,41.8933219909668
2013-08-07,135.6652374267578,68.71514892578125,75.51283264160156,124.1500015258789,41.709259033203125
2013-08-08,136.16238403320312,69.05683898925781,75.61878204345703,126.86000061035156,42.084205627441406
2013-08-09,135.7693634033203,68.7780532836914,75.66824340820312,126.86000061035156,42.15920639038086
2013-08-12,135.60903930664062,68.93993377685547,75.61878204345703,129.1300048828125,42.043312072753906
2013-08-13,136.010009765625,69.32659149169922,75.31515502929688,127.73999786376953,42.316009521484375
2013-08-14,135.31239318847656,69.06580352783203,75.21627807617188,129.0,42.33646774291992
2013-08-15,133.4198760986328,67.89689636230469,74.94791412353516,131.69000244140625,41.981956481933594
2013-08-16,132.97882080078125,67.86994171142578,74.7361068725586,132.5800018310547,42.05694580078125
2013-08-19,132.1288299560547,67.75300598144531,74.50302124023438,132.00999450683594,41.75697708129883
2013-08-20,132.77828979492188,68.04975891113281,74.72193145751953,132.4499969482422,41.70243453979492
2013-08-21,131.9604034423828,67.81596374511719,74.44654846191406,132.07000732421875,41.21158218383789
2013-08-22,133.16323852539062,68.48136901855469,74.53831481933594,132.80999755859375,41.613807678222656
2013-08-23,133.61233520507812,68.93993377685547,74.78549194335938,134.89999389648438,41.975135803222656
2013-08-26,133.11514282226562,68.97589874267578,74.9196548461914,135.4499969482422,41.66834259033203
2013-08-27,130.97406005859375,67.56420135498047,75.11741638183594,136.75,40.95933151245117
2013-08-28,131.43917846679688,67.82495880126953,74.97611999511719,136.7100067138672,40.91161346435547
2013-08-29,131.6476593017578,68.30152130126953,75.1244888305664,135.8699951171875,40.84342956542969
2013-08-30,131.23065185546875,67.86090087890625,75.00440979003906,134.6199951171875,40.33894729614258
2013-09-03,131.82403564453125,68.24760437011719,74.81904602050781,136.4199981689453,41.11613845825195
2013-09-04,132.9146728515625,68.97589874267578,74.712890625,134.66000366210938,41.484283447265625
2013-09-05,133.08306884765625,69.0927963256836,74.21057891845703,132.1999969482422,41.450191497802734
2013-09-06,133.1472625732422,69.17372131347656,74.48650360107422,134.14999389648438,41.67516326904297
2013-09-09,134.42221069335938,69.98299407958984,74.63508605957031,133.91000366210938,42.247833251953125
2013-09-10,135.4165802001953,70.3246841430664,74.50065612792969,131.74000549316406,42.72504425048828
2013-09-11,135.84152221679688,70.18978881835938,74.7553939819336,131.6999969482422,42.87504577636719
2013-09-12,135.48077392578125,70.14485168457031,74.67048645019531,127.66999816894531,42.62961196899414
2013-09-13,135.78546142578125,70.18978881835938,74.77660369873047,127.81999969482422,42.834136962890625
2013-09-16,136.5713348388672,70.00099182128906,74.93226623535156,126.44999694824219,43.16819381713867
2013-09-17,137.1807861328125,70.46854400634766,75.0030288696289,126.5,43.195457458496094
2013-09-18,138.76853942871094,71.31378173828125,75.63269805908203,132.00999450683594,44.347618103027344
2013-09-19,138.53598022460938,71.48458862304688,75.54070281982422,131.75,44.13627243041992
2013-09-20,137.56741333007812,71.23929595947266,75.54070281982422,127.95999908447266,43.815853118896484
2013-09-23,136.93081665039062,71.09502410888672,75.59728240966797,127.55000305175781,43.80221939086914
2013-09-24,136.60848999023438,71.09502410888672,75.774169921875,127.66000366210938,43.73404312133789
2013-09-25,136.21363830566406,70.85147094726562,75.88031768798828,128.7899932861328,43.78175735473633
2013-09-26,136.73745727539062,71.40165710449219,75.86614990234375,127.79000091552734,43.96583557128906
2013-09-27,136.10888671875,71.31147766113281,75.90859985351562,128.97000122070312,43.80904006958008
2013-09-30,135.3836212158203,71.14008331298828,75.84490966796875,128.17999267578125,43.495426177978516
2013-10-01,136.45533752441406,71.8615951538086,75.7889633178711,124.58999633789062,43.72721862792969
2013-10-02,136.3264923095703,71.83451080322266,75.88811492919922,127.05999755859375,43.713584899902344
2013-10-03,135.06939697265625,70.99579620361328,75.94483184814453,127.18000030517578,43.42726135253906
2013-10-04,136.0928192138672,71.60909271240234,75.88109588623047,126.52999877929688,43.529510498046875
2013-10-07,134.91629028320312,71.01380920410156,75.86695098876953,127.63999938964844,43.079559326171875
2013-10-08,133.3449249267578,69.64297485351562,75.83148956298828,127.4000015258789,42.74551010131836
2013-10-09,133.4416961669922,69.426513671875,75.77473449707031,126.11000061035156,42.9295768737793
2013-10-10,136.31838989257812,70.89659118652344,75.85979461669922,124.2699966430664,43.699951171875
2013-10-11,137.1967010498047,71.45575714111328,75.88811492919922,122.5999984741211,43.93175506591797
2013-10-14,137.74465942382812,71.96080780029297,75.74639892578125,122.83000183105469,44.081729888916016
2013-10-15,136.7454376220703,71.68124389648438,75.71096801757812,123.7300033569336,43.87038803100586
2013-10-16,138.65524291992188,72.492919921875,76.0369873046875,123.54000091552734,44.19762420654297
2013-10-17,139.58189392089844,72.90776062011719,76.2496566772461,127.41999816894531,44.783931732177734
2013-10-18,140.5247039794922,74.08921813964844,76.37725830078125,126.8499984741211,45.0498046875
2013-10-21,140.53274536132812,74.25157165527344,76.30635833740234,126.9800033569336,45.11799621582031
2013-10-22,141.34661865234375,74.35980224609375,76.57566833496094,129.33999633789062,45.56794357299805
2013-10-23,140.6697540283203,73.90885925292969,76.55440521240234,128.69000244140625,45.12480545043945
2013-10-24,141.13710021972656,74.2335433959961,76.52607727050781,129.89999389648438,45.43840026855469
2013-10-25,141.78172302246094,74.76563262939453,76.55440521240234,130.4600067138672,45.30887222290039
2013-10-28,142.0073699951172,74.78367614746094,76.51896667480469,130.55999755859375,45.233882904052734
2013-10-29,142.76487731933594,74.90994262695312,76.61109924316406,129.77000427246094,45.329322814941406
2013-10-30,142.05572509765625,74.8377914428711,76.4693603515625,129.60000610351562,45.165714263916016
2013-10-31,141.65284729003906,74.66647338867188,76.47647094726562,127.73999786376953,44.91345977783203
2013-11-01,141.9912872314453,74.68445587158203,76.2918472290039,126.94999694824219,44.6953010559082
2013-11-04,142.4909210205078,74.79269409179688,76.36994171142578,126.80999755859375,44.91345977783203
2013-11-05,142.0395965576172,74.87386322021484,76.14275360107422,126.55999755859375,44.524864196777344
2013-11-06,142.76487731933594,74.8558120727539,76.263427734375,127.19999694824219,44.91345977783203
2013-11-07,140.95985412597656,73.44890594482422,76.3202133178711,126.16000366210938,44.204444885253906
2013-11-08,142.861572265625,74.44097137451172,75.84452819824219,124.27999877929688,44.4635124206543
2013-11-11,142.88572692871094,74.32371520996094,75.80197143554688,123.87000274658203,44.55894470214844
2013-11-12,142.5955810546875,74.44097137451172,75.77351379394531,122.44999694824219,44.408966064453125
2013-11-13,143.73988342285156,75.34286499023438,75.97235870361328,122.8499984741211,44.55213165283203
2013-11-14,144.45704650878906,75.57736206054688,76.20665740966797,124.2699966430664,44.75666427612305
2013-11-15,145.0855255126953,75.72162628173828,76.22795104980469,124.31999969482422,45.11799621582031
2013-11-18,144.5779266357422,74.98208618164062,76.37702941894531,122.9000015258789,45.11799621582031
2013-11-19,144.2636260986328,74.76563262939453,76.17111206054688,122.94999694824219,45.00210189819336
2013-11-20,143.81243896484375,74.58526611328125,75.95809173583984,120.12000274658203,44.68849182128906
2013-11-21,144.9727783203125,75.34286499023438,76.03624725341797,119.94000244140625,44.96800231933594
2013-11-22,145.697998046875,75.74868774414062,76.14275360107422,119.91999816894531,45.0975341796875
2013-11-25,145.55294799804688,75.9290771484375,76.19952392578125,120.45999908447266,44.961181640625
2013-11-26,145.5932159423828,76.32588195800781,76.2208480834961,119.81999969482422,44.961181640625
2013-11-27,145.94775390625,76.85797882080078,76.25633239746094,119.45999908447266,45.07026672363281
2013-11-29,145.85107421875,77.31795501708984,76.28475952148438,120.69999694824219,45.15888214111328
2013-12-02,145.4723358154297,77.09249877929688,75.99524688720703,117.58000183105469,44.824832916259766
2013-12-03,144.84385681152344,77.02937316894531,76.0877456665039,117.95999908447266,44.51123809814453
2013-12-04,144.82769775390625,77.10150146484375,75.88848114013672,119.95999908447266,44.272621154785156
2013-12-05,144.19117736816406,77.00228118896484,75.7248764038086,118.30000305175781,44.0203742980957
2013-12-06,145.80271911621094,77.56146240234375,75.8529281616211,118.55000305175781,44.565773010253906
2013-12-09,146.17343139648438,77.87714385986328,75.94544982910156,119.72000122070312,44.518062591552734
2013-12-10,145.64964294433594,77.8230209350586,76.06636047363281,121.81999969482422,44.44305419921875
2013-12-11,144.01382446289062,76.82188415527344,75.94544982910156,120.86000061035156,44.02718734741211
2013-12-12,143.53834533691406,76.6235122680664,75.83158111572266,118.29000091552734,43.70677185058594
2013-12-13,143.5223388671875,76.5243148803711,75.8671875,119.37999725341797,43.679500579833984
2013-12-16,144.41673278808594,76.94816589355469,75.92407989501953,119.69000244140625,43.993106842041016
2013-12-17,143.95748901367188,76.79484558105469,76.0521240234375,118.6500015258789,43.80221939086914
2013-12-18,146.41519165039062,77.68772888183594,76.01655578613281,117.61000061035156,44.49123764038086
2013-12-19,146.24595642089844,77.47129821777344,75.88848114013672,114.81999969482422,44.49123764038086
2013-12-20,147.09661865234375,78.26021575927734,76.01655578613281,115.94000244140625,44.74567794799805
2013-12-23,147.88253784179688,79.0835189819336,75.98094940185547,115.56999969482422,45.20640182495117
2013-12-24,148.20654296875,79.11970520019531,75.87429809570312,116.0999984741211,45.295799255371094
2013-12-26,148.96006774902344,79.38206481933594,75.83148956298828,116.73999786376953,45.543357849121094
2013-12-27,148.95193481445312,79.18302917480469,75.86002349853516,117.12000274658203,45.777156829833984
2013-12-30,148.9276580810547,79.06543731689453,75.93128967285156,115.38999938964844,45.96969985961914
2013-12-31,149.6325225830078,79.58113861083984,75.86002349853516,116.12000274658203,46.14161682128906
2014-01-02,148.1984100341797,78.95686340332031,75.909912109375,118.0,45.32331085205078
2014-01-03,148.17420959472656,78.38685607910156,75.93840789794922,119.29000091552734,45.37144088745117
2014-01-06,147.74484252929688,78.09735107421875,76.03819274902344,119.5,45.31643295288086
2014-01-07,148.65220642089844,78.8211441040039,76.07388305664062,118.81999969482422,45.57086181640625
2014-01-08,148.6845703125,78.9930648803711,75.84577941894531,118.12000274658203,45.55711364746094
2014-01-09,148.7818145751953,78.73067474365234,75.95265197753906,118.45999908447266,45.52272033691406
2014-01-10,149.18692016601562,78.98399353027344,76.33760833740234,120.26000213623047,45.94219970703125
2014-01-13,147.20196533203125,77.81688690185547,76.40885162353516,121.0199966430664,45.543357849121094
2014-01-14,148.80609130859375,79.30067443847656,76.29483032226562,119.88999938964844,45.907806396484375
2014-01-15,149.60821533203125,79.95207977294922,76.23064422607422,119.66000366210938,46.10036087036133
2014-01-16,149.4137420654297,79.96112823486328,76.40885162353516,119.79000091552734,46.07973098754883
2014-01-17,148.7818145751953,79.50878143310547,76.4444808959961,120.93000030517578,45.94219970703125
2014-01-21,149.2192840576172,80.11491394042969,76.48014068603516,119.69999694824219,46.1622428894043
2014-01-22,149.31651306152344,80.32303619384766,76.31616973876953,119.19000244140625,46.1622428894043
2014-01-23,148.0931396484375,80.05156707763672,76.51580047607422,121.79000091552734,45.85279846191406
2014-01-24,144.9334716796875,78.47734069824219,76.67971801757812,122.29000091552734,44.594390869140625
2014-01-27,144.22047424316406,77.71737670898438,76.51580047607422,120.95999908447266,44.388099670410156
2014-01-28,145.0792999267578,77.67213439941406,76.64410400390625,120.94999694824219,44.7731819152832
2014-01-29,143.685791015625,76.83975982666016,76.8721694946289,122.47000122070312,44.27119445800781
2014-01-30,145.20892333984375,78.26021575927734,76.88639831542969,119.7699966430664,44.49811935424805
2014-01-31,144.35821533203125,78.05210876464844,77.02899169921875,120.08999633789062,43.74169921875
2014-02-03,141.109375,76.26072692871094,77.29034423828125,121.31999969482422,42.84774398803711
2014-02-04,142.09780883789062,76.82164001464844,77.10465240478516,120.98999786376953,43.34285354614258
2014-02-05,141.91954040527344,76.62261199951172,76.911865234375,121.29000091552734,43.4322509765625
2014-02-06,143.79104614257812,77.59976959228516,76.87613677978516,121.23999786376953,44.20242691040039
2014-02-07,145.573486328125,78.98399353027344,76.99756622314453,122.16999816894531,44.780067443847656
2014-02-10,145.8407745361328,79.4363784790039,77.0760726928711,122.91999816894531,44.6287727355957
2014-02-11,147.43690490722656,80.34111785888672,76.9261474609375,124.36000061035156,45.33706283569336
2014-02-12,147.50982666015625,80.49493408203125,76.79755401611328,124.43000030517578,45.4127082824707
2014-02-13,148.27137756347656,81.0920639038086,76.96183776855469,125.48999786376953,45.55022430419922
2014-02-14,149.0896759033203,81.25491333007812,76.96183776855469,127.1500015258789,45.72214126586914
2014-02-18,149.2678985595703,81.65299987792969,77.01184844970703,127.4000015258789,46.11410903930664
2014-02-19,148.27944946289062,81.0920639038086,76.9547119140625,126.2699966430664,45.804664611816406
2014-02-20,149.15451049804688,81.47203063964844,76.911865234375,127.5999984741211,45.96282958984375
2014-02-21,148.9843292236328,81.36347198486328,76.98322296142578,127.58000183105469,46.052215576171875
2014-02-24,149.81072998046875,81.79776000976562,76.911865234375,128.99000549316406,46.45107650756836
2014-02-25,149.7540283203125,81.70726013183594,77.11888885498047,129.2100067138672,46.341033935546875
2014-02-26,149.7621612548828,81.63491821289062,77.2832260131836,128.11000061035156,46.18288040161133
2014-02-27,150.54800415039062,82.16454315185547,77.36177825927734,128.1999969482422,46.341033935546875
2014-02-28,150.92880249023438,82.07368469238281,77.31889343261719,127.62000274658203,46.42355728149414
2014-03-03,149.86746215820312,81.46501159667969,77.51922607421875,130.2899932861328,45.44020080566406
2014-03-04,151.97389221191406,82.50067901611328,77.23306274414062,128.67999267578125,46.341033935546875
2014-03-05,152.1116485595703,82.7278060913086,77.27598571777344,128.88999938964844,46.299774169921875
2014-03-06,152.4600372314453,82.6551284790039,77.10425567626953,130.1699981689453,46.78113555908203
2014-03-07,152.5248565673828,82.24634552001953,76.8896713256836,129.08999633789062,46.526702880859375
2014-03-10,152.44384765625,82.3189926147461,76.8896713256836,129.1300048828125,46.237884521484375
2014-03-11,151.6904296875,81.9646987915039,76.88249206542969,129.86000061035156,45.90093994140625
2014-03-12,151.73081970214844,82.27357482910156,77.05420684814453,131.75999450683594,45.72901916503906
2014-03-13,150.02952575683594,81.11067962646484,77.25450897216797,132.2100067138672,44.87632751464844
2014-03-14,149.60821533203125,80.55651092529297,77.21871948242188,133.10000610351562,44.780067443847656
2014-03-17,150.96119689941406,81.26510620117188,77.17581939697266,131.63999938964844,45.34393310546875
2014-03-18,152.03868103027344,82.24634552001953,77.26881408691406,130.6199951171875,45.62587356567383
2014-03-19,151.2285614013672,81.80113983154297,76.9254150390625,128.08999633789062,45.068870544433594
2014-03-20,152.1116485595703,82.02825927734375,76.86817169189453,127.86000061035156,44.89696502685547
2014-03-21,151.521728515625,81.04122924804688,76.97552490234375,128.47000122070312,44.80756378173828
2014-03-24,150.89503479003906,80.3309555053711,77.0899429321289,126.18000030517578,44.924476623535156
2014-03-25,151.6112060546875,80.59501647949219,77.01127624511719,126.41000366210938,45.4127082824707
2014-03-26,150.52076721191406,79.5570068359375,77.25450897216797,125.41000366210938,45.405818939208984
2014-03-27,150.20338439941406,79.11079406738281,77.31172943115234,124.58999633789062,45.632755279541016
2014-03-28,150.94390869140625,79.26559448242188,77.19728088378906,124.55999755859375,45.97657775878906
2014-03-31,152.18080139160156,79.83013916015625,77.20446014404297,123.61000061035156,46.21037292480469
2014-04-01,153.18988037109375,81.23242950439453,77.08612060546875,123.38999938964844,46.506065368652344
2014-04-02,153.70257568359375,81.4418716430664,76.95716094970703,124.31999969482422,46.59547805786133
2014-04-03,153.49917602539062,80.79537200927734,77.01447296142578,123.91999816894531,46.46480941772461
2014-04-04,151.68446350097656,78.64640808105469,77.25814819335938,125.56999969482422,46.32040786743164
2014-04-07,150.0081329345703,77.89974212646484,77.37287902832031,124.91000366210938,46.10036087036133
2014-04-08,150.6265106201172,78.61910247802734,77.46607208251953,126.08999633789062,46.072837829589844
2014-04-09,152.2459259033203,79.96672821044922,77.47320556640625,126.31999969482422,46.664241790771484
2014-04-10,149.04783630371094,77.48999786376953,77.6524658203125,127.01000213623047,45.83905029296875
2014-04-11,147.7052001953125,76.58848571777344,77.72411346435547,126.93000030517578,45.563995361328125
2014-04-14,148.86883544921875,77.1894760131836,77.75276947021484,127.8499984741211,45.82529830932617
2014-04-15,149.8942108154297,77.44444274902344,77.75993347167969,125.48999786376953,45.632755279541016
2014-04-16,151.46469116210938,78.47341918945312,77.80299377441406,125.54000091552734,46.196624755859375
2014-04-17,151.6762237548828,78.49160766601562,77.5521011352539,124.75,46.43730926513672
2014-04-21,152.20521545410156,79.07435607910156,77.54492950439453,124.23999786376953,46.49917984008789
2014-04-22,152.89694213867188,79.70268249511719,77.53059387207031,123.77999877929688,46.69174575805664
2014-04-23,152.5388946533203,79.00152587890625,77.60945892333984,123.76000213623047,46.58171463012695
2014-04-24,152.8480682373047,79.75733184814453,77.68111419677734,124.55999755859375,46.57484436035156
2014-04-25,151.5949249267578,78.48250579833984,77.69544219970703,125.43000030517578,46.3479118347168
2014-04-28,152.07501220703125,78.73748016357422,77.64527130126953,124.87999725341797,46.49231719970703
2014-04-29,152.78298950195312,79.36576080322266,77.68111419677734,124.86000061035156,46.79487991333008
2014-04-30,153.2386932373047,79.5751953125,77.83879852294922,124.22000122070312,46.98054885864258
2014-05-01,153.2550048828125,79.81195831298828,77.9522476196289,123.80000305175781,47.111202239990234
2014-05-02,153.0352325439453,79.66624450683594,78.04563903808594,125.05999755859375,47.03556442260742
2014-05-05,153.3282470703125,80.08507537841797,78.01687622070312,126.22000122070312,47.001182556152344
2014-05-06,151.9936065673828,79.04705047607422,78.07437133789062,125.9800033569336,46.91866683959961
2014-05-07,152.8887939453125,78.81941223144531,78.07437133789062,124.16999816894531,46.97367858886719
2014-05-08,152.72604370117188,78.7465591430664,78.1246109008789,124.16999816894531,46.98054885864258
2014-05-09,152.95387268066406,79.03794860839844,78.05280303955078,124.0999984741211,46.91178512573242
2014-05-12,154.44309997558594,80.340087890625,77.98821258544922,124.94000244140625,47.22124099731445
2014-05-13,154.58139038085938,80.39466857910156,78.11742401123047,124.5999984741211,47.28998947143555
2014-05-14,153.84898376464844,79.97581481933594,78.34003448486328,125.80999755859375,47.20060729980469
2014-05-15,152.49819946289062,79.34754180908203,78.50518035888672,124.7699966430664,46.994300842285156
2014-05-16,153.02713012695312,79.86659240722656,78.41905975341797,124.5,47.09745407104492
2014-05-19,153.58865356445312,80.42203521728516,78.39035034179688,124.58000183105469,47.001182556152344
2014-05-20,152.62020874023438,80.13066101074219,78.42621612548828,124.69000244140625,46.705482482910156
2014-05-21,153.90594482421875,80.89551544189453,78.39747619628906,124.38999938964844,47.069950103759766
2014-05-22,154.2803192138672,81.25065612792969,78.36157989501953,124.66999816894531,47.1318359375
2014-05-23,154.8987579345703,81.84252166748047,78.44062805175781,124.51000213623047,47.255619049072266
2014-05-27,155.8509063720703,82.86235809326172,78.51240539550781,121.8499984741211,47.592567443847656
2014-05-28,155.7369384765625,82.6073989868164,78.72785186767578,121.19999694824219,47.434410095214844
2014-05-29,156.54249572753906,83.13555145263672,78.6847915649414,120.94000244140625,47.72322463989258
2014-05-30,156.79483032226562,83.14464569091797,78.75657653808594,120.43000030517578,47.7301025390625
2014-06-02,156.97390747070312,83.06268310546875,78.51699829101562,119.69999694824219,47.82636642456055
2014-06-03,156.89247131347656,83.02627563476562,78.30831146240234,120.01000213623047,47.70947265625
2014-06-04,157.2098388671875,83.33588409423828,78.27953338623047,119.76000213623047,47.69571304321289
2014-06-05,158.2351531982422,84.03699493408203,78.38028717041016,120.66000366210938,48.025787353515625
2014-06-06,158.99197387695312,84.5196304321289,78.33710479736328,120.61000061035156,48.2870979309082
2014-06-09,159.15467834472656,84.45587158203125,78.26516723632812,120.6500015258789,48.23896026611328
2014-06-10,159.17103576660156,84.60159301757812,78.15007019042969,121.38999938964844,48.13581085205078
2014-06-11,158.6176300048828,84.58336639404297,78.20761108398438,121.41000366210938,47.895145416259766
2014-06-12,157.49464416503906,83.8184814453125,78.35868835449219,122.63999938964844,47.90890121459961
2014-06-13,157.9747772216797,84.06434631347656,78.33710479736328,122.95999908447266,47.943275451660156
2014-06-16,158.10499572753906,84.13716125488281,78.29393005371094,122.41999816894531,47.95701599121094
2014-06-17,158.54437255859375,84.18270111083984,78.15007019042969,122.27999877929688,47.92264175415039
2014-06-18,159.70803833007812,84.65621948242188,78.35868835449219,122.66999816894531,48.33523178100586
2014-06-19,159.88706970214844,84.60159301757812,78.24359130859375,126.94000244140625,48.5965461730957
2014-06-20,160.2117156982422,84.70109558105469,78.38028717041016,126.5,48.5140266418457
2014-06-23,160.16261291503906,84.71934509277344,78.30831146240234,126.8499984741211,48.38336944580078
2014-06-24,159.19786071777344,84.63716888427734,78.44503784179688,126.9800033569336,48.08080291748047
2014-06-25,159.91732788085938,85.17585754394531,78.55299377441406,126.98999786376953,48.06389236450195
2014-06-26,159.8028564453125,85.22147369384766,78.70404815673828,126.7300033569336,48.09912109375
2014-06-27,160.1136016845703,85.59586334228516,78.70404815673828,126.66000366210938,48.12730407714844
2014-06-30,160.03182983398438,85.74192810058594,78.71125793457031,128.0399932861328,48.169578552246094
2014-07-01,161.10301208496094,86.68234252929688,78.61466979980469,127.69999694824219,48.5922966003418
2014-07-02,161.2664794921875,86.82843780517578,78.34076690673828,127.69999694824219,48.6698112487793
2014-07-03,162.05960083007812,87.37623596191406,78.29034423828125,127.16000366210938,48.768436431884766
2014-07-07,161.4954376220703,87.11145782470703,78.31193542480469,127.0199966430664,48.38798141479492
2014-07-08,160.45700073242188,86.06149291992188,78.47052001953125,127.06999969482422,47.88072204589844
2014-07-09,161.17654418945312,86.70059204101562,78.5353775024414,127.83999633789062,48.035709381103516
2014-07-10,160.53878784179688,86.42671203613281,78.57142639160156,128.5399932861328,47.507301330566406
2014-07-11,160.7595672607422,86.98362731933594,78.67951965332031,128.77999877929688,47.535491943359375
2014-07-14,161.56900024414062,87.5040512084961,78.61466979980469,125.72000122070312,47.88775634765625
2014-07-15,161.2664794921875,87.2027587890625,78.51374816894531,124.52999877929688,47.767982482910156
2014-07-16,161.8634033203125,87.54969787597656,78.57860565185547,124.97000122070312,48.06389236450195
2014-07-17,160.0236053466797,86.39020538330078,78.80921936035156,127.08999633789062,47.45093536376953
2014-07-18,161.65892028808594,87.75972747802734,78.72277069091797,126.12999725341797,47.8243522644043
2014-07-21,161.3563995361328,87.65016174316406,78.7515869140625,126.33999633789062,47.64820098876953
2014-07-22,162.05960083007812,88.20712280273438,78.88133239746094,125.73999786376953,47.859580993652344
2014-07-23,162.4193572998047,88.7731704711914,78.89573669433594,125.62000274658203,47.958213806152344
2014-07-24,162.42755126953125,88.6727523803711,78.65068054199219,124.3499984741211,48.070945739746094
2014-07-25,161.6671600341797,88.32576751708984,78.80206298828125,125.79000091552734,47.87367248535156
2014-07-28,161.73257446289062,88.35315704345703,78.81647491455078,125.58000183105469,47.88072204589844
2014-07-29,161.03756713867188,88.19795227050781,78.89573669433594,125.19999694824219,47.78207015991211
2014-07-30,161.0620880126953,88.54491424560547,78.61466979980469,124.83000183105469,47.71162033081055
2014-07-31,157.88136291503906,86.75536346435547,78.51374816894531,123.38999938964844,46.915489196777344
2014-08-01,157.3990020751953,86.43580627441406,78.8097915649414,124.37999725341797,46.59139633178711
2014-08-04,158.53555297851562,87.02928924560547,78.79532623291016,123.98999786376953,46.809814453125
2014-08-05,156.99835205078125,86.36280059814453,78.79532623291016,123.87000274658203,46.21094512939453
2014-08-06,157.0474090576172,86.29887390136719,78.80261993408203,125.66999816894531,46.09821319580078
2014-08-07,156.19699096679688,86.02498626708984,78.9542007446289,126.18000030517578,45.72481155395508
2014-08-08,158.0040283203125,86.64583587646484,78.98314666748047,126.19000244140625,45.992530822753906
2014-08-11,158.4619140625,87.15711975097656,78.99034881591797,125.95999908447266,46.168663024902344
2014-08-12,158.2411346435547,87.12059783935547,78.9542007446289,125.98999786376953,46.13344955444336
2014-08-13,159.31222534179688,88.04277038574219,79.11308288574219,126.19999694824219,46.39411544799805
2014-08-14,160.0644989013672,88.499267578125,79.15642547607422,126.30999755859375,46.64071273803711
2014-08-15,160.03182983398438,88.92837524414062,79.35138702392578,125.4800033569336,46.59139633178711
2014-08-18,161.37277221679688,89.61315155029297,79.18527221679688,124.95999908447266,46.89434814453125
2014-08-19,162.2149658203125,90.11532592773438,79.07697296142578,124.68000030517578,47.007076263427734
2014-08-20,162.64828491210938,90.11532592773438,78.99034881591797,124.22000122070312,46.859127044677734
2014-08-21,163.12254333496094,90.29794311523438,79.12753295898438,122.87999725341797,47.056396484375
2014-08-22,162.8690643310547,90.43486785888672,79.11308288574219,123.19000244140625,46.83094024658203
2014-08-25,163.6949005126953,90.7544174194336,79.17811584472656,122.73999786376953,47.13389587402344
2014-08-26,163.8012237548828,90.84571838378906,79.18527221679688,123.3499984741211,47.14094543457031
2014-08-27,163.73582458496094,90.86398315429688,79.28643035888672,123.31999969482422,47.2325325012207
2014-08-28,163.64581298828125,90.76355743408203,79.44525146484375,124.0,47.021175384521484
2014-08-29,164.11190795898438,91.1013412475586,79.41638946533203,123.86000061035156,47.000038146972656
2014-09-02,164.03013610839844,91.36617279052734,79.17403411865234,121.6500015258789,47.09162139892578
2014-09-03,163.94021606445312,90.82747650146484,79.26083374023438,122.1500015258789,47.42276382446289
2014-09-04,163.7030792236328,90.74531555175781,79.15958404541016,121.4800033569336,47.197303771972656
2014-09-05,164.4390106201172,91.2018051147461,79.11619567871094,122.05999755859375,47.20433807373047
2014-09-08,164.01382446289062,91.37525939941406,79.03658294677734,120.7300033569336,46.704124450683594
2014-09-09,162.9753875732422,90.61748504638672,78.92809295654297,120.87000274658203,46.57027053833008
2014-09-10,163.58865356445312,91.36617279052734,78.81957244873047,120.26000213623047,46.837989807128906
2014-09-11,163.77671813964844,91.29309844970703,78.74002075195312,119.47000122070312,46.577308654785156
2014-09-12,162.8199920654297,90.82747650146484,78.58086395263672,118.37999725341797,46.51389694213867
2014-09-15,162.69740295410156,89.95095825195312,78.5664291381836,118.63999938964844,46.415260314941406
2014-09-16,163.92388916015625,90.73616790771484,78.5664291381836,118.83000183105469,46.61254119873047
2014-09-17,164.14462280273438,90.87310791015625,78.47960662841797,117.54000091552734,46.281402587890625
2014-09-18,165.01956176757812,91.557861328125,78.48682403564453,117.77999877929688,46.64071273803711
2014-09-19,164.87086486816406,91.50113677978516,78.61705017089844,117.08999633789062,46.478668212890625
2014-09-22,163.59756469726562,90.65001678466797,78.72557067871094,116.8499984741211,46.274356842041016
2014-09-23,162.66107177734375,90.40289306640625,78.79788970947266,117.5999984741211,45.886844635009766
2014-09-24,163.9344024658203,91.37300109863281,78.74724578857422,117.05000305175781,46.119354248046875
2014-09-25,161.2892303466797,89.45112609863281,78.899169921875,117.38999938964844,45.442996978759766
2014-09-26,162.57069396972656,90.40289306640625,78.89192199707031,117.05999755859375,45.63322067260742
2014-09-29,162.27493286132812,90.28392791748047,78.97876739501953,117.02999877929688,45.21050262451172
2014-09-30,161.84783935546875,90.41205596923828,78.92809295654297,116.20999908447266,45.175262451171875
2014-10-01,159.6544647216797,88.96603393554688,79.369384765625,116.7699966430664,44.639808654785156
2014-10-02,159.67910766601562,88.96603393554688,79.23896026611328,116.73999786376953,44.16072463989258
2014-10-03,161.43707275390625,89.84464263916016,79.2027587890625,114.61000061035156,44.16072463989258
2014-10-06,161.24813842773438,89.65245056152344,79.27523040771484,116.02999877929688,44.44255065917969
2014-10-07,158.75900268554688,88.38031768798828,79.57958221435547,116.36000061035156,43.688682556152344
2014-10-08,161.53564453125,90.10091400146484,79.8041763305664,117.47000122070312,44.37913131713867
2014-10-09,158.33184814453125,88.6457290649414,79.64478302001953,117.63999938964844,43.18846130371094
2014-10-10,156.52455139160156,86.43098449707031,79.70275115966797,117.58999633789062,42.5402717590332
2014-10-13,153.95338439941406,85.07649230957031,79.9345932006836,118.5199966430664,42.483917236328125
2014-10-14,154.191650390625,85.08562469482422,80.11579132080078,118.58999633789062,42.589603424072266
2014-10-15,153.1483612060547,84.5365219116211,80.26066589355469,118.98999786376953,42.33596420288086
2014-10-16,153.01686096191406,84.00569915771484,80.19548034667969,119.22000122070312,41.9414176940918
2014-10-17,154.82415771484375,85.11309051513672,80.0867691040039,118.98999786376953,42.72346115112305
2014-10-20,156.3274688720703,86.38519287109375,80.18104553222656,119.80000305175781,42.991172790527344
2014-10-21,159.42440795898438,88.6548843383789,80.10853576660156,120.0199966430664,43.5054931640625
2014-10-22,158.29078674316406,88.1972885131836,80.0650634765625,119.33999633789062,43.18846130371094
2014-10-23,160.13092041015625,89.52433776855469,79.87660217285156,118.5199966430664,43.60413360595703
2014-10-24,161.3631134033203,90.25648498535156,79.9056396484375,118.3499984741211,43.84366989135742
2014-10-27,161.1413116455078,90.32054138183594,79.9345932006836,118.05999755859375,43.59709167480469
2014-10-28,162.9896697998047,91.68418884277344,79.8114242553711,118.0999984741211,44.25936508178711
2014-10-29,162.74322509765625,91.34554290771484,79.63750457763672,116.41000366210938,43.92118453979492
2014-10-30,163.78651428222656,91.53773498535156,79.7679443359375,115.19000244140625,44.238216400146484
2014-10-31,165.65948486328125,92.80069732666016,79.7679443359375,112.66000366210938,45.05548858642578
2014-11-03,165.74981689453125,93.07527160644531,79.61691284179688,112.1500015258789,44.66799545288086
2014-11-04,165.17477416992188,92.76409912109375,79.62422943115234,112.22000122070312,44.41436004638672
2014-11-05,166.2180633544922,92.77327728271484,79.65328216552734,109.79000091552734,44.49889373779297
2014-11-06,166.88345336914062,93.06610870361328,79.51533508300781,109.87999725341797,44.25936508178711
2014-11-07,167.03956604003906,92.98375701904297,79.783935546875,112.97000122070312,44.280494689941406
2014-11-10,167.5653076171875,93.313232421875,79.59516906738281,110.45999908447266,44.47776412963867
2014-11-11,167.7295684814453,93.60610961914062,79.63147735595703,112.04000091552734,44.7454948425293
2014-11-12,167.5488739013672,93.77084350585938,79.63868713378906,111.5,44.36503982543945
2014-11-13,167.73779296875,94.17352294921875,79.67503356933594,111.66999816894531,44.576412200927734
2014-11-14,167.77890014648438,94.46636199951172,79.74763488769531,114.47000122070312,44.639808654785156
2014-11-17,167.88565063476562,94.18264770507812,79.65328216552734,114.05000305175781,44.463680267333984
2014-11-18,168.8550262451172,94.88737487792969,79.725830078125,115.05000305175781,44.94981384277344
2014-11-19,168.5839080810547,94.45722961425781,79.53715515136719,113.68000030517578,44.81595230102539
2014-11-20,168.87965393066406,94.87818145751953,79.68231201171875,114.86000061035156,44.54822540283203
2014-11-21,169.78330993652344,95.06124114990234,79.77664947509766,115.38999938964844,44.935726165771484
2014-11-24,170.25975036621094,95.80253601074219,79.80573272705078,115.11000061035156,45.196407318115234
2014-11-25,170.13648986816406,95.94898223876953,79.97990417480469,115.37999725341797,45.27390670776367
2014-11-26,170.57192993164062,96.57131958007812,80.04525756835938,115.16000366210938,45.450042724609375
2014-11-28,170.21044921875,97.01976776123047,80.29206848144531,112.11000061035156,45.08367919921875
2014-12-01,169.0275421142578,95.9215087890625,80.111572265625,116.58000183105469,45.04140853881836
2014-12-02,170.12013244628906,96.305908203125,79.95147705078125,115.13999938964844,45.16822052001953
2014-12-03,170.77725219726562,96.47979736328125,79.87870788574219,116.33000183105469,45.11185836791992
2014-12-04,170.5883026123047,96.4340591430664,80.11884307861328,115.87999725341797,44.963905334472656
2014-12-05,170.8676300048828,96.44317626953125,79.77674102783203,114.43000030517578,45.06254196166992
2014-12-08,169.72579956054688,95.75679779052734,79.9732666015625,115.77999877929688,44.66799545288086
2014-12-09,169.61082458496094,96.0588150024414,80.09700775146484,118.19000244140625,44.42845153808594
2014-12-10,166.89169311523438,94.54874420166016,80.23532104492188,117.95999908447266,43.86481475830078
2014-12-11,167.73779296875,94.99718475341797,80.20619201660156,117.69000244140625,43.80845642089844
2014-12-12,165.0269012451172,93.9630126953125,80.4609146118164,117.41000366210938,42.963008880615234
2014-12-15,163.89328002929688,92.99292755126953,80.24259948730469,114.38999938964844,42.25141906738281
2014-12-16,162.5789337158203,91.50113677978516,80.43907165527344,114.94999694824219,42.554359436035156
2014-12-17,165.76626586914062,93.16678619384766,80.33723449707031,114.2699966430664,43.06304931640625
2014-12-18,169.86549377441406,95.40902709960938,80.12611389160156,115.1500015258789,43.83139419555664
2014-12-19,170.5881805419922,95.82882690429688,80.25713348388672,114.7699966430664,43.895423889160156
2014-12-22,171.37289428710938,96.06768798828125,80.38085174560547,112.55000305175781,44.10885238647461
2014-12-23,171.6042022705078,95.72779083251953,80.00973510742188,112.73999786376953,43.966575622558594
2014-12-24,171.62066650390625,95.81045532226562,80.09658813476562,112.7699966430664,44.16576385498047
2014-12-26,172.17416381835938,96.49020385742188,80.13309478759766,114.83000183105469,44.27960205078125
2014-12-29,172.40542602539062,96.47184753417969,80.30101776123047,113.66999816894531,43.95944595336914
2014-12-30,171.4803466796875,95.82882690429688,80.3886489868164,115.19999694824219,43.553924560546875
2014-12-31,169.7787628173828,94.84591674804688,80.41058349609375,113.58000183105469,43.283592224121094
2015-01-02,169.68783569335938,94.56116485595703,80.63693237304688,114.08000183105469,43.09862518310547
2015-01-05,166.62335205078125,93.1740493774414,80.81216430664062,115.80000305175781,42.081268310546875
2015-01-06,165.05392456054688,91.92476654052734,81.01663970947266,117.12000274658203,41.604610443115234
2015-01-07,167.11073303222656,93.10974884033203,81.0020523071289,116.43000030517578,42.06704330444336
2015-01-08,170.07603454589844,94.891845703125,80.87789154052734,115.94000244140625,42.63618469238281
2015-01-09,168.71316528320312,94.26719665527344,81.0750732421875,117.26000213623047,42.42987060546875
2015-01-12,167.39151000976562,93.28430938720703,81.1407699584961,118.55999755859375,42.330265045166016
2015-01-13,166.92071533203125,93.25672149658203,81.16266632080078,118.16000366210938,42.5436897277832
2015-01-14,165.91299438476562,92.74231719970703,81.35982513427734,117.97000122070312,42.42275619506836
2015-01-15,164.3931884765625,91.53894805908203,81.73223876953125,120.94000244140625,42.69309997558594
2015-01-16,166.5489959716797,92.61371612548828,81.41827392578125,122.5199966430664,43.24802017211914
2015-01-20,166.90420532226562,93.34858703613281,81.5570068359375,124.19999694824219,43.39741897583008
2015-01-21,167.74671936035156,93.8262710571289,81.41094970703125,124.2300033569336,43.7389030456543
2015-01-22,170.2412872314453,95.5624008178711,81.36712646484375,125.2300033569336,43.902530670166016
2015-01-23,169.307861328125,95.77371215820312,81.57157135009766,124.2300033569336,43.65353775024414
2015-01-26,169.70437622070312,95.66345977783203,81.5350570678711,122.98999786376953,44.251136779785156
2015-01-27,167.46585083007812,93.18324279785156,81.49130249023438,124.4000015258789,44.31515884399414
2015-01-28,165.31822204589844,92.70558166503906,81.83453369140625,123.41999816894531,43.65353775024414
2015-01-29,166.8463592529297,93.59659576416016,81.76873016357422,120.76000213623047,44.251136779785156
2015-01-30,164.74827575683594,92.87091827392578,82.06079864501953,123.44999694824219,43.553924560546875
2015-02-02,166.78857421875,93.6792984008789,82.05786895751953,122.41999816894531,44.08039474487305
2015-02-03,169.20050048828125,94.57952880859375,81.74342346191406,121.05000305175781,44.78470993041992
2015-02-04,168.5561981201172,94.49689483642578,81.8677749633789,121.58000183105469,44.41477584838867
2015-02-05,170.25778198242188,95.31439971923828,81.69951629638672,121.79000091552734,45.02660369873047
2015-02-06,169.78695678710938,94.73567962646484,81.22418212890625,118.63999938964844,44.46456527709961
2015-02-09,169.02703857421875,94.43254089355469,81.20955657958984,119.16999816894531,44.251136779785156
2015-02-10,170.8277130126953,95.90231323242188,81.12181091308594,118.47000122070312,44.65665054321289
2015-02-11,170.9268798828125,96.25137329101562,81.08516693115234,117.06999969482422,44.41477584838867
2015-02-12,172.5706329345703,97.37206268310547,81.09981536865234,117.33999633789062,45.1048583984375
2015-02-13,173.28102111816406,98.20801544189453,81.00479125976562,117.9800033569336,45.403656005859375
2015-02-17,173.55361938476562,98.29988098144531,80.67561340332031,116.01000213623047,45.510379791259766
2015-02-18,173.5701141357422,98.43766784667969,80.90238952636719,116.33999633789062,45.780723571777344
2015-02-19,173.44625854492188,98.92453002929688,80.83655548095703,115.94000244140625,45.83763122558594
2015-02-20,174.48696899414062,99.58589935302734,80.85120391845703,115.27999877929688,46.26449203491211
2015-02-23,174.46218872070312,99.68695068359375,80.99745178222656,115.43000030517578,46.100868225097656
2015-02-24,174.9578094482422,99.76044464111328,81.3558120727539,115.26000213623047,46.38543701171875
2015-02-25,174.80914306640625,99.5124282836914,81.41429138183594,115.69999694824219,46.42100524902344
2015-02-26,174.60264587402344,100.01763916015625,81.12181091308594,116.06999969482422,46.29294967651367
2015-02-27,174.00787353515625,99.57672882080078,81.32657623291016,116.16000366210938,46.31429672241211
2015-03-02,175.1065216064453,100.47696685791016,80.91337585449219,115.68000030517578,46.38543701171875
2015-03-03,174.38783264160156,100.00848388671875,80.81083679199219,115.47000122070312,46.100868225097656
2015-03-04,173.6527099609375,99.6226577758789,80.85478973388672,115.11000061035156,45.915889739990234
2015-03-05,173.8426971435547,99.79718017578125,80.89141082763672,115.0,46.022613525390625
2015-03-06,171.3976593017578,98.66730499267578,80.36392211914062,111.86000061035156,45.396549224853516
2015-03-09,172.10806274414062,98.95207977294922,80.56908416748047,111.97000122070312,45.46767807006836
2015-03-10,169.31614685058594,97.1148681640625,80.7595443725586,111.41999816894531,44.47879409790039
2015-03-11,168.919677734375,96.55452728271484,80.92068481445312,110.75,44.59263229370117
2015-03-12,171.06724548339844,97.1883773803711,80.98667907714844,110.72000122070312,45.14754104614258
2015-03-13,170.01832580566406,96.76579284667969,80.83281707763672,110.87999725341797,44.884315490722656
2015-03-16,172.28982543945312,98.01510620117188,81.00861358642578,110.80999755859375,45.38942337036133
2015-03-17,171.77760314941406,98.17127227783203,80.99400329589844,110.20999908447266,45.275596618652344
2015-03-18,173.8426971435547,99.13581848144531,81.58733367919922,112.37000274658203,46.24315643310547
2015-03-19,173.04971313476562,99.28279876708984,81.3016586303711,112.29000091552734,45.70246124267578
2015-03-20,174.57725524902344,99.92544555664062,81.55070495605469,113.56999969482422,46.712703704833984
2015-03-23,174.23699951171875,99.73209381103516,81.56535339355469,114.29000091552734,46.94746398925781
2015-03-24,173.25794982910156,99.37298583984375,81.78515625,114.56999969482422,46.84786605834961
2015-03-25,170.71910095214844,97.09884643554688,81.63131713867188,114.7300033569336,46.6273307800293
2015-03-26,170.3125762939453,96.76737976074219,81.33826446533203,115.4800033569336,46.2218017578125
2015-03-27,170.70252990722656,97.15408325195312,81.45549774169922,115.05999755859375,46.34275436401367
2015-03-30,172.78504943847656,98.2681655883789,81.49213409423828,113.75,46.3712043762207
2015-03-31,171.27499389648438,97.22776794433594,81.63131713867188,113.66000366210938,45.65266799926758
2015-04-01,170.66937255859375,96.7213363647461,81.89624786376953,115.5999984741211,45.97991943359375
2015-04-02,171.28330993652344,96.78580474853516,81.78618621826172,115.27999877929688,46.37832260131836
2015-04-06,172.4365692138672,97.57758331298828,81.83757019042969,116.69000244140625,46.84786605834961
2015-04-07,171.98020935058594,97.4118881225586,81.85221099853516,116.11000061035156,46.78384780883789
2015-04-08,172.56101989746094,98.1852798461914,81.8595962524414,115.47000122070312,46.983055114746094
2015-04-09,173.3243408203125,98.80216979980469,81.654052734375,114.66999816894531,47.04706954956055
2015-04-10,174.2701873779297,99.20729064941406,81.654052734375,115.97000122070312,47.139564514160156
2015-04-13,173.48196411132812,98.95869445800781,81.74211883544922,115.13999938964844,46.84075164794922
2015-04-14,173.81387329101562,98.6732406616211,81.83026885986328,114.44000244140625,47.18935775756836
2015-04-15,174.59381103515625,99.29015350341797,81.94032287597656,115.43000030517578,47.40278244018555
2015-04-16,174.54397583007812,99.15203094482422,81.89624786376953,115.02999877929688,47.53084182739258
2015-04-17,172.53614807128906,97.605224609375,81.96232604980469,115.5999984741211,46.9332389831543
2015-04-20,174.1125946044922,99.06916809082031,81.90364837646484,114.72000122070312,46.983055114746094
2015-04-21,173.90516662597656,99.49270629882812,81.81550598144531,115.37999725341797,47.40278244018555
2015-04-22,174.75973510742188,100.03593444824219,81.57333374023438,113.83000183105469,47.49527359008789
2015-04-23,175.1995086669922,100.41341400146484,81.69811248779297,114.66000366210938,47.67314147949219
2015-04-24,175.6060333251953,101.77607727050781,81.83757019042969,113.05000305175781,47.95058822631836
2015-04-27,174.8759002685547,101.51829528808594,81.86690521240234,115.33000183105469,48.18536376953125
2015-04-28,175.4318389892578,101.31571197509766,81.55127716064453,116.33000183105469,48.242271423339844
2015-04-29,174.70994567871094,100.68041229248047,81.36784362792969,115.51000213623047,47.82252883911133
2015-04-30,172.95928955078125,99.09678649902344,81.36784362792969,113.47000122070312,47.31740951538086
2015-05-01,174.83441162109375,100.40420532226562,81.13687133789062,113.08000183105469,47.8438720703125
2015-05-04,175.33221435546875,100.56993865966797,80.98248291015625,114.0999984741211,47.79407501220703
2015-05-05,173.3243408203125,98.93106842041016,80.90897369384766,114.41999816894531,47.082645416259766
2015-05-06,172.61080932617188,98.24974060058594,80.63688659667969,114.36000061035156,47.203590393066406
2015-05-07,173.2994384765625,98.8389892578125,80.83547973632812,113.41999816894531,47.04706954956055
2015-05-08,175.58119201660156,100.07275390625,81.10014343261719,113.97000122070312,48.135562896728516
2015-05-11,174.74317932128906,99.68602752685547,80.58541870117188,113.52999877929688,47.7158203125
2015-05-12,174.22044372558594,99.23489379882812,80.57804870605469,114.5,47.687355041503906
2015-05-13,174.253662109375,99.43746948242188,80.57069396972656,116.55000305175781,48.04308319091797
2015-05-14,176.0706329345703,100.89219665527344,80.69570922851562,117.18000030517578,48.61934280395508
2015-05-15,176.2615203857422,100.89219665527344,81.03399658203125,117.52999877929688,48.67625045776367
2015-05-18,176.80908203125,101.33414459228516,80.72509002685547,117.5199966430664,48.51261520385742
2015-05-19,176.75099182128906,101.22366333007812,80.44569396972656,115.88999938964844,48.327659606933594
2015-05-20,176.6265106201172,101.28813171386719,80.57069396972656,116.08000183105469,48.42013168334961
2015-05-21,177.14093017578125,101.81292724609375,80.82071685791016,115.69000244140625,48.67625045776367
2015-05-22,176.7178192138672,101.71160888671875,80.73248291015625,115.5999984741211,48.36322784423828
2015-05-26,174.8177947998047,100.54228973388672,80.9310073852539,113.91000366210938,47.49527359008789
2015-05-27,176.47718811035156,102.16277313232422,81.01193237304688,113.88999938964844,47.957706451416016
2015-05-28,176.27810668945312,101.9325942993164,80.98248291015625,114.0199966430664,47.87232971191406
2015-05-29,175.18287658691406,101.32493591308594,81.01193237304688,114.0999984741211,47.40989685058594
2015-06-01,175.53958129882812,101.66558074951172,80.78794860839844,114.0,47.281837463378906
2015-06-02,175.36541748046875,101.3433609008789,80.47115325927734,114.45999908447266,47.50238800048828
2015-06-03,175.83004760742188,101.64718627929688,80.15438842773438,113.63999938964844,47.76560592651367
2015-06-04,174.34487915039062,100.87377166748047,80.32384490966797,112.83999633789062,47.25337600708008
2015-06-05,174.0461883544922,100.63438415527344,79.97019958496094,112.23999786376953,46.69135665893555
2015-06-08,172.97586059570312,99.61237335205078,80.08808135986328,112.56999969482422,46.6273307800293
2015-06-09,172.95098876953125,99.4466781616211,79.85968780517578,112.81999969482422,46.3712043762207
2015-06-10,175.02525329589844,100.80931091308594,79.66078186035156,113.77999877929688,47.34587478637695
2015-06-11,175.58944702148438,100.95663452148438,80.08808135986328,113.26000213623047,47.473934173583984
2015-06-12,174.24533081054688,100.12799072265625,79.9923095703125,113.2300033569336,47.096866607666016
2015-06-15,173.4985809326172,99.63079833984375,80.08808135986328,113.7300033569336,46.81230163574219
2015-06-16,174.44447326660156,100.17401885986328,80.22064971923828,113.31999969482422,46.79806137084961
2015-06-17,174.72654724121094,100.45026397705078,80.22803497314453,113.8499984741211,46.69135665893555
2015-06-18,176.54359436035156,101.91419219970703,80.2059555053711,115.31999969482422,47.1110954284668
2015-06-19,175.75987243652344,101.41032409667969,80.45640563964844,115.12000274658203,46.997276306152344
2015-06-22,176.6603240966797,102.15779113769531,80.05858612060547,113.63999938964844,47.886573791503906
2015-06-23,176.78533935546875,102.2408447265625,79.87439727783203,112.88999938964844,48.01461410522461
2015-06-24,175.50146484375,101.71485900878906,79.99969482421875,112.58999633789062,47.60198211669922
2015-06-25,174.96780395507812,101.51183319091797,79.91126251220703,112.44000244140625,47.58099365234375
2015-06-26,174.93443298339844,100.83815002441406,79.71965789794922,112.55999755859375,47.559295654296875
2015-06-29,171.26602172851562,98.45726013183594,80.19124603271484,113.06999969482422,46.09793472290039
2015-06-30,171.6245574951172,98.80792236328125,80.13966369628906,112.37000274658203,45.93155288696289
2015-07-01,173.0001678466797,99.59233856201172,79.93737030029297,111.9800033569336,46.22816467285156
2015-07-02,172.84176635742188,99.62003326416016,80.04814910888672,111.76000213623047,46.28603744506836
2015-07-06,172.3498992919922,99.38929748535156,80.33602142333984,112.05999755859375,45.35279083251953
2015-07-07,173.4337615966797,99.63849639892578,80.4467544555664,110.76000213623047,45.367271423339844
2015-07-08,170.52401733398438,97.90353393554688,80.63862609863281,111.08999633789062,44.31103515625
2015-07-09,170.83250427246094,97.84817504882812,80.34341430664062,111.36000061035156,45.04171371459961
2015-07-10,172.98353576660156,99.34317779541016,80.00379943847656,111.48999786376953,46.51753616333008
2015-07-13,174.89280700683594,101.08733367919922,79.8857421875,110.98999786376953,46.691162109375
2015-07-14,175.65150451660156,101.75179290771484,80.01859283447266,110.73999786376953,47.08183288574219
2015-07-15,175.5931396484375,101.86251068115234,80.23265075683594,110.16000366210938,46.908203125
2015-07-16,177.00213623046875,103.30213165283203,80.2990951538086,109.76000213623047,47.313331604003906
2015-07-17,177.1521759033203,104.82481384277344,80.30648803710938,108.6500015258789,47.23374938964844
2015-07-20,177.24391174316406,105.18470764160156,80.16622161865234,105.69999694824219,47.35673522949219
2015-07-21,176.54359436035156,105.12010192871094,80.2990951538086,105.37000274658203,47.219276428222656
2015-07-22,176.2267608642578,103.9296875,80.33602142333984,104.80000305175781,46.85755920410156
2015-07-23,175.23464965820312,103.54206085205078,80.5648422241211,104.33000183105469,46.73456573486328
2015-07-24,173.4170684814453,102.52693176269531,80.55007934570312,105.3499984741211,46.22093200683594
2015-07-27,172.40826416015625,101.67792510986328,80.65342712402344,104.86000061035156,45.88090515136719
2015-07-28,174.5259246826172,102.55464172363281,80.57221984863281,105.0199966430664,46.45966720581055
2015-07-29,175.72654724121094,102.94222259521484,80.50579833984375,105.16999816894531,46.626060485839844
2015-07-30,175.76821899414062,103.43133544921875,80.51319122314453,104.2699966430664,46.58989334106445
2015-07-31,175.50146484375,103.31134796142578,80.83058166503906,104.93000030517578,46.864784240722656
2015-08-03,174.90945434570312,102.98836517333984,80.9141616821289,104.0999984741211,46.74180603027344
2015-08-04,174.56761169433594,102.7945785522461,80.677490234375,104.30999755859375,46.77798080444336
2015-08-05,175.1428985595703,103.58821868896484,80.52955627441406,103.93000030517578,47.023963928222656
2015-08-06,173.70889282226562,101.92708587646484,80.62567901611328,104.38999938964844,46.82862091064453
2015-08-07,173.3753662109375,101.79792022705078,80.7662353515625,104.6500015258789,46.74180603027344
2015-08-10,175.5597686767578,102.96068572998047,80.66271209716797,105.72000122070312,47.313331604003906
2015-08-11,173.97567749023438,101.6410140991211,80.9289321899414,106.26000213623047,46.58989334106445
2015-08-12,174.18411254882812,101.99168395996094,80.87714385986328,107.75,46.257102966308594
2015-08-13,173.9673309326172,101.82560729980469,80.70701599121094,106.86000061035156,46.22816467285156
2015-08-14,174.60101318359375,101.98248291015625,80.67008972167969,106.8499984741211,46.300506591796875
2015-08-17,175.5764617919922,102.83146667480469,80.81059265136719,107.12999725341797,46.21369552612305
2015-08-18,175.06790161132812,102.30548095703125,80.66271209716797,107.11000061035156,45.86644744873047
2015-08-19,173.68389892578125,101.63179779052734,80.9141616821289,108.55000305175781,45.46131134033203
2015-08-20,170.05711364746094,98.81716918945312,81.0398941040039,110.44000244140625,44.361663818359375
2015-08-21,164.93800354003906,94.49828338623047,81.18042755126953,111.12999725341797,43.348838806152344
2015-08-24,157.99301147460938,90.86231231689453,81.15082550048828,110.52999877929688,41.851322174072266
2015-08-25,156.13368225097656,90.5208511352539,80.95851135253906,109.16000366210938,42.24921417236328
2015-08-26,162.12828063964844,95.07966613769531,80.58135223388672,107.66999816894531,43.24757385253906
2015-08-27,166.1386260986328,97.4882583618164,80.69226837158203,107.7300033569336,43.77568817138672
2015-08-28,166.1468505859375,97.4698257446289,80.61833190917969,108.69999694824219,43.7105712890625
2015-08-31,164.8045654296875,96.26090240478516,80.55912780761719,108.81999969482422,43.3850212097168
2015-09-01,159.88555908203125,93.25248718261719,80.79776763916016,109.19999694824219,41.93090057373047
2015-09-02,162.9203338623047,95.88255310058594,80.69402313232422,108.62000274658203,42.55305862426758
2015-09-03,163.0370635986328,95.41190338134766,80.81260681152344,107.83999633789062,42.654354095458984
2015-09-04,160.5692138671875,94.27680206298828,80.9830551147461,107.48999786376953,41.677696228027344
2015-09-08,164.60447692871094,96.93457794189453,80.79033660888672,107.5199966430664,42.90031051635742
2015-09-09,162.40338134765625,95.8456039428711,80.82003021240234,106.12999725341797,42.7266845703125
2015-09-10,163.2871551513672,96.88843536376953,80.73107147216797,106.37999725341797,43.008827209472656
2015-09-11,164.02920532226562,97.42369842529297,80.82743072509766,106.16000366210938,43.00159454345703
2015-09-14,163.42059326171875,97.12837219238281,80.84964752197266,106.22000122070312,42.67604446411133
2015-09-15,165.4631805419922,98.27266693115234,80.48651123046875,105.9000015258789,42.96541976928711
2015-09-16,166.8972625732422,98.8263931274414,80.41981506347656,107.30999755859375,43.62376022338867
2015-09-17,166.52207946777344,98.86328887939453,80.92378234863281,108.41000366210938,43.64545822143555
2015-09-18,163.80084228515625,97.4571762084961,80.99048614501953,109.20999908447266,42.55305862426758
2015-09-21,164.64732360839844,97.762451171875,80.77552795410156,108.52999877929688,42.5313606262207
2015-09-22,162.51025390625,96.30083465576172,80.96824645996094,107.79000091552734,41.51853561401367
2015-09-23,162.2504119873047,96.37482452392578,80.9015884399414,108.22000122070312,41.32319641113281
2015-09-24,161.66380310058594,96.0233154296875,81.00531768798828,110.48999786376953,41.20745086669922
2015-09-25,161.62188720703125,95.209228515625,80.864501953125,109.80999755859375,41.56917190551758
2015-09-28,157.56565856933594,92.49874877929688,81.05717468261719,108.41999816894531,40.751678466796875
2015-09-29,157.6577606201172,92.0177001953125,81.18317413330078,107.9800033569336,40.69381332397461
2015-09-30,160.5994415283203,94.13614654541016,81.21277618408203,106.86000061035156,41.467891693115234
2015-10-01,161.01846313476562,94.56169128417969,81.27594757080078,106.7300033569336,41.59811782836914
2015-10-02,163.4237518310547,96.21755981445312,81.52096557617188,108.98999786376953,42.30709457397461
2015-10-05,166.33187866210938,97.59595489501953,81.2165298461914,108.7699966430664,43.14628219604492
2015-10-06,165.76194763183594,97.13341522216797,81.41696166992188,109.86000061035156,43.196929931640625
2015-10-07,167.11961364746094,97.71622467041016,81.35760498046875,109.69999694824219,43.73950958251953
2015-10-08,168.62811279296875,98.10475158691406,81.24622344970703,109.13999938964844,44.086769104003906
2015-10-09,168.72879028320312,98.54878234863281,81.17936706542969,110.87000274658203,44.16633987426758
2015-10-12,168.88792419433594,98.78929138183594,81.38732147216797,111.30999755859375,44.079532623291016
2015-10-13,167.82362365722656,98.15099334716797,81.39472198486328,111.86000061035156,43.5224723815918
2015-10-14,167.01902770996094,97.99369812011719,81.69915771484375,113.80999755859375,43.60928726196289
2015-10-15,169.58349609375,99.60336303710938,81.58778381347656,113.29000091552734,44.35443878173828
2015-10-16,170.3546142578125,100.01966857910156,81.506103515625,112.48999786376953,44.318260192871094
2015-10-19,170.4383544921875,100.59320068359375,81.58778381347656,112.0199966430664,44.16633987426758
2015-10-20,170.2205047607422,100.07514953613281,81.4244613647461,112.7300033569336,43.98548126220703
2015-10-21,169.16452026367188,99.46459197998047,81.61746215820312,111.7300033569336,43.96377944946289
2015-10-22,172.02230834960938,101.49052429199219,81.63239288330078,111.69000244140625,44.45572280883789
2015-10-23,173.90798950195312,104.3305435180664,81.49127960205078,111.5,44.89701461791992
2015-10-26,173.48057556152344,104.39529418945312,81.52839660644531,111.43000030517578,44.730628967285156
2015-10-27,173.14541625976562,104.60803985595703,81.64718627929688,111.68000030517578,44.33997344970703
2015-10-28,175.1148223876953,105.47762298583984,81.40214538574219,110.77999877929688,44.62934875488281
2015-10-29,175.01429748535156,105.31108856201172,81.05319213867188,109.72000122070312,44.303802490234375
2015-10-30,174.25999450683594,104.83934020996094,81.26851654052734,109.30000305175781,44.20975112915039
2015-11-02,176.32162475585938,106.02342224121094,81.10857391357422,108.58999633789062,44.62934875488281
2015-11-03,176.83282470703125,106.39346313476562,80.95976257324219,106.9800033569336,44.61487579345703
2015-11-04,176.29652404785156,106.40266418457031,80.95976257324219,105.97000122070312,44.36890411376953
2015-11-05,176.12049865722656,106.11592864990234,80.92256164550781,105.63999938964844,44.28932571411133
2015-11-06,176.0283203125,106.18993377685547,80.53572845458984,104.0999984741211,44.086769104003906
2015-11-09,174.38568115234375,105.06134033203125,80.48361206054688,104.4000015258789,43.63099670410156
2015-11-10,174.78797912597656,104.79302978515625,80.63240814208984,104.18000030517578,43.602054595947266
2015-11-11,174.10073852539062,104.66356658935547,80.5282211303711,103.83000183105469,43.82632827758789
2015-11-12,171.67034912109375,103.64598083496094,80.6026382446289,103.8499984741211,43.25480651855469
2015-11-13,169.74278259277344,101.61076354980469,80.75888061523438,103.55999755859375,42.89308166503906
2015-11-16,172.32408142089844,103.07243347167969,80.82583618164062,103.70999908447266,43.4356575012207
2015-11-17,172.1983184814453,103.13717651367188,80.88536834716797,102.33999633789062,43.55141830444336
2015-11-18,174.9304962158203,105.11682891845703,80.82583618164062,102.43000030517578,43.94931411743164
2015-11-19,174.77960205078125,105.19086456298828,80.86302947998047,103.55999755859375,44.1735725402832
2015-11-20,175.41651916503906,105.90315246582031,80.81096649169922,103.08999633789062,44.07229232788086
2015-11-23,175.2154083251953,105.59786224365234,80.83329010009766,102.26000213623047,43.797386169433594
2015-11-24,175.45005798339844,105.50536346435547,80.90764617919922,102.94000244140625,43.80461502075195
2015-11-25,175.42495727539062,105.59786224365234,80.94487762451172,102.45999908447266,43.905906677246094
2015-11-27,175.6260528564453,105.74591064453125,80.92256164550781,101.25,43.91314697265625
2015-11-30,174.89694213867188,105.47762298583984,80.9522933959961,101.91999816894531,43.8769645690918
2015-12-01,176.56468200683594,106.53221130371094,81.23599243164062,102.27999877929688,44.33997344970703
2015-12-02,174.7628173828125,105.87539672851562,81.13893127441406,100.69000244140625,43.86973190307617
2015-12-03,172.31570434570312,104.08074188232422,80.5417251586914,101.76000213623047,43.659934997558594
2015-12-04,175.67630004882812,106.51372528076172,80.802978515625,104.0199966430664,44.01442337036133
2015-12-07,174.6119842529297,106.03269958496094,80.92247009277344,102.66999816894531,43.73228073120117
2015-12-08,173.4386444091797,106.04190826416016,80.95231628417969,102.83999633789062,43.08840560913086
2015-12-09,172.0894012451172,104.43226623535156,80.95231628417969,102.63999938964844,42.89308166503906
2015-12-10,172.53353881835938,104.904052734375,80.93743133544922,102.55000305175781,42.90031051635742
2015-12-11,169.18963623046875,102.48959350585938,81.13893127441406,103.11000061035156,42.08280944824219
2015-12-14,170.04444885253906,103.26667785644531,80.75822448730469,101.79000091552734,42.147926330566406
2015-12-15,171.82958984375,103.8957290649414,80.76570129394531,101.5199966430664,42.357723236083984
2015-12-16,174.3437957763672,105.44059753417969,80.62386322021484,102.75,43.211395263671875
2015-12-17,171.68711853027344,103.90499114990234,80.73583984375,100.5,42.66157531738281
2015-12-18,168.62844848632812,101.91185760498047,80.907470703125,102.04000091552734,42.213043212890625
2015-12-21,170.01951599121094,103.04389953613281,80.8328628540039,103.1500015258789,42.40863037109375
2015-12-22,171.56231689453125,103.72125244140625,80.77313232421875,102.61000061035156,42.729732513427734
2015-12-23,173.68685913085938,104.49142456054688,80.75822448730469,102.30999755859375,43.44493865966797
2015-12-24,173.4002227783203,104.47285461425781,80.79710388183594,103.05000305175781,43.37196350097656
2015-12-28,173.0039520263672,104.41719055175781,80.79710388183594,102.2699966430664,43.26979446411133
2015-12-29,174.85028076171875,106.05960083007812,80.59513092041016,102.19999694824219,43.700374603271484
2015-12-30,173.61099243164062,105.10382843017578,80.58013916015625,101.41999816894531,43.437644958496094
2015-12-31,171.87428283691406,103.79549407958984,80.79710388183594,101.45999908447266,42.85380554199219
2016-01-04,169.4715576171875,101.60563659667969,80.7672119140625,102.88999938964844,42.196983337402344
2016-01-05,169.7582244873047,101.42933654785156,80.80458068847656,103.18000030517578,42.13129425048828
2016-01-06,167.61680603027344,100.45501708984375,81.11128234863281,104.66999816894531,41.43798828125
2016-01-07,163.5954132080078,97.30944061279297,81.10385131835938,106.1500015258789,40.576839447021484
2016-01-08,161.79977416992188,96.51140594482422,81.28337860107422,105.68000030517578,40.087867736816406
2016-01-11,161.95989990234375,96.80836486816406,81.05147552490234,104.73999786376953,40.25572204589844
2016-01-12,163.26669311523438,97.93113708496094,81.23102569580078,104.20999908447266,40.445465087890625
2016-01-13,159.1946258544922,94.55354309082031,81.41800689697266,104.72000122070312,39.817848205566406
2016-01-14,161.8081512451172,96.5671157836914,81.38812255859375,103.0199966430664,40.328697204589844
2016-01-15,158.33473205566406,93.56998443603516,81.48534393310547,104.08000183105469,38.86909866333008
2016-01-19,158.54551696777344,93.77412414550781,81.40304565429688,103.9800033569336,39.226707458496094
2016-01-20,156.51373291015625,93.4864730834961,81.47040557861328,105.37000274658203,38.33634948730469
2016-01-21,157.39053344726562,93.57923889160156,81.35819244384766,105.48999786376953,38.620967864990234
2016-01-22,160.61941528320312,96.28871154785156,81.41800689697266,105.0,39.75945281982422
2016-01-25,158.19143676757812,94.85977172851562,81.3730697631836,106.08000183105469,39.226707458496094
2016-01-26,160.3496856689453,95.71343994140625,81.47782135009766,107.29000091552734,39.927310943603516
2016-01-27,158.60450744628906,93.32870483398438,81.49281311035156,107.69000244140625,39.67188262939453
2016-01-28,159.4307403564453,94.6463394165039,81.56017303466797,106.54000091552734,39.78865051269531
2016-01-29,163.3172607421875,96.62276458740234,81.79952239990234,106.94999694824219,40.48925018310547
2016-02-01,163.2581787109375,96.882568359375,81.70054626464844,108.05000305175781,40.445465087890625
2016-02-02,160.31594848632812,94.7855453491211,81.94793701171875,108.08999633789062,39.5040283203125
2016-02-03,161.2770233154297,94.33087921142578,81.94046783447266,109.25,39.832427978515625
2016-02-04,161.5299072265625,94.32157897949219,82.02288818359375,110.56999969482422,39.88352584838867
2016-02-05,158.45278930664062,91.04608154296875,81.94793701171875,112.31999969482422,39.27050018310547
2016-02-08,156.31980895996094,89.65420532226562,82.26275634765625,113.83000183105469,38.54069137573242
2016-02-09,156.32823181152344,89.37583923339844,82.2552490234375,113.58000183105469,38.09552001953125
2016-02-10,156.19342041015625,89.71916198730469,82.45770263671875,114.45999908447266,38.051727294921875
2016-02-11,154.16160583496094,89.5892562866211,82.5101547241211,119.05999755859375,37.49707794189453
2016-02-12,157.33993530273438,90.95329284667969,82.28526306152344,118.36000061035156,38.15389633178711
2016-02-16,159.99554443359375,93.00395965576172,82.08284759521484,114.7699966430664,38.92748260498047
2016-02-17,162.6090545654297,95.11032104492188,82.03784942626953,115.4800033569336,39.59889602661133
2016-02-18,161.94305419921875,94.02464294433594,82.28526306152344,118.29000091552734,39.39455795288086
2016-02-19,161.86720275878906,94.30299377441406,82.30020904541016,117.58000183105469,39.350772857666016
2016-02-22,164.2108612060547,95.83405303955078,82.32273864746094,115.48999786376953,39.795955657958984
2016-02-23,162.13702392578125,94.25662231445312,82.33773040771484,117.22000122070312,39.146427154541016
2016-02-24,162.87887573242188,95.15670013427734,82.3676986694336,117.61000061035156,39.00776672363281
2016-02-25,164.85159301757812,96.0938720703125,82.57757568359375,117.91999816894531,39.47483444213867
2016-02-26,164.47219848632812,95.97325897216797,82.42768096923828,117.11000061035156,39.37266540527344
2016-02-29,163.18234252929688,95.11032104492188,82.52510833740234,118.63999938964844,39.139122009277344
2016-03-01,167.0182647705078,98.1631088256836,82.27801513671875,117.7699966430664,40.160850524902344
2016-03-02,167.7686004638672,98.20020294189453,82.1878890991211,118.68000030517578,40.438167572021484
2016-03-03,168.42617797851562,98.0146484375,82.28553009033203,120.7300033569336,40.83225631713867
2016-03-04,168.97418212890625,98.0517578125,82.1578598022461,120.54000091552734,41.1314811706543
2016-03-07,169.10903930664062,97.44864654541016,82.13526916503906,121.13999938964844,41.08039474487305
2016-03-08,167.26268005371094,96.64136505126953,82.3381118774414,120.58000183105469,40.67900848388672
2016-03-09,168.08892822265625,97.26301574707031,82.30057525634766,119.58000183105469,40.83225631713867
2016-03-10,168.22381591796875,97.11456298828125,82.3381118774414,121.5,40.76658248901367
2016-03-11,170.9384307861328,98.8126220703125,82.1878890991211,119.41000366210938,41.83208084106445
2016-03-14,170.71925354003906,98.9796371459961,82.23297882080078,117.87000274658203,41.7445068359375
2016-03-15,170.4411163330078,98.94254302978516,82.1578598022461,117.95999908447266,41.35042190551758
2016-03-16,171.4274444580078,99.82405853271484,82.5108642578125,120.58999633789062,41.71531677246094
2016-03-17,172.5150146484375,99.76837158203125,82.68357849121094,120.12999725341797,42.03643035888672
2016-03-18,173.19290161132812,99.92472076416016,82.751220703125,119.80000305175781,41.96344757080078
2016-03-21,173.43862915039062,100.31561279296875,82.57093811035156,118.95999908447266,41.89777374267578
2016-03-22,173.34542846679688,100.62271881103516,82.51840209960938,119.30999755859375,41.824790954589844
2016-03-23,172.2014923095703,99.79442596435547,82.69865417480469,116.61000061035156,41.40150451660156
2016-03-24,172.12518310546875,99.8223648071289,82.70616149902344,116.33000183105469,41.124183654785156
2016-03-28,172.2268524169922,99.68276977539062,82.76625061035156,116.5999984741211,41.372310638427734
2016-03-29,173.8199920654297,101.28347778320312,83.01411437988281,118.76000213623047,41.81749725341797
2016-03-30,174.5826873779297,101.77674102783203,82.98405456542969,117.0999984741211,42.13129425048828
2016-03-31,174.15899658203125,101.62784576416016,83.24697875976562,117.63999938964844,41.71531677246094
2016-04-01,175.34532165527344,102.7073974609375,83.17320251464844,116.93000030517578,41.270145416259766
2016-04-04,174.77757263183594,102.31653594970703,83.25598907470703,116.1500015258789,41.18257141113281
2016-04-05,173.03192138671875,101.33001708984375,83.36888885498047,117.66000366210938,40.37248611450195
2016-04-06,174.92164611816406,102.99588775634766,83.35382843017578,116.94000244140625,41.02930450439453
2016-04-07,172.82850646972656,101.51615905761719,83.53445434570312,118.61000061035156,40.43087387084961
2016-04-08,173.294677734375,101.44172668457031,83.45167541503906,118.43000030517578,41.2044677734375
2016-04-11,172.8878173828125,101.0694580078125,83.51190185546875,120.02999877929688,41.226348876953125
2016-04-12,174.4979248046875,101.91634368896484,83.37643432617188,120.05000305175781,41.839385986328125
2016-04-13,176.26048278808594,103.21923828125,83.41401672363281,118.7699966430664,42.503501892089844
2016-04-14,176.26898193359375,103.22857666015625,83.27102661132812,117.11000061035156,42.64215850830078
2016-04-15,176.07411193847656,102.96797180175781,83.50434112548828,117.91999816894531,42.54728317260742
2016-04-18,177.31129455566406,103.5170669555664,83.49685668945312,117.73999786376953,42.91218185424805
2016-04-19,177.87059020996094,102.88419342041016,83.48931121826172,119.58000183105469,43.65658950805664
2016-04-20,178.04010009765625,102.96797180175781,83.28606414794922,118.97000122070312,43.69307327270508
2016-04-21,177.08248901367188,102.97731018066406,83.17320251464844,119.41999816894531,43.43035125732422
2016-04-22,177.08248901367188,101.42306518554688,83.18074798583984,117.88999938964844,43.452247619628906
2016-04-25,176.77740478515625,101.42306518554688,83.09044647216797,118.2300033569336,43.23330307006836
2016-04-26,177.04014587402344,100.9298324584961,83.05280303955078,118.69999694824219,43.38655471801758
2016-04-27,177.40455627441406,100.12017059326172,83.3011474609375,119.04000091552734,43.415748596191406
2016-04-28,175.79443359375,98.91032409667969,83.46673583984375,121.29000091552734,42.82461166381836
2016-04-29,174.8454132080078,98.38914489746094,83.4592056274414,123.6500015258789,42.64215850830078
2016-05-02,176.235107421875,99.31980895996094,83.40267944335938,123.23999786376953,43.04355239868164
2016-05-03,174.70130920410156,98.3984375,83.55345916748047,122.95999908447266,42.33565139770508
2016-05-04,173.72674560546875,97.7656021118164,83.59115600585938,122.20999908447266,41.846683502197266
2016-05-05,173.69284057617188,97.73770904541016,83.8022689819336,122.06999969482422,41.75910949707031
2016-05-06,174.32846069335938,98.25885772705078,83.67408752441406,123.18000030517578,41.87587356567383
2016-05-09,174.47251892089844,98.53804779052734,83.72689056396484,120.6500015258789,41.788299560546875
2016-05-10,176.64186096191406,99.88748931884766,83.76459503173828,120.9800033569336,42.386741638183594
2016-05-11,174.98941040039062,98.98475646972656,83.76459503173828,122.12000274658203,42.0218391418457
2016-05-12,175.04026794433594,98.54737091064453,83.68919372558594,121.16000366210938,42.00723648071289
2016-05-13,173.5149383544922,98.18440246582031,83.84752655029297,121.70999908447266,41.57666015625
2016-05-16,175.22669982910156,99.4128646850586,83.70425415039062,121.80000305175781,42.07292175292969
2016-05-17,173.59121704101562,98.1657943725586,83.59115600585938,122.22000122070312,41.76640319824219
2016-05-18,173.6420440673828,98.51943969726562,83.24431610107422,120.0999984741211,41.78099822998047
2016-05-19,173.04039001464844,98.007568359375,83.29711151123047,119.87000274658203,41.48178482055664
2016-05-20,174.1334991455078,99.08715057373047,83.34984588623047,119.70999908447266,41.824790954589844
2016-05-23,173.89625549316406,98.95684051513672,83.33478546142578,119.37000274658203,41.68612289428711
2016-05-24,176.15036010742188,100.93913269042969,83.28953552246094,117.30000305175781,42.291866302490234
2016-05-25,177.34519958496094,101.6650619506836,83.30462646484375,116.9800033569336,42.73704147338867
2016-05-26,177.3960418701172,101.96287536621094,83.43282318115234,116.58000183105469,42.85380554199219
2016-05-27,178.15872192382812,102.49333190917969,83.417724609375,115.62000274658203,42.81001281738281
2016-05-31,177.81973266601562,102.68878936767578,83.470458984375,116.05999755859375,42.60567092895508
2016-06-01,178.18414306640625,102.69808959960938,83.42366027832031,115.94000244140625,42.56918716430664
2016-06-02,178.72653198242188,102.91213989257812,83.63520812988281,115.66999816894531,42.56918716430664
2016-06-03,178.1925506591797,102.4281997680664,84.08853149414062,118.87999725341797,42.84651184082031
2016-06-06,179.09939575195312,102.80046081542969,83.97520446777344,118.91999816894531,43.087345123291016
2016-06-07,179.37899780273438,102.53987884521484,84.05071258544922,118.81999969482422,43.40115737915039
2016-06-08,179.96365356445312,102.71670532226562,84.08099365234375,120.58000183105469,43.488731384277344
2016-06-09,179.7179718017578,102.54920959472656,84.14139556884766,121.25,42.95598220825195
2016-06-10,178.01461791992188,101.3858871459961,84.25472259521484,121.73999786376953,41.7080192565918
2016-06-13,176.64186096191406,100.53897094726562,84.32276153564453,122.63999938964844,41.10227966308594
2016-06-14,176.29441833496094,100.53897094726562,84.28495788574219,122.7699966430664,40.445465087890625
2016-06-15,176.0486602783203,100.2504653930664,84.46629333496094,123.68000030517578,40.71549987792969
2016-06-16,176.5740509033203,100.54827117919922,84.51914978027344,122.37999725341797,40.80306625366211
2016-06-17,175.91647338867188,99.36968994140625,84.458740234375,123.94999694824219,41.2044677734375
2016-06-20,177.0493927001953,99.99491882324219,84.22453308105469,123.20999908447266,42.22618103027344
2016-06-21,177.5519561767578,100.31218719482422,84.1640396118164,120.83999633789062,42.56918716430664
2016-06-22,177.26235961914062,100.06957244873047,84.21697235107422,120.9000015258789,42.543113708496094
2016-06-23,179.57070922851562,101.49725341796875,84.07342529296875,120.11000061035156,43.71990203857422
2016-06-24,173.12252807617188,97.31681060791016,84.52671813964844,126.0,39.96609878540039
2016-06-27,170.02191162109375,95.3852310180664,84.86674499511719,126.68000030517578,39.198951721191406
2016-06-28,173.0885009765625,97.47547149658203,84.97247314453125,125.31999969482422,40.22677230834961
2016-06-29,176.03575134277344,99.2017593383789,84.91201782226562,125.83999633789062,40.96413040161133
2016-06-30,178.43777465820312,100.34951782226562,85.08578491210938,126.47000122070312,41.57487106323242
2016-07-01,178.81260681152344,100.85340118408203,85.26895141601562,128.41000366210938,41.57487106323242
2016-07-05,177.52639770507812,100.237548828125,85.49609375,129.47000122070312,40.7704963684082
2016-07-06,178.59117126464844,101.05868530273438,85.65497589111328,130.22999572753906,40.69600296020508
2016-07-07,178.48043823242188,101.3572769165039,85.59443664550781,129.74000549316406,40.53215026855469
2016-07-08,181.13809204101562,102.92496490478516,85.72314453125,130.52000427246094,41.15032958984375
2016-07-11,181.77691650390625,103.51284790039062,85.49609375,129.2899932861328,41.75362014770508
2016-07-12,183.09725952148438,104.03540802001953,85.23873138427734,127.1500015258789,42.31966781616211
2016-07-13,183.0717010498047,103.78346252441406,85.35980224609375,128.32000732421875,42.27498245239258
2016-07-14,184.09385681152344,104.49264526367188,85.28412628173828,127.33000183105469,42.63994216918945
2016-07-15,183.84686279296875,104.32466888427734,84.97372436523438,126.83999633789062,42.423946380615234
2016-07-18,184.3408966064453,105.01520538330078,84.98890686035156,127.04000091552734,42.52821731567383
2016-07-19,184.15350341796875,104.63261413574219,85.16301727294922,127.20999908447266,42.193058013916016
2016-07-20,184.92015075683594,105.85502624511719,85.08731842041016,125.38999938964844,42.572906494140625
2016-07-21,184.22158813476562,105.61238861083984,85.16301727294922,127.30000305175781,42.40160369873047
2016-07-22,185.0478973388672,106.05097198486328,85.17814636230469,126.3499984741211,42.48353958129883
2016-07-25,184.5453338623047,106.06029510498047,85.07974243164062,125.47000122070312,42.431392669677734
2016-07-26,184.6305694580078,106.18161010742188,85.07974243164062,126.0,42.61014175415039
2016-07-27,184.43463134765625,106.91879272460938,85.32953643798828,128.02999877929688,42.766544342041016
2016-07-28,184.6475372314453,107.29207611083984,85.32197570800781,127.66000366210938,42.721866607666016
2016-07-29,184.9457244873047,107.52533721923828,85.54902648925781,128.97999572753906,43.228328704833984
2016-08-01,184.79234313964844,108.09452819824219,85.349609375,129.22000122070312,42.945308685302734
2016-08-02,183.6083221435547,107.27337646484375,85.0993881225586,130.27000427246094,42.729312896728516
2016-08-03,184.14498901367188,107.62797546386719,85.19036102294922,129.64999389648438,42.580352783203125
2016-08-04,184.3408966064453,107.9359130859375,85.349609375,129.8699951171875,42.82613754272461
2016-08-05,185.8486328125,108.97167205810547,85.06143951416016,127.55000305175781,43.01979064941406
2016-08-08,185.73788452148438,108.85037994384766,85.11453247070312,127.44000244140625,43.109169006347656
2016-08-09,185.8486328125,109.10234069824219,85.33442687988281,127.95999908447266,43.45176696777344
2016-08-10,185.38865661621094,108.82239532470703,85.43305206298828,128.55999755859375,43.600738525390625
2016-08-11,186.2489776611328,109.28897094726562,85.20552062988281,127.66999816894531,43.91355514526367
2016-08-12,186.08712768554688,109.36360931396484,85.41029357910156,127.4000015258789,43.80183029174805
2016-08-15,186.62374877929688,109.83016204833984,85.25860595703125,127.83999633789062,43.9731330871582
2016-08-16,185.66123962402344,109.2236099243164,85.20552062988281,128.47000122070312,43.90610122680664
2016-08-17,186.01048278808594,109.41958618164062,85.36476135253906,128.5,43.891212463378906
2016-08-18,186.42787170410156,109.44760131835938,85.48609161376953,129.11000061035156,44.114646911621094
2016-08-19,186.15524291992188,109.41958618164062,85.29652404785156,127.97000122070312,43.78693771362305
2016-08-22,186.146728515625,109.50357055664062,85.42542266845703,127.77999877929688,43.831626892089844
2016-08-23,186.5215606689453,109.69954681396484,85.44821166992188,127.76000213623047,44.017822265625
2016-08-24,185.5675048828125,108.99036407470703,85.41787719726562,126.33999633789062,43.91355514526367
2016-08-25,185.43975830078125,108.81304931640625,85.32689666748047,126.2300033569336,43.734798431396484
2016-08-26,185.09046936035156,108.97167205810547,85.19036102294922,126.05000305175781,43.474117279052734
2016-08-29,186.00192260742188,109.12100982666016,85.42542266845703,126.30000305175781,43.60816955566406
2016-08-30,185.6952667236328,108.76641845703125,85.37992858886719,125.02999877929688,43.54859924316406
2016-08-31,185.1671905517578,108.6543960571289,85.36476135253906,124.77999877929688,43.45922088623047
2016-09-01,185.17567443847656,108.93438720703125,85.43919372558594,125.29000091552734,43.75713348388672
2016-09-02,186.01048278808594,109.28897094726562,85.32525634765625,126.56999969482422,44.26360321044922
2016-09-06,186.57264709472656,109.97015380859375,85.50760650634766,128.7100067138672,44.561519622802734
2016-09-07,186.55560302734375,110.03546142578125,85.55321502685547,128.27000427246094,44.5838737487793
2016-09-08,186.12969970703125,109.39161682128906,85.25690460205078,127.58999633789062,44.45725631713867
2016-09-09,181.67469787597656,106.63885498046875,84.88463592529297,126.75,43.593284606933594
2016-09-12,184.28126525878906,108.55179595947266,84.95299530029297,126.58999633789062,43.95078659057617
2016-09-13,181.63217163085938,107.58134460449219,84.71745300292969,125.75,43.06447982788086
2016-09-14,181.56398010253906,108.09452819824219,84.82383728027344,126.18000030517578,43.00489044189453
2016-09-15,183.37826538085938,109.774169921875,84.87701416015625,125.37000274658203,43.377296447753906
2016-09-16,182.66949462890625,109.72181701660156,84.93782043457031,125.05999755859375,42.818695068359375
2016-09-19,182.7037353515625,109.24469757080078,84.86942291259766,125.31999969482422,43.04213333129883
2016-09-20,182.71226501464844,109.45049285888672,84.89981842041016,125.44000244140625,43.30281066894531
2016-09-21,184.76698303222656,110.52633666992188,85.11254119873047,127.2699966430664,44.06251525878906
2016-09-22,185.93124389648438,111.40564727783203,85.28724670410156,127.56999969482422,44.50939178466797
2016-09-23,184.9124755859375,110.69471740722656,85.26448822021484,127.6500015258789,44.13698959350586
2016-09-26,183.414306640625,109.7685775756836,85.37083435058594,127.55000305175781,43.727352142333984
2016-09-27,184.55294799804688,110.85372161865234,85.47724151611328,126.62000274658203,43.935890197753906
2016-09-28,185.46897888183594,111.04078674316406,85.5000228881836,126.22000122070312,44.24871063232422
2016-09-29,183.79100036621094,110.23631286621094,85.5000228881836,126.06999969482422,43.69756317138672
2016-09-30,185.1779327392578,111.05953216552734,85.40887451171875,125.63999938964844,44.04016876220703
2016-10-03,184.73275756835938,110.90050506591797,85.31219482421875,125.31999969482422,43.920997619628906
2016-10-04,183.79100036621094,110.73213958740234,85.02295684814453,120.97000122070312,43.91355514526367
2016-10-05,184.6043243408203,111.12503051757812,84.90878295898438,120.77999877929688,44.09230041503906
2016-10-06,184.73275756835938,111.06884765625,84.90878295898438,119.66000366210938,43.85396957397461
2016-10-07,184.0991668701172,110.82565307617188,84.92403411865234,119.73999786376953,43.63052749633789
2016-10-10,185.05804443359375,111.52725982666016,84.88593292236328,120.16000366210938,43.75713348388672
2016-10-11,182.72085571289062,109.93698120117188,84.75656127929688,119.55000305175781,43.13895034790039
2016-10-12,182.96054077148438,109.84342956542969,84.78699493408203,119.73999786376953,43.04213333129883
2016-10-13,182.36126708984375,109.45049285888672,84.90878295898438,120.02999877929688,42.87827682495117
2016-10-14,182.4554443359375,109.58147430419922,84.7641830444336,119.36000061035156,42.952754974365234
2016-10-17,181.82196044921875,109.28213500976562,84.90878295898438,119.68000030517578,42.82613754272461
2016-10-18,182.96054077148438,110.2550277709961,85.0457992553711,120.41999816894531,43.25067138671875
2016-10-19,183.4485321044922,110.24566650390625,85.09148406982422,121.11000061035156,43.369850158691406
2016-10-20,183.10609436035156,110.11470031738281,85.06104278564453,120.73999786376953,43.4368782043457
2016-10-21,183.19168090820312,110.52633666992188,85.11430358886719,120.83000183105469,43.34005355834961
2016-10-24,183.9707794189453,111.85469818115234,84.98489379882812,120.55999755859375,43.33260726928711
2016-10-25,183.35435485839844,111.49921417236328,84.98489379882812,121.47000122070312,43.30281066894531
2016-10-26,182.9862518310547,110.74147033691406,84.81747436523438,120.79000091552734,43.109169006347656
2016-10-27,182.4982452392578,110.23631286621094,84.6043472290039,121.01000213623047,43.05702590942383
2016-10-28,181.9589080810547,109.54409790039062,84.6043472290039,121.58000183105469,43.04213333129883
2016-10-31,181.96746826171875,109.441162109375,84.71087646484375,121.94000244140625,43.06447982788086
2016-11-01,180.64903259277344,108.61795043945312,84.66517639160156,122.7300033569336,42.87827682495117
2016-11-02,179.56175231933594,107.74795532226562,84.76428985595703,123.63999938964844,42.58780288696289
2016-11-03,178.73988342285156,106.69087982177734,84.64993286132812,124.30000305175781,42.543113708496094
2016-11-04,178.54299926757812,106.31666564941406,84.82527923583984,124.38999938964844,42.133480072021484
2016-11-07,182.4811248779297,108.84246063232422,84.72613525390625,122.1500015258789,42.714412689208984
2016-11-08,183.30299377441406,109.55342102050781,84.5888671875,121.63999938964844,42.833587646484375
2016-11-09,185.24642944335938,110.0585708618164,83.80343627929688,121.55999755859375,42.870819091796875
2016-11-10,185.708740234375,108.28115844726562,83.46031188964844,119.75,42.75166320800781
2016-11-11,185.28065490722656,108.32792663574219,83.3078384399414,117.0999984741211,42.49097442626953
2016-11-14,185.42613220214844,107.23342895507812,82.97233581542969,116.11000061035156,42.26008605957031
2016-11-15,186.873046875,108.72083282470703,83.03330993652344,117.12000274658203,42.4462890625
2016-11-16,186.52197265625,109.36632537841797,83.21629333496094,116.7699966430664,41.99940490722656
2016-11-17,187.4808807373047,110.16146087646484,82.9036636352539,116.16999816894531,42.31966781616211
2016-11-18,187.06138610839844,109.74987030029297,82.63677978515625,115.1500015258789,41.85789489746094
2016-11-21,188.4739532470703,110.89115142822266,82.70540618896484,115.58000183105469,42.21540069580078
2016-11-22,188.84202575683594,111.2279052734375,82.78166961669922,115.54000091552734,42.31966781616211
2016-11-23,188.94479370117188,110.77890014648438,82.49189758300781,113.25,42.170711517333984
2016-11-25,189.64678955078125,111.1343765258789,82.48432159423828,112.61000061035156,42.29732894897461
2016-11-28,188.7564697265625,110.88180541992188,82.77400207519531,113.80000305175781,42.073883056640625
2016-11-29,189.1245880126953,111.26534271240234,82.86557006835938,113.2699966430664,42.34201431274414
2016-11-30,188.67083740234375,109.91826629638672,82.53761291503906,111.75,42.29732894897461
2016-12-01,187.97735595703125,108.01923370361328,82.26568603515625,111.54000091552734,42.133480072021484
2016-12-02,188.07154846191406,108.23439025878906,82.52542114257812,112.13999938964844,42.23775100708008
2016-12-05,189.20162963867188,109.07632446289062,82.59417724609375,111.54000091552734,42.65482711791992
2016-12-06,189.8009033203125,109.3382568359375,82.57889556884766,111.43000030517578,42.945308685302734
2016-12-07,192.28369140625,110.72276306152344,82.79281616210938,111.83000183105469,43.585838317871094
2016-12-08,192.7545623779297,110.9192123413086,82.64009857177734,111.56999969482422,43.54859924316406
2016-12-09,193.9187774658203,111.7891845703125,82.38788604736328,110.4000015258789,43.734798431396484
2016-12-12,193.69627380371094,111.2840576171875,82.31153106689453,110.81999969482422,43.54115295410156
2016-12-13,194.98902893066406,112.68726348876953,82.41847229003906,110.44999694824219,44.0103759765625
2016-12-14,193.37945556640625,112.45338439941406,81.96769714355469,108.83000183105469,43.36239242553711
2016-12-15,194.1756591796875,112.6311264038086,81.86837768554688,107.33999633789062,43.26557540893555
2016-12-16,193.7958984375,112.21360778808594,81.92189025878906,108.05000305175781,43.29536056518555
2016-12-19,194.21786499023438,112.67335510253906,82.13581085205078,108.58999633789062,43.228328704833984
2016-12-20,194.96705627441406,113.10494232177734,82.05943298339844,107.79000091552734,43.377296447753906
2016-12-21,194.42459106445312,113.0205078125,82.235107421875,107.8499984741211,43.389339447021484
2016-12-22,194.0887451171875,112.70149993896484,82.23436737060547,107.58999633789062,43.291507720947266
2016-12-23,194.3728790283203,112.77655792236328,82.25733947753906,107.93000030517578,43.40439224243164
2016-12-27,194.85519409179688,113.3582534790039,82.19602966308594,108.55999755859375,43.351707458496094
2016-12-28,193.2447509765625,112.47631072998047,82.3262710571289,108.86000061035156,43.1861572265625
2016-12-29,193.20176696777344,112.31682586669922,82.57891845703125,110.29000091552734,43.291507720947266
2016-12-30,192.49554443359375,111.16278076171875,82.7474365234375,109.61000061035156,43.442012786865234
2017-01-03,193.96820068359375,112.1573257446289,82.83164978027344,110.47000122070312,43.7129020690918
2017-01-04,195.12208557128906,112.76714324951172,82.85464477539062,110.86000061035156,44.209571838378906
2017-01-05,194.96705627441406,113.40516662597656,83.1991958618164,112.58000183105469,44.585811614990234
2017-01-06,195.66465759277344,114.39971923828125,82.92354583740234,111.75,44.43531036376953
2017-01-09,195.01878356933594,114.77499389648438,83.0613784790039,112.66999816894531,44.36758804321289
2017-01-10,195.01878356933594,115.02831268310547,83.03839111328125,113.1500015258789,44.375118255615234
2017-01-11,195.5699005126953,115.33795928955078,83.13794708251953,113.5,44.60839080810547
2017-01-12,195.07901000976562,115.15967559814453,83.16859436035156,113.91000366210938,44.67610549926758
2017-01-13,195.52682495117188,115.55372619628906,83.02308654785156,114.20999908447266,44.84165954589844
2017-01-17,194.8379364013672,115.20661163330078,83.30642700195312,115.8499984741211,44.67610549926758
2017-01-18,195.26849365234375,115.441162109375,82.94652557373047,114.87000274658203,44.548187255859375
2017-01-19,194.54515075683594,115.3848648071289,82.73207092285156,114.7699966430664,44.43531036376953
2017-01-20,195.25987243652344,115.63819885253906,82.76272583007812,115.05000305175781,44.691162109375
2017-01-23,194.7518310546875,115.73202514648438,82.99246978759766,115.79000091552734,44.804046630859375
2017-01-24,196.00050354003906,116.51075744628906,82.86226654052734,115.2699966430664,44.91691207885742
2017-01-25,197.6969757080078,117.68354034423828,82.64024353027344,114.31999969482422,45.38347244262695
2017-01-26,197.49026489257812,117.8055419921875,82.69376373291016,113.26000213623047,45.2028694152832
2017-01-27,197.18028259277344,118.03070068359375,82.76272583007812,113.48999786376953,45.12762451171875
2017-01-30,195.9574432373047,117.11125183105469,82.72444915771484,113.97000122070312,44.804046630859375
2017-01-31,195.9402313232422,116.87665557861328,82.92354583740234,115.55000305175781,44.87177276611328
2017-02-01,196.01768493652344,117.68354034423828,82.80693054199219,115.19999694824219,45.0523567199707
2017-02-02,196.1468963623047,117.58035278320312,82.85293579101562,115.83999633789062,45.074947357177734
2017-02-03,197.4989013671875,117.9181137084961,82.87596130371094,116.12999725341797,45.25554275512695
2017-02-06,197.14585876464844,118.05883026123047,83.11383056640625,117.69999694824219,44.93196105957031
2017-02-07,197.15444946289062,118.490478515625,83.19822692871094,117.45999908447266,44.88681411743164
2017-02-08,197.41278076171875,118.68746948242188,83.4360580444336,118.19000244140625,44.962059020996094
2017-02-09,198.583984375,119.11905670166016,83.236572265625,117.29000091552734,45.15018844604492
2017-02-10,199.3675994873047,119.51313781738281,83.22126007080078,117.5999984741211,45.25554275512695
2017-02-13,200.45269775390625,120.18867492675781,83.09848022460938,116.80000305175781,45.43613815307617
2017-02-14,201.2535858154297,120.59210968017578,82.91434478759766,116.93000030517578,45.36841583251953
2017-02-15,202.30419921875,121.30518341064453,82.78388977050781,117.44999694824219,45.54148864746094
2017-02-16,202.13197326660156,121.26762390136719,82.96035766601562,118.08000183105469,45.6468391418457
2017-02-17,202.4505615234375,121.79303741455078,83.14453887939453,117.68000030517578,45.526451110839844
2017-02-21,203.65621948242188,122.39354705810547,83.13683319091797,117.75,45.676944732666016
2017-02-22,203.4753875732422,122.44046020507812,83.19055938720703,117.91000366210938,45.676944732666016
2017-02-23,203.6131591796875,121.98067474365234,83.32862854003906,118.94000244140625,45.7747688293457
2017-02-24,203.8715057373047,122.2152099609375,83.6356201171875,119.69999694824219,45.44367599487305
2017-02-27,204.19015502929688,122.36538696289062,83.4821548461914,119.12000274658203,45.47377395629883
2017-02-28,203.6390380859375,121.99008178710938,83.4591064453125,119.2300033569336,45.406036376953125
2017-03-01,206.4894561767578,123.32238006591797,83.06697845458984,119.05999755859375,45.88011932373047
2017-03-02,205.18905639648438,122.703125,82.91317749023438,117.58000183105469,45.57911682128906
2017-03-03,205.31829833984375,122.9283447265625,82.97476196289062,117.51000213623047,45.85002517700195
2017-03-06,204.7068634033203,122.65619659423828,82.93628692626953,116.72000122070312,45.7070426940918
2017-03-07,204.095458984375,122.44985961914062,82.82866668701172,115.77999877929688,45.54902648925781
2017-03-08,203.7164764404297,122.66561126708984,82.62871551513672,115.05999755859375,45.38347244262695
2017-03-09,203.97488403320312,122.75944519042969,82.37503051757812,114.47000122070312,45.556541442871094
2017-03-10,204.6896514892578,123.2754898071289,82.49803924560547,114.72000122070312,45.9403190612793
2017-03-13,204.7929229736328,123.48187255859375,82.35965728759766,114.73999786376953,46.18111801147461
2017-03-14,204.00926208496094,123.18163299560547,82.390380859375,114.12000274658203,45.82744216918945
2017-03-15,205.77467346191406,123.941650390625,82.86703491210938,116.25,46.48213195800781
2017-03-16,205.36993408203125,123.857177734375,82.77481842041016,116.7300033569336,46.70787811279297
2017-03-17,205.0092315673828,123.81393432617188,82.95167541503906,116.98999786376953,46.82827377319336
2017-03-20,204.78440856933594,123.92678833007812,83.07469177246094,117.51000213623047,46.73044967651367
2017-03-21,202.1550750732422,122.04635620117188,83.24385070800781,118.54000091552734,46.51974868774414
2017-03-22,202.63075256347656,122.87374114990234,83.3591537475586,118.83000183105469,46.52726364135742
2017-03-23,202.41456604003906,122.56346130371094,83.38224029541016,118.66999816894531,46.632633209228516
2017-03-24,202.2674560546875,122.81735229492188,83.31303405761719,118.86000061035156,46.76055145263672
2017-03-27,202.05992126464844,123.0147705078125,83.51293182373047,119.52999877929688,46.88094711303711
2017-03-28,203.53028869628906,123.76691436767578,83.32070922851562,119.04000091552734,47.10669708251953
2017-03-29,203.72048950195312,124.34046173095703,83.50525665283203,119.33000183105469,47.10669708251953
2017-03-30,204.3692169189453,124.54727172851562,83.35144805908203,118.47000122070312,46.94115447998047
2017-03-31,203.89353942871094,124.46268463134766,83.41297912597656,118.72000122070312,46.8734245300293
2017-04-03,203.53892517089844,124.387451171875,83.7226791381836,119.3499984741211,46.80569839477539
2017-04-04,203.6686248779297,124.5848617553711,83.64563751220703,119.62000274658203,46.790645599365234
2017-04-05,203.06324768066406,124.07717895507812,83.73811340332031,119.62000274658203,46.54232406616211
2017-04-06,203.634033203125,124.14302825927734,83.73040771484375,119.18000030517578,46.54985427856445
2017-04-07,203.42648315429688,124.07717895507812,83.54551696777344,119.45999908447266,46.51974868774414
2017-04-10,203.5475311279297,124.1241683959961,83.65333557128906,119.45999908447266,46.46706771850586
2017-04-11,203.30535888671875,123.58829498291016,83.8921890258789,121.19000244140625,46.68529510498047
2017-04-12,202.41456604003906,123.08997344970703,84.07711029052734,122.0199966430664,46.647666931152344
2017-04-13,201.09988403320312,122.60107421875,84.18496704101562,122.5999984741211,46.34667205810547
2017-04-17,202.88156127929688,123.61646270751953,84.13872528076172,122.23999786376953,46.632633209228516
2017-04-18,202.27613830566406,123.42845916748047,84.4776840209961,122.81999969482422,46.42192459106445
2017-04-19,201.90426635742188,123.62590789794922,84.34674072265625,121.7300033569336,46.233795166015625
2017-04-20,203.5475311279297,124.66008758544922,84.21573638916016,121.95999908447266,46.60253143310547
2017-04-21,202.89889526367188,124.63192749023438,84.23892974853516,122.30999755859375,46.632633209228516
2017-04-24,205.13035583496094,126.13622283935547,84.11559295654297,121.4800033569336,47.814048767089844
2017-04-25,206.3239288330078,127.04823303222656,83.83824157714844,120.25,48.15269088745117
2017-04-26,206.1941375732422,126.86954498291016,83.94609832763672,120.83999633789062,48.01723098754883
2017-04-27,206.3671875,127.6311264038086,84.02315521240234,120.38999938964844,48.0623779296875
2017-04-28,205.91741943359375,127.8567886352539,84.16950988769531,120.7699966430664,48.009708404541016
2017-05-01,206.4363555908203,128.99440002441406,83.95256805419922,119.66999816894531,48.205352783203125
2017-05-02,206.5142059326172,129.2106170654297,84.0683822631836,119.6500015258789,48.45368194580078
2017-05-03,206.2633819580078,128.7969512939453,83.98345184326172,117.9800033569336,48.3558464050293
2017-05-04,206.50555419921875,128.84397888183594,83.91398620605469,116.79000091552734,48.81488037109375
2017-05-05,207.31854248046875,129.3140411376953,83.92942810058594,117.01000213623047,49.35668182373047
2017-05-08,207.28399658203125,129.59609985351562,83.76725006103516,116.75,48.98795700073242
2017-05-09,207.0936737060547,130.04747009277344,83.77501678466797,116.05000305175781,48.86756134033203
2017-05-10,207.465576171875,130.12266540527344,83.79814910888672,116.04000091552734,48.942813873291016
2017-05-11,207.04185485839844,130.01918029785156,83.79041290283203,116.5,48.82240676879883
2017-05-12,206.69583129882812,130.31069946289062,84.09925842285156,116.83000183105469,49.09330368041992
2017-05-15,207.8375701904297,130.7243194580078,84.0683822631836,117.13999938964844,49.34163284301758
2017-05-16,207.64724731445312,131.26966857910156,84.17650604248047,117.6500015258789,49.657684326171875
2017-05-17,203.9627227783203,127.93196868896484,84.6088638305664,119.79000091552734,49.09330368041992
2017-05-18,204.78440856933594,129.05079650878906,84.56257629394531,118.80999755859375,49.17608642578125
2017-05-19,206.11631774902344,129.59609985351562,84.56257629394531,119.4000015258789,49.74797821044922
2017-05-22,207.16287231445312,130.68675231933594,84.50845336914062,119.9000015258789,49.80817794799805
2017-05-23,207.62130737304688,130.8184051513672,84.34635162353516,119.13999938964844,49.815704345703125
2017-05-24,208.10565185546875,131.42010498046875,84.49308013916016,119.61000061035156,49.845802307128906
2017-05-25,209.10023498535156,132.53895568847656,84.53167724609375,119.4800033569336,49.845802307128906
2017-05-26,209.0570526123047,132.77392578125,84.50077056884766,120.54000091552734,49.702842712402344
2017-05-30,208.87539672851562,132.8867645263672,84.66289520263672,120.13999938964844,49.65016555786133
2017-05-31,208.82347106933594,132.8397674560547,84.74785614013672,120.62000274658203,49.710365295410156
2017-06-01,210.484130859375,133.35694885253906,84.70917510986328,120.72000122070312,50.033935546875
2017-06-02,211.1846923828125,134.88003540039062,84.98770141601562,121.61000061035156,50.583255767822266
2017-06-05,211.029052734375,134.85182189941406,84.8561782836914,121.7300033569336,50.304840087890625
2017-06-06,210.3543701171875,134.3158416748047,85.02637481689453,123.0999984741211,50.161865234375
2017-06-07,210.74363708496094,134.84239196777344,84.92578887939453,122.44999694824219,50.176918029785156
2017-06-08,210.84742736816406,134.9834442138672,84.84068298339844,121.6500015258789,50.086612701416016
2017-06-09,210.52740478515625,131.60812377929688,84.77105712890625,120.54000091552734,49.89849090576172
2017-06-12,210.484130859375,130.90301513671875,84.77105712890625,120.36000061035156,49.710365295410156
2017-06-13,211.5133819580078,131.96543884277344,84.79429626464844,120.4800033569336,50.09413146972656
2017-06-14,211.2452392578125,131.3919219970703,85.0650634765625,119.81999969482422,50.056514739990234
2017-06-15,210.8387451171875,130.8089599609375,85.01094055175781,119.31999969482422,49.537288665771484
2017-06-16,210.8848419189453,130.241455078125,85.0650634765625,119.33999633789062,49.95869445800781
2017-06-19,212.64047241210938,132.41920471191406,84.94902801513672,118.43000030517578,50.161865234375
2017-06-20,211.20635986328125,131.38221740722656,85.08059692382812,118.18000030517578,49.75811004638672
2017-06-21,211.15428161621094,132.68319702148438,85.09600830078125,118.5199966430664,49.696929931640625
2017-06-22,211.0586700439453,132.64544677734375,85.13471984863281,118.91999816894531,49.68928909301758
2017-06-23,211.31072998046875,133.15451049804688,85.15019226074219,119.43000030517578,49.811641693115234
2017-06-26,211.4497528076172,132.53233337402344,85.22760009765625,118.36000061035156,49.895751953125
2017-06-27,209.7462921142578,130.12826538085938,84.97225189208984,118.80999755859375,49.88810348510742
2017-06-28,211.6235809326172,132.00437927246094,85.00318145751953,118.9000015258789,50.32396697998047
2017-06-29,209.7636260986328,129.71351623535156,84.84068298339844,118.31999969482422,49.826934814453125
2017-06-30,210.15475463867188,129.76060485839844,84.73240661621094,118.0199966430664,49.857513427734375
2017-07-03,210.51107788085938,128.3936309814453,84.58119201660156,116.08999633789062,49.796348571777344
2017-07-05,210.99778747558594,129.6569366455078,84.62772369384766,116.5199966430664,49.796348571777344
2017-07-06,209.06834411621094,128.48793029785156,84.46487426757812,116.47000122070312,49.574588775634766
2017-07-07,210.42422485351562,129.8737335205078,84.43388366699219,115.27999877929688,49.582237243652344
2017-07-10,210.65017700195312,130.72225952148438,84.47264099121094,115.47000122070312,49.70458221435547
2017-07-11,210.49368286132812,131.08990478515625,84.55014038085938,115.62000274658203,49.81929016113281
2017-07-12,212.0755157470703,132.64544677734375,84.8060531616211,116.02999877929688,50.216915130615234
2017-07-13,212.431884765625,132.93768310546875,84.7130126953125,115.81999969482422,50.36221694946289
2017-07-14,213.42266845703125,133.98414611816406,84.79832458496094,116.7699966430664,50.713958740234375
2017-07-17,213.39657592773438,134.05018615722656,84.83708190917969,117.29000091552734,50.61455154418945
2017-07-18,213.5095977783203,134.9457550048828,85.0309066772461,118.11000061035156,50.66043472290039
2017-07-19,214.66552734375,135.73770141601562,85.05416107177734,118.08000183105469,50.88219451904297
2017-07-20,214.7611541748047,135.9167938232422,85.07742309570312,118.23999786376953,51.08866500854492
2017-07-21,214.5699005126953,135.8602294921875,85.22472381591797,119.26000213623047,50.88985061645508
2017-07-24,214.51780700683594,136.48245239257812,85.1471939086914,119.30999755859375,50.752193450927734
2017-07-25,215.03919982910156,136.13363647460938,84.84481811523438,118.91999816894531,50.82102584838867
2017-07-26,215.0479278564453,136.5767822265625,85.00763702392578,119.87999725341797,51.13453674316406
2017-07-27,214.8480224609375,135.7188720703125,84.88352966308594,119.79000091552734,51.01984405517578
2017-07-28,214.59603881835938,135.60569763183594,85.05416107177734,120.69000244140625,51.0733642578125
2017-07-31,214.4743194580078,135.03065490722656,85.01538848876953,120.75,51.18042755126953
2017-08-01,214.95237731933594,135.34176635742188,85.24845123291016,120.6500015258789,51.46335983276367
2017-08-02,215.05662536621094,135.70944213867188,85.18632507324219,120.4000015258789,51.486297607421875
2017-08-03,214.63943481445312,135.18142700195312,85.35724639892578,120.58999633789062,51.51689147949219
2017-08-04,215.03050231933594,135.426513671875,85.21739959716797,119.6500015258789,51.585697174072266
2017-08-07,215.43035888671875,136.28445434570312,85.20960998535156,119.51000213623047,51.60863494873047
2017-08-08,214.9001922607422,136.04876708984375,85.1319351196289,119.86000061035156,51.3333625793457
2017-08-09,214.89151000976562,135.86965942382812,85.20960998535156,121.30999755859375,51.249244689941406
2017-08-10,211.8582305908203,132.95657348632812,85.2950668334961,122.20999908447266,50.522789001464844
2017-08-11,212.171142578125,133.96533203125,85.36502075195312,122.79000091552734,50.431026458740234
2017-08-14,214.27439880371094,135.6905059814453,85.32617950439453,121.91999816894531,50.7980842590332
2017-08-15,214.24832153320312,135.78480529785156,85.20184326171875,120.9800033569336,50.75985336303711
2017-08-16,214.6220245361328,136.02049255371094,85.35724639892578,121.87000274658203,51.0504264831543
2017-08-17,211.27593994140625,133.2394256591797,85.4815673828125,122.48999786376953,50.47691345214844
2017-08-18,210.94561767578125,133.14512634277344,85.42716979980469,122.30000305175781,50.61455154418945
2017-08-21,211.11074829101562,132.97540283203125,85.48931884765625,122.76000213623047,50.59925842285156
2017-08-22,213.318359375,135.0023193359375,85.4115982055664,122.20999908447266,50.84395980834961
2017-08-23,212.5535125732422,134.5215301513672,85.60588073730469,122.66999816894531,50.85160446166992
2017-08-24,212.05807495117188,134.1255645751953,85.49707794189453,122.29000091552734,50.73691177368164
2017-08-25,212.5535125732422,133.8427734375,85.55925750732422,122.73999786376953,51.042781829833984
2017-08-28,212.56227111816406,134.25755310058594,85.59033966064453,124.69000244140625,51.042781829833984
2017-08-29,212.80555725097656,134.78555297851562,85.71463775634766,124.41999816894531,50.83631134033203
2017-08-30,213.8137664794922,136.36932373046875,85.69908142089844,124.36000061035156,50.76749801635742
2017-08-31,215.1000518798828,137.8306121826172,85.81563568115234,125.81999969482422,51.15748596191406
2017-09-01,215.40428161621094,137.64207458496094,85.62102508544922,126.05999755859375,51.22631072998047
2017-09-05,213.85723876953125,136.4070587158203,85.97137451171875,127.45999908447266,50.88219451904297
2017-09-06,214.58729553222656,136.8218536376953,85.87796783447266,126.80999755859375,51.19570541381836
2017-09-07,214.5612335205078,137.14242553710938,86.08819580078125,128.1300048828125,51.616294860839844
2017-09-08,214.30917358398438,135.95449829101562,85.9869613647461,127.97000122070312,51.62394332885742
2017-09-11,216.59495544433594,137.51947021484375,85.7533950805664,126.19000244140625,52.02922058105469
2017-09-12,217.32504272460938,137.8494415283203,85.62879943847656,126.55999755859375,52.1898078918457
2017-09-13,217.4293670654297,138.03802490234375,85.54316711425781,125.61000061035156,51.90687561035156
2017-09-14,217.35980224609375,137.22720336914062,85.58985137939453,126.16000366210938,51.998634338378906
2017-09-15,217.6523895263672,137.69862365722656,85.57432556152344,125.52999877929688,52.044525146484375
2017-09-18,218.1153106689453,137.51820373535156,85.53533172607422,124.36000061035156,52.11334991455078
2017-09-19,218.33370971679688,137.7543487548828,85.4886474609375,124.62000274658203,52.35803985595703
2017-09-20,218.41229248046875,137.32925415039062,85.41858673095703,123.62000274658203,52.24333572387695
2017-09-21,217.8270721435547,136.48831176757812,85.40299224853516,122.68000030517578,52.13628387451172
2017-09-22,217.8708038330078,136.3560333251953,85.46532440185547,123.23999786376953,52.296871185302734
2017-09-25,217.42532348632812,134.91989135742188,85.667724609375,124.52999877929688,51.998634338378906
2017-09-26,217.5563507080078,135.26943969726562,85.6365737915039,123.13999938964844,51.883934020996094
2017-09-27,218.403564453125,136.48831176757812,85.38742065429688,121.9800033569336,51.92216491699219
2017-09-28,218.6656036376953,136.44102478027344,85.39524841308594,122.20999908447266,52.059814453125
2017-09-29,219.4342498779297,137.42372131347656,85.32515716552734,121.58000183105469,52.36568832397461
2017-10-02,220.3862762451172,137.54647827148438,85.37744903564453,120.7699966430664,52.31980895996094
2017-10-03,220.85792541503906,137.8394012451172,85.44763946533203,120.83000183105469,52.495689392089844
2017-10-04,221.11996459960938,137.97166442871094,85.42424011230469,121.16999816894531,52.39626693725586
2017-10-05,222.43014526367188,139.32275390625,85.38520812988281,120.5199966430664,52.36568832397461
2017-10-06,222.17681884765625,139.51174926757812,85.26034545898438,121.08999633789062,52.32746124267578
2017-10-09,221.8099822998047,139.35113525390625,85.37744903564453,122.08000183105469,52.34274673461914
2017-10-10,222.3951873779297,139.4550323486328,85.38520812988281,122.4000015258789,52.83979034423828
2017-10-11,222.74452209472656,139.87075805664062,85.40087890625,122.79000091552734,52.96977996826172
2017-10-12,222.4126434326172,139.61561584472656,85.5022201538086,122.88999938964844,52.92390441894531
2017-10-13,222.68341064453125,140.15419006347656,85.71292114257812,123.81999969482422,53.19919967651367
2017-10-16,222.98036193847656,140.63609313964844,85.62709045410156,122.97000122070312,53.16095733642578
2017-10-17,223.13758850097656,140.81556701660156,85.59590148925781,122.12999725341797,53.02330780029297
2017-10-18,223.35601806640625,140.6454620361328,85.4632339477539,121.66999816894531,53.17625427246094
2017-10-19,223.4171142578125,140.12586975097656,85.52566528320312,122.38999938964844,53.09213638305664
2017-10-20,224.5700225830078,140.50381469726562,85.27603912353516,121.61000061035156,53.02330780029297
2017-10-23,223.69654846191406,139.58731079101562,85.36961364746094,121.80000305175781,52.90861511230469
2017-10-24,224.0896759033203,139.82350158691406,85.190185546875,121.33000183105469,52.99273681640625
2017-10-25,222.98036193847656,139.29440307617188,85.13555908203125,121.3499984741211,52.78626251220703
2017-10-26,223.26858520507812,138.85035705566406,85.04193878173828,120.33000183105469,52.77861785888672
2017-10-27,225.09413146972656,142.89418029785156,85.22915649414062,120.9000015258789,52.900978088378906
2017-10-30,224.25563049316406,143.21539306640625,85.4632339477539,121.12999725341797,53.02330780029297
2017-10-31,224.60498046875,143.7539825439453,85.40865325927734,120.66999816894531,53.24507141113281
2017-11-01,224.9019317626953,143.70668029785156,85.4461669921875,121.11000061035156,53.29860305786133
2017-11-02,224.9893035888672,143.43270874023438,85.49302673339844,121.19000244140625,53.459197998046875
2017-11-03,225.740478515625,144.8121795654297,85.57127380371094,120.62000274658203,53.37508773803711
2017-11-06,226.08981323242188,145.3033905029297,85.64945220947266,121.6500015258789,53.451534271240234
2017-11-07,225.9326629638672,145.38851928710938,85.6728744506836,121.20999908447266,53.252723693847656
2017-11-08,226.31692504882812,145.97427368164062,85.61817169189453,121.62999725341797,53.42859649658203
2017-11-09,225.49591064453125,145.208984375,85.55565643310547,122.12999725341797,53.12271499633789
2017-11-10,225.42599487304688,145.199462890625,85.21160125732422,121.12999725341797,52.97744369506836
2017-11-13,225.63563537597656,145.37904357910156,85.21160125732422,121.30999755859375,52.75567626953125
2017-11-14,225.111572265625,144.84994506835938,85.29763793945312,121.55999755859375,52.717445373535156
2017-11-15,223.98483276367188,144.16966247558594,85.4617919921875,121.41000366210938,52.46510314941406
2017-11-16,225.88893127441406,146.01210021972656,85.36798858642578,121.4000015258789,52.88567352294922
2017-11-17,225.22506713867188,145.4546356201172,85.4617919921875,122.86000061035156,52.69450759887695
2017-11-20,225.6094512939453,145.34121704101562,85.41490173339844,121.30999755859375,52.809200286865234
2017-11-21,227.0855255126953,146.91908264160156,85.50089263916016,121.51000213623047,53.20683670043945
2017-11-22,226.88465881347656,147.09861755371094,85.64945220947266,122.62999725341797,53.35213088989258
2017-11-24,227.40872192382812,147.6371307373047,85.6337890625,122.31999969482422,53.78799819946289
2017-11-27,227.29518127441406,147.57101440429688,85.6337890625,122.83000183105469,53.46684646606445
2017-11-28,229.60107421875,147.9489288330078,85.6337890625,122.80999755859375,53.7727165222168
2017-11-29,229.46131896972656,145.3695831298828,85.42269897460938,122.04000091552734,53.55859375
2017-11-30,231.47019958496094,146.58840942382812,85.281982421875,121.0999984741211,53.612125396728516
2017-12-01,230.9897918701172,145.96482849121094,85.52564239501953,121.58999633789062,53.39801788330078
2017-12-04,230.71029663085938,144.2830352783203,85.5178451538086,121.18000030517578,53.20683670043945
2017-12-05,229.8805694580078,144.37750244140625,85.60401153564453,120.31999969482422,53.09213638305664
2017-12-06,229.92422485351562,145.0294647216797,85.69017791748047,120.06999969482422,52.985084533691406
2017-12-07,230.64918518066406,145.52076721191406,85.5804672241211,118.48999786376953,53.12271499633789
2017-12-08,231.90696716308594,146.1632080078125,85.54914093017578,118.4800033569336,53.40565490722656
2017-12-11,232.605712890625,147.29702758789062,85.5178451538086,118.01000213623047,53.543304443359375
2017-12-12,233.0161895751953,147.09861755371094,85.47865295410156,118.1500015258789,53.612125396728516
2017-12-13,232.99009704589844,147.38204956054688,85.72149658203125,119.16999816894531,53.81858825683594
2017-12-14,232.03790283203125,147.278076171875,85.74504852294922,118.93000030517578,53.52035903930664
2017-12-15,233.97027587890625,148.950439453125,85.76850891113281,119.18000030517578,53.50507354736328
2017-12-18,235.45384216308594,150.1992950439453,85.65882110595703,119.7300033569336,54.139766693115234
2017-12-19,234.54966735839844,149.30929565429688,85.40809631347656,119.81999969482422,53.941165924072266
2017-12-20,234.4267120361328,149.1483612060547,85.21224975585938,120.13999938964844,53.84840774536133
2017-12-21,234.90957641601562,149.16722106933594,85.28746795654297,120.30999755859375,54.04161834716797
2017-12-22,234.84814453125,148.996826171875,85.32666778564453,120.94000244140625,54.18071746826172
2017-12-26,234.5672149658203,148.19203186035156,85.3971939086914,121.7699966430664,54.16525650024414
2017-12-27,234.681396484375,148.21096801757812,85.66366577148438,122.2300033569336,54.26572799682617
2017-12-28,235.16415405273438,148.39088439941406,85.6009521484375,122.8499984741211,54.296634674072266
2017-12-29,234.27752685546875,147.47250366210938,85.68721008300781,123.6500015258789,54.335269927978516
2018-01-02,235.9542694091797,150.0572052001953,85.56177520751953,125.1500015258789,54.73713684082031
2018-01-03,237.4468231201172,151.51531982421875,85.56963348388672,124.81999969482422,54.999881744384766
2018-01-04,238.44752502441406,151.78038024902344,85.51477813720703,125.45999908447266,55.6026611328125
2018-01-05,240.0365753173828,153.3047332763672,85.45989227294922,125.33000183105469,55.91177749633789
2018-01-08,240.4755401611328,153.90122985839844,85.43637084960938,125.30999755859375,55.89631652832031
2018-01-09,241.0198516845703,153.9107208251953,85.20125579833984,124.7300033569336,55.95815658569336
2018-01-10,240.6510467529297,153.55088806152344,85.20125579833984,125.02999877929688,55.84995651245117
2018-01-11,242.4069061279297,154.6018524169922,85.24044799804688,125.44000244140625,56.23634719848633
2018-01-12,243.98715209960938,155.73802185058594,85.22478485107422,126.95999908447266,56.80049514770508
2018-01-16,243.15309143066406,155.29298400878906,85.24829864501953,127.16999816894531,56.74639892578125
2018-01-17,245.47076416015625,156.96885681152344,85.15422058105469,126.13999938964844,57.040069580078125
2018-01-18,245.05821228027344,156.99720764160156,84.96614837646484,125.86000061035156,56.97050094604492
2018-01-19,246.17312622070312,157.4895477294922,84.78588104248047,126.41999816894531,57.28736114501953
2018-01-22,248.1747283935547,159.17489624023438,84.7545394897461,126.6500015258789,57.581016540527344
2018-01-23,248.70147705078125,160.4909210205078,84.95832061767578,127.27999877929688,57.766483306884766
2018-01-24,248.6049041748047,159.4494171142578,84.87207794189453,128.8300018310547,57.86695098876953
2018-01-25,248.71026611328125,159.39259338378906,85.09152221679688,127.97000122070312,57.642845153808594
2018-01-26,251.58978271484375,161.8352813720703,84.93478393554688,128.07000732421875,58.152889251708984
2018-01-29,249.9217529296875,161.04954528808594,84.78588104248047,127.3499984741211,57.61965560913086
2018-01-30,247.35826110839844,159.72398376464844,84.65262603759766,126.80000305175781,57.14052200317383
2018-01-31,247.48118591308594,160.38674926757812,84.72317504882812,127.6500015258789,57.063255310058594
2018-02-01,247.20030212402344,159.02340698242188,84.45768737792969,128.07000732421875,57.22553253173828
2018-02-02,241.81866455078125,155.85157775878906,84.20631408691406,126.38999938964844,56.066341400146484
2018-02-05,231.70516967773438,149.70693969726562,84.5440902709961,126.70999908447266,53.717037200927734
2018-02-06,236.27037048339844,153.6739959716797,84.30058288574219,125.37999725341797,54.7757682800293
2018-02-07,234.9885711669922,151.6856689453125,84.11207580566406,124.79000091552734,54.19617462158203
2018-02-08,226.17442321777344,145.2853546142578,83.97064208984375,124.9800033569336,52.781959533691406
2018-02-09,229.5719757080078,147.7943878173828,83.8606948852539,124.7699966430664,53.00606155395508
2018-02-12,232.94309997558594,150.41700744628906,83.8843002319336,125.37000274658203,53.817501068115234
2018-02-13,233.5225372314453,151.19342041015625,83.90786743164062,126.08000183105469,53.655216217041016
2018-02-14,236.6741485595703,154.02426147460938,83.62505340576172,128.22999572753906,54.60576248168945
2018-02-15,239.69418334960938,156.88363647460938,83.7271499633789,128.3800048828125,54.94579315185547
2018-02-16,239.7643585205078,156.18296813964844,83.89212036132812,127.95999908447266,55.19307327270508
2018-02-20,238.2631378173828,156.49542236328125,83.80570983886719,126.23999786376953,54.67531204223633
2018-02-21,237.07798767089844,156.0504608154297,83.53862762451172,125.66000366210938,54.41255569458008
2018-02-22,237.38528442382812,156.03150939941406,83.5465087890625,126.30000305175781,54.698486328125
2018-02-23,241.16900634765625,159.22218322753906,83.75858306884766,126.13999938964844,55.131248474121094
2018-02-26,243.9695281982422,161.33351135253906,83.82141876220703,126.44999694824219,55.649024963378906
2018-02-27,240.92323303222656,159.33580017089844,83.64073181152344,125.12999725341797,54.822139739990234
2018-02-28,238.48272705078125,158.31329345703125,83.8685531616211,125.0,54.30436325073242
2018-03-01,235.01499938964844,155.7285614013672,83.94332885742188,124.72000122070312,53.392459869384766
2018-03-02,236.22647094726562,157.15818786621094,83.80950164794922,125.38999938964844,53.647491455078125
2018-03-05,238.95675659179688,158.90036010742188,83.76228332519531,125.18000030517578,53.93341827392578
2018-03-06,239.56246948242188,159.57252502441406,83.77803802490234,126.52999877929688,54.25026321411133
2018-03-07,239.4746856689453,159.94174194335938,83.76228332519531,125.72000122070312,54.234806060791016
2018-03-08,240.63348388671875,160.82228088378906,83.89607238769531,125.41999816894531,54.35073471069336
2018-03-09,244.82110595703125,163.94667053222656,83.7386703491211,125.54000091552734,54.698486328125
2018-03-12,244.51385498046875,164.81771850585938,83.78589630126953,125.54000091552734,54.76031494140625
2018-03-13,242.93357849121094,162.57386779785156,83.89607238769531,125.77999877929688,54.3970832824707
2018-03-14,241.68699645996094,162.54541015625,84.03781127929688,125.69999694824219,54.528480529785156
2018-03-15,241.42367553710938,162.40341186523438,84.04566955566406,124.9000015258789,54.497562408447266
2018-03-16,241.6854705810547,161.92051696777344,83.99845886230469,124.5999984741211,54.458927154541016
2018-03-19,238.41534423828125,158.46583557128906,83.9118423461914,124.87000274658203,54.01842498779297
2018-03-20,238.82080078125,158.98733520507812,83.77803802490234,124.30999755859375,54.01070022583008
2018-03-21,238.36244201660156,158.2950439453125,83.77015686035156,126.4800033569336,54.09571075439453
2018-03-22,232.40408325195312,154.38796997070312,83.9275894165039,125.9800033569336,53.0910758972168
2018-03-23,227.4504852294922,150.31964111328125,83.9275894165039,127.61000061035156,52.503761291503906
2018-03-26,233.67333984375,155.90528869628906,83.89607238769531,128.27999877929688,53.446563720703125
2018-03-27,229.69808959960938,150.8601837158203,84.14019012451172,127.48999786376953,53.05244445800781
2018-03-28,229.0193634033203,149.12478637695312,84.18743133544922,125.7300033569336,53.3615608215332
2018-03-29,231.94570922851562,151.85592651367188,84.43146514892578,125.79000091552734,53.84840774536133
2018-04-02,226.9392547607422,147.4746551513672,84.34696960449219,127.26000213623047,53.106529235839844
2018-04-03,229.84793090820312,149.13424682617188,84.2523193359375,126.30000305175781,53.446563720703125
2018-04-04,232.30711364746094,151.48609924316406,84.28387451171875,126.44999694824219,53.63203430175781
2018-04-05,234.14048767089844,152.3490753173828,84.16551971435547,125.80000305175781,53.98751449584961
2018-04-06,228.92247009277344,148.5368194580078,84.35491180419922,126.38999938964844,53.63203430175781
2018-04-09,230.0507049560547,149.57994079589844,84.42588806152344,126.81999969482422,54.07252883911133
2018-04-10,233.7085723876953,152.88015747070312,84.36277770996094,127.12000274658203,54.65212631225586
2018-04-11,232.48338317871094,151.99822998046875,84.43380737304688,128.11000061035156,54.4434700012207
2018-04-12,234.39605712890625,153.82847595214844,84.24446105957031,126.62000274658203,54.65212631225586
2018-04-13,233.7085723876953,153.03187561035156,84.26811218261719,127.44999694824219,54.70621109008789
2018-04-16,235.63003540039062,154.19837951660156,84.28387451171875,127.62999725341797,54.79122543334961
2018-04-17,238.15093994140625,157.51748657226562,84.30757904052734,127.75,55.03852462768555
2018-04-18,238.32725524902344,157.83990478515625,84.07087707519531,127.8499984741211,55.324459075927734
2018-04-19,237.0050811767578,156.3889617919922,83.86570739746094,127.5999984741211,55.11579895019531
2018-04-20,234.9954071044922,153.91383361816406,83.63687133789062,126.62999725341797,54.90715408325195
2018-04-23,234.9602508544922,153.52499389648438,83.59745025634766,125.62000274658203,54.83759307861328
2018-04-24,231.7958526611328,150.272216796875,83.48697662353516,126.2300033569336,54.61349105834961
2018-04-25,232.36878967285156,150.45240783691406,83.3764877319336,125.41000366210938,54.52075958251953
2018-04-26,234.7310333251953,153.61984252929688,83.5185317993164,124.97000122070312,54.79122543334961
2018-04-27,234.95140075683594,153.7146453857422,83.62109375,125.5,54.845333099365234
2018-04-30,233.1444854736328,152.62413024902344,83.63687133789062,124.58999633789062,54.667572021484375
2018-05-01,233.5587158203125,154.3689727783203,83.56571197509766,123.70999908447266,54.47437286376953
2018-05-02,231.9898223876953,153.4586181640625,83.56571197509766,123.6500015258789,54.45118713378906
2018-05-03,231.4785919189453,153.43966674804688,83.66061401367188,124.27999877929688,54.62120819091797
2018-05-04,234.47543334960938,156.3509979248047,83.71595764160156,124.54000091552734,54.814414978027344
2018-05-07,235.26870727539062,157.65025329589844,83.6764144897461,124.56999969482422,54.822139739990234
2018-05-08,235.26870727539062,157.48899841308594,83.58154296875,124.58999633789062,54.829856872558594
2018-05-09,237.54273986816406,159.20550537109375,83.48662567138672,124.33000183105469,54.961238861083984
2018-05-10,239.7639617919922,160.85562133789062,83.6764144897461,125.18000030517578,55.31672286987305
2018-05-11,240.49554443359375,160.70387268066406,83.71595764160156,125.0,55.46355056762695
2018-05-14,240.6101531982422,160.97886657714844,83.63685607910156,124.48999786376953,55.56401824951172
2018-05-15,238.95310974121094,159.19601440429688,83.26522827148438,122.4800033569336,55.16215896606445
2018-05-16,239.95779418945312,160.24867248535156,83.17028045654297,122.29000091552734,55.23945236206055
2018-05-17,239.75515747070312,159.63226318359375,83.05961608886719,122.36000061035156,55.324459075927734
2018-05-18,239.1558074951172,158.80723571777344,83.27313232421875,122.41000366210938,55.1235237121582
2018-05-21,240.95384216308594,159.69862365722656,83.281005859375,122.4800033569336,55.471290588378906
2018-05-22,240.2840118408203,159.48995971679688,83.281005859375,122.41000366210938,55.401737213134766
2018-05-23,240.94500732421875,160.8366241455078,83.51033020019531,122.54000091552734,54.79122543334961
2018-05-24,240.45138549804688,160.78919982910156,83.73968505859375,123.58999633789062,54.62120819091797
2018-05-25,239.87844848632812,160.95042419433594,83.92159271240234,123.20999908447266,54.26572799682617
2018-05-29,237.1196746826172,160.23916625976562,84.47515106201172,123.19000244140625,53.16062927246094
2018-05-30,240.2840118408203,161.38661193847656,84.26163482666016,123.37000274658203,53.97205352783203
2018-05-31,238.81199645996094,161.28233337402344,84.19047546386719,123.0999984741211,53.63203430175781
2018-06-01,241.1565704345703,163.8143768310547,84.08660125732422,122.48999786376953,54.09571075439453
2018-06-04,242.30239868164062,165.2938232421875,83.88844299316406,122.37000274658203,54.257999420166016
2018-06-05,242.47874450683594,165.8058319091797,83.9518814086914,122.8499984741211,54.17299270629883
2018-06-06,244.50592041015625,166.7731475830078,83.76164245605469,122.91999816894531,54.659854888916016
2018-06-07,244.4795684814453,165.41705322265625,83.94393920898438,122.86000061035156,54.35073471069336
2018-06-08,245.2022705078125,165.4265899658203,83.82503509521484,123.01000213623047,54.41255569458008
2018-06-11,245.5283966064453,165.87225341796875,83.73784637451172,123.2300033569336,54.76031494140625
2018-06-12,245.84573364257812,166.74472045898438,83.76164245605469,122.81999969482422,54.41255569458008
2018-06-13,245.06129455566406,166.73521423339844,83.6823501586914,123.19000244140625,54.489837646484375
2018-06-14,245.6782684326172,168.4232635498047,83.89636993408203,123.37999725341797,54.37390899658203
2018-06-15,245.3648223876953,167.8352813720703,83.9280776977539,121.33999633789062,54.09571075439453
2018-06-18,244.86016845703125,167.7383575439453,83.94393920898438,121.11000061035156,53.70930862426758
2018-06-19,243.92166137695312,167.26319885253906,84.0311279296875,120.80000305175781,53.21592330932617
2018-06-20,244.33775329589844,168.4511260986328,83.87261199951172,120.26000213623047,53.255332946777344
2018-06-21,242.80601501464844,166.98756408691406,83.89636993408203,120.05000305175781,52.87702178955078
2018-06-22,243.2488250732422,166.616943359375,83.97562408447266,120.33999633789062,53.436607360839844
2018-06-25,239.93743896484375,162.8629913330078,83.9280776977539,119.88999938964844,52.69574737548828
2018-06-26,240.4687042236328,163.5282745361328,84.0628433227539,119.26000213623047,52.79033279418945
2018-06-27,238.47654724121094,161.3043975830078,84.21340942382812,118.58000183105469,52.29379653930664
2018-06-28,239.84011840820312,162.69195556640625,84.20551300048828,118.22000122070312,52.49082946777344
2018-06-29,240.1853790283203,163.1290740966797,84.27686309814453,118.6500015258789,52.782447814941406
2018-07-02,240.6988525390625,164.22203063964844,84.19661712646484,117.45999908447266,52.30167770385742
2018-07-03,239.84889221191406,162.3212890625,84.3713607788086,118.6500015258789,52.459312438964844
2018-07-05,241.80560302734375,164.3360137939453,84.4508056640625,119.05000305175781,52.9794807434082
2018-07-06,243.85079956054688,166.8925323486328,84.53821563720703,118.86000061035156,53.26322555541992
2018-07-09,246.0465087890625,168.3940887451172,84.45878601074219,119.1500015258789,53.77552032470703
2018-07-10,246.9319305419922,168.51763916015625,84.39521026611328,118.93000030517578,53.75187683105469
2018-07-11,245.1257781982422,167.66232299804688,84.42701721191406,117.63999938964844,52.85337448120117
2018-07-12,247.3480682373047,170.55137634277344,84.53025817871094,118.12999725341797,53.26322555541992
2018-07-13,247.54286193847656,170.69395446777344,84.60967254638672,117.61000061035156,53.42872619628906
2018-07-16,247.3214111328125,170.28530883789062,84.51438903808594,117.55000305175781,53.40509033203125
2018-07-17,248.3218994140625,171.3212127685547,84.48258972167969,116.27999877929688,53.49966812133789
2018-07-18,248.84437561035156,170.99810791015625,84.45878601074219,116.30999755859375,53.507545471191406
2018-07-19,247.90589904785156,170.1427459716797,84.58586120605469,115.80999755859375,53.39719772338867
2018-07-20,247.62255859375,170.10472106933594,84.4190444946289,116.55999755859375,53.649417877197266
2018-07-23,248.08294677734375,170.64645385742188,84.12512969970703,116.0,53.649417877197266
2018-07-24,249.33128356933594,171.3497314453125,84.24430084228516,116.04000091552734,53.96466827392578
2018-07-25,251.45620727539062,173.74461364746094,84.25223541259766,116.68000030517578,54.366634368896484
2018-07-26,250.86306762695312,171.11216735839844,84.20458221435547,115.7699966430664,54.12229919433594
2018-07-27,249.16317749023438,168.8027801513672,84.26809692382812,115.83000183105469,54.224761962890625
2018-07-30,247.8616485595703,166.41737365722656,84.18071746826172,115.6500015258789,54.216888427734375
2018-07-31,249.08338928222656,167.69085693359375,84.25223541259766,115.98999786376953,54.28781509399414
2018-08-01,248.667236328125,168.32754516601562,84.16543579101562,115.13999938964844,54.011959075927734
2018-08-02,250.02195739746094,170.61795043945312,84.1972427368164,114.5199966430664,53.657291412353516
2018-08-03,251.09323120117188,171.14064025878906,84.38042449951172,114.91999816894531,53.688812255859375
2018-08-06,252.01409912109375,172.14801025390625,84.43616485595703,114.33000183105469,53.460262298583984
2018-08-07,252.84628295898438,172.77520751953125,84.28487396240234,114.58999633789062,53.87797164916992
2018-08-08,252.74002075195312,172.98435974121094,84.28487396240234,114.91000366210938,53.8306884765625
2018-08-09,252.3947296142578,172.87977600097656,84.40433502197266,114.73999786376953,53.67306900024414
2018-08-10,250.70364379882812,171.558837890625,84.58747863769531,114.69000244140625,52.601173400878906
2018-08-13,249.76519775390625,171.36871337890625,84.63521575927734,112.95999908447266,52.412010192871094
2018-08-14,251.3588409423828,172.44261169433594,84.55561828613281,113.06999969482422,52.40413284301758
2018-08-15,249.48182678222656,170.3328094482422,84.6750259399414,111.19000244140625,51.64750671386719
2018-08-16,251.50047302246094,170.8935546875,84.72283172607422,111.0999984741211,52.01005935668945
2018-08-17,252.38587951660156,170.93153381347656,84.77061462402344,112.12999725341797,52.31743240356445
2018-08-20,252.9259490966797,170.77947998046875,84.93778228759766,112.69000244140625,52.601173400878906
2018-08-21,253.51910400390625,171.40672302246094,84.86613464355469,113.0199966430664,52.924320220947266
2018-08-22,253.36856079101562,172.0719451904297,84.93778228759766,113.2699966430664,53.12923049926758
2018-08-23,253.03219604492188,171.82493591308594,84.89005279541016,112.19999694824219,52.75093078613281
2018-08-24,254.55508422851562,173.42147827148438,84.98561096191406,114.16000366210938,53.05830001831055
2018-08-27,256.5648193359375,175.1891632080078,84.8740463256836,114.58999633789062,53.76763153076172
2018-08-28,256.688720703125,175.44573974609375,84.71485900878906,113.68000030517578,53.72035598754883
2018-08-29,258.0699768066406,177.46998596191406,84.69895935058594,114.19999694824219,54.011959075927734
2018-08-30,257.0252685546875,177.1564178466797,84.73876953125,113.63999938964844,53.49966812133789
2018-08-31,257.0340881347656,177.38453674316406,84.73082733154297,113.51000213623047,53.07405471801758
2018-09-04,256.5914611816406,176.6241912841797,84.6366195678711,112.93000030517578,52.624820709228516
2018-09-05,255.90086364746094,174.34336853027344,84.5967025756836,113.31999969482422,52.14404296875
2018-09-06,255.130615234375,172.7847137451172,84.74036407470703,113.54000091552734,51.98641586303711
2018-09-07,254.63479614257812,172.1195526123047,84.4371337890625,113.2300033569336,51.568687438964844
2018-09-10,255.077392578125,172.69921875,84.51695251464844,113.1500015258789,51.88395690917969
2018-09-11,255.91842651367188,174.02972412109375,84.3732681274414,113.22000122070312,51.93124008178711
2018-09-12,255.9805450439453,173.51651000976562,84.42911529541016,114.16999816894531,52.15192413330078
2018-09-13,257.4944763183594,175.36976623535156,84.48501586914062,113.76000213623047,52.538116455078125
2018-09-14,257.5388488769531,174.85658264160156,84.32540130615234,113.0199966430664,52.616939544677734
2018-09-17,256.1752624511719,172.3380889892578,84.32540130615234,113.61000061035156,52.664222717285156
2018-09-18,257.5654602050781,173.7636260986328,84.14183807373047,113.44000244140625,53.21592330932617
2018-09-19,257.8397216796875,173.630615234375,83.9822769165039,113.87999725341797,53.40509033203125
2018-09-20,259.9292907714844,175.55029296875,84.09393310546875,114.2699966430664,54.0671272277832
2018-09-21,259.69183349609375,174.59043884277344,84.15779876708984,113.48999786376953,54.09077453613281
2018-09-24,258.82904052734375,175.07601928710938,84.07799530029297,113.47000122070312,53.84645462036133
2018-09-25,258.5888977050781,175.31396484375,84.0381088256836,113.6500015258789,54.11442947387695
2018-09-26,257.8151550292969,175.4377899169922,84.23764038085938,113.05000305175781,54.1380729675293
2018-09-27,258.5356750488281,176.92300415039062,84.29346466064453,112.05000305175781,54.02772521972656
2018-09-28,258.5622863769531,176.8849334716797,84.2057113647461,112.76000213623047,53.586360931396484
2018-10-01,259.460693359375,177.24671936035156,84.18331146240234,112.56999969482422,53.649417877197266
2018-10-02,259.30938720703125,176.84681701660156,84.2792739868164,113.87000274658203,53.37356185913086
2018-10-03,259.4516906738281,177.03726196289062,83.87932586669922,113.41999816894531,53.27897644042969
2018-10-04,257.42388916015625,173.63836669921875,83.63932037353516,113.4800033569336,52.656349182128906
2018-10-05,255.98306274414062,171.5152587890625,83.45538330078125,113.80000305175781,52.341087341308594
2018-10-08,255.98306274414062,170.46795654296875,83.42340087890625,112.54000091552734,52.0888786315918
2018-10-09,255.60960388183594,171.02015686035156,83.54337310791016,112.5999984741211,51.95488357543945
2018-10-10,247.51612854003906,163.49884033203125,83.5193862915039,112.87999725341797,50.851470947265625
2018-10-11,242.064208984375,161.47093200683594,83.76734924316406,115.77999877929688,50.14214324951172
2018-10-12,245.42605590820312,165.96469116210938,83.79132843017578,115.2300033569336,50.32341384887695
2018-10-15,244.04751586914062,163.95584106445312,83.7353515625,116.0,50.205196380615234
2018-10-16,249.3838348388672,168.7257080078125,83.78335571289062,115.80000305175781,51.06428146362305
2018-10-17,249.42835998535156,168.79234313964844,83.6153564453125,115.79000091552734,50.77265930175781
2018-10-18,245.82627868652344,164.87930297851562,83.55937957763672,115.91999816894531,49.95297622680664
2018-10-19,245.69287109375,164.7270050048828,83.48736572265625,116.01000213623047,50.23672103881836
2018-10-22,244.590087890625,165.57435607910156,83.47138214111328,115.70999908447266,50.01604080200195
2018-10-23,243.34490966796875,164.96498107910156,83.57536315917969,116.38999938964844,49.54315185546875
2018-10-24,235.9718780517578,157.41510009765625,83.79132843017578,116.66000366210938,48.140235900878906
2018-10-25,240.20538330078125,162.86094665527344,83.71932983398438,116.4000015258789,48.74711608886719
2018-10-26,235.9807891845703,158.67185974121094,83.91133117675781,116.7699966430664,48.41608810424805
2018-10-29,234.6733856201172,155.40623474121094,83.82335662841797,116.30999755859375,48.282108306884766
2018-10-30,238.15086364746094,157.96730041503906,83.70332336425781,115.80000305175781,48.86533737182617
2018-10-31,240.69459533691406,161.68040466308594,83.663330078125,115.1500015258789,49.227882385253906
2018-11-01,243.25596618652344,163.81300354003906,83.8747787475586,116.62999725341797,49.858402252197266
2018-11-02,241.81515502929688,161.26148986816406,83.62559509277344,116.6500015258789,49.92934036254883
2018-11-05,243.14930725097656,160.8616180419922,83.68182373046875,116.37000274658203,49.92934036254883
2018-11-06,244.68788146972656,162.08023071289062,83.68987274169922,116.04000091552734,50.1342658996582
2018-11-07,249.9263458251953,167.16432189941406,83.76222229003906,116.02999877929688,50.80419158935547
2018-11-08,249.4728546142578,166.09799194335938,83.60948181152344,115.77999877929688,50.30765914916992
2018-11-09,247.03590393066406,163.2989044189453,83.7139892578125,114.4800033569336,49.976627349853516
2018-11-12,242.41995239257812,158.35763549804688,83.85063934326172,113.66000366210938,49.15695571899414
2018-11-13,241.96640014648438,158.49099731445312,83.8827896118164,113.69999694824219,49.3697509765625
2018-11-14,240.31214904785156,157.28176879882812,83.89083099365234,114.63999938964844,49.409156799316406
2018-11-15,242.8201446533203,160.03330993652344,83.995361328125,114.7699966430664,49.566802978515625
2018-11-16,243.45166015625,159.47157287597656,84.13201904296875,115.62000274658203,49.62195587158203
2018-11-19,239.33377075195312,154.2923126220703,84.12395477294922,115.66999816894531,49.18848419189453
2018-11-20,234.90463256835938,151.5313262939453,84.09178924560547,115.66999816894531,48.337276458740234
2018-11-21,235.70506286621094,152.68333435058594,84.14808654785156,115.86000061035156,49.01509094238281
2018-11-23,234.13087463378906,151.5789337158203,84.12395477294922,115.7699966430664,48.69194793701172
2018-11-26,237.9107666015625,155.08255004882812,84.10787200927734,115.63999938964844,49.4249267578125
2018-11-27,238.71121215820312,155.6061553955078,84.13201904296875,114.94999694824219,49.23577117919922
2018-11-28,244.20762634277344,160.6140899658203,84.29276275634766,115.37999725341797,49.937225341796875
2018-11-29,243.67404174804688,160.0904541015625,84.33295440673828,115.73999786376953,49.68501663208008
2018-11-30,245.15924072265625,161.251953125,84.30885314941406,115.54000091552734,49.47221755981445
2018-12-03,248.40553283691406,164.07003784179688,84.44667053222656,116.41000366210938,50.126380920410156
2018-12-04,240.3566131591797,157.77688598632812,84.67225646972656,117.12000274658203,48.8259391784668
2018-12-06,239.99192810058594,158.8907928466797,84.88175201416016,117.13999938964844,48.368797302246094
2018-12-07,234.41552734375,153.64491271972656,84.99456787109375,118.08999633789062,47.880149841308594
2018-12-10,234.86016845703125,155.25387573242188,85.05099487304688,117.68000030517578,47.50971984863281
2018-12-11,234.91351318359375,155.76803588867188,85.07514953613281,117.54000091552734,47.65946578979492
2018-12-12,236.09637451171875,157.13902282714844,85.01070404052734,117.79000091552734,48.36091232299805
2018-12-13,236.016357421875,157.18661499023438,85.03487396240234,117.52999877929688,48.27422332763672
2018-12-14,231.65841674804688,153.35926818847656,85.05902862548828,117.05999755859375,47.65157699584961
2018-12-17,227.11361694335938,149.88421630859375,85.20406341552734,117.87000274658203,47.27326965332031
2018-12-18,226.86459350585938,150.82681274414062,85.45437622070312,118.1500015258789,47.3115119934082
2018-12-19,223.4670867919922,147.1232452392578,85.53507232666016,117.43000030517578,46.85743713378906
2018-12-20,219.8295440673828,144.99063110351562,85.45437622070312,119.23999786376953,46.6662483215332
2018-12-21,215.32530212402344,140.49681091308594,85.41398620605469,118.72000122070312,45.85369110107422
2018-12-24,209.63584899902344,137.01280212402344,85.47050476074219,120.0199966430664,45.31995391845703
2018-12-26,220.22760009765625,145.56773376464844,85.30906677246094,119.66000366210938,46.371498107910156
2018-12-27,221.91836547851562,146.13107299804688,85.44629669189453,120.56999969482422,46.50691223144531
2018-12-28,221.63214111328125,146.05467224121094,85.76117706298828,121.05999755859375,46.75387191772461
2018-12-31,223.5733184814453,147.286376953125,85.97917938232422,121.25,46.82556915283203
2019-01-02,223.8059539794922,147.87835693359375,86.04377746582031,121.33000183105469,46.729976654052734
2019-01-03,218.46533203125,143.0470733642578,86.3990249633789,122.43000030517578,46.30776596069336
2019-01-04,225.782958984375,149.16734313964844,86.14067840576172,121.44000244140625,47.72575378417969
2019-01-07,227.56320190429688,150.9431915283203,85.99532318115234,121.86000061035156,47.90897750854492
2019-01-08,229.70123291015625,152.30859375,85.93074035644531,121.52999877929688,48.219669342041016
2019-01-09,230.7747039794922,153.54978942871094,86.00337982177734,122.30999755859375,48.76137161254883
2019-01-10,231.58885192871094,153.989013671875,85.90650939941406,121.58999633789062,48.95255661010742
2019-01-11,231.67828369140625,153.4257049560547,86.02762603759766,121.80000305175781,48.61797332763672
2019-01-14,230.2648162841797,152.06985473632812,85.90650939941406,122.08999633789062,48.39491653442383
2019-01-15,232.90386962890625,155.03927612304688,85.92266845703125,121.87999725341797,48.64984130859375
2019-01-16,233.46743774414062,155.01065063476562,85.99532318115234,122.2699966430664,48.78527069091797
2019-01-17,235.2386474609375,156.2328338623047,85.93074035644531,122.11000061035156,48.96052551269531
2019-01-18,238.36972045898438,157.77951049804688,85.86614990234375,121.0199966430664,49.45442581176758
2019-01-22,235.14923095703125,154.61920166015625,85.93881225585938,121.44999694824219,48.689666748046875
2019-01-23,235.64125061035156,154.81967163085938,86.02762603759766,121.27999877929688,48.91273498535156
2019-01-24,235.7665252685547,155.82223510742188,86.17294311523438,121.08999633789062,48.96849060058594
2019-01-25,237.76141357421875,157.68406677246094,86.132568359375,122.86000061035156,49.526123046875
2019-01-28,235.95431518554688,155.73629760742188,86.08418273925781,123.29000091552734,49.25526809692383
2019-01-29,235.64125061035156,154.26593017578125,86.31021881103516,123.9800033569336,49.3668098449707
2019-01-30,239.37161254882812,158.19009399414062,86.50397491455078,124.69000244140625,49.908504486083984
2019-01-31,241.47393798828125,160.55796813964844,86.7623291015625,124.75,49.93240737915039
2019-02-01,241.5901336669922,159.88009643554688,86.58263397216797,124.5,49.916481018066406
2019-02-04,243.28985595703125,161.86605834960938,86.50979614257812,123.95999908447266,50.099700927734375
2019-02-05,244.3097381591797,163.29818725585938,86.6960220336914,124.27999877929688,50.49003601074219
2019-02-06,243.98768615722656,162.81130981445312,86.64742279052734,123.44000244140625,50.235130310058594
2019-02-07,241.66175842285156,160.62486267089844,86.68787384033203,123.73999786376953,49.56596374511719
2019-02-08,241.95703125,160.9398956298828,86.88211822509766,124.20999908447266,49.40663528442383
2019-02-11,242.09120178222656,160.78713989257812,86.79312896728516,123.5999984741211,49.35883712768555
2019-02-12,245.2042694091797,163.16461181640625,86.8093032836914,123.86000061035156,49.93240737915039
2019-02-13,246.00048828125,163.27915954589844,86.65547180175781,123.37000274658203,49.940364837646484
2019-02-14,245.45486450195312,163.47967529296875,86.78504943847656,124.05999755859375,49.95630645751953
2019-02-15,248.12957763671875,164.16708374023438,86.84976959228516,124.80000305175781,50.681236267089844
2019-02-19,248.5589599609375,164.49172973632812,86.89832305908203,126.69999694824219,50.87241744995117
2019-02-20,249.0598907470703,164.4630889892578,86.90640258789062,126.4800033569336,51.01581573486328
2019-02-21,248.1742706298828,163.86155700683594,86.71217346191406,125.05000305175781,50.91225051879883
2019-02-22,249.71299743652344,165.07415771484375,86.93070220947266,125.5,51.07954406738281
2019-02-25,250.05288696289062,165.6757049560547,86.90640258789062,125.37000274658203,51.230899810791016
2019-02-26,249.8740997314453,165.84756469726562,87.00355529785156,125.58000183105469,51.47785186767578
2019-02-27,249.76669311523438,165.7425079345703,86.8173828125,124.69000244140625,51.2707405090332
2019-02-28,249.30152893066406,165.36061096191406,86.66361236572266,123.98999786376953,51.199031829833984
2019-03-01,250.85804748535156,166.50634765625,86.5232162475586,121.87999725341797,51.47785186767578
2019-03-04,249.94558715820312,166.53500366210938,86.62872314453125,121.55999755859375,51.28666687011719
2019-03-05,249.6056365966797,166.65914916992188,86.68550872802734,121.72000122070312,51.33446502685547
2019-03-06,248.09381103515625,165.71389770507812,86.81533813476562,121.61000061035156,51.20700454711914
2019-03-07,246.01834106445312,163.68019104003906,87.05879974365234,121.51000213623047,50.55377197265625
2019-03-08,245.52635192871094,163.43190002441406,87.17237091064453,122.83999633789062,50.56174087524414
2019-03-11,249.0867919921875,166.83094787597656,87.18047332763672,122.23999786376953,50.9998779296875
2019-03-12,250.02609252929688,167.74758911132812,87.34275817871094,122.9800033569336,50.968021392822266
2019-03-13,251.68109130859375,169.0078887939453,87.30216979980469,123.83999633789062,51.406158447265625
2019-03-14,251.5200653076172,168.7215118408203,87.17237091064453,122.41000366210938,51.398189544677734
2019-03-15,252.76271057128906,170.287353515625,87.39144897460938,122.97000122070312,51.95582962036133
2019-03-18,253.67922973632812,170.6929168701172,87.3752212524414,123.04000091552734,52.13905715942383
2019-03-19,253.74203491210938,171.26683044433594,87.32655334472656,123.37999725341797,52.24262237548828
2019-03-20,252.97828674316406,171.94595336914062,87.68354034423828,124.18000030517578,52.26651382446289
2019-03-21,255.8356170654297,174.63377380371094,87.69982147216797,123.68000030517578,52.23465347290039
2019-03-22,250.91177368164062,170.79811096191406,88.13797760009766,123.97000122070312,51.230899810791016
2019-03-25,250.72300720214844,170.47286987304688,88.3002700805664,124.91999816894531,51.3026008605957
2019-03-26,252.59193420410156,171.26683044433594,88.31647491455078,124.30000305175781,51.557518005371094
2019-03-27,251.2711944580078,170.16680908203125,88.50316619873047,123.6500015258789,51.581417083740234
2019-03-28,252.22352600097656,170.55897521972656,88.51126098632812,121.9000015258789,51.45396041870117
2019-03-29,253.81394958496094,171.8502960205078,88.50316619873047,122.01000213623047,51.66904830932617
2019-04-01,256.82403564453125,174.12680053710938,88.09806060791016,121.52999877929688,52.33024597167969
2019-04-02,256.9498596191406,174.78684997558594,88.1956558227539,121.9800033569336,52.34617614746094
2019-04-03,257.3540954589844,175.7912139892578,88.03300476074219,121.80000305175781,52.752445220947266
2019-04-04,258.0370788574219,175.7242431640625,88.09806060791016,122.11000061035156,52.640926361083984
2019-04-05,259.2860107421875,176.63296508789062,88.16310119628906,121.9800033569336,52.77635192871094
2019-04-08,259.483642578125,177.08253479003906,88.12242889404297,122.51000213623047,52.80821990966797
2019-04-09,258.1538391113281,176.4607696533203,88.17127990722656,123.1500015258789,52.47364044189453
2019-04-10,259.034423828125,177.40777587890625,88.34208679199219,123.52999877929688,52.672794342041016
2019-04-11,258.96246337890625,176.9868621826172,88.23632049560547,121.94999694824219,52.5612678527832
2019-04-12,260.714599609375,177.75209045410156,88.06549072265625,121.83000183105469,52.927711486816406
2019-04-15,260.5439147949219,177.78077697753906,88.04927825927734,121.5999984741211,52.95161819458008
2019-04-16,260.714599609375,178.3929901123047,87.8946762084961,120.51000213623047,52.99143981933594
2019-04-17,260.0766296386719,179.01467895507812,87.8865966796875,120.27999877929688,53.14280319213867
2019-04-18,260.588623046875,179.24432373046875,88.0004653930664,120.37000274658203,53.110931396484375
2019-04-22,260.8133850097656,179.75120544433594,87.8946762084961,120.37000274658203,53.0233154296875
2019-04-23,263.1585388183594,182.037353515625,88.04927825927734,120.12000274658203,53.12687683105469
2019-04-24,262.5744934082031,181.46347045898438,88.2525863647461,120.47000122070312,52.76042175292969
2019-04-25,262.4127502441406,182.199951171875,88.24444580078125,120.56999969482422,52.7205924987793
2019-04-26,263.634765625,182.36257934570312,88.42344665527344,121.37000274658203,52.935672760009766
2019-04-29,264.0481262207031,182.71649169921875,88.26885223388672,120.83000183105469,53.15077209472656
2019-04-30,264.18280029296875,181.30079650878906,88.32579040527344,121.19999694824219,53.18263626098633
2019-05-01,262.1971130371094,180.71730041503906,88.38289642333984,120.4000015258789,52.879913330078125
2019-05-02,261.6311340332031,179.9329376220703,88.18720245361328,119.94000244140625,52.80025100708008
2019-05-03,264.19183349609375,182.8025665283203,88.33393859863281,120.6500015258789,53.3658561706543
2019-05-06,263.10467529296875,181.68344116210938,88.44808959960938,120.80999755859375,52.76042175292969
2019-05-07,258.7109375,178.14427185058594,88.55411529541016,121.20999908447266,51.836334228515625
2019-05-08,258.3514709472656,177.6946563720703,88.53777313232422,120.91000366210938,51.90006637573242
2019-05-09,257.5697937011719,176.7381591796875,88.5866928100586,121.19999694824219,51.66107940673828
2019-05-10,258.86370849609375,176.9581756591797,88.6030044555664,121.43000030517578,52.043453216552734
2019-05-13,252.3583221435547,170.8172607421875,88.74977111816406,122.66999816894531,50.83259582519531
2019-05-14,254.64047241210938,172.69207763671875,88.82313537597656,122.45999908447266,51.34242630004883
2019-05-15,256.132080078125,175.13119506835938,88.97809600830078,122.38999938964844,51.52565383911133
2019-05-16,258.5042724609375,176.8912353515625,88.8720932006836,121.51000213623047,51.939903259277344
2019-05-17,256.8330078125,175.0833740234375,88.89652252197266,120.6500015258789,51.59734344482422
2019-05-20,255.13479614257812,172.12770080566406,88.77424621582031,120.63999938964844,51.39023208618164
2019-05-21,257.43505859375,173.92593383789062,88.7660903930664,120.36000061035156,51.73278045654297
2019-05-22,256.6443786621094,173.15118408203125,88.9128646850586,120.23999786376953,51.52565383911133
2019-05-23,253.5084686279297,170.5016326904297,89.17375946044922,121.16999816894531,51.05564498901367
2019-05-24,254.08349609375,170.41552734375,89.2063217163086,121.30000305175781,51.605316162109375
2019-05-28,251.72044372558594,169.77462768554688,89.33683776855469,120.83000183105469,51.10344314575195
2019-05-29,250.0312042236328,168.37811279296875,89.36128997802734,120.87000274658203,50.77682876586914
2019-05-30,250.71409606933594,169.08592224121094,89.59774780273438,121.69000244140625,50.968021392822266
2019-05-31,247.3356475830078,166.38851928710938,90.01355743408203,123.33000183105469,50.50597381591797
2019-06-03,246.7067108154297,162.72494506835938,90.22604370117188,125.11000061035156,50.800716400146484
2019-06-04,252.06182861328125,167.30679321289062,90.14433288574219,125.1500015258789,51.382259368896484
2019-06-05,254.24520874023438,168.55029296875,90.09528350830078,125.47000122070312,51.366329193115234
2019-06-06,255.8984832763672,169.8894500732422,90.07891845703125,125.87999725341797,51.573455810546875
2019-06-07,258.4593505859375,173.1703643798828,90.3322982788086,126.58999633789062,52.226680755615234
2019-06-10,259.6454162597656,175.18858337402344,90.09528350830078,125.33000183105469,52.37007141113281
2019-06-11,259.5823974609375,175.42767333984375,90.07891845703125,125.18000030517578,52.63294982910156
2019-06-12,259.1241455078125,174.413818359375,90.19335174560547,125.83000183105469,52.24262237548828
2019-06-13,260.193359375,175.44686889648438,90.38951873779297,126.5999984741211,52.290401458740234
2019-06-14,259.9059753417969,174.7008056640625,90.3649673461914,126.55999755859375,51.90803146362305
2019-06-17,260.0047912597656,175.75296020507812,90.34046936035156,126.4800033569336,51.945472717285156
2019-06-18,262.7272644042969,178.30685424804688,90.58563995361328,127.12000274658203,52.637210845947266
2019-06-19,263.3202819824219,178.97645568847656,90.89620971679688,127.88999938964844,52.962730407714844
2019-06-20,265.836181640625,180.64076232910156,91.051513671875,131.11000061035156,53.426605224609375
2019-06-21,265.44970703125,180.3729705810547,90.81449127197266,131.97999572753906,53.19873809814453
2019-06-24,265.1246643066406,180.3787384033203,90.97793579101562,133.94000244140625,53.31267166137695
2019-06-25,262.5244445800781,177.28233337402344,90.99427032470703,134.1999969482422,52.99529266357422
2019-06-26,262.2625427246094,178.10675048828125,90.7899398803711,132.97000122070312,53.06039047241211
2019-06-27,263.19244384765625,178.78741455078125,91.0433349609375,132.83999633789062,53.19059753417969
2019-06-28,264.5467834472656,179.01744079589844,91.00245666503906,133.1999969482422,53.4917106628418
2019-07-01,266.94854736328125,181.43321228027344,91.06961822509766,130.6199951171875,53.74399948120117
2019-07-02,267.6437683105469,182.15228271484375,91.23345947265625,133.41000366210938,53.89861297607422
2019-07-03,269.7837219238281,183.5231170654297,91.38087463378906,133.6300048828125,54.26483154296875
2019-07-05,269.4766540527344,183.14923095703125,90.99588775634766,132.13999938964844,53.84977722167969
2019-07-08,267.9958190917969,181.86468505859375,90.94674682617188,131.2899932861328,53.54053497314453
2019-07-09,268.3298645019531,182.7753448486328,90.92218780517578,131.75,53.31267166137695
2019-07-10,269.6120300292969,184.59678649902344,90.98766326904297,133.8300018310547,53.49984359741211
2019-07-11,270.24407958984375,184.46250915527344,90.65182495117188,132.6999969482422,53.48356246948242
2019-07-12,271.45391845703125,185.5266876220703,90.75016021728516,133.52999877929688,53.54867172241211
2019-07-15,271.54425048828125,186.12103271484375,90.8812026977539,133.52999877929688,53.597503662109375
2019-07-16,270.6684265136719,185.16238403320312,90.78295135498047,132.39999389648438,53.377769470214844
2019-07-17,268.82659912109375,184.251708984375,91.0204849243164,134.5800018310547,53.304534912109375
2019-07-18,269.8106994628906,184.46250915527344,91.16789245605469,136.47999572753906,53.467288970947266
2019-07-19,268.3119201660156,183.11087036132812,91.06143951416016,134.47000122070312,53.31267166137695
2019-07-22,268.9710693359375,184.5679931640625,91.17610168457031,134.4499969482422,53.36964416503906
2019-07-23,270.89422607421875,185.77590942382812,91.08601379394531,133.69000244140625,53.70330047607422
2019-07-24,272.1672668457031,187.07968139648438,91.21704864501953,134.3699951171875,53.74399948120117
2019-07-25,270.8670654296875,185.30615234375,91.07781982421875,133.4199981689453,53.19873809814453
2019-07-26,272.68194580078125,187.21383666992188,91.09416961669922,133.63999938964844,53.304534912109375
2019-07-29,272.18524169921875,186.57159423828125,91.13516235351562,134.52999877929688,53.418453216552734
2019-07-30,271.51715087890625,185.766357421875,91.12696075439453,134.97999572753906,52.79996871948242
2019-07-31,268.54669189453125,183.19715881347656,91.16789245605469,133.2100067138672,52.45002746582031
2019-08-01,266.2080993652344,182.28646850585938,91.88223266601562,136.41000366210938,52.30353927612305
2019-08-02,264.2037658691406,179.60226440429688,91.91506958007812,135.88999938964844,51.83967208862305
2019-08-05,256.2582702636719,173.25596618652344,92.31737518310547,137.7899932861328,50.545719146728516
2019-08-06,259.8518981933594,175.681396484375,92.56365966796875,138.91000366210938,50.887516021728516
2019-08-07,260.0052795410156,176.63038635253906,92.51438903808594,141.02000427246094,51.08283233642578
2019-08-08,265.106689453125,180.474609375,92.6047134399414,141.72999572753906,51.57925033569336
2019-08-09,263.30078125,178.77780151367188,92.48155212402344,141.25999450683594,51.22117233276367
2019-08-12,260.0955505371094,176.726318359375,92.81819152832031,142.6300048828125,50.81427001953125
2019-08-13,264.1405029296875,180.59921264648438,92.68681335449219,141.77999877929688,51.2944221496582
2019-08-14,256.3305358886719,175.20205688476562,92.97418212890625,142.75,49.88652801513672
2019-08-15,257.0076904296875,175.00074768066406,93.40110778808594,143.6999969482422,50.05742645263672
2019-08-16,260.7998962402344,177.8095703125,93.32721710205078,142.77999877929688,50.659645080566406
2019-08-19,263.94183349609375,180.6375732421875,93.0809555053711,141.11000061035156,50.968902587890625
2019-08-20,261.9194641113281,179.23793029785156,93.33541870117188,142.2100067138672,50.79798889160156
2019-08-21,264.0501403808594,180.82931518554688,93.28619384765625,141.75999450683594,51.15607833862305
2019-08-22,263.9689025878906,180.2445526123047,93.03987121582031,141.39999389648438,51.05842208862305
2019-08-23,257.1883544921875,174.54058837890625,93.41754913330078,144.1699981689453,50.42364501953125
2019-08-26,260.03240966796875,177.17691040039062,93.37650299072266,144.19000244140625,50.838687896728516
2019-08-27,259.01220703125,176.80296325683594,93.67208099365234,145.57000732421875,50.79798889160156
2019-08-28,260.8359680175781,177.4357147216797,93.68031311035156,145.16000366210938,50.79798889160156
2019-08-29,264.1676330566406,180.1486358642578,93.6227798461914,144.1199951171875,51.237449645996094
2019-08-30,264.0501403808594,179.71726989746094,93.70490264892578,143.75,51.4409065246582
2019-09-03,262.5062255859375,177.9725341796875,93.68269348144531,145.75,51.34325408935547
2019-09-04,265.4858093261719,180.5417022705078,93.8472671508789,146.66000366210938,52.06753921508789
2019-09-05,268.8987731933594,183.84906005859375,93.44403076171875,143.13999938964844,52.34423065185547
2019-09-06,269.1064453125,183.6669158935547,93.54277801513672,141.9199981689453,52.515132904052734
2019-09-09,269.24188232421875,183.28341674804688,93.14779663085938,141.38999938964844,52.66975402832031
2019-09-10,269.1786193847656,182.75619506835938,92.64579772949219,140.17999267578125,52.75928497314453
2019-09-11,271.09283447265625,184.4721221923828,92.66222381591797,141.02999877929688,53.052249908447266
2019-09-12,272.0317687988281,185.23907470703125,92.51412200927734,141.32000732421875,53.36150360107422
2019-09-13,271.85125732421875,184.57762145996094,91.9627456665039,140.14999389648438,53.66260528564453
2019-09-16,271.0115051269531,183.75314331054688,92.20962524414062,141.32000732421875,53.182456970214844
2019-09-17,271.6977233886719,184.63511657714844,92.34956359863281,141.60000610351562,53.36150360107422
2019-09-18,271.8602600097656,184.55845642089844,92.45651245117188,140.7100067138672,53.296390533447266
2019-09-19,271.8421325683594,184.8651885986328,92.58821868896484,141.27999877929688,53.475425720214844
2019-09-20,270.5578308105469,182.90956115722656,92.92559051513672,142.9499969482422,53.353355407714844
2019-09-23,270.4942932128906,182.99029541015625,92.96674346923828,143.75,53.21501159667969
2019-09-24,268.37176513671875,180.55999755859375,93.22186279296875,144.50999450683594,53.011558532714844
2019-09-25,269.9591064453125,182.5867919921875,92.8351058959961,141.8300018310547,52.85693359375
2019-09-26,269.396728515625,181.9144287109375,92.99142456054688,141.7899932861328,53.052249908447266
2019-09-27,267.9454345703125,179.6570281982422,93.10663604736328,141.05999755859375,52.87321090698242
2019-09-30,269.1881103515625,181.3668670654297,93.13133239746094,138.8699951171875,53.06852722167969
2019-10-01,265.9862365722656,179.88760375976562,93.30043029785156,139.6300048828125,52.54768753051758
2019-10-02,261.28765869140625,176.79454040527344,93.36640930175781,141.25999450683594,51.47346496582031
2019-10-03,263.4283142089844,178.73486328125,93.72928619384766,141.89999389648438,51.81526184082031
2019-10-04,266.9930725097656,181.3668670654297,93.87777709960938,141.89999389648438,52.22216796875
2019-10-07,265.8410339355469,180.81936645507812,93.6220703125,140.69000244140625,52.15705490112305
2019-10-08,261.71392822265625,178.1105194091797,93.65505981445312,141.9199981689453,51.66877365112305
2019-10-09,264.1993408203125,179.84912109375,93.60558319091797,142.0500030517578,52.043121337890625
2019-10-10,265.9862365722656,181.24200439453125,93.28392791748047,140.80999755859375,52.40934753417969
2019-10-11,268.74371337890625,183.57618713378906,92.97874450683594,140.02999877929688,53.34522247314453
2019-10-14,268.4443359375,183.55699157714844,93.13546752929688,140.58999633789062,53.125492095947266
2019-10-15,271.1019592285156,185.8911895751953,92.83027648925781,139.61000061035156,53.74399948120117
2019-10-16,270.6667175292969,185.4300994873047,92.99523162841797,140.41000366210938,53.825374603271484
2019-10-17,271.4648742675781,185.92002868652344,92.97050476074219,140.61000061035156,53.95558166503906
2019-10-18,270.2765808105469,184.1333465576172,93.03645324707031,140.4600067138672,53.9311637878418
2019-10-21,272.1087951660156,185.7663116455078,92.78080749511719,139.7899932861328,54.22414016723633
2019-10-22,271.219970703125,184.28701782226562,92.92098236083984,140.1999969482422,54.09393310546875
2019-10-23,272.0090637207031,184.64247131347656,92.99523162841797,140.52999877929688,54.38690185546875
2019-10-24,272.45355224609375,186.438720703125,93.01996612548828,141.52999877929688,54.48453903198242
2019-10-25,273.5692443847656,187.9276580810547,92.88800811767578,141.86000061035156,54.54151916503906
2019-10-28,275.1112365722656,189.7815399169922,92.6900634765625,140.63999938964844,54.785667419433594
2019-10-29,275.02960205078125,188.3118438720703,92.69829559326172,140.25,54.76938247680664
2019-10-30,275.87310791015625,189.22439575195312,92.96221923828125,141.02000427246094,54.99726104736328
2019-10-31,275.13836669921875,189.31088256835938,93.32513427734375,142.42999267578125,54.86704635620117
2019-11-01,277.687255859375,191.0302734375,93.35079193115234,142.55999755859375,55.35532760620117
2019-11-04,278.8030090332031,192.2117919921875,93.11930084228516,142.14999389648438,55.640167236328125
2019-11-05,278.4945373535156,192.31747436523438,92.77214050292969,139.85000610351562,55.53437423706055
2019-11-06,278.5581359863281,191.88516235351562,92.91268920898438,140.4499969482422,55.509952545166016
2019-11-07,279.53765869140625,192.52877807617188,92.47457122802734,138.27000427246094,55.68085861206055
2019-11-08,280.2270812988281,193.2972412109375,92.42495727539062,137.38999938964844,55.648292541503906
2019-11-11,279.6919250488281,193.03790283203125,92.44149017333984,137.05999755859375,55.57505798339844
2019-11-12,280.2815246582031,193.59503173828125,92.54067993164062,137.42999267578125,55.59947967529297
2019-11-13,280.3721923828125,193.64309692382812,92.70601654052734,137.97999572753906,55.40415954589844
2019-11-14,280.78033447265625,193.48941040039062,92.97052764892578,138.55999755859375,55.24953842163086
2019-11-15,282.8121337890625,194.9110107421875,92.9209213256836,138.2100067138672,55.59947967529297
2019-11-18,283.02081298828125,195.0647735595703,93.09452056884766,138.6199951171875,55.664581298828125
2019-11-19,282.93914794921875,195.3528594970703,93.16064453125,138.69000244140625,55.59134292602539
2019-11-20,281.886962890625,194.18099975585938,93.38386535644531,138.75999450683594,55.241397857666016
2019-11-21,281.4335021972656,193.748779296875,93.25157928466797,138.0,55.168155670166016
2019-11-22,282.0592956542969,193.8735809326172,93.30122375488281,137.74000549316406,55.32278060913086
2019-11-25,284.245361328125,196.16937255859375,93.39213562011719,137.0800018310547,55.76223373413086
2019-11-26,284.88934326171875,196.5440216064453,93.52435302734375,137.74000549316406,55.72969055175781
2019-11-27,286.1592712402344,197.91761779785156,93.40863037109375,137.00999450683594,55.87617111206055
2019-11-29,285.097900390625,197.01470947265625,93.29293060302734,137.86000061035156,55.48554229736328
2019-12-02,282.6761474609375,194.99745178222656,93.19019317626953,137.7899932861328,55.20071029663086
2019-12-03,280.78033447265625,193.47015380859375,93.61267852783203,139.11000061035156,54.99726104736328
2019-12-04,282.5127868652344,194.44998168945312,93.45528411865234,138.9199981689453,55.50182342529297
2019-12-05,283.02081298828125,194.83421325683594,93.34760284423828,139.0,55.396026611328125
2019-12-06,285.6058654785156,196.9186248779297,93.21504211425781,137.6199951171875,55.90059280395508
2019-12-09,284.7079162597656,196.0253448486328,93.26475524902344,137.5800018310547,55.60761642456055
2019-12-10,284.3904724121094,195.86203002929688,93.23162078857422,137.97000122070312,55.63202667236328
2019-12-11,285.1977233886719,196.89939880371094,93.4801254272461,138.9199981689453,55.92498779296875
2019-12-12,287.6558837890625,198.3690948486328,93.08248138427734,138.42999267578125,56.299354553222656
2019-12-13,287.8282165527344,199.02232360839844,93.45528411865234,139.0500030517578,56.68997573852539
2019-12-16,289.8056335449219,201.02032470703125,93.26475524902344,139.0399932861328,57.295684814453125
2019-12-17,289.869140625,201.1355743408203,93.27301025390625,139.00999450683594,56.96649169921875
2019-12-18,289.88726806640625,201.2892608642578,93.09080505371094,139.02000427246094,56.89242935180664
2019-12-19,291.0755310058594,202.547607421875,93.191162109375,139.3800048828125,56.89242935180664
2019-12-20,292.35162353515625,203.3641357421875,93.20779418945312,139.52000427246094,56.93357849121094
2019-12-23,292.7981872558594,203.9012908935547,93.14139556884766,139.9499969482422,57.02410888671875
2019-12-24,292.8073425292969,204.0072021484375,93.25758361816406,141.27000427246094,56.96649169921875
2019-12-26,294.3660888671875,205.80735778808594,93.34056854248047,142.3800048828125,57.21337890625
2019-12-27,294.29315185546875,205.63406372070312,93.46502685546875,142.3300018310547,57.3121452331543
2019-12-30,292.6706237792969,204.286376953125,93.46502685546875,142.6300048828125,56.88420867919922
2019-12-31,293.3816223144531,204.6714324951172,93.24928283691406,142.89999389648438,57.14754867553711
2020-01-02,296.1252746582031,208.08889770507812,93.50653839111328,143.9499969482422,57.723636627197266
2020-01-03,293.8829345703125,206.18283081054688,93.78040313720703,145.86000061035156,57.00764846801758
2020-01-06,295.0041198730469,207.51126098632812,93.70568084716797,147.38999938964844,57.2298583984375
2020-01-07,294.17462158203125,207.4823760986328,93.60610961914062,147.97000122070312,57.073486328125
2020-01-08,295.7424011230469,209.04190063476562,93.49823760986328,146.86000061035156,57.23807907104492
2020-01-09,297.747802734375,210.813232421875,93.59779357910156,146.02999877929688,57.369754791259766
2020-01-10,296.8908996582031,210.2741241455078,93.75548553466797,146.91000366210938,57.155784606933594
2020-01-13,298.93280029296875,212.7000274658203,93.69741821289062,145.82000732421875,57.452049255371094
2020-01-14,298.47698974609375,211.86251831054688,93.78040313720703,145.69000244140625,57.50966262817383
2020-01-15,299.1515197753906,211.94911193847656,93.92144775390625,146.5399932861328,57.50966262817383
2020-01-16,301.63995361328125,213.9803466796875,93.92144775390625,146.30999755859375,57.748321533203125
2020-01-17,302.578857421875,215.03924560546875,93.8135757446289,146.5800018310547,57.9211540222168
2020-01-21,301.9862976074219,214.9429931640625,94.0791244506836,146.74000549316406,57.46027755737305
2020-01-22,302.02288818359375,215.51101684570312,94.12892150878906,146.7899932861328,57.575496673583984
2020-01-23,302.3692321777344,216.20411682128906,94.25337982177734,147.1199951171875,57.43559646606445
2020-01-24,299.6802062988281,214.38467407226562,94.42767333984375,147.97999572753906,57.188697814941406
2020-01-27,294.87646484375,209.9564208984375,94.7181167602539,148.99000549316406,56.00361633300781
2020-01-28,297.96661376953125,213.18133544921875,94.63509368896484,147.66000366210938,56.530330657958984
2020-01-29,297.720458984375,213.52786254882812,94.8508529663086,148.4600067138672,56.538551330566406
2020-01-30,298.6866149902344,214.28843688964844,94.85916900634766,148.47000122070312,56.489173889160156
2020-01-31,293.2630920410156,210.89022827148438,95.14128112792969,149.3300018310547,55.534523010253906
2020-02-03,295.4416198730469,214.07664489746094,95.11054992675781,148.36000061035156,55.66619110107422
2020-02-04,299.9446105957031,218.97657775878906,94.79449462890625,146.42999267578125,56.596160888671875
2020-02-05,303.4083251953125,219.69859313964844,94.65318298339844,146.61000061035156,57.139320373535156
2020-02-06,304.42926025390625,221.59500122070312,94.71135711669922,147.39999389648438,57.295684814453125
2020-02-07,302.8067626953125,220.6420135498047,94.98580932617188,147.7899932861328,56.75252151489258
2020-02-10,305.0672912597656,223.30853271484375,95.09390258789062,148.1699981689453,56.86773681640625
2020-02-11,305.59600830078125,223.34706115722656,94.97749328613281,147.66000366210938,57.254539489746094
2020-02-12,307.56475830078125,225.52268981933594,94.87767791748047,147.5399932861328,57.452049255371094
2020-02-13,307.2366943359375,225.23388671875,94.94420623779297,148.3800048828125,57.048797607421875
2020-02-14,307.72894287109375,225.87881469726562,95.04402923583984,149.0,56.95003890991211
2020-02-18,306.9358825683594,225.9654998779297,95.16877746582031,150.91000366210938,56.58793258666992
2020-02-19,308.4034729003906,228.1314697265625,95.14378356933594,151.7899932861328,56.777217864990234
2020-02-20,307.1364440917969,226.0136260986328,95.3600082397461,152.41000366210938,56.43980026245117
2020-02-21,303.9734191894531,221.6720428466797,95.5512924194336,154.6999969482422,56.17644500732422
2020-02-24,293.8920593261719,213.1235809326172,95.85895538330078,156.08999633789062,53.929710388183594
2020-02-25,284.986572265625,207.32839965820312,96.02532958984375,153.3000030517578,53.040897369384766
2020-02-26,283.9382629394531,208.39691162109375,95.92552185058594,153.97000122070312,53.106727600097656
2020-02-27,271.1861877441406,197.96168518066406,95.94214630126953,154.0,51.534847259521484
2020-02-28,270.0467834472656,198.11569213867188,96.6490249633789,148.3800048828125,51.22211837768555
2020-03-02,281.7414855957031,208.33917236328125,96.61487579345703,149.1999969482422,51.8805046081543
2020-03-03,273.6745300292969,201.6582794189453,97.2731704711914,153.88999938964844,51.46078109741211
2020-03-04,285.1779479980469,210.0719451904297,97.1981430053711,154.16000366210938,52.999752044677734
2020-03-05,275.6981506347656,203.6894989013672,97.49817657470703,157.49000549316406,51.59245300292969
2020-03-06,271.1405334472656,200.25279235839844,98.21479797363281,157.5500030517578,50.818851470947266
2020-03-09,249.9659881591797,186.34231567382812,98.0898208618164,157.80999755859375,46.87678909301758
2020-03-10,262.90032958984375,196.48878479003906,96.98148345947266,154.47999572753906,48.60505676269531
2020-03-11,250.08448791503906,187.9307403564453,95.59821319580078,153.92999267578125,46.12788009643555
2020-03-12,226.1570587158203,170.69911193847656,91.77326202392578,147.7899932861328,41.058349609375
2020-03-13,245.49044799804688,185.1582489013672,93.21490478515625,143.27999877929688,43.54373550415039
2020-03-16,218.62791442871094,162.9785919189453,94.77323150634766,141.63999938964844,39.05027770996094
2020-03-17,230.43211364746094,175.33912658691406,92.32324981689453,143.55999755859375,40.95135498046875
2020-03-18,218.7646484375,170.00599670410156,88.80664825439453,140.6999969482422,38.605873107910156
2020-03-19,219.22955322265625,171.02642822265625,90.78996276855469,138.0399932861328,39.20664596557617
2020-03-20,209.781982421875,164.3262939453125,91.6899185180664,140.11000061035156,38.72108459472656
2020-03-23,204.418212890625,164.44493103027344,93.8648681640625,146.3000030517578,38.268455505371094
2020-03-24,222.939208984375,177.1791534423828,94.63987731933594,153.39999389648438,41.51097869873047
2020-03-25,226.27662658691406,175.8671875,95.60653686523438,151.3000030517578,42.86067199707031
2020-03-26,239.4888916015625,185.1283721923828,95.8981704711914,153.24000549316406,44.778202056884766
2020-03-27,232.35556030273438,178.7612762451172,96.3065185546875,152.25,43.50259017944336
2020-03-30,239.90151977539062,185.263427734375,96.3982162475586,152.9199981689453,44.38317108154297
2020-03-31,236.32568359375,183.6813507080078,96.13983917236328,148.0500030517578,43.996368408203125
2020-04-01,225.68980407714844,175.87681579589844,95.81334686279297,149.4499969482422,42.04591751098633
2020-04-02,230.89776611328125,179.4462127685547,95.95527648925781,151.89999389648438,42.868896484375
2020-04-03,227.56027221679688,176.89939880371094,96.02212524414062,152.64999389648438,41.889549255371094
2020-04-06,242.8446502685547,189.54673767089844,96.48977661132812,156.8800048828125,44.111595153808594
2020-04-07,243.09219360351562,189.4696044921875,96.62340545654297,156.0399932861328,44.35849380493164
2020-04-08,251.25247192382812,193.49249267578125,96.71521759033203,154.64999389648438,44.7205924987793
2020-04-09,255.07594299316406,193.77220153808594,97.91783905029297,158.69000244140625,45.73285675048828
2020-04-13,252.7469024658203,195.8656463623047,97.45850372314453,161.41000366210938,45.29667282104492
2020-04-14,260.2012939453125,204.38409423828125,97.50857543945312,162.67999267578125,46.10320281982422
2020-04-15,254.67237854003906,202.03982543945312,97.90947723388672,161.85000610351562,44.662986755371094
2020-04-16,255.9010467529297,205.72499084472656,98.03474426269531,161.7100067138672,44.687679290771484
2020-04-17,262.8143005371094,207.69302368164062,97.91783905029297,158.57000732421875,45.872764587402344
2020-04-20,258.18408203125,205.23300170898438,97.77587127685547,159.6999969482422,45.18968963623047
2020-04-21,250.3447265625,197.66000366210938,97.82598876953125,158.61000061035156,44.30910873413086
2020-04-22,255.9010467529297,203.5254364013672,97.82598876953125,161.72999572753906,45.058006286621094
2020-04-23,255.88272094726562,203.09133911132812,98.0597915649414,163.33999633789062,44.91810989379883
2020-04-24,259.44927978515625,206.29417419433594,98.00970458984375,162.63999938964844,45.43658447265625
2020-04-27,263.1902160644531,207.95347595214844,97.5587158203125,161.55999755859375,46.037353515625
2020-04-28,261.9798583984375,204.03672790527344,97.9428939819336,160.83999633789062,46.38300704956055
2020-04-29,268.8381652832031,211.2720947265625,98.00970458984375,161.72999572753906,47.54340362548828
2020-04-30,266.335205078125,211.1852569580078,97.79253387451172,158.8000030517578,46.55583572387695
2020-05-01,259.28424072265625,205.23300170898438,97.79759216308594,159.77999877929688,45.5435676574707
2020-05-04,259.99951171875,207.62545776367188,97.88127136230469,160.33999633789062,45.52711486816406
2020-05-05,262.4017333984375,209.97938537597656,97.8059310913086,161.02000427246094,45.60941696166992
2020-05-06,260.6229553222656,211.2720947265625,97.41264343261719,158.9499969482422,45.31313705444336
2020-05-07,263.767822265625,213.99256896972656,97.71389770507812,161.38999938964844,45.996212005615234
2020-05-08,268.1321716308594,216.92529296875,97.45447540283203,160.4199981689453,46.77804183959961
2020-05-11,268.1872253417969,218.8643798828125,97.16162872314453,159.4199981689453,46.73689651489258
2020-05-12,262.84173583984375,214.28204345703125,97.41264343261719,160.0399932861328,46.144344329833984
2020-05-13,258.19317626953125,211.60009765625,97.57164764404297,161.5800018310547,45.790470123291016
2020-05-14,261.2830505371094,214.0022430419922,97.8729019165039,163.00999450683594,45.35428237915039
2020-05-15,262.48419189453125,215.39144897460938,97.93148040771484,163.92999267578125,45.39543914794922
2020-05-18,270.47943115234375,219.4046173095703,97.78921508789062,162.69000244140625,47.230674743652344
2020-05-19,267.7013244628906,218.854736328125,97.89798736572266,164.25999450683594,46.58052062988281
2020-05-20,272.2489929199219,223.22486877441406,98.1490249633789,164.64999389648438,47.55162811279297
2020-05-21,270.3693542480469,220.7938232421875,98.22432708740234,162.25,47.000244140625
2020-05-22,270.88287353515625,221.555908203125,98.27455139160156,163.2100067138672,46.86856460571289
2020-05-26,274.2203063964844,220.95779418945312,98.11558532714844,160.88999938964844,48.21002197265625
2020-05-27,278.3003845214844,222.1636962890625,98.25780487060547,161.17999267578125,48.79433059692383
2020-05-28,277.78692626953125,221.87429809570312,98.19084167480469,161.72000122070312,49.25519561767578
2020-05-29,279.02471923828125,225.12542724609375,98.45027160644531,162.91000366210938,49.082366943359375
2020-06-01,280.1524963378906,225.80068969726562,98.39495086669922,163.66000366210938,50.17693328857422
2020-06-02,282.4721984863281,227.31524658203125,98.47879028320312,162.60000610351562,50.64603042602539
2020-06-03,286.2313537597656,228.337890625,98.23568725585938,159.60000610351562,51.85580825805664
2020-06-04,285.4795227050781,226.7364501953125,97.94227600097656,161.27999877929688,51.63360595703125
2020-06-05,292.7962646484375,231.23202514648438,98.00093078613281,158.00999450683594,52.52242660522461
2020-06-08,296.3353576660156,233.02635192871094,98.10993194580078,159.72000122070312,53.20549392700195
2020-06-09,294.125732421875,234.7146453857422,98.23568725585938,161.25999450683594,52.514190673828125
2020-06-10,292.4844970703125,237.53155517578125,98.6380844116211,163.57000732421875,52.39897155761719
2020-06-11,275.6231689453125,225.76205444335938,98.47040557861328,162.38999938964844,49.59261703491211
2020-06-12,278.92388916015625,227.55645751953125,98.57099151611328,162.6199951171875,50.44852066040039
2020-06-15,281.52777099609375,230.3251953125,98.89795684814453,162.3300018310547,50.65550994873047
2020-06-16,286.9465637207031,234.28050231933594,98.70514678955078,162.25,51.2815055847168
2020-06-17,285.7545471191406,235.02333068847656,98.62129211425781,162.55999755859375,51.473480224609375
2020-06-18,285.8645935058594,235.66004943847656,98.72189331054688,162.24000549316406,51.19804000854492
2020-06-19,284.2309265136719,235.62149047851562,98.75540161132812,164.02999877929688,50.94764709472656
2020-06-22,286.05438232421875,238.44720458984375,98.73030090332031,165.08999633789062,51.556949615478516
2020-06-23,287.371337890625,240.47662353515625,98.71351623535156,166.47999572753906,51.840728759765625
2020-06-24,280.040771484375,235.51904296875,98.69673919677734,165.89999389648438,50.51362609863281
2020-06-25,283.0429382324219,237.7610626220703,98.81417083740234,165.8000030517578,51.23142623901367
2020-06-26,276.3203430175781,232.14630126953125,98.93148040771484,166.5399932861328,50.488582611083984
2020-06-29,280.38153076171875,234.67823791503906,99.01535034179688,166.6300048828125,50.89756393432617
2020-06-30,283.97314453125,239.27828979492188,99.0991439819336,167.3699951171875,50.805747985839844
2020-07-01,285.96221923828125,242.07115173339844,99.15205383300781,166.6199951171875,50.99772262573242
2020-07-02,287.5370178222656,243.7139892578125,99.2696304321289,166.97999572753906,51.556949615478516
2020-07-06,291.975830078125,249.70565795898438,99.26129150390625,167.97999572753906,52.39995574951172
2020-07-07,288.9644470214844,247.98541259765625,99.41242980957031,169.0399932861328,51.6320686340332
2020-07-08,291.17462158203125,251.25189208984375,99.37883758544922,170.08999633789062,52.06608200073242
2020-07-09,289.51690673828125,253.3682861328125,99.63922882080078,169.6300048828125,51.473480224609375
2020-07-10,292.4731140136719,255.0980682373047,99.52163696289062,169.19000244140625,52.024356842041016
2020-07-13,289.94061279296875,249.8506317138672,99.5132064819336,169.39999389648438,51.690486907958984
2020-07-14,293.69793701171875,251.61907958984375,99.67279815673828,170.19000244140625,52.45002746582031
2020-07-15,296.3962097167969,252.13124084472656,99.68122863769531,170.33999633789062,53.042640686035156
2020-07-16,295.4200744628906,250.4111328125,99.7483901977539,168.72999572753906,52.700435638427734
2020-07-17,296.2764892578125,250.70098876953125,99.84922790527344,170.1199951171875,53.009254455566406
2020-07-20,298.6708679199219,257.8136291503906,99.95840454101562,170.94000244140625,53.26799774169922
2020-07-21,299.3063049316406,255.1271514892578,100.01719665527344,173.0,53.37649917602539
2020-07-22,301.0100402832031,256.0257873535156,100.10118103027344,175.6300048828125,53.51839828491211
2020-07-23,297.41839599609375,249.33840942382812,100.21874237060547,177.17999267578125,53.09272003173828
2020-07-24,295.5029296875,246.97071838378906,100.18516540527344,178.6999969482422,52.80058288574219
2020-07-27,297.65789794921875,251.3774871826172,100.11795806884766,182.22999572753906,53.493350982666016
2020-07-28,295.77001953125,248.1787109375,100.18516540527344,183.75,53.15114974975586
2020-07-29,299.4076232910156,251.0392608642578,100.30274963378906,185.1300048828125,53.710357666015625
2020-07-30,298.33941650390625,252.35354614257812,100.37836456298828,183.75999450683594,52.917449951171875
2020-07-31,300.6969299316406,256.85687255859375,100.42031860351562,185.42999267578125,51.790653228759766
2020-08-03,302.78741455078125,260.3262939453125,100.45991516113281,185.63999938964844,52.80058288574219
2020-08-04,303.9570007324219,261.29266357421875,100.65342712402344,189.58999633789062,53.09272003173828
2020-08-05,305.8447265625,261.9401550292969,100.45991516113281,191.35000610351562,53.26799774169922
2020-08-06,307.8892517089844,265.40948486328125,100.60291290283203,193.88999938964844,53.32642364501953
2020-08-07,308.1101989746094,262.3460388183594,100.48512268066406,190.80999755859375,53.10941696166992
2020-08-10,309.03118896484375,261.22491455078125,100.39257049560547,190.14999389648438,53.284690856933594
2020-08-11,306.4802551269531,256.277099609375,100.11493682861328,179.94000244140625,53.476654052734375
2020-08-12,310.7532958984375,262.7228698730469,99.9129867553711,179.10000610351562,54.66188430786133
2020-08-13,310.19146728515625,263.32208251953125,99.54281616210938,183.3300018310547,54.419830322265625
2020-08-14,310.20068359375,263.01275634765625,99.45022583007812,182.5399932861328,54.08596420288086
2020-08-17,311.18609619140625,266.06658935546875,99.58485412597656,186.5,54.49494552612305
2020-08-18,311.8584289550781,268.6275634765625,99.7279281616211,188.17999267578125,54.4615592956543
2020-08-19,310.5599365234375,266.8203430175781,99.57645416259766,182.24000549316406,54.219512939453125
2020-08-20,311.5268249511719,270.5216064453125,99.75314331054688,183.5,54.04423141479492
2020-08-21,312.6319580078125,272.396484375,99.8541030883789,182.02999877929688,53.7687873840332
2020-08-24,315.79986572265625,274.09735107421875,99.81204223632812,181.0,54.47825241088867
2020-08-25,316.9049377441406,276.2523193359375,99.60171508789062,181.22000122070312,54.51163864135742
2020-08-26,320.08209228515625,282.1473693847656,99.58485412597656,183.36000061035156,54.82881546020508
2020-08-27,320.78204345703125,281.2679748535156,99.2398910522461,181.24000549316406,54.269588470458984
2020-08-28,322.8540344238281,282.6982727050781,99.37454223632812,184.38999938964844,54.65353775024414
2020-08-31,321.6845703125,284.9692687988281,99.5932846069336,184.8300018310547,54.236202239990234
2020-09-01,324.71435546875,289.83990478515625,99.79975891113281,185.0500030517578,54.294639587402344
2020-09-02,329.4109191894531,292.5843505859375,100.00199890136719,182.6199951171875,55.02077865600586
2020-09-03,318.0744934082031,277.75030517578125,100.02729797363281,181.13999938964844,53.777137756347656
2020-09-04,315.47760009765625,274.0489807128906,99.53004455566406,181.63999938964844,53.85225296020508
2020-09-08,306.8577575683594,260.87713623046875,99.6396484375,181.2899932861328,53.19287872314453
2020-09-09,312.9174499511719,268.5405578613281,99.63117980957031,183.0500030517578,54.18612289428711
2020-09-10,307.4840393066406,263.1868591308594,99.6396484375,182.4600067138672,53.551780700683594
2020-09-11,307.64056396484375,261.3602600097656,99.75762176513672,182.4499969482422,54.08596420288086
2020-09-14,311.692626953125,265.9119567871094,99.76606750488281,183.88999938964844,54.37809753417969
2020-09-15,313.26739501953125,269.68084716796875,99.77447509765625,183.4499969482422,54.7286491394043
2020-09-16,312.02410888671875,265.3804931640625,99.72388458251953,183.97000122070312,54.7286491394043
2020-09-17,309.2798156738281,261.2347106933594,99.74918365478516,182.9600067138672,54.80377960205078
2020-09-18,305.71917724609375,257.900634765625,99.63117980957031,183.1999969482422,54.36140441894531
2020-09-21,302.31671142578125,258.51904296875,99.64804077148438,179.52000427246094,52.98421859741211
2020-09-22,305.3955993652344,263.32208251953125,99.72388458251953,178.64999389648438,52.9675178527832
2020-09-23,298.3130798339844,255.2816925048828,99.5132064819336,174.7899932861328,52.5251579284668
2020-09-24,299.1082458496094,256.47039794921875,99.52163696289062,175.44000244140625,52.475074768066406
2020-09-25,303.9439392089844,262.4330139160156,99.5553207397461,174.94000244140625,52.650352478027344
2020-09-28,308.9922790527344,267.88348388671875,99.6396484375,176.6999969482422,53.44327926635742
2020-09-29,307.3094787597656,266.6753845214844,99.656494140625,178.19000244140625,53.38484573364258
2020-09-30,309.6394348144531,268.50189208984375,99.49637603759766,177.1199951171875,53.12611770629883
2020-10-01,311.6274108886719,272.7637023925781,99.63311767578125,178.6999969482422,53.43492889404297
2020-10-02,308.668701171875,265.0906066894531,99.53182220458984,178.5399932861328,53.32642364501953
2020-10-05,314.14227294921875,270.7439880371094,99.21099090576172,179.41000366210938,54.13604736328125
2020-10-06,309.6764831542969,265.9119567871094,99.29544830322266,177.3000030517578,53.560123443603516
2020-10-07,315.06695556640625,270.5121765136719,99.2279281616211,177.22000122070312,54.019195556640625
2020-10-08,317.8592224121094,271.951904296875,99.35453796386719,177.85000610351562,54.39479064941406
2020-10-09,320.6977233886719,276.1073913574219,99.37985229492188,181.0800018310547,54.82046890258789
2020-10-12,325.8569641113281,284.6309814453125,99.57402038574219,180.55999755859375,55.137638092041016
2020-10-13,323.7303771972656,284.6213073730469,99.59934997558594,177.72000122070312,54.51998519897461
2020-10-14,321.6961975097656,282.2439880371094,99.65843963623047,178.27000427246094,54.42817687988281
2020-10-15,321.2986755371094,280.34991455078125,99.57402038574219,178.9199981689453,53.78548812866211
2020-10-16,321.1046142578125,278.8133239746094,99.52336120605469,178.3000030517578,54.035888671875
2020-10-19,316.22259521484375,274.26153564453125,99.40518951416016,178.38999938964844,53.83556365966797
2020-10-20,317.4893798828125,274.8511657714844,99.32073974609375,179.25,54.10265350341797
2020-10-21,316.8883056640625,274.63848876953125,99.20259094238281,180.60000610351562,53.84391784667969
2020-10-22,318.6265563964844,274.6288146972656,99.0252914428711,178.8300018310547,53.88563537597656
2020-10-23,319.7084045410156,275.1700439453125,99.1688003540039,178.63999938964844,54.236202239990234
2020-10-26,313.8001708984375,271.0434875488281,99.3038330078125,178.5500030517578,53.259647369384766
2020-10-27,312.7183837890625,273.159912109375,99.53182220458984,179.02000427246094,52.84231948852539
2020-10-28,302.0299987792969,262.5102844238281,99.3882827758789,176.1300048828125,51.26482009887695
2020-10-29,305.0997009277344,267.1006774902344,99.21099090576172,175.39999389648438,51.506866455078125
2020-10-30,301.9190368652344,260.3262939453125,98.94087982177734,176.1999969482422,51.239776611328125
2020-11-02,305.3031005859375,260.9060974121094,99.12014770507812,177.91000366210938,51.90749740600586
2020-11-03,310.6935119628906,265.4191589355469,99.07785034179688,178.9199981689453,53.26799774169922
2020-11-04,317.63726806640625,277.2671203613281,99.73744201660156,178.82000732421875,53.85225296020508
2020-11-05,323.83209228515625,284.4956970214844,99.8304443359375,182.92999267578125,55.14597702026367
2020-11-06,323.75811767578125,284.7082214355469,99.61054229736328,183.19000244140625,55.26283645629883
2020-11-09,327.8263854980469,278.8905944824219,99.1454849243164,175.0800018310547,56.87372589111328
2020-11-10,327.3455810546875,273.8943786621094,98.9848403930664,175.66000366210938,57.38287353515625
2020-11-11,329.77728271484375,280.02130126953125,99.0440444946289,174.89999389648438,57.86697769165039
2020-11-12,326.578125,278.7069396972656,99.45835876464844,175.9600067138672,57.023963928222656
2020-11-13,331.0994873046875,281.15203857421875,99.47528839111328,177.16000366210938,57.900360107421875
2020-11-16,335.2324523925781,283.345703125,99.466796875,177.14999389648438,58.501304626464844
2020-11-17,333.4294128417969,282.4468994140625,99.6697998046875,176.5,58.44289016723633
2020-11-18,329.4166564941406,280.3594665527344,99.73744201660156,175.49000549316406,58.13406753540039
2020-11-19,330.8035583496094,282.5531311035156,99.9234619140625,175.16000366210938,58.54304885864258
2020-11-20,328.53826904296875,280.6204833984375,100.02494049072266,175.69000244140625,58.718326568603516
2020-11-23,330.50775146484375,280.6301574707031,99.99955749511719,172.22999572753906,58.643211364746094
2020-11-24,335.8333740234375,284.572998046875,99.86421203613281,169.58999633789062,59.51959991455078
2020-11-25,335.3156433105469,286.3221435546875,99.8304443359375,169.50999450683594,59.44449234008789
2020-11-27,336.24951171875,288.9604187011719,99.99955749511719,167.7899932861328,59.85346603393555
2020-11-30,334.7608642578125,289.5499572753906,100.13484191894531,166.6699981689453,58.551395416259766
2020-12-01,338.4222717285156,293.2608337402344,99.81804656982422,170.17999267578125,59.928592681884766
2020-12-02,339.13427734375,293.6376953125,99.70791625976562,171.4600067138672,59.936927795410156
2020-12-03,339.041748046875,294.05328369140625,99.87735748291016,172.80999755859375,60.03709411621094
2020-12-04,341.9634704589844,295.25152587890625,99.60626983642578,172.32000732421875,60.546241760253906
2020-12-07,341.26080322265625,296.9234619140625,99.75872802734375,174.88999938964844,60.05378723144531
2020-12-08,342.2593994140625,297.92852783203125,99.76721954345703,175.5,60.26243209838867
2020-12-09,339.18975830078125,291.1830749511719,99.62320709228516,172.5,60.345916748046875
2020-12-10,339.0787658691406,292.3524475097656,99.86884307861328,172.1699981689453,60.42937469482422
2020-12-11,338.68121337890625,291.7049865722656,99.97900390625,172.49000549316406,60.24574661254883
2020-12-14,337.164794921875,293.8213806152344,99.9197006225586,171.5399932861328,60.28282928466797
2020-12-15,341.7230224609375,296.9621276855469,99.97900390625,173.94000244140625,60.898040771484375
2020-12-16,342.2593994140625,298.5953369140625,99.93661499023438,174.89999389648438,61.134033203125
2020-12-17,344.17327880859375,300.54742431640625,99.93235778808594,176.74000549316406,61.56382751464844
2020-12-18,342.7991027832031,299.6390380859375,99.88150024414062,176.44000244140625,61.243587493896484
2020-12-21,341.5733947753906,299.0784606933594,99.88150024414062,175.8800048828125,60.45981216430664
2020-12-22,340.9976806640625,299.89166259765625,100.0256576538086,174.49000549316406,60.30812454223633
2020-12-23,341.3041687011719,298.3814392089844,99.95781707763672,175.64999389648438,60.95703887939453
2020-12-24,342.6319580078125,299.6980285644531,100.05111694335938,176.35000610351562,60.98232650756836
2020-12-28,345.5754699707031,302.7186279296875,100.06804656982422,175.7100067138672,61.47954559326172
2020-12-29,344.91607666015625,302.98974609375,100.08504486083984,176.35000610351562,61.87564468383789
2020-12-30,345.408203125,302.9993896484375,100.14437866210938,177.6999969482422,61.959930419921875
2020-12-31,347.1632080078125,303.7449035644531,100.22069549560547,178.36000061035156,61.48798370361328
2021-01-04,342.43695068359375,299.4560241699219,100.09349822998047,182.3300018310547,61.808231353759766
2021-01-05,344.7955017089844,301.9248352050781,99.99176788330078,182.8699951171875,62.448734283447266
2021-01-06,346.85675048828125,297.742431640625,99.49990844726562,179.89999389648438,63.16508102416992
2021-01-07,352.0101623535156,304.9454040527344,99.398193359375,179.47999572753906,63.23250961303711
2021-01-08,354.0158386230469,308.8663635253906,99.27943420410156,173.33999633789062,63.822444915771484
2021-01-11,351.6294860839844,304.4032897949219,99.11837005615234,173.0,62.988094329833984
2021-01-12,351.7037658691406,303.91912841796875,99.20314025878906,174.1199951171875,63.27464294433594
2021-01-13,352.65087890625,305.9716491699219,99.51689147949219,173.3699951171875,63.19036102294922
2021-01-14,351.41595458984375,304.3354797363281,99.32184600830078,173.27999877929688,63.69603729248047
2021-01-15,348.8531799316406,301.9248352050781,99.42362213134766,171.1300048828125,62.70156478881836
2021-01-19,351.5923767089844,306.3298645019531,99.55928039550781,172.5800018310547,63.15665054321289
2021-01-20,356.4578857421875,313.455322265625,99.56776428222656,175.38999938964844,63.58646011352539
2021-01-21,356.7828674316406,315.96282958984375,99.42362213134766,175.27999877929688,63.63704299926758
2021-01-22,355.5201416015625,315.0528259277344,99.42362213134766,173.89999389648438,63.3336296081543
2021-01-25,356.9222717285156,317.6571350097656,99.67800903320312,174.0500030517578,63.25779342651367
2021-01-26,356.36505126953125,318.121826171875,99.64411926269531,173.6199951171875,63.350494384765625
2021-01-27,347.6552734375,309.253662109375,99.65251922607422,172.52000427246094,61.900943756103516
2021-01-28,350.6452331542969,311.08343505859375,99.58470916748047,172.67999267578125,62.29703903198242
2021-01-29,343.62548828125,304.53875732421875,99.47447967529297,172.61000061035156,61.00761413574219
2021-02-01,349.34527587890625,312.1484375,99.56961822509766,174.22999572753906,61.732383728027344
2021-02-02,354.28515625,317.2407531738281,99.416748046875,172.11000061035156,62.35602951049805
2021-02-03,354.5636901855469,315.982177734375,99.29783630371094,171.85000610351562,62.50772476196289
2021-02-04,358.5934753417969,319.7192687988281,99.2553482055664,168.14999389648438,62.57515335083008
2021-02-05,360.00482177734375,320.80352783203125,99.12794494628906,169.80999755859375,62.96281433105469
2021-02-08,362.6048583984375,322.9529113769531,99.22986602783203,171.52000427246094,63.401065826416016
2021-02-09,362.3634338378906,322.8850402832031,99.27232360839844,172.0800018310547,63.7465934753418
2021-02-10,362.2055969238281,322.1492919921875,99.36576080322266,172.7100067138672,63.52748107910156
2021-02-11,362.79058837890625,323.92095947265625,99.2468490600586,171.2100067138672,63.9572868347168
2021-02-12,364.5826721191406,325.7314147949219,99.01753997802734,170.69000244140625,64.31124877929688
2021-02-16,364.2668762207031,324.85040283203125,98.55038452148438,168.24000549316406,64.77476501464844
2021-02-17,364.35052490234375,323.29168701171875,98.7457275390625,166.3300018310547,64.39551544189453
2021-02-18,362.7998352050781,321.878173828125,98.69474029541016,166.32000732421875,64.07527160644531
2021-02-19,362.1590881347656,320.4743957519531,98.38900756835938,167.00999450683594,64.26068878173828
2021-02-22,359.3735656738281,312.167724609375,98.0832748413086,169.50999450683594,64.10055541992188
2021-02-23,359.8099365234375,311.23834228515625,98.10868835449219,169.1199951171875,64.15955352783203
2021-02-24,363.7747802734375,313.803955078125,98.07476043701172,169.0,64.36181640625
2021-02-25,355.0093994140625,302.8638916015625,97.1744613647461,165.82000732421875,63.26621627807617
2021-02-26,353.18023681640625,304.132080078125,97.96437072753906,161.80999755859375,62.372886657714844
2021-03-01,361.74127197265625,313.2810974121094,97.91328430175781,161.52999877929688,63.54432678222656
2021-03-02,358.9185791015625,308.2564392089844,97.93031311035156,162.41000366210938,63.47690200805664
2021-03-03,354.1643981933594,299.3108215332031,97.5729751586914,160.6199951171875,63.0892333984375
2021-03-04,349.7817077636719,294.41204833984375,97.2922592163086,159.0399932861328,62.49088668823242
2021-03-05,356.21649169921875,298.8460998535156,97.22416687011719,159.13999938964844,62.89540481567383
2021-03-08,354.4429931640625,290.3845520019531,96.8413314819336,157.49000549316406,62.6762809753418
2021-03-09,359.5035400390625,301.83758544921875,97.20716094970703,160.83999633789062,63.51905059814453
2021-03-10,361.74127197265625,300.9759826660156,97.36881256103516,161.66000366210938,63.78872299194336
2021-03-11,365.40911865234375,307.90802001953125,97.3603286743164,161.52000427246094,64.12583923339844
2021-03-12,365.9012145996094,305.4100646972656,96.80730438232422,161.49000549316406,64.28597259521484
2021-03-15,368.0832824707031,308.672607421875,96.9094009399414,162.1999969482422,64.3365249633789
2021-03-16,367.61895751953125,310.366943359375,96.87537384033203,162.35000610351562,64.44609832763672
2021-03-17,368.87249755859375,311.6448974609375,96.86688232421875,163.50999450683594,64.8253173828125
2021-03-18,363.5055847167969,302.0989990234375,96.49254608154297,162.55999755859375,64.23538208007812
2021-03-19,362.8329772949219,303.16400146484375,96.56908416748047,163.24000549316406,64.4123764038086
2021-03-22,365.73016357421875,308.8493347167969,96.7562484741211,163.0,64.47137451171875
2021-03-23,362.8515319824219,307.50189208984375,97.00298309326172,161.80999755859375,63.57804489135742
2021-03-24,361.00701904296875,302.31585693359375,97.12210845947266,162.3699951171875,63.25779342651367
2021-03-25,363.03790283203125,301.7923889160156,97.071044921875,161.77999877929688,63.729740142822266
2021-03-26,368.8882141113281,306.3193359375,96.9094009399414,162.24000549316406,64.55564880371094
2021-03-29,368.7019348144531,306.23211669921875,96.74775695800781,160.30999755859375,64.30282592773438
2021-03-30,367.7237854003906,304.6907653808594,96.82430267333984,157.57000732421875,64.2185287475586
2021-03-31,369.21429443359375,309.3533935546875,96.8413314819336,159.9600067138672,63.9404296875
2021-04-01,373.2013854980469,314.62677001953125,97.16688537597656,161.97999572753906,64.77476501464844
2021-04-05,378.55810546875,320.90826416015625,96.9708251953125,161.9199981689453,65.7186508178711
2021-04-06,378.33447265625,320.6853332519531,97.3116455078125,163.22000122070312,65.01915740966797
2021-04-07,378.77239990234375,321.4607849121094,97.15829467773438,162.75999450683594,65.15401458740234
2021-04-08,380.5703430175781,324.8147888183594,97.39686584472656,164.50999450683594,65.52481842041016
2021-04-09,383.3371276855469,326.78253173828125,97.28609466552734,163.27000427246094,65.72708129882812
2021-04-12,383.47686767578125,326.35614013671875,97.26055145263672,162.27999877929688,65.36469268798828
2021-04-13,384.6133117675781,330.16571044921875,97.54170989990234,163.42999267578125,65.7439193725586
2021-04-14,383.2997741699219,326.200927734375,97.46499633789062,162.72000122070312,65.79450988769531
2021-04-15,387.41741943359375,331.14471435546875,97.84844207763672,165.35000610351562,66.34230041503906
2021-04-16,388.7123718261719,331.5325012207031,97.59281921386719,166.35000610351562,66.82268524169922
2021-04-19,386.8026123046875,328.4983825683594,97.51614379882812,165.88999938964844,66.70468139648438
2021-04-20,383.9706115722656,326.10400390625,97.6695327758789,166.47999572753906,65.50796508789062
2021-04-21,387.6037902832031,328.8958435058594,97.76325225830078,168.1300048828125,66.18217468261719
2021-04-22,384.06365966796875,324.9309997558594,97.78882598876953,167.0399932861328,65.96305847167969
2021-04-23,388.2279357910156,329.0218505859375,97.77176666259766,166.39999389648438,66.63727569580078
2021-04-26,389.0382995605469,331.1640625,97.68655395507812,166.83999633789062,66.68783569335938
2021-04-27,388.95452880859375,329.72943115234375,97.44802856445312,166.4199981689453,66.46871948242188
2021-04-28,388.8427429199219,328.61474609375,97.49910736083984,166.91000366210938,66.63727569580078
2021-04-29,391.3207092285156,329.79730224609375,97.44802856445312,166.22000122070312,66.66255187988281
2021-04-30,388.7495422363281,327.63568115234375,97.55025482177734,165.66000366210938,65.82821655273438
2021-05-03,389.5880126953125,325.8907470703125,97.61253356933594,167.80999755859375,66.55299377441406
2021-05-04,387.1845703125,320.0260925292969,97.73200988769531,166.5800018310547,65.56695556640625
2021-05-05,387.3056335449219,318.9501037597656,97.80879974365234,167.27000427246094,66.46028137207031
2021-05-06,390.3985595703125,321.3541564941406,97.8258285522461,170.05999755859375,67.00809478759766
2021-05-07,393.2398376464844,323.9617004394531,97.80023193359375,171.58999633789062,67.7665786743164
2021-05-10,389.34576416015625,315.7802734375,97.64666748046875,172.11000061035156,67.40418243408203
2021-05-11,385.8710021972656,315.3440856933594,97.4333267211914,172.13999938964844,66.51927947998047
2021-05-12,377.6730651855469,307.1820983886719,97.09197998046875,170.42999267578125,65.4573974609375
2021-05-13,382.2098388671875,309.5570373535156,97.31392669677734,171.1300048828125,65.94619750976562
2021-05-14,388.078857421875,316.3910217285156,97.53573608398438,172.69000244140625,67.05021667480469
2021-05-17,387.09130859375,314.47161865234375,97.45040130615234,174.6999969482422,66.92381286621094
2021-05-18,383.75634765625,312.3487548828125,97.3309326171875,175.0399932861328,67.06707000732422
2021-05-19,382.7501525878906,312.70745849609375,97.19437408447266,175.16000366210938,66.47712707519531
2021-05-20,386.8677673339844,318.7561950683594,97.52719116210938,175.9600067138672,67.35362243652344
2021-05-21,386.5510559082031,316.9920349121094,97.56986236572266,176.0399932861328,67.4463119506836
2021-05-24,390.4916687011719,322.3234558105469,97.6637191772461,176.35000610351562,67.85928344726562
2021-05-25,389.6252746582031,322.7693786621094,97.90265655517578,177.9499969482422,67.87613677978516
2021-05-26,390.3985595703125,323.8939208984375,97.86852264404297,177.63999938964844,67.833984375
2021-05-27,390.60345458984375,322.68212890625,97.74903869628906,177.7100067138672,67.96041107177734
2021-05-28,391.3020935058594,323.70001220703125,97.74903869628906,178.3800048828125,68.12055206298828
2021-06-01,390.9574890136719,322.6240539550781,97.70376586914062,177.89999389648438,68.36492919921875
2021-06-02,391.5722351074219,323.25408935546875,97.83193969726562,178.77000427246094,68.59246063232422
2021-06-03,390.1189270019531,319.8904113769531,97.60121154785156,175.27000427246094,68.25537109375
2021-06-04,393.68695068359375,325.3188781738281,98.00286865234375,177.16000366210938,68.83687591552734
2021-06-07,393.3050231933594,326.28814697265625,97.93450164794922,177.8699951171875,69.06440734863281
2021-06-08,393.388916015625,326.443359375,98.11398315429688,177.32000732421875,69.03070068359375
2021-06-09,392.8019104003906,326.5208740234375,98.31055450439453,176.97999572753906,68.84532165527344
2021-06-10,394.62786865234375,329.92333984375,98.515625,177.74000549316406,69.03496551513672
2021-06-11,395.2799987792969,330.7861022949219,98.47291564941406,175.74000549316406,69.19728088378906
2021-06-14,396.1649475097656,333.95587158203125,98.22505950927734,174.7100067138672,69.31687927246094
2021-06-15,395.4383239746094,331.77484130859375,98.2677993774414,174.0500030517578,69.40230560302734
2021-06-16,393.2304992675781,330.5631103515625,97.95159912109375,171.11000061035156,68.97515869140625
2021-06-17,393.10009765625,334.76043701171875,98.25922393798828,165.85000610351562,68.49675750732422
2021-06-18,387.7969665527344,332.133544921875,98.5241470336914,164.92999267578125,67.07862854003906
2021-06-21,393.3487243652344,334.1976623535156,98.2677993774414,166.9499969482422,67.95856475830078
2021-06-22,395.4516296386719,337.3129577636719,98.37033081054688,166.25,67.96709442138672
2021-06-23,394.9749755859375,337.4779357910156,98.31907653808594,166.13999938964844,67.53141784667969
2021-06-24,397.3114929199219,339.5644836425781,98.35326385498047,166.0399932861328,68.18067169189453
2021-06-25,398.7228088378906,339.1471862792969,98.15667724609375,166.58999633789062,68.32589721679688
2021-06-28,399.5266418457031,343.27178955078125,98.43870544433594,166.5800018310547,67.89021301269531
2021-06-29,399.7414855957031,344.5140075683594,98.48995971679688,164.8300018310547,67.90729522705078
2021-06-30,400.0780029296875,343.9705505371094,98.55834197998047,165.6300048828125,67.38616943359375
2021-07-01,402.2930908203125,344.10638427734375,98.50359344482422,166.1999969482422,67.54850769042969
2021-07-02,405.36810302734375,348.05633544921875,98.71751403808594,167.2899932861328,67.77916717529297
2021-07-06,404.629638671875,349.5605773925781,99.03414154052734,168.1199951171875,67.3349380493164
2021-07-07,406.0596618652344,350.2981262207031,99.2052993774414,168.75999450683594,67.70226287841797
2021-07-08,402.7511291503906,348.18243408203125,99.31653594970703,168.64999389648438,66.83090209960938
2021-07-09,407.05035400390625,350.3563537597656,98.99134826660156,169.2100067138672,67.96709442138672
2021-07-12,408.5083923339844,351.7247314453125,98.93144989013672,169.0,68.25756072998047
2021-07-13,407.11578369140625,351.7247314453125,98.71751403808594,169.22000122070312,67.89876556396484
2021-07-14,407.7232971191406,352.35552978515625,99.05126190185547,171.0399932861328,68.05252838134766
2021-07-15,406.3306884765625,349.88079833984375,99.26521301269531,171.07000732421875,67.40327453613281
2021-07-16,403.1435852050781,347.0470275878906,99.17961120605469,169.41000366210938,66.90778350830078
2021-07-19,397.1900634765625,344.2033996582031,99.70162200927734,169.61000061035156,65.69469451904297
2021-07-20,402.8819274902344,348.2018127441406,99.60749053955078,169.38999938964844,66.17308807373047
2021-07-21,406.14373779296875,350.89013671875,99.28228759765625,168.75999450683594,67.18114471435547
2021-07-22,406.9942626953125,353.20947265625,99.51333618164062,169.08999633789062,67.20677947998047
2021-07-23,411.1814880371094,357.3341064453125,99.44490814208984,168.55999755859375,67.6766357421875
2021-07-26,412.1908264160156,357.6155090332031,99.35932159423828,168.16000366210938,67.77062225341797
2021-07-27,410.312255859375,353.6754455566406,99.5903549194336,168.44000244140625,67.49723052978516
2021-07-28,410.14398193359375,355.03411865234375,99.68451690673828,169.2899932861328,67.78770446777344
2021-07-29,411.8450012207031,355.6649475097656,99.52191925048828,171.1699981689453,68.25756072998047
2021-07-30,409.8450012207031,353.811279296875,99.6588363647461,169.82000732421875,67.90729522705078
2021-08-02,408.9850769042969,353.8404235839844,99.87049102783203,169.61000061035156,68.2490234375
2021-08-03,412.3123474121094,355.98516845703125,99.90480041503906,169.49000549316406,68.7359619140625
2021-08-04,410.2841796875,356.4996337890625,99.89618682861328,169.52999877929688,68.53093719482422
2021-08-05,412.8825378417969,358.7608642578125,99.67340087890625,168.86000061035156,68.86410522460938
2021-08-06,413.5646667480469,357.1886291503906,99.22774505615234,164.63999938964844,68.60781860351562
2021-08-09,413.228271484375,357.8485107421875,99.0478286743164,161.72000122070312,68.57364654541016
2021-08-10,413.74237060546875,356.01434326171875,98.91925811767578,161.77000427246094,68.72740936279297
2021-08-11,414.7704162597656,355.4028625488281,99.01354217529297,164.0,69.19728088378906
2021-08-12,416.01348876953125,356.6839599609375,99.02210998535156,164.0399932861328,69.1374740600586
2021-08-13,416.7705383300781,357.93597412109375,99.38201141357422,166.38999938964844,69.55606079101562
2021-08-16,417.75189208984375,358.0911560058594,99.43345642089844,167.22000122070312,69.19728088378906
2021-08-17,415.013427734375,354.9371032714844,99.35633087158203,166.97000122070312,68.54801940917969
2021-08-18,410.47113037109375,351.52099609375,99.36488342285156,167.10000610351562,68.2831802368164
2021-08-19,411.106689453125,353.21929931640625,99.5362777709961,166.61000061035156,67.60829162597656
2021-08-20,414.3778991699219,356.8780517578125,99.54483795166016,166.6999969482422,67.87312316894531
2021-08-23,418.02294921875,362.2157897949219,99.54483795166016,168.72999572753906,68.50530242919922
2021-08-24,418.6864929199219,363.3221435546875,99.39916229248047,168.64999389648438,68.65052795410156
2021-08-25,419.5650939941406,363.7394104003906,99.21062469482422,167.47999572753906,68.67615509033203
2021-08-26,417.08831787109375,361.42962646484375,99.2192153930664,167.6699981689453,68.31736755371094
2021-08-27,420.8175048828125,364.9427795410156,99.4934310913086,170.19000244140625,68.94098663330078
2021-08-30,422.6680603027344,369.0382385253906,99.60485076904297,169.35000610351562,68.92391204833984
2021-08-31,422.0419006347656,368.7373962402344,99.45918273925781,169.69000244140625,68.88973236083984
2021-09-01,422.26611328125,369.3487854003906,99.49091339111328,169.6999969482422,69.51335144042969
2021-09-02,423.56524658203125,369.1741638183594,99.5938720703125,169.25,69.79527282714844
2021-09-03,423.46240234375,370.3095397949219,99.42224884033203,171.05999755859375,70.11136627197266
2021-09-07,421.9483642578125,370.8337097167969,99.15621948242188,167.7100067138672,70.16260528564453
2021-09-08,421.4343566894531,369.5429382324219,99.31926727294922,167.2899932861328,69.60734558105469
2021-09-09,419.6304931640625,368.2715759277344,99.63681030273438,168.02999877929688,69.48773193359375
2021-09-10,416.3219299316406,365.47662353515625,99.4394302368164,167.17999267578125,69.33396911621094
2021-09-13,417.38739013671875,365.2242431640625,99.56810760498047,167.74000549316406,69.88069152832031
2021-09-14,415.135009765625,364.1857604980469,99.79129791259766,168.82000732421875,69.59024047851562
2021-09-15,418.6024475097656,366.8934631347656,99.69685363769531,167.8300018310547,69.79527282714844
2021-09-16,417.9388427734375,367.1457824707031,99.52523040771484,164.02999877929688,69.68421936035156
2021-09-17,413.86761474609375,362.7980041503906,99.4394302368164,163.77000427246094,68.77012634277344
2021-09-20,406.9667663574219,355.3014831542969,99.62822723388672,164.94000244140625,67.49723052978516
2021-09-21,406.5823059082031,355.73870849609375,99.67111206054688,166.0399932861328,68.16358947753906
2021-09-22,410.5484924316406,359.0613708496094,99.70543670654297,165.4199981689453,68.50530242919922
2021-09-23,415.53668212890625,362.37445068359375,99.21630096435547,163.50999450683594,69.24853515625
2021-09-24,416.22113037109375,362.71441650390625,99.04463958740234,163.3000030517578,68.5992660522461
2021-09-27,415.03033447265625,359.8191833496094,98.90733337402344,163.63999938964844,68.55655670166016
2021-09-28,406.6667175292969,349.6372375488281,98.49541473388672,162.0500030517578,67.06156158447266
2021-09-29,407.3511962890625,349.0639953613281,98.56404113769531,161.32000732421875,66.90778350830078
2021-09-30,402.3724365234375,347.7814025878906,98.54692077636719,164.22000122070312,66.64293670654297
2021-10-01,407.154296875,349.93841552734375,98.84771728515625,164.58999633789062,66.80526733398438
2021-10-04,401.9035949707031,342.59332275390625,98.77899169921875,165.36000061035156,66.1047592163086
2021-10-05,406.08538818359375,347.218017578125,98.54690551757812,164.58999633789062,66.55753326416016
2021-10-06,407.7730407714844,349.4429931640625,98.58984375,165.02999877929688,66.11329650878906
2021-10-07,411.2985534667969,352.64910888671875,98.31481170654297,164.16000366210938,66.62586212158203
2021-10-08,410.5484924316406,350.89056396484375,98.0999526977539,164.22999572753906,66.61731719970703
2021-10-11,407.576171875,348.1993408203125,97.9451904296875,163.9199981689453,66.40375518798828
2021-10-12,406.572998046875,346.9848327636719,98.30621337890625,164.66000366210938,66.43791198730469
2021-10-13,408.03564453125,349.7634582519531,98.52970123291016,167.58999633789062,67.09573364257812
2021-10-14,414.8990478515625,356.2049255371094,98.71878051757812,168.0,67.76207733154297
2021-10-15,418.0588073730469,358.44927978515625,98.47809600830078,165.3300018310547,68.32589721679688
2021-10-18,419.2965087890625,362.0538024902344,98.40935516357422,164.9199981689453,68.03543853759766
2021-10-19,422.5313415527344,364.7936706542969,98.12571716308594,165.4499969482422,68.44549560546875
2021-10-20,424.19091796875,364.3175964355469,98.05694580078125,166.89999389648438,68.68470001220703
2021-10-21,425.29730224609375,366.54241943359375,97.85067749023438,166.75,68.36007690429688
2021-10-22,424.8565979003906,363.4626159667969,98.03973388671875,167.77000427246094,68.77012634277344
2021-10-25,427.1351013183594,367.1836242675781,98.13429260253906,168.92999267578125,68.6334457397461
2021-10-26,427.5194091796875,368.33978271484375,98.31481170654297,167.67999267578125,68.77012634277344
2021-10-27,425.6254577636719,369.1947937011719,98.64142608642578,168.1199951171875,68.49675750732422
2021-10-28,429.7322998046875,373.29473876953125,98.5640640258789,168.0800018310547,69.16310119628906
2021-10-29,430.604248046875,375.13104248046875,98.53829193115234,166.64999389648438,68.76158142089844
2021-11-01,431.3450012207031,376.4134826660156,98.47798156738281,167.52000427246094,69.42793273925781
2021-11-02,433.0889892578125,377.9875183105469,98.6760482788086,167.16000366210938,69.28271484375
2021-11-03,435.7330627441406,382.00006103515625,98.47798156738281,165.77000427246094,69.8465347290039
2021-11-04,437.7865295410156,386.8967590332031,98.80518341064453,167.64999389648438,69.8038101196289
2021-11-05,439.305419921875,387.2659606933594,99.19257354736328,169.83999633789062,69.90633392333984
2021-11-08,439.6804504394531,386.74127197265625,99.01179504394531,170.4499969482422,69.89778900146484
2021-11-09,438.2271728515625,384.07916259765625,99.28726196289062,171.2899932861328,69.74401092529297
2021-11-10,434.7016906738281,378.43438720703125,98.61575317382812,173.14999389648438,68.89826202392578
2021-11-11,434.8423156738281,379.4836730957031,98.43499755859375,174.1199951171875,69.14602661132812
2021-11-12,438.1239929199219,383.4768371582031,98.41773986816406,174.4499969482422,69.52188873291016
2021-11-15,438.2740783691406,383.38934326171875,98.0561752319336,174.17999267578125,69.39376068115234
2021-11-16,440.0086669921875,386.11944580078125,98.0217514038086,172.9199981689453,69.23999786376953
2021-11-17,438.93975830078125,386.32354736328125,98.25420379638672,174.5,69.15455627441406
2021-11-18,440.4306945800781,390.32635498046875,98.34027862548828,173.94000244140625,69.222900390625
2021-11-19,439.64300537109375,392.502685546875,98.5296859741211,172.61000061035156,68.6334457397461
2021-11-22,438.4053039550781,387.946044921875,98.0561752319336,168.74000549316406,68.23193359375
2021-11-23,438.986572265625,386.1777648925781,97.66879272460938,167.27999877929688,68.16358947753906
2021-11-24,440.15863037109375,387.4214172363281,97.89263916015625,167.1199951171875,67.7108154296875
2021-11-26,430.34173583984375,380.0763854980469,98.58992767333984,166.85000610351562,65.89118194580078
2021-11-29,435.62054443359375,388.32489013671875,98.64158630371094,166.6199951171875,66.22435760498047
2021-11-30,427.1443786621094,382.621826171875,98.80518341064453,165.5,65.6434326171875
2021-12-01,422.4001159667969,376.11224365234375,98.82413482666016,166.16000366210938,65.26756286621094
2021-12-02,428.8697509765625,378.8230285644531,98.806884765625,165.24000549316406,66.0791244506836
2021-12-03,425.137939453125,372.23577880859375,99.20345306396484,166.6300048828125,65.80575561523438
2021-12-06,430.17303466796875,375.218505859375,98.85861206054688,166.22000122070312,66.43791198730469
2021-12-07,439.071044921875,386.51776123046875,98.70343017578125,166.80999755859375,67.83895874023438
2021-12-08,440.2337951660156,388.24725341796875,98.44479370117188,166.89999389648438,67.96709442138672
2021-12-09,437.26141357421875,382.534423828125,98.45340728759766,165.8800048828125,67.40327453613281
2021-12-10,441.37762451171875,386.6927490234375,98.47929382324219,166.5800018310547,67.54850769042969
2021-12-13,437.4677429199219,381.1062316894531,98.82413482666016,167.0,66.9157485961914
2021-12-14,434.4578857421875,377.16168212890625,98.63446044921875,165.44000244140625,66.55941009521484
2021-12-15,441.2463073730469,385.75994873046875,98.55686950683594,166.14999389648438,67.46332550048828
2021-12-16,437.3551940917969,375.8403015136719,98.6923828125,168.16000366210938,67.47200012207031
2021-12-17,432.700439453125,373.9652099609375,98.81319427490234,167.8000030517578,66.6202392578125
2021-12-20,428.099365234375,370.3375549316406,98.66647338867188,167.08999633789062,66.47250366210938
2021-12-21,435.70196533203125,378.6258544921875,98.58882141113281,167.02000427246094,67.21127319335938
2021-12-22,440.05841064453125,383.23699951171875,98.67513275146484,168.58999633789062,67.8370590209961
2021-12-23,442.7965393066406,386.12628173828125,98.55427551269531,168.97000122070312,68.23686218261719
2021-12-27,449.06304931640625,392.5078125,98.60606384277344,169.3699951171875,68.76704406738281
2021-12-28,448.6961364746094,390.6886291503906,98.56292724609375,168.63999938964844,68.7931137084961
2021-12-29,449.2701110839844,390.63031005859375,98.2695083618164,168.58999633789062,68.76704406738281
2021-12-30,448.0280456542969,389.4629821777344,98.4852523803711,169.8000030517578,68.5867691040039
2021-12-31,446.8988952636719,387.031005859375,98.45073699951172,170.9600067138672,68.52579498291016
2022-01-03,449.4864807128906,390.75677490234375,97.77759552001953,168.3300018310547,68.96997833251953
2022-01-04,449.3359375,385.68841552734375,97.76898193359375,169.57000732421875,69.36190032958984
2022-01-05,440.7076416015625,373.8397521972656,97.4669418334961,169.05999755859375,68.75224304199219
2022-01-06,440.2936706542969,373.5770263671875,97.36336517333984,166.99000549316406,68.40386199951172
2022-01-07,438.55291748046875,369.5301208496094,97.07853698730469,167.75,68.60417175292969
2022-01-10,438.0072326660156,369.7733459472656,96.99229431152344,168.25999450683594,67.96839141845703
2022-01-11,441.9967956542969,375.328125,97.17347717285156,170.2899932861328,68.70870208740234
2022-01-12,443.1917724609375,376.81646728515625,97.17347717285156,170.74000549316406,69.37932586669922
2022-01-13,437.0851135253906,367.3899230957031,97.34606170654297,170.16000366210938,68.87416076660156
2022-01-14,437.2638854980469,369.67608642578125,96.80239868164062,169.6699981689453,68.80451202392578
2022-01-18,429.52008056640625,360.4732971191406,96.215576171875,169.38999938964844,67.79420471191406
2022-01-19,425.0601501464844,356.5140380859375,96.4227066040039,172.0800018310547,67.73324584960938
2022-01-20,420.3554992675781,351.8834228515625,96.47450256347656,171.64999389648438,67.40227508544922
2022-01-21,412.1037292480469,342.1262512207031,96.85420227050781,171.08999633789062,66.48778533935547
2022-01-24,413.8537902832031,343.69232177734375,96.74201202392578,172.02999877929688,65.82586669921875
2022-01-25,408.8010559082031,335.7251281738281,96.64704132080078,172.5800018310547,65.42523956298828
2022-01-26,407.7755432128906,335.1998596191406,96.1033935546875,169.7899932861328,65.17266845703125
2022-01-27,405.761962890625,331.8241882324219,96.4227066040039,167.60000610351562,64.86782836914062
2022-01-28,415.8392333984375,342.23321533203125,96.49176025390625,167.10000610351562,65.0855712890625
2022-01-31,423.3288269042969,353.17730712890625,96.48310089111328,168.08999633789062,66.03490447998047
2022-02-01,426.1893310546875,355.5801086425781,96.44937133789062,168.22999572753906,66.66197204589844
2022-02-02,430.32940673828125,358.46929931640625,96.55309295654297,168.83999633789062,67.15841674804688
2022-02-03,420.2145080566406,343.93560791015625,96.16417694091797,168.60000610351562,66.09586334228516
2022-02-04,422.1904296875,348.2743835449219,95.55923461914062,168.86000061035156,66.25262451171875
2022-02-07,420.8354797363281,345.4726867675781,95.64563751220703,170.11000061035156,66.36585235595703
2022-02-08,424.2980041503906,349.3541259765625,95.3518295288086,170.6300048828125,66.70552062988281
2022-02-09,430.5081787109375,356.7572021484375,95.4123306274414,171.2100067138672,67.7854995727539
2022-02-10,422.7737731933594,348.6828918457031,94.5307846069336,170.55999755859375,66.92325592041016
2022-02-11,414.4371643066406,337.62213134765625,95.15303039550781,173.80999755859375,65.91297149658203
2022-02-14,413.0822448730469,338.0404357910156,94.59990692138672,174.74000549316406,65.4862060546875
2022-02-15,419.7440185546875,346.4455261230469,94.4443588256836,173.0800018310547,66.68810272216797
2022-02-16,420.2145080566406,346.35784912109375,94.55670166015625,174.86000061035156,66.94066619873047
2022-02-17,411.23809814453125,336.0559387207031,94.7554931640625,177.25,65.8607177734375
2022-02-18,408.5753173828125,332.2230529785156,94.95426940917969,177.1199951171875,65.58201599121094
2022-02-22,404.19061279296875,328.8863220214844,94.85054016113281,177.49000549316406,64.8155746459961
2022-02-23,397.0208435058594,320.46185302734375,94.42709350585938,178.2899932861328,64.28429412841797
2022-02-24,402.9955749511719,331.2307434082031,94.59990692138672,177.13999938964844,63.42207336425781
2022-02-25,411.8873596191406,336.3671875,94.69499969482422,176.5500030517578,65.0071792602539
2022-02-28,410.83355712890625,337.3691101074219,95.37774658203125,178.3800048828125,63.77044677734375
2022-03-01,404.5764465332031,332.20355224609375,95.91520690917969,181.6199951171875,62.37693786621094
2022-03-02,412.0190734863281,337.77783203125,94.76409912109375,179.72999572753906,63.16078186035156
2022-03-03,409.9678039550781,332.95269775390625,95.08435821533203,180.8000030517578,61.91533279418945
2022-03-04,406.6369934082031,328.12750244140625,95.46517181396484,183.67999267578125,60.1212043762207
2022-03-07,394.6496887207031,316.02581787109375,94.91126251220703,186.41000366210938,58.213829040527344
2022-03-08,391.6576232910156,314.55682373046875,94.57367706298828,191.50999450683594,58.71897888183594
2022-03-09,402.158203125,325.8802795410156,94.37460327148438,185.82000732421875,61.175025939941406
2022-03-10,400.34222412109375,322.2614440917969,93.84667205810547,186.39999389648438,60.44343948364258
2022-03-11,395.2518615722656,315.5783386230469,93.82933044433594,185.08999633789062,59.79023742675781
2022-03-14,392.3632507324219,309.5177917480469,92.9205551147461,182.3000030517578,60.33893585205078
2022-03-15,400.9914855957031,319.2263488769531,93.1282958984375,178.88999938964844,60.913753509521484
2022-03-16,409.88323974609375,331.0653991699219,93.19754028320312,180.00999450683594,63.09981155395508
2022-03-17,415.0111389160156,335.0733947753906,93.35332489013672,180.88999938964844,63.631103515625
2022-03-18,419.5566711425781,341.93157958984375,93.56101989746094,179.3000030517578,64.24945068359375
2022-03-21,419.4339904785156,340.9809875488281,92.64359283447266,180.6699981689453,63.84882736206055
2022-03-22,424.342041015625,347.68212890625,92.39261627197266,179.36000061035156,64.44978332519531
2022-03-23,418.8771667480469,342.685546875,92.77344512939453,181.80999755859375,63.613677978515625
2022-03-24,425.1914367675781,350.3023376464844,92.56570434570312,183.1300048828125,64.2059097290039
2022-03-25,427.2679138183594,350.0101013183594,91.83003997802734,182.3800048828125,64.24076080322266
2022-03-28,430.30712890625,355.4256591796875,92.0550765991211,179.05999755859375,64.0317153930664
2022-03-29,435.63037109375,361.5423583984375,92.48783111572266,179.13999938964844,65.45136260986328
2022-03-30,432.9403991699219,357.5489196777344,92.73883819580078,180.5800018310547,65.18136596679688
2022-03-31,426.2769470214844,353.1171569824219,92.6955337524414,180.64999389648438,64.10140991210938
2022-04-01,427.4849853515625,352.4450988769531,92.53083801269531,179.5,64.70235443115234
2022-04-04,431.1470947265625,359.7014465332031,92.60884857177734,180.3699951171875,64.96363830566406
2022-04-05,425.7010803222656,351.7146301269531,91.67274475097656,179.24000549316406,64.08399963378906
2022-04-06,421.44439697265625,344.0783996582031,91.43869018554688,179.66000366210938,63.31754684448242
2022-04-07,423.5680236816406,344.8965148925781,91.23932647705078,180.33999633789062,63.456912994384766
2022-04-08,422.4354248046875,340.0751647949219,90.77992248535156,181.47000122070312,63.483036041259766
2022-04-11,415.2150573730469,332.0299377441406,90.38986206054688,182.3699951171875,62.812408447265625
2022-04-12,413.6766052246094,330.62725830078125,90.67589569091797,183.77000427246094,62.342105865478516
2022-04-13,418.4146423339844,337.3479919433594,90.8579330444336,184.64999389648438,63.01272964477539
2022-04-14,413.20465087890625,329.6338195800781,90.12113952636719,184.0399932861328,62.725311279296875
2022-04-18,413.37457275390625,329.8870544433594,89.84379577636719,184.61000061035156,62.35951614379883
2022-04-19,420.0474853515625,337.2602233886719,89.29767608642578,181.82000732421875,62.655635833740234
2022-04-20,419.7359924316406,332.341552734375,89.8091049194336,182.7100067138672,63.07369613647461
2022-04-21,413.4595642089844,325.4650573730469,89.31503295898438,182.05999755859375,62.39435577392578
2022-04-22,402.1145324707031,316.94244384765625,89.22835540771484,180.2899932861328,61.3753547668457
2022-04-25,404.4458312988281,321.0137939453125,89.8264389038086,177.0500030517578,61.079227447509766
2022-04-26,392.7327575683594,308.8971862792969,90.10379791259766,177.32000732421875,59.37218475341797
2022-04-27,393.8370361328125,308.52703857421875,89.73974609375,175.97999572753906,59.642189025878906
2022-04-28,403.78509521484375,319.4846496582031,89.70510864257812,176.92999267578125,60.48698806762695
2022-04-29,388.86297607421875,305.1082458496094,89.16766357421875,176.91000366210938,59.781524658203125
2022-05-02,391.2037353515625,310.20233154296875,88.68228149414062,173.6300048828125,59.63346862792969
2022-05-03,392.9970703125,310.5335388183594,88.8819808959961,174.08999633789062,60.07765197753906
2022-05-04,404.9649353027344,321.0333557128906,89.455078125,175.8000030517578,61.13148498535156
2022-05-05,390.57135009765625,304.86474609375,88.56938934326172,175.1300048828125,59.16315841674805
2022-05-06,388.239990234375,301.2122802734375,88.19599914550781,175.4199981689453,58.58833312988281
2022-05-09,375.8096923828125,289.4267272949219,88.6301498413086,172.8800048828125,56.820316314697266
2022-05-10,376.6780090332031,292.9429626464844,88.89936065673828,171.4199981689453,57.24708557128906
2022-05-11,370.6940002441406,284.25469970703125,89.22933197021484,172.82000732421875,56.907413482666016
2022-05-12,370.3069763183594,283.5826110839844,89.394287109375,170.1699981689453,56.76805877685547
2022-05-13,379.1603088378906,294.0922546386719,89.01221466064453,168.7899932861328,58.34447479248047
2022-05-16,377.6218566894531,290.6831970214844,89.21194458007812,170.39999389648438,58.396732330322266
2022-05-17,385.3896484375,298.2123107910156,88.72567749023438,169.3300018310547,59.48541259765625
2022-05-18,369.85394287109375,283.572998046875,89.08169555664062,169.4199981689453,58.06576919555664
2022-05-19,367.5887756347656,282.053466796875,89.3074722290039,171.91000366210938,58.62317657470703
2022-05-20,367.7491760253906,281.1768493652344,89.57665252685547,172.02999877929688,59.023799896240234
2022-05-23,374.6298522949219,285.8520812988281,89.28141021728516,172.8300018310547,60.025386810302734
2022-05-24,371.7699890136719,279.7742614746094,89.9674072265625,174.1300048828125,59.92958450317383
2022-05-25,375.0545654296875,283.68988037109375,90.34078979492188,173.0800018310547,59.947017669677734
2022-05-26,382.5487060546875,291.55010986328125,90.27131652832031,172.75999450683594,60.608917236328125
2022-05-27,391.93988037109375,301.066162109375,90.4189453125,172.85000610351562,61.34051513671875
2022-05-31,389.7407531738281,300.2674560546875,89.84581756591797,171.13999938964844,60.974727630615234
2022-06-01,386.5883483886719,298.04669189453125,89.47698974609375,172.22999572753906,60.33021926879883
2022-06-02,393.9502258300781,306.2088928222656,89.59008026123047,174.35000610351562,61.58439254760742
2022-06-03,387.4849548339844,298.2415466308594,89.44217681884766,172.5800018310547,60.70473098754883
2022-06-06,388.66485595703125,299.2349853515625,88.8941879272461,171.82000732421875,60.948604583740234
2022-06-07,392.3929748535156,301.8160705566406,89.23342895507812,172.94000244140625,61.13148498535156
2022-06-08,388.1268005371094,299.64410400390625,88.86808776855469,172.77999877929688,60.27796173095703
2022-06-09,378.8959655761719,291.61822509765625,88.77238464355469,172.22999572753906,59.01209259033203
2022-06-10,367.90966796875,281.3326721191406,88.08518981933594,174.5399932861328,57.58775329589844
2022-06-13,353.9407958984375,268.25177001953125,86.64115142822266,169.92999267578125,55.68269729614258
2022-06-14,352.874267578125,268.73876953125,86.12794494628906,168.57000732421875,55.157470703125
2022-06-15,357.90496826171875,275.44964599609375,87.08479309082031,170.77000427246094,56.19011688232422
2022-06-16,346.0596923828125,264.33636474609375,87.29358673095703,172.69000244140625,54.952720642089844
2022-06-17,346.8057861328125,267.55047607421875,87.28489685058594,171.27000427246094,54.730167388916016
2022-06-21,355.53607177734375,274.3006286621094,86.93692779541016,170.6300048828125,55.55807113647461
2022-06-22,354.8915100097656,273.9006042480469,87.67635345458984,171.30999755859375,55.184181213378906
2022-06-23,358.37042236328125,277.979736328125,88.04166412353516,170.25999450683594,55.121864318847656
2022-06-24,369.7643737792969,287.5043029785156,87.90247344970703,170.08999633789062,56.76874923706055
2022-06-27,368.3519592285156,285.3963928222656,87.5110092163086,169.89999389648438,56.52840042114258
2022-06-28,360.825439453125,276.7013244628906,87.54585266113281,169.6199951171875,56.145606994628906
2022-06-29,360.5316467285156,276.9550476074219,88.05037689208984,169.49000549316406,55.93195724487305
2022-06-30,357.6025695800781,273.5199890136719,88.45050811767578,168.4600067138672,55.62928771972656
2022-07-01,361.384765625,275.3254089355469,89.1877670288086,168.32000732421875,55.7628173828125
2022-07-05,362.0672302246094,280.0388488769531,89.35338592529297,164.75,54.5699348449707
2022-07-06,363.2900085449219,281.8345031738281,88.75205993652344,162.13999938964844,54.614444732666016
2022-07-07,368.7311096191406,287.8653564453125,88.55162048339844,162.22999572753906,55.44233703613281
2022-07-08,368.4277648925781,288.2264709472656,88.22047424316406,162.3000030517578,55.50465393066406
2022-07-11,364.2190856933594,282.0686340332031,88.63003540039062,161.42999267578125,54.60554122924805
2022-07-12,360.9961242675781,279.33624267578125,88.75205993652344,160.8300018310547,54.596641540527344
2022-07-13,359.1002502441406,278.7604064941406,89.07451629638672,161.60000610351562,54.5699348449707
2022-07-14,358.2281799316406,279.7558898925781,88.76077270507812,159.3300018310547,53.80434799194336
2022-07-15,365.07220458984375,284.83038330078125,89.10939025878906,159.00999450683594,54.65896224975586
2022-07-18,362.0577697753906,282.4199523925781,88.82174682617188,159.16000366210938,54.88151550292969
2022-07-19,371.8403625488281,291.1053161621094,88.69976043701172,159.5399932861328,56.37706756591797
2022-07-20,374.2100524902344,295.72125244140625,88.63877868652344,158.0399932861328,56.003173828125
2022-07-21,378.02069091796875,299.96636962890625,89.3794937133789,160.27000427246094,56.581809997558594
2022-07-22,374.5134582519531,294.70635986328125,90.07672119140625,160.6699981689453,56.43938064575195
2022-07-25,374.96844482421875,293.0278625488281,89.74554443359375,160.22999572753906,56.875579833984375
2022-07-26,370.5322265625,287.2701416015625,89.72811889648438,160.0399932861328,56.08329391479492
2022-07-27,380.15350341796875,299.4100646972656,90.0418472290039,161.6699981689453,57.409706115722656
2022-07-28,384.92156982421875,302.3377380371094,90.68673706054688,163.63999938964844,57.70347595214844
2022-07-29,390.53326416015625,307.8514404296875,90.69541931152344,164.10000610351562,58.504669189453125
2022-08-01,389.3767395019531,307.666015625,91.00981903076172,165.02999877929688,58.584781646728516
2022-08-02,386.8079528808594,306.7486877441406,90.07548522949219,164.0500030517578,57.650062561035156
2022-08-03,392.865234375,315.1022644042969,90.47718811035156,164.4499969482422,57.988338470458984
2022-08-04,392.5997314453125,316.5758056640625,90.69544982910156,167.1699981689453,58.28211975097656
2022-08-05,391.93621826171875,313.98974609375,89.6825942993164,165.2899932861328,57.872615814208984
2022-08-08,391.48114013671875,312.97479248046875,90.09298706054688,166.69000244140625,58.00615310668945
2022-08-09,389.9266052246094,309.432373046875,89.89215087890625,167.1999969482422,57.6945686340332
2022-08-10,398.1166076660156,318.06890869140625,90.11919403076172,166.77999877929688,58.99428176879883
2022-08-11,398.1166076660156,316.2635498046875,89.6389389038086,166.33999633789062,58.976478576660156
2022-08-12,404.8563537597656,322.4213562011719,90.0406265258789,167.8699951171875,59.43049240112305
2022-08-15,406.5245666503906,325.0269470214844,90.15410614013672,165.7100067138672,59.074398040771484
2022-08-16,407.3209228515625,324.26580810546875,90.02312469482422,165.4199981689453,59.05659484863281
2022-08-17,404.4297790527344,320.5671691894531,89.49048614501953,164.35000610351562,58.584781646728516
2022-08-18,405.6051940917969,321.338134765625,89.6825942993164,163.9199981689453,58.38893508911133
2022-08-19,400.1546630859375,315.0729675292969,89.05391693115234,162.72000122070312,57.58775329589844
2022-08-22,391.82244873046875,306.7779846191406,88.66976165771484,161.63999938964844,56.608516693115234
2022-08-23,390.8745422363281,306.5243225097656,88.63481903076172,162.77000427246094,56.63521957397461
2022-08-24,392.1257629394531,307.41229248046875,88.39904022216797,163.25,56.70643615722656
2022-08-25,397.6615905761719,312.8479919433594,88.88799285888672,163.75,57.32958984375
2022-08-26,384.2012023925781,300.02490234375,88.72213745117188,161.75999450683594,55.825130462646484
2022-08-29,381.6607360839844,297.0679931640625,88.29425811767578,161.86000061035156,55.70050048828125
2022-08-30,377.4709167480469,293.759765625,88.40778350830078,160.50999450683594,55.299903869628906
2022-08-31,374.59869384765625,292.052001953125,87.93624114990234,159.27000427246094,54.926021575927734
2022-09-01,375.7742004394531,292.17877197265625,87.55477142333984,157.8699951171875,54.1871452331543
2022-09-02,371.8118896484375,288.0508117675781,87.80852508544922,159.25999450683594,53.831058502197266
2022-09-06,370.4089660644531,285.98193359375,86.98606872558594,158.3300018310547,53.69752502441406
2022-09-07,377.0633544921875,291.75921630859375,87.58979034423828,159.94000244140625,54.169342041015625
2022-09-08,379.52789306640625,293.2718200683594,87.30982208251953,158.97999572753906,54.2049446105957
2022-09-09,385.4239196777344,299.6833190917969,87.30103302001953,159.82000732421875,55.58477020263672
2022-09-12,389.5663757324219,303.2452697753906,87.16983032226562,160.6300048828125,56.35926055908203
2022-09-13,372.6271057128906,286.6163330078125,86.67987823486328,158.5399932861328,54.400787353515625
2022-09-14,374.0489501953125,288.89007568359375,86.7936019897461,157.92999267578125,54.578834533691406
2022-09-15,369.80224609375,284.07904052734375,86.53112030029297,154.97999572753906,54.09812545776367
2022-09-16,366.9811096191406,282.3419494628906,86.4698715209961,155.83999633789062,53.768741607666016
2022-09-19,369.8270263671875,284.5406494140625,86.33863067626953,155.9600067138672,53.9556884765625
2022-09-20,365.5819396972656,282.2725524902344,85.95365142822266,155.07000732421875,53.03877639770508
2022-09-21,359.2048034667969,277.21807861328125,86.22492218017578,155.7899932861328,52.344398498535156
2022-09-22,356.1874694824219,273.8062438964844,85.30618286132812,155.6999969482422,52.19307327270508
2022-09-23,350.2196350097656,269.34820556640625,85.04373931884766,153.00999450683594,50.52837371826172
2022-09-26,346.7550048828125,268.23370361328125,83.95006561279297,151.22999572753906,49.78059768676758
2022-09-27,345.8699035644531,268.34130859375,83.59133911132812,151.5399932861328,49.44232177734375
2022-09-28,352.67535400390625,273.6791076660156,84.93876647949219,154.69000244140625,50.63520050048828
2022-09-29,345.30828857421875,265.78961181640625,84.49249267578125,154.66000366210938,50.03875732421875
2022-09-30,339.9685974121094,261.28271484375,84.29126739501953,154.6699981689453,49.86071014404297
2022-10-03,348.9442443847656,267.4124450683594,84.97611236572266,158.42999267578125,50.848846435546875
2022-10-04,359.7568054199219,275.8201904296875,85.2040786743164,160.6999969482422,52.88743209838867
2022-10-05,358.919189453125,275.67352294921875,84.75690460205078,159.80999755859375,52.326602935791016
2022-10-06,355.2167053222656,273.5031433105469,84.42369842529297,159.6300048828125,51.40968322753906
2022-10-07,345.30828857421875,263.08154296875,83.97650146484375,157.8800048828125,50.59069061279297
2022-10-10,342.6717834472656,260.45172119140625,83.59944152832031,155.47999572753906,50.30582046508789
2022-10-11,340.50164794921875,256.8736267089844,83.65205383300781,155.16000366210938,49.75389099121094
2022-10-12,339.3785095214844,256.7855529785156,83.72221374511719,155.99000549316406,49.59365463256836
2022-10-13,348.33514404296875,262.8078308105469,83.45913696289062,154.91000366210938,50.61739730834961
2022-10-14,340.39691162109375,254.90853881835938,83.00318145751953,152.97999572753906,49.86071014404297
2022-10-17,349.1441650390625,263.32598876953125,83.1785659790039,153.4199981689453,51.089210510253906
2022-10-18,353.24639892578125,265.40838623046875,83.31886291503906,153.75,51.45419692993164
2022-10-19,350.74310302734375,264.4405517578125,82.59983825683594,151.69000244140625,50.822147369384766
2022-10-20,347.802001953125,263.09136962890625,82.10002899169922,151.4499969482422,50.706417083740234
2022-10-21,356.254150390625,269.26025390625,82.22278594970703,154.14999389648438,51.62333679199219
2022-10-24,360.6134338378906,272.2224426269531,82.10880279541016,153.64999389648438,51.63223648071289
2022-10-25,366.3719482421875,277.8535461425781,82.91548919677734,154.0,52.77170944213867
2022-10-26,363.6116638183594,271.7140197753906,83.28377532958984,154.97999572753906,53.27022171020508
2022-10-27,361.6699523925781,266.76727294921875,83.70466613769531,154.74000549316406,52.77170944213867
2022-10-28,370.2742919921875,274.9305419921875,83.4942398071289,153.16000366210938,53.296932220458984
2022-10-31,367.5997619628906,271.733642578125,83.21363067626953,151.91000366210938,52.79841613769531
2022-11-01,365.9911804199219,268.9571228027344,83.36830139160156,153.4600067138672,53.21681213378906
2022-11-02,356.80615234375,259.73797607421875,83.22767639160156,152.38999938964844,52.44232940673828
2022-11-03,353.1321716308594,254.6641387939453,82.92008209228516,151.80999755859375,51.99722671508789
2022-11-04,358.2148742675781,258.7604064941406,82.91132354736328,156.47000122070312,54.080318450927734
2022-11-07,361.6413879394531,261.60528564453125,82.64764404296875,155.85000610351562,54.24945831298828
2022-11-08,363.59259033203125,263.5117492675781,82.99919128417969,159.4499969482422,54.86370086669922
2022-11-09,356.10186767578125,257.4307861328125,83.09586334228516,158.64999389648438,54.09812545776367
2022-11-10,375.6711730957031,276.4262390136719,84.87997436523438,163.47999572753906,57.13374328613281
2022-11-11,379.3070983886719,281.5196228027344,84.81839752197266,164.55999755859375,58.27321243286133
2022-11-14,376.0804138183594,279.0561828613281,84.58113861083984,164.9199981689453,57.65896224975586
2022-11-15,379.28802490234375,282.9177551269531,85.20511627197266,165.5,58.041751861572266
2022-11-16,376.39459228515625,279.0561828613281,85.732421875,165.1199951171875,57.908233642578125
2022-11-17,375.2428283691406,278.4402160644531,85.37210083007812,163.9199981689453,57.88151550292969
2022-11-18,376.946533203125,278.4499206542969,85.24906158447266,162.7899932861328,57.99724197387695
2022-11-21,375.5759582519531,275.5854797363281,85.19634246826172,161.8800048828125,57.5610466003418
2022-11-22,380.63006591796875,279.5547180175781,85.63575744628906,162.07000732421875,58.36222839355469
2022-11-23,383.0286865234375,282.36053466796875,86.14549255371094,163.0800018310547,59.00318145751953
2022-11-25,382.9429931640625,280.5030822753906,86.16307067871094,163.22000122070312,59.30585479736328
2022-11-28,376.832275390625,276.3871154785156,86.02245330810547,161.92999267578125,58.540283203125
2022-11-29,376.18511962890625,274.2950744628906,85.7148666381836,162.72999572753906,58.70941162109375
2022-11-30,388.0352478027344,286.7989807128906,86.38278198242188,164.80999755859375,59.75096130371094
2022-12-01,387.7496643066406,287.15093994140625,87.1015853881836,167.83999633789062,60.32958984375
2022-12-02,387.3022766113281,286.0071105957031,87.4627914428711,167.25999450683594,60.28507995605469
2022-12-05,380.33502197265625,281.2069396972656,86.7756576538086,164.38999938964844,59.4927978515625
2022-12-06,374.85260009765625,275.3802185058594,87.0311050415039,164.83999633789062,59.225730895996094
2022-12-07,374.21490478515625,274.2559509277344,87.80628967285156,166.3300018310547,59.225730895996094
2022-12-08,377.14642333984375,277.50164794921875,87.54203033447266,166.47000122070312,59.528404235839844
2022-12-09,374.3291015625,275.73211669921875,87.0223159790039,167.05999755859375,59.56402587890625
2022-12-12,379.7258605957031,279.19293212890625,87.03992462158203,165.67999267578125,59.742069244384766
2022-12-13,382.600341796875,282.1943359375,87.62130737304688,168.50999450683594,60.589359283447266
2022-12-14,380.1541748046875,280.1021728515625,87.81509399414062,168.10000610351562,60.53573989868164
2022-12-15,370.85491943359375,270.6973571777344,87.94400787353516,165.35000610351562,58.98949432373047
2022-12-16,366.4765625,268.1163330078125,87.71444702148438,166.7899932861328,58.471099853515625
2022-12-19,363.3689270019531,264.3483581542969,87.17588806152344,166.32000732421875,58.32810592651367
2022-12-20,363.8663024902344,264.1426086425781,86.58435821533203,169.0800018310547,58.56047821044922
2022-12-21,369.30694580078125,267.974365234375,86.82273864746094,168.8000030517578,59.16824722290039
2022-12-22,364.038330078125,261.4182434082031,86.79622650146484,166.75999450683594,58.685611724853516
2022-12-23,366.1323547363281,262.0062255859375,86.49608612060547,167.25999450683594,58.89118576049805
2022-12-27,364.6885681152344,258.3019104003906,85.86923217773438,168.6699981689453,58.98055648803711
2022-12-28,360.1562194824219,254.89163208007812,85.71910858154297,167.91000366210938,58.35491180419922
2022-12-29,366.6391906738281,261.1046447753906,86.03695678710938,168.85000610351562,59.2755012512207
2022-12-30,365.67340087890625,260.9478454589844,85.63082885742188,169.63999938964844,58.667728424072266
2023-01-03,364.13397216796875,259.18389892578125,86.13410186767578,171.05999755859375,59.18613052368164
2023-01-04,366.9450988769531,260.41864013671875,86.61083984375,172.6699981689453,59.972660064697266
2023-01-05,362.757080078125,256.34197998046875,86.54021453857422,170.52000427246094,59.37382507324219
2023-01-06,371.0758361816406,263.41741943359375,87.4848861694336,173.7100067138672,60.89324951171875
2023-01-09,370.865478515625,265.1225280761719,87.70561981201172,174.10000610351562,61.15243911743164
2023-01-10,373.4663391113281,267.3667297363281,87.37010192871094,174.74000549316406,61.331207275390625
2023-01-11,378.1899108886719,271.9921875,87.90866088867188,174.6199951171875,61.79596710205078
2023-01-12,379.5668029785156,273.462158203125,88.54431915283203,176.63999938964844,62.70762252807617
2023-01-13,381.039306640625,275.3437194824219,88.21768951416016,178.75999450683594,63.0383186340332
2023-01-17,380.34124755859375,275.9022521972656,88.05877685546875,177.58999633789062,63.23495864868164
2023-01-18,374.33642578125,272.3155822753906,88.93281555175781,177.0800018310547,63.01151657104492
2023-01-19,371.61138916015625,269.6402587890625,88.7297592163086,179.88999938964844,62.913185119628906
2023-01-20,378.5340881347656,277.01947021484375,88.3677749633789,179.2899932861328,63.46733474731445
2023-01-23,383.0760192871094,283.1737060546875,88.14704895019531,179.6300048828125,63.726539611816406
2023-01-24,382.6648254394531,282.595458984375,88.5355224609375,180.27999877929688,63.646095275878906
2023-01-25,382.8082580566406,281.96832275390625,88.64147186279297,181.11000061035156,64.06616973876953
2023-01-26,387.0154113769531,287.46600341796875,88.49140167236328,179.47000122070312,64.11978912353516
2023-01-27,387.9046936035156,290.3275451660156,88.35895538330078,179.22000122070312,63.99466323852539
2023-01-30,383.0376892089844,284.45745849609375,88.12056732177734,178.75999450683594,63.58353805541992
2023-01-31,388.6697082519531,288.72039794921875,88.4825668334961,179.41000366210938,63.94997024536133
2023-02-01,392.8003234863281,294.8941650390625,89.10652923583984,181.6699981689453,64.5219955444336
2023-02-02,398.518310546875,305.4779052734375,89.20386505126953,177.89999389648438,64.4326171875
2023-02-03,394.2825012207031,300.0488586425781,88.34537506103516,173.4600067138672,63.83378219604492
2023-02-06,391.8728332519531,297.5107421875,87.85858917236328,173.82000732421875,63.18132781982422
2023-02-07,396.9980163574219,303.67486572265625,87.70814514160156,173.97999572753906,63.71760177612305
2023-02-08,392.6568908691406,298.2751159667969,87.83203887939453,174.41000366210938,63.324337005615234
2023-02-09,389.2528991699219,295.6389465332031,87.48685455322266,173.02999877929688,63.44051742553711
2023-02-10,390.16131591796875,293.6986389160156,87.10631561279297,173.36000061035156,63.163455963134766
2023-02-13,394.74139404296875,298.4024963378906,87.371826171875,172.47999572753906,63.798038482666016
2023-02-14,394.5597229003906,300.6074523925781,87.06207275390625,172.61000061035156,63.91422653198242
2023-02-15,395.8409729003906,302.910400390625,86.89390563964844,170.88999938964844,63.62821578979492
2023-02-16,390.3907470703125,297.2265930175781,86.5310287475586,170.75,63.31539535522461
2023-02-17,389.41546630859375,295.12939453125,86.73458862304688,171.25999450683594,63.47626876831055
2023-02-21,381.60345458984375,288.14215087890625,85.92037200927734,170.6199951171875,62.77912139892578
2023-02-22,381.0775451660156,288.3578186035156,86.15045928955078,169.66000366210938,62.430538177490234
2023-02-23,383.10467529296875,290.8763427734375,86.46023559570312,169.57000732421875,62.75231170654297
2023-02-24,379.01220703125,286.0058288574219,85.96458435058594,168.35000610351562,61.70659255981445
2023-02-27,380.302978515625,288.0539855957031,86.13275146484375,169.00999450683594,62.43948745727539
2023-02-28,378.8974609375,287.68157958984375,86.1239242553711,169.77999877929688,61.98366165161133
2023-03-01,377.4440002441406,285.3688659667969,85.6306381225586,170.75999450683594,62.314353942871094
2023-03-02,380.3795166015625,287.7305908203125,85.4532241821289,170.66000366210938,62.43948745727539
2023-03-03,386.4799499511719,293.6790466308594,86.12744140625,172.49000549316406,63.351131439208984
2023-03-06,386.7476806640625,294.01220703125,85.91451263427734,171.6199951171875,63.19026184082031
2023-03-07,380.8193664550781,290.4059753417969,85.79917907714844,168.6199951171875,62.135597229003906
2023-03-08,381.4408874511719,291.8563232421875,85.71045684814453,168.5399932861328,62.475242614746094
2023-03-09,374.4033508300781,286.79962158203125,86.02101135253906,170.1999969482422,62.0194091796875
2023-03-10,369.0009460449219,282.7719421386719,87.02351379394531,173.8699951171875,61.3580207824707
2023-03-13,368.4750671386719,284.86907958984375,87.71551513671875,177.86000061035156,60.93794631958008
2023-03-14,374.5659484863281,291.415283203125,87.20096588134766,176.8300018310547,61.75127029418945
2023-03-15,372.2232666015625,292.9440612792969,88.07037353515625,178.2100067138672,59.838584899902344
2023-03-16,378.7539978027344,300.66619873046875,87.72439575195312,178.57000732421875,60.76811599731445
2023-03-17,374.32537841796875,299.2453308105469,88.27442932128906,183.77000427246094,60.044158935546875
2023-03-20,377.9247741699219,300.3072814941406,87.91956329345703,183.83999633789062,60.98263168334961
2023-03-21,382.88702392578125,304.5964050292969,87.65338897705078,180.3699951171875,61.90321731567383
2023-03-22,376.36016845703125,300.4544372558594,88.49622344970703,183.44000244140625,61.68871307373047
2023-03-23,377.3776550292969,304.0173034667969,88.70913696289062,185.74000549316406,61.697654724121094
2023-03-24,379.85400390625,305.13623046875,88.85997772216797,183.64999389648438,61.50996017456055
2023-03-27,380.5642395019531,303.0456237792969,87.90181732177734,181.9499969482422,62.09091567993164
2023-03-28,379.7099609375,301.43597412109375,87.76875305175781,183.44000244140625,62.11772918701172
2023-03-29,385.2290344238281,306.9323425292969,87.87519073486328,182.52999877929688,62.868499755859375
2023-03-30,387.4846496582031,309.8375244140625,87.97278594970703,184.17999267578125,63.60141372680664
2023-03-31,392.9461364746094,314.9903564453125,88.39864349365234,183.22000122070312,63.92315673828125
2023-04-03,394.4434509277344,314.2248840332031,88.78287506103516,184.5399932861328,64.4326171875
2023-04-04,392.25506591796875,313.16485595703125,89.11196899414062,187.97999572753906,64.44155883789062
2023-04-05,391.2279968261719,310.0731201171875,89.41436767578125,187.8300018310547,63.99466323852539
2023-04-06,392.7541198730469,312.16375732421875,89.33433532714844,186.49000549316406,64.2985610961914
2023-04-10,393.1572570800781,311.98699951171875,88.72061920166016,185.11000061035156,64.25386810302734
2023-04-11,393.2628479003906,309.9847412109375,88.77397155761719,186.27999877929688,64.4683609008789
2023-04-12,391.659912109375,307.2464294433594,88.88070678710938,187.19000244140625,64.87950897216797
2023-04-13,396.8622131347656,313.26300048828125,88.84512329101562,189.72000122070312,65.71072387695312
2023-04-14,395.89276123046875,312.6740417480469,88.40928649902344,186.36000061035156,65.44258117675781
2023-04-17,397.3133239746094,312.9390563964844,87.96458435058594,185.52999877929688,65.3263931274414
2023-04-18,397.57244873046875,312.95867919921875,88.08911895751953,186.25,65.68391418457031
2023-04-19,397.5052795410156,312.81146240234375,87.95569610595703,185.36000061035156,65.47834014892578
2023-04-20,395.3360900878906,310.4264221191406,88.35592651367188,186.08999633789062,65.47834014892578
2023-04-21,395.64324951171875,310.7503967285156,88.20471954345703,184.25,65.80903625488281
2023-04-24,396.0559387207031,310.10260009765625,88.5516357421875,184.80999755859375,65.9788589477539
2023-04-25,389.7690734863281,304.25286865234375,89.10307312011719,185.75,65.05825805664062
2023-04-26,388.1181640625,306.0980529785156,88.77397155761719,184.74000549316406,65.01358032226562
2023-04-27,395.8448486328125,314.421142578125,88.45376586914062,184.75,65.82691955566406
2023-04-28,399.2234802246094,316.59027099609375,88.90739440917969,184.8000030517578,65.80010223388672
2023-05-01,398.8203430175781,316.2270812988281,87.99699401855469,183.97000122070312,65.70178985595703
2023-05-02,394.337890625,313.46905517578125,88.85299682617188,187.52000427246094,65.04039001464844
2023-05-03,391.631103515625,311.417724609375,89.24532318115234,189.11000061035156,65.21021270751953
2023-05-04,388.857177734375,310.3184814453125,89.13832092285156,190.44000244140625,65.07614135742188
2023-05-05,396.0559387207031,316.9140930175781,88.85299682617188,187.4600067138672,66.032470703125
2023-05-08,396.1615905761719,317.69927978515625,88.36257934570312,187.69000244140625,66.05036163330078
2023-05-09,394.4242248535156,315.6872863769531,88.28236389160156,189.02000427246094,65.78223419189453
2023-05-10,396.2671813964844,319.12255859375,88.85299682617188,188.75,65.64816284179688
2023-05-11,395.5760498046875,320.1628723144531,89.12049865722656,187.1300048828125,65.48726654052734
2023-05-12,395.0577392578125,319.0145263671875,88.62116241455078,186.80999755859375,65.37108612060547
2023-05-15,396.4207458496094,320.7419738769531,88.39826202392578,187.2100067138672,65.8716049194336
2023-05-16,393.77154541015625,321.1051330566406,88.19319915771484,184.8699951171875,65.2459487915039
2023-05-17,398.5516052246094,324.9917907714844,88.05943298339844,184.22999572753906,65.54983520507812
2023-05-18,402.3908996582031,331.0279541015625,87.6492691040039,181.83999633789062,65.45153045654297
2023-05-19,401.80535888671875,330.281982421875,87.45313262939453,183.63999938964844,65.83585357666016
2023-05-22,401.9685363769531,331.3911437988281,87.37287139892578,183.2100067138672,65.8537368774414
2023-05-23,397.45733642578125,327.1903076171875,87.47093963623047,183.42999267578125,64.88843536376953
2023-05-24,394.5777587890625,325.5120544433594,87.24803924560547,181.9499969482422,63.941036224365234
2023-05-25,397.9948425292969,333.4326477050781,86.9270248413086,180.1999969482422,63.851661682128906
2023-05-26,403.14910888671875,341.95196533203125,86.99836730957031,180.9199981689453,64.47730255126953
2023-05-30,403.30267333984375,343.5027770996094,87.57794952392578,182.0399932861328,63.82484817504883
2023-05-31,401.0662841796875,341.5495910644531,87.8900146484375,182.32000732421875,63.163455963134766
2023-06-01,404.8768310546875,345.4952392578125,88.15644073486328,183.75999450683594,64.1019287109375
2023-06-02,410.7318420410156,348.08636474609375,87.6915512084961,181.0500030517578,64.93313598632812
2023-06-05,409.94476318359375,348.3316955566406,87.68264770507812,182.13999938964844,64.55774688720703
2023-06-06,410.83746337890625,348.2727966308594,87.78987884521484,182.33999633789062,65.09400939941406
2023-06-07,409.41680908203125,342.3642272949219,87.32500457763672,180.14999389648438,64.52153015136719
2023-06-08,411.89324951171875,346.6140441894531,87.78987884521484,182.52999877929688,65.20414733886719
2023-06-09,412.6322937011719,347.93902587890625,87.58427429199219,182.0399932861328,65.09492492675781
2023-06-12,416.3756408691406,353.8182678222656,87.73624420166016,181.8800048828125,65.3770751953125
2023-06-13,419.1207580566406,356.5369567871094,87.32500457763672,180.5399932861328,65.9959945678711
2023-06-14,419.619873046875,359.1280822753906,87.40544891357422,180.63999938964844,66.24172973632812
2023-06-15,424.8221740722656,363.4074401855469,88.0134048461914,181.91000366210938,66.94255828857422
2023-06-16,423.3751525878906,361.12054443359375,87.73624420166016,181.6300048828125,66.79694366455078
2023-06-20,421.1785888671875,360.60357666015625,87.89717864990234,179.75,65.91407775878906
2023-06-21,419.0205993652344,355.6893615722656,88.04022216796875,179.49000549316406,66.01419830322266
2023-06-22,420.5331726074219,359.8861389160156,87.58427429199219,177.7100067138672,65.60462188720703
2023-06-23,417.35394287109375,356.3184509277344,87.84354400634766,178.1999969482422,64.58523559570312
2023-06-26,415.648681640625,351.54180908203125,87.95083618164062,178.50999450683594,64.66716003417969
2023-06-27,420.2055969238281,357.586181640625,87.78096008300781,177.69000244140625,65.23146057128906
2023-06-28,420.41754150390625,358.2840881347656,88.04022216796875,177.27999877929688,65.27696990966797
2023-06-29,422.0745544433594,357.5665588378906,87.36077880859375,177.08999633789062,65.18595123291016
2023-06-30,427.0552978515625,363.0803527832031,87.56639099121094,178.27000427246094,65.98687744140625
2023-07-03,427.5467224121094,363.9354248046875,87.46331787109375,178.47000122070312,65.91407775878906
2023-07-05,426.9107666015625,363.9255676269531,87.06893920898438,177.83999633789062,65.17684173583984
2023-07-06,423.56781005859375,361.15399169921875,86.50425720214844,177.30999755859375,64.0482406616211
2023-07-07,422.4984436035156,359.954833984375,86.52217864990234,178.63999938964844,64.53062438964844
2023-07-10,423.56781005859375,360.07281494140625,86.7641830444336,178.77999877929688,64.71266174316406
2023-07-11,426.2653503417969,361.8518371582031,86.95240020751953,179.4499969482422,65.29515838623047
2023-07-12,429.6950378417969,366.4219970703125,87.66049194335938,181.8800048828125,66.5420913696289
2023-07-13,433.1054992675781,372.6434326171875,88.20726013183594,182.00999450683594,67.60697937011719
2023-07-14,432.8357849121094,372.56475830078125,87.7860107421875,181.42999267578125,67.2247085571289
2023-07-17,434.338623046875,376.0439758300781,87.88459777832031,181.55999755859375,67.14278411865234
2023-07-18,437.5660095214844,379.12030029296875,87.95628356933594,183.63999938964844,67.57968139648438
2023-07-19,438.5390319824219,379.03179931640625,88.22518157958984,183.6699981689453,67.54327392578125
2023-07-20,435.6295471191406,370.29443359375,87.76805877685547,182.74000549316406,67.1974105834961
2023-07-21,435.6295471191406,369.1837463378906,87.830810546875,182.17999267578125,67.33393096923828
2023-07-24,437.57568359375,369.77349853515625,87.6694564819336,181.39999389648438,67.17010498046875
2023-07-25,438.7702941894531,372.2796936035156,87.57086944580078,182.41000366210938,67.24290466308594
2023-07-26,438.83770751953125,371.04132080078125,87.85768127441406,183.3000030517578,67.4249496459961
2023-07-27,435.92822265625,370.15679931640625,87.10478973388672,180.4199981689453,67.27023315429688
2023-07-28,440.1960754394531,376.8990783691406,87.44540405273438,181.86000061035156,67.75261688232422
2023-07-31,441.0342712402344,377.0955810546875,87.55293273925781,182.35000610351562,67.77081298828125
2023-08-01,439.7721862792969,376.2209167480469,86.97325897216797,180.4600067138672,66.92436218261719
2023-08-02,433.6545715332031,367.9650573730469,86.76652526855469,179.60000610351562,65.67743682861328
2023-08-03,432.411865234375,367.3753356933594,86.18231201171875,179.5399932861328,65.49539184570312
2023-08-04,430.4561462402344,365.6553955078125,86.89237976074219,180.19000244140625,65.67743682861328
2023-08-07,434.21337890625,368.7513122558594,86.91032409667969,179.77999877929688,66.23262786865234
2023-08-08,432.3251037597656,365.6160583496094,87.11705017089844,178.63999938964844,65.83216094970703
2023-08-09,429.4349060058594,361.5962219238281,87.17994689941406,177.7899932861328,65.81395721435547
2023-08-10,429.589111328125,362.26458740234375,86.6137466430664,177.60000610351562,66.09611511230469
2023-08-11,429.33856201171875,359.954833984375,86.3441162109375,177.60000610351562,65.6501235961914
2023-08-14,431.70855712890625,363.9943542480469,86.28119659423828,177.05999755859375,65.35887908935547
2023-08-15,426.6795959472656,360.1318664550781,86.04752349853516,176.58999633789062,64.548828125
2023-08-16,423.548583984375,356.3184509277344,85.84082794189453,175.57000732421875,64.02093505859375
2023-08-17,420.3211975097656,352.4263916015625,85.75090789794922,175.3000030517578,63.56584930419922
2023-08-18,420.52349853515625,351.9840393066406,85.93968200683594,175.3300018310547,63.56584930419922
2023-08-21,423.2595520019531,357.6550598144531,85.50826263427734,175.80999755859375,63.802494049072266
2023-08-22,422.113037109375,357.1440124511719,85.59812927246094,176.10000610351562,63.68416976928711
2023-08-23,426.814453125,362.775634765625,86.41603088378906,177.88999938964844,64.37589263916016
2023-08-24,420.8992919921875,355.02105712890625,86.21827697753906,177.85000610351562,63.493038177490234
2023-08-25,423.866455078125,357.77301025390625,86.16435241699219,177.6199951171875,63.92081069946289
2023-08-28,426.554443359375,360.4659729003906,86.35311126708984,178.1300048828125,64.59434509277344
2023-08-29,432.7201232910156,368.33856201171875,86.91032409667969,179.8699951171875,65.39527893066406
2023-08-30,434.5023498535156,370.3926086425781,86.87438201904297,180.32000732421875,65.35887908935547
2023-08-31,433.8665466308594,371.5032653808594,87.0002212524414,180.02000427246094,65.10401916503906
2023-09-01,434.6758728027344,371.1100769042969,86.54962921142578,180.11000061035156,65.06761932373047
2023-09-05,432.79718017578125,371.5819091796875,86.08100891113281,178.63999938964844,64.5033187866211
2023-09-06,429.8876953125,368.3090515136719,85.9999008178711,177.8300018310547,64.36680603027344
2023-09-07,428.56787109375,365.6749572753906,86.27025604248047,178.02000427246094,64.15745544433594
2023-09-08,429.2133483886719,366.18609619140625,86.3153076171875,178.0800018310547,64.06644439697266
2023-09-11,432.03607177734375,370.50079345703125,86.21617126464844,178.41000366210938,64.73086547851562
2023-09-12,429.6661376953125,366.39251708984375,86.2431869506836,177.49000549316406,64.4669189453125
2023-09-13,430.1670837402344,367.7881164550781,86.369384765625,177.0800018310547,64.26667785644531
2023-09-14,433.87615966796875,370.79559326171875,86.2522201538086,177.1699981689453,65.1131362915039
2023-09-15,428.6487121582031,364.44647216796875,86.05396270751953,178.33999633789062,64.9675064086914
2023-09-18,428.9001159667969,364.826416015625,86.18013000488281,179.38999938964844,64.7399673461914
2023-09-19,428.01055908203125,364.048828125,85.92780303955078,179.22000122070312,64.79456329345703
2023-09-20,424.07574462890625,358.802734375,85.88273620605469,179.35000610351562,64.63984680175781
2023-09-21,417.0664978027344,352.2279052734375,85.2969741821289,178.0500030517578,63.56584930419922
2023-09-22,416.1286926269531,352.2770690917969,85.6574478149414,178.6199951171875,63.62046813964844
2023-09-25,417.87860107421875,353.9502868652344,84.9815673828125,177.6999969482422,63.33831024169922
2023-09-26,411.73944091796875,348.6352844238281,84.8734359741211,176.27999877929688,62.5191650390625
2023-09-27,411.90380859375,349.4522705078125,84.57603454589844,174.10000610351562,62.40083312988281
2023-09-28,414.291748046875,352.37548828125,84.8283462524414,173.22999572753906,62.910545349121094
2023-09-29,413.2862854003906,352.6313781738281,84.74726104736328,171.4499969482422,62.72850036621094
2023-10-02,413.12188720703125,355.5743408203125,84.15718078613281,169.64999389648438,61.80923843383789
2023-10-03,407.5919189453125,349.3341979980469,83.49749755859375,169.16000366210938,61.03559494018555
2023-10-04,410.5599670410156,354.088134765625,84.08488464355469,169.13999938964844,61.14481735229492
2023-10-05,410.40521240234375,353.0447692871094,84.13909912109375,168.8300018310547,61.68180847167969
2023-10-06,415.2779235839844,358.960205078125,83.81375122070312,169.6999969482422,62.36443328857422
2023-10-09,417.9366149902344,360.7909851074219,84.68130493164062,172.82000732421875,62.273414611816406
2023-10-10,420.1119079589844,362.78900146484375,84.59996795654297,172.52999877929688,63.12897872924805
2023-10-11,421.8327941894531,365.3775634765625,84.988525390625,173.7899932861328,63.39292526245117
2023-10-12,419.2611083984375,364.1078796386719,84.25654602050781,173.25999450683594,62.86502456665039
2023-10-13,417.1728210449219,359.5310974121094,84.61804962158203,178.8300018310547,62.28252410888672
2023-10-16,421.5621032714844,363.5960998535156,84.14812469482422,177.9600067138672,62.73760986328125
2023-10-17,421.542724609375,362.4051208496094,83.5427017211914,178.2899932861328,62.77400588989258
2023-10-18,415.9256591796875,357.651123046875,83.15409851074219,180.8699951171875,61.68180847167969
2023-10-19,412.27117919921875,354.3045959472656,82.83782958984375,183.08999633789062,61.13570785522461
2023-10-20,407.20513916015625,349.0191650390625,83.13602447509766,183.58999633789062,60.58960723876953
2023-10-23,406.4993896484375,350.0723571777344,83.46136474609375,182.97000122070312,60.63512420654297
2023-10-24,409.5641784667969,353.4779052734375,83.75958251953125,182.9499969482422,60.980987548828125
2023-10-25,403.68603515625,344.8262023925781,83.13602447509766,183.72000122070312,60.54410171508789
2023-10-26,398.85205078125,338.2514343261719,83.69631958007812,184.00999450683594,60.10723114013672
2023-10-27,397.0441589355469,339.8753967285156,83.66920471191406,186.14999389648438,59.925193786621094
2023-10-30,401.79107666015625,343.7041320800781,83.47041320800781,185.10000610351562,60.689735412597656
2023-10-31,404.3144226074219,345.3478088378906,83.41619110107422,184.08999633789062,60.908172607421875
2023-11-01,408.6263427734375,351.3419494628906,84.33795928955078,183.50999450683594,61.4815788269043
2023-11-02,416.4574279785156,357.72003173828125,84.84552764892578,184.1199951171875,62.73760986328125
2023-11-03,420.25689697265625,361.9228210449219,85.36215209960938,184.7899932861328,63.40203094482422
2023-11-06,421.2237548828125,363.39923095703125,84.93617248535156,183.35000610351562,63.08346176147461
2023-11-07,422.4224853515625,366.83428955078125,85.38933563232422,182.58999633789062,62.70119094848633
2023-11-08,422.73193359375,367.0704650878906,85.67936706542969,180.77000427246094,62.619285583496094
2023-11-09,419.4351806640625,364.2456359863281,84.9633560180664,181.49000549316406,62.61017990112305
2023-11-10,425.9803466796875,372.4347229003906,85.1627426147461,179.50999450683594,62.8923225402832
2023-11-13,425.5743103027344,371.2732849121094,85.1536636352539,180.50999450683594,63.0561637878418
2023-11-14,433.83074951171875,379.2655029296875,86.22320556640625,182.1199951171875,64.66716003417969
2023-11-15,434.7491760253906,379.5509338378906,85.6884536743164,181.63999938964844,64.5670394897461
2023-11-16,435.28094482421875,379.8757629394531,86.15975189208984,183.69000244140625,64.52153015136719
2023-11-17,435.8222961425781,379.96441650390625,86.33197021484375,183.6699981689453,65.39527893066406
2023-11-20,439.1771240234375,384.59033203125,86.46793365478516,183.3699951171875,65.64102935791016
2023-11-21,438.22003173828125,382.35614013671875,86.55856323242188,185.35000610351562,65.38617706298828
2023-11-22,439.9118957519531,383.9211120605469,86.64012145996094,184.55999755859375,65.54090881347656
2023-11-24,440.1826171875,383.3796691894531,86.24131774902344,185.52000427246094,66.04149627685547
2023-11-27,439.38983154296875,383.04510498046875,86.73078918457031,186.77000427246094,65.81395721435547
2023-11-28,439.82489013671875,384.0490417480469,87.1114501953125,189.25999450683594,65.83216094970703
2023-11-29,439.5155029296875,383.6750183105469,87.53744506835938,189.5399932861328,65.96868896484375
2023-11-30,441.24609375,382.71044921875,87.24739837646484,188.75,65.91407775878906
2023-12-01,443.8564147949219,383.8029479980469,88.01458740234375,192.00999450683594,66.60579681396484
2023-12-04,441.52642822265625,380.239990234375,87.67825317382812,187.86000061035156,66.08700561523438
2023-12-05,441.4394836425781,381.1946716308594,88.25999450683594,187.14999389648438,65.8503646850586
2023-12-06,439.6605224609375,378.9898986816406,88.48721313476562,187.83999633789062,66.05060577392578
2023-12-07,443.0153503417969,384.28521728515625,88.51449584960938,188.14999389648438,66.36915588378906
2023-12-08,444.9199523925781,385.9979248046875,88.06912994384766,185.63999938964844,66.56938934326172
2023-12-11,446.6504211425781,389.2951354980469,88.07819366455078,183.58999633789062,66.73321533203125
2023-12-12,448.6904602050781,392.3956298828125,88.341796875,183.49000549316406,66.8515396118164
2023-12-13,454.8779296875,397.3857421875,89.45075225830078,187.6300048828125,67.82540893554688
2023-12-14,456.3377685546875,397.0412902832031,90.17267608642578,188.72999572753906,68.32601165771484
2023-12-15,455.58642578125,398.9606018066406,89.96302795410156,187.0,67.6615982055664
2023-12-18,458.1490478515625,401.47344970703125,89.78070831298828,187.85000610351562,67.82540893554688
2023-12-19,460.9350891113281,403.5248718261719,89.89010620117188,189.1300048828125,68.39881896972656
2023-12-20,454.54779052734375,397.52862548828125,90.21827697753906,188.10000610351562,67.70855712890625
2023-12-21,458.8576965332031,402.1539611816406,90.20915985107422,189.42999267578125,68.80524444580078
2023-12-22,459.7799377441406,402.755615234375,90.09064483642578,190.27000427246094,68.86975860595703
2023-12-26,461.7213439941406,405.2212219238281,90.27294921875,191.72000122070312,69.18309020996094
2023-12-27,462.55615234375,406.04608154296875,90.84727478027344,192.58999633789062,69.55171966552734
2023-12-28,462.73089599609375,405.8487243652344,90.64671325683594,191.47000122070312,69.36740112304688
2023-12-29,461.3913269042969,404.0923767089844,90.47349548339844,191.1699981689453,69.44112396240234
2024-01-02,458.8091735839844,397.25421142578125,90.04508209228516,190.72000122070312,68.66699981689453
2024-01-03,455.0622863769531,393.0506591796875,90.09064483642578,189.1300048828125,68.15091705322266
2024-01-04,453.5964660644531,391.02777099609375,89.72601318359375,189.32000732421875,68.30758666992188
2024-01-05,454.21771240234375,391.4916076660156,89.516357421875,189.35000610351562,68.35365295410156
2024-01-08,460.7021179199219,399.5828857421875,89.85364532470703,187.8699951171875,69.08171081542969
2024-01-09,460.0032043457031,400.3723449707031,89.83540344238281,187.92999267578125,68.4642562866211
2024-01-10,462.6047058105469,403.0858459472656,89.6622085571289,187.5,68.90660858154297
2024-01-11,462.40087890625,403.92462158203125,90.17267608642578,187.8699951171875,68.89739990234375
2024-01-12,462.72119140625,404.1317443847656,90.33675384521484,189.7100067138672,69.18309020996094
2024-01-16,461.0224609375,404.0923767089844,89.6622085571289,187.91000366210938,68.02189636230469
2024-01-17,458.4598083496094,401.8129577636719,89.41608428955078,185.83999633789062,67.37677764892578
2024-01-18,462.5367431640625,407.5163879394531,89.33403015136719,187.3699951171875,67.97581481933594
2024-01-19,468.3028259277344,415.5977783203125,89.3522720336914,187.92999267578125,68.13248443603516
2024-01-22,469.2929382324219,416.1405334472656,89.516357421875,187.22000122070312,68.34445190429688
2024-01-23,470.66168212890625,417.8673095703125,89.29757690429688,187.9499969482422,68.15091705322266
2024-01-24,471.17620849609375,420.1861877441406,89.0970230102539,186.39999389648438,68.66699981689453
2024-01-25,473.73883056640625,420.69927978515625,89.49813842773438,187.13999938964844,68.86052703857422
2024-01-26,473.1369934082031,418.1929626464844,89.3978500366211,187.00999450683594,69.16465759277344
2024-01-29,476.8839416503906,422.4754333496094,89.75335693359375,188.3300018310547,69.57015228271484
2024-01-30,476.51513671875,419.6631774902344,89.92657470703125,188.58999633789062,69.47798919677734
2024-01-31,468.7396545410156,411.4436340332031,90.33675384521484,188.4499969482422,69.12779998779297
2024-02-01,474.8746337890625,416.28851318359375,90.85149383544922,190.41000366210938,69.80976867675781
2024-02-02,479.8737487792969,423.323974609375,90.0195083618164,188.61000061035156,69.2568130493164
2024-02-05,478.12646484375,422.7714538574219,89.2789535522461,187.57000732421875,68.88818359375
2024-02-06,479.5146179199219,421.9228515625,89.74524688720703,188.5500030517578,69.31210327148438
2024-02-07,483.5139465332031,426.2644958496094,89.5623779296875,188.5,69.27523040771484
2024-02-08,483.72747802734375,427.0539245605469,89.2880859375,188.3300018310547,69.15543365478516
2024-02-09,486.5232238769531,431.2574157714844,89.26066589355469,187.60000610351562,69.39505004882812
2024-02-12,486.30963134765625,429.57012939453125,89.2789535522461,187.11000061035156,69.51484680175781
2024-02-13,479.61163330078125,422.8700866699219,88.45610046386719,184.52999877929688,68.44581604003906
2024-02-14,483.97021484375,427.4782409667969,88.84925842285156,184.4199981689453,69.21073913574219
2024-02-15,487.3094787597656,428.75115966796875,89.05953979492188,185.66000366210938,69.99407196044922
2024-02-16,484.8827209472656,424.86334228515625,88.77609252929688,186.33999633789062,70.10467529296875
2024-02-20,482.2132568359375,421.6564636230469,88.8583984375,187.47000122070312,70.39035034179688
2024-02-21,482.6500244140625,419.96905517578125,88.5932388305664,187.47999572753906,70.44566345214844
2024-02-22,492.638671875,432.2640075683594,88.6664047241211,187.55999755859375,71.23820495605469
2024-02-23,492.9784240722656,430.99102783203125,88.99554443359375,188.6199951171875,71.33036804199219
2024-02-26,491.17291259765625,430.7640686035156,88.80353546142578,188.1999969482422,71.22899627685547
2024-02-27,492.0853271484375,431.8001708984375,88.68468475341797,188.0,71.42252349853516
2024-02-28,491.4350280761719,429.5010986328125,88.8583984375,188.33999633789062,71.00782012939453
2024-02-29,493.2016296386719,433.1816711425781,89.00469207763672,189.30999755859375,71.19213104248047
2024-03-01,497.8320007324219,439.70404052734375,89.43197631835938,192.88999938964844,71.8833236694336
2024-03-04,497.2981262207031,438.13507080078125,89.21192169189453,196.00999450683594,71.6989974975586
2024-03-05,492.3280944824219,430.27069091796875,89.69792175292969,197.19000244140625,71.56997680664062
2024-03-06,494.82281494140625,432.97442626953125,89.83546447753906,198.80999755859375,72.41783905029297
2024-03-07,499.734619140625,439.546142578125,90.02801513671875,199.94000244140625,73.27490997314453
2024-03-08,496.7350769042969,433.20135498046875,90.11053466796875,201.6300048828125,73.03529357910156
2024-03-11,496.3080139160156,431.5929870605469,90.00970458984375,202.0,72.6205825805664
2024-03-12,501.64697265625,437.7799072265625,89.78044128417969,199.7899932861328,73.20117950439453
2024-03-13,500.8606262207031,434.4150390625,89.61538696289062,201.19000244140625,73.21039581298828
2024-03-14,499.8705139160156,433.31982421875,89.04685974121094,200.35000610351562,72.6758804321289
2024-03-15,496.4381408691406,428.1689453125,89.0376968383789,199.7100067138672,72.70352935791016
2024-03-18,499.3885498046875,432.2525634765625,88.94599151611328,200.02999877929688,72.68509674072266
2024-03-19,502.16363525390625,433.32952880859375,89.16606140136719,199.8000030517578,72.8141098022461
2024-03-20,506.808349609375,438.4674072265625,89.34944915771484,202.17999267578125,73.5882339477539
2024-03-21,508.4832763671875,440.5423278808594,89.41365051269531,201.97000122070312,73.55137634277344
2024-03-22,507.51922607421875,441.0462341308594,89.69792175292969,200.35000610351562,73.39469909667969
2024-03-25,506.1171569824219,439.445556640625,89.53285217285156,200.99000549316406,73.238037109375
2024-03-26,505.1822509765625,438.0228271484375,89.62454986572266,201.63999938964844,73.32098388671875
2024-03-27,509.4277038574219,439.5147705078125,89.91797637939453,203.10000610351562,73.76335144042969
2024-03-28,509.330322265625,438.70452880859375,89.80794525146484,205.72000122070312,73.59745788574219
2024-04-01,508.4441833496094,439.63330078125,89.15495300292969,207.82000732421875,73.28411865234375
2024-04-02,505.21148681640625,435.8392028808594,89.09058380126953,210.88999938964844,72.7680435180664
2024-04-03,505.7664489746094,436.8173828125,89.14575958251953,212.74000549316406,73.17353820800781
2024-04-04,499.5930480957031,430.1381530761719,89.35728454589844,211.52000427246094,72.54685974121094
2024-04-05,504.81219482421875,435.20684814453125,88.91584777832031,215.13999938964844,72.77725219726562
2024-04-08,505.09454345703125,435.3353271484375,88.83306884765625,216.47999572753906,73.13666534423828
2024-04-09,505.6788330078125,436.94586181640625,89.1365737915039,217.6699981689453,73.12744140625
2024-04-10,500.6153564453125,433.1319580078125,88.06971740722656,215.61000061035156,72.1597900390625
2024-04-11,504.39349365234375,440.04827880859375,88.08811950683594,219.8000030517578,72.35332489013672
2024-04-12,497.43133544921875,433.0331115722656,88.253662109375,216.88999938964844,71.18292236328125
2024-04-15,491.199462890625,425.9093017578125,87.7202377319336,220.9499969482422,70.97095489501953
2024-04-16,490.3035888671875,425.9487609863281,87.471923828125,221.22000122070312,70.27054595947266
2024-04-17,487.4018859863281,420.75164794921875,87.87657928466797,219.58999633789062,70.31663513183594
2024-04-18,486.39892578125,418.3507080078125,87.62828063964844,220.33999633789062,70.12309265136719
2024-04-19,482.15350341796875,409.6953125,87.7202377319336,221.02999877929688,70.15074920654297
2024-04-22,486.5936584472656,413.8155212402344,87.77542877197266,215.57000732421875,70.97095489501953
2024-04-23,492.3678894042969,419.9908752441406,87.9593505859375,215.0399932861328,71.74507904052734
2024-04-24,492.1342468261719,421.4136657714844,87.72943878173828,214.63999938964844,71.60684967041016
2024-04-25,490.2646484375,419.3782958984375,87.48111724853516,215.9199981689453,71.27507781982422
2024-04-26,494.9093933105469,425.8499755859375,87.67426300048828,216.6199951171875,71.84646606445312
2024-04-29,496.6620788574219,427.57904052734375,87.94096374511719,216.17999267578125,72.12293243408203
2024-04-30,488.7943420410156,419.5166015625,87.58231353759766,211.8699951171875,71.21055603027344
2024-05-01,487.2071228027344,416.4832763671875,87.89134979248047,213.7899932861328,71.05389404296875
2024-05-02,491.76416015625,421.7989807128906,88.28800964355469,213.1300048828125,72.01233673095703
2024-05-03,497.85980224609375,430.2764587402344,88.74009704589844,212.9600067138672,72.73116302490234
2024-05-06,503.0011291503906,434.98944091796875,88.8046646118164,215.1999969482422,73.22882080078125
2024-05-07,503.55609130859375,435.05865478515625,88.98917388916016,214.2100067138672,73.42237091064453
2024-05-08,503.6047668457031,434.8017272949219,88.8046646118164,213.5800018310547,73.33941650390625
2024-05-09,506.5064697265625,435.750244140625,88.97074890136719,216.9499969482422,73.90158081054688
2024-05-10,507.158935546875,436.7778625488281,88.78620910644531,218.7100067138672,74.0398178100586
2024-05-13,507.2270202636719,437.7856750488281,88.83235168457031,216.25999450683594,74.0398178100586
2024-05-14,509.5543212890625,440.6015930175781,89.07221984863281,218.08999633789062,74.5927734375
2024-05-15,515.8641967773438,447.4883728027344,89.66264343261719,220.88999938964844,75.38533020019531
2024-05-16,514.8026733398438,446.5793151855469,89.56114959716797,220.02999877929688,74.9798355102539
2024-05-17,515.542724609375,446.3619384765625,89.27515411376953,223.66000366210938,75.23787689208984
2024-05-20,516.13671875,449.47430419921875,89.19214630126953,224.55999755859375,75.29316711425781
2024-05-21,517.402587890625,450.35369873046875,89.35820007324219,224.22999572753906,75.1733627319336
2024-05-22,515.912841796875,450.2646789550781,89.24749755859375,220.11000061035156,74.46375274658203
2024-05-23,512.1444702148438,448.2392578125,88.99839782714844,215.72000122070312,74.08589935302734
2024-05-24,515.5330810546875,452.47796630859375,89.09988403320312,215.9199981689453,74.69414520263672
2024-05-28,515.8932495117188,454.18731689453125,88.68473052978516,218.19000244140625,74.66648864746094
2024-05-29,512.28076171875,450.98602294921875,88.34337615966797,216.16000366210938,73.48686218261719
2024-05-30,508.8824768066406,446.1544494628906,88.7585220336914,216.57000732421875,74.10433197021484
2024-05-31,513.5174560546875,445.3244323730469,89.04451751708984,215.3000030517578,74.81394958496094
2024-06-03,513.9361572265625,447.715576171875,89.58316040039062,217.22000122070312,75.02590942382812
2024-06-04,514.5105590820312,448.94073486328125,89.90704345703125,215.27000427246094,74.93374633789062
2024-06-05,520.6256103515625,457.9913330078125,90.18467712402344,217.82000732421875,75.45905303955078
2024-06-06,520.615966796875,457.833251953125,90.21243286132812,219.42999267578125,75.71710205078125
2024-06-07,519.98291015625,457.4281005859375,89.41656494140625,211.60000610351562,74.89688873291016
2024-06-10,521.589599609375,459.2757263183594,89.34251403808594,213.5399932861328,74.84159851074219
2024-06-11,522.8458251953125,462.4276123046875,89.64793395996094,214.14999389648438,73.99114227294922
2024-06-12,527.139892578125,468.484375,90.0736083984375,214.72000122070312,74.8631591796875
2024-06-13,528.2013549804688,471.023681640625,90.527099609375,212.97000122070312,73.79422760009766
2024-06-14,528.522705078125,473.4642333984375,90.61962127685547,215.72999572753906,72.97846221923828
2024-06-17,532.7291259765625,479.2640380859375,90.29571533203125,214.61000061035156,73.26912689208984
2024-06-18,534.0827026367188,479.4122314453125,90.61962127685547,215.47000122070312,73.55979919433594
2024-06-20,532.6317749023438,475.71697998046875,90.46231079101562,218.16000366210938,73.606689453125
2024-06-21,531.9176635742188,474.4423828125,90.47157287597656,214.77999877929688,73.09097290039062
2024-06-24,530.1886596679688,469.041015625,90.54557037353516,215.6300048828125,73.67233276367188
2024-06-25,532.2302856445312,474.40472412109375,90.5363540649414,214.55999755859375,73.8504867553711
2024-06-26,532.8946533203125,475.38446044921875,90.12915802001953,212.5800018310547,73.306640625
2024-06-27,533.7346801757812,476.611572265625,90.27721405029297,214.99000549316406,73.3628921508789
2024-06-28,531.6343383789062,474.1375427246094,89.83301544189453,215.00999450683594,73.44729614257812
2024-07-01,532.7284545898438,476.9183654785156,89.3512191772461,215.57000732421875,73.57856750488281
2024-07-02,536.3136596679688,481.9259033203125,89.64826965332031,215.55999755859375,73.75672912597656
2024-07-03,538.7069702148438,485.9437561035156,90.13099670410156,217.99000549316406,74.6006088256836
2024-07-05,541.8134155273438,491.0105895996094,90.58588409423828,220.92999267578125,75.09757995605469
2024-07-08,542.4386596679688,492.1783447265625,90.61372375488281,218.19000244140625,74.7225112915039
2024-07-09,542.9661865234375,492.6038818359375,90.53018951416016,218.55999755859375,74.4224624633789
2024-07-10,548.3388671875,497.7400207519531,90.62300872802734,219.36000061035156,75.47264099121094
2024-07-11,543.61083984375,486.8244934082031,91.08717346191406,223.25,75.68831634521484
2024-07-12,547.0397338867188,489.68450927734375,91.33782196044922,223.11000061035156,76.49470520019531
2024-07-15,548.5440673828125,491.0007019042969,91.0221939086914,223.8300018310547,75.819580078125
2024-07-16,551.7970581054688,491.188720703125,91.3935317993164,228.2899932861328,76.18527221679688
2024-07-17,544.0602416992188,476.76995849609375,91.45849609375,227.22999572753906,75.78207397460938
2024-07-18,539.8792724609375,474.51361083984375,91.20785522460938,225.77999877929688,75.03194427490234
2024-07-19,536.2941284179688,470.3077087402344,91.0221939086914,221.72999572753906,74.57247924804688
2024-07-22,541.8233032226562,477.3143005371094,90.98503875732422,221.8000030517578,75.36012268066406
2024-07-23,540.9733276367188,475.63189697265625,90.97576904296875,222.5800018310547,74.93817901611328
2024-07-24,528.7135009765625,458.57080078125,90.697265625,221.8000030517578,73.99114227294922
2024-07-25,525.958740234375,453.5138854980469,90.94792938232422,218.3300018310547,73.52230834960938
2024-07-26,531.8492431640625,458.1650695800781,91.27284240722656,220.6300048828125,74.45997619628906
2024-07-29,532.1619873046875,459.0854187011719,91.42138671875,220.32000732421875,74.13178253173828
2024-07-30,529.4656982421875,452.78155517578125,91.51420593261719,222.52000427246094,74.3005599975586
2024-07-31,538.0719604492188,466.18096923828125,92.00621795654297,226.5500030517578,75.35074615478516
2024-08-01,530.4523315429688,454.889404296875,92.3917236328125,225.77000427246094,73.35352325439453
2024-08-02,520.5762939453125,444.0926208496094,93.42534637451172,225.33999633789062,72.2001953125
2024-08-05,505.4150695800781,430.8515319824219,93.3508529663086,222.47999572753906,70.62491607666016
2024-08-06,510.0748291015625,434.9683532714844,92.7921371459961,220.6999969482422,70.74681091308594
2024-08-07,506.6654357910156,430.2577209472656,92.51278686523438,220.5500030517578,71.0843734741211
2024-08-08,518.3782348632812,443.4197082519531,92.37310791015625,224.00999450683594,72.27520751953125
2024-08-09,520.6641235351562,445.7354736328125,92.69902038574219,224.55999755859375,72.5564956665039
2024-08-12,520.9376831054688,446.69537353515625,92.8572998046875,228.41000366210938,72.4908676147461
2024-08-13,529.5047607421875,457.7790832519531,93.22979736328125,228.05999755859375,73.73796081542969
2024-08-14,531.17529296875,457.9276123046875,93.39739227294922,226.1999969482422,74.00988006591797
2024-08-15,540.2797241210938,469.49627685546875,93.00630187988281,226.91000366210938,74.91004180908203
2024-08-16,541.4910888671875,470.09991455078125,93.22979736328125,231.99000549316406,75.32261657714844
2024-08-19,546.66845703125,476.2751159667969,93.33222198486328,231.61000061035156,76.24152374267578
2024-08-20,545.779541015625,475.2756652832031,93.61157989501953,232.4600067138672,76.0071029663086
2024-08-21,547.6551513671875,477.49237060546875,93.78849792480469,232.14999389648438,76.7103500366211
2024-08-22,543.35693359375,469.92181396484375,93.40670776367188,229.3699951171875,76.26028442382812
2024-08-23,549.1301879882812,475.0182800292969,93.83504486083984,232.02000427246094,77.65739440917969
2024-08-26,547.8211669921875,470.4066467285156,93.75125122070312,232.75999450683594,77.31046295166016
2024-08-27,548.5733642578125,471.81195068359375,93.77919006347656,233.38999938964844,77.66678619384766
2024-08-28,545.388671875,466.4581298828125,93.69538116455078,231.75,77.39486694335938
2024-08-29,545.4376220703125,465.7752685546875,93.57432556152344,232.9499969482422,77.68553161621094
2024-08-30,550.6444091796875,471.3270263671875,93.3508529663086,231.2899932861328,77.80743408203125
2024-09-03,539.3126220703125,457.0171203613281,93.74501037597656,230.2899932861328,76.57909393310547
2024-09-04,538.208740234375,455.82952880859375,94.1560287475586,230.42999267578125,76.24152374267578
2024-09-05,536.899658203125,456.255126953125,94.39888763427734,232.35000610351562,76.26028442382812
2024-09-06,527.8636474609375,444.0332946777344,94.52032470703125,230.6300048828125,74.8256607055664
2024-09-09,533.7736206054688,449.743408203125,94.66043090820312,231.60000610351562,75.5757827758789
2024-09-10,536.0985717773438,453.89984130859375,94.94999694824219,232.6199951171875,75.20072174072266
2024-09-11,541.5985717773438,463.7564392089844,94.92196655273438,232.25,75.65080261230469
2024-09-12,546.1604614257812,468.3087158203125,94.83789825439453,236.3300018310547,76.2696533203125
2024-09-13,549.012939453125,470.4066467285156,95.03406524658203,238.67999267578125,76.44781494140625
2024-09-16,549.8238525390625,468.3285217285156,95.25824737548828,238.66000366210938,77.0666732788086
2024-09-17,550.0485229492188,468.5758972167969,95.16482543945312,237.33999633789062,76.63536071777344
2024-09-18,548.4171142578125,466.547119140625,94.86593627929688,235.50999450683594,76.39156341552734
2024-09-19,557.7754516601562,478.3434143066406,94.87525939941406,239.1699981689453,77.90119934082031
2024-09-20,556.811279296875,477.4330139160156,94.79121398925781,242.2100067138672,77.13230895996094
2024-09-23,558.2027587890625,478.6985778808594,94.75385284423828,242.67999267578125,77.42298126220703
2024-09-24,559.7999267578125,481.0075988769531,94.88461303710938,246.07000732421875,77.8824462890625
2024-09-25,558.5652465820312,481.45355224609375,94.52032470703125,245.72999572753906,77.46048736572266
2024-09-26,560.77978515625,485.0707702636719,94.53900909423828,246.97999572753906,79.16704559326172
2024-09-27,559.9664916992188,482.37518310546875,94.80988311767578,245.02000427246094,78.68882751464844
2024-09-30,562.2103881835938,483.6833190917969,94.59504699707031,243.05999755859375,78.41690826416016
2024-10-01,557.1738891601562,476.94439697265625,94.84519958496094,245.61000061035156,77.83556365966797
2024-10-02,557.4090576171875,477.61834716796875,94.64844512939453,245.66000366210938,77.67615509033203
2024-10-03,556.3900756835938,477.2615661621094,94.2643051147461,245.49000549316406,76.95414733886719
2024-10-04,561.4461669921875,482.9400329589844,93.65531158447266,245.0,77.40422821044922
2024-10-07,556.370361328125,477.7669372558594,93.33675384521484,244.1699981689453,76.97290802001953
2024-10-08,561.6323852539062,484.9022521972656,93.49601745605469,242.3699951171875,76.85100555419922
2024-10-09,565.5224609375,488.7176208496094,93.2524185180664,241.0500030517578,76.86976623535156
2024-10-10,564.5327758789062,488.1627197265625,93.1961898803711,242.82000732421875,76.7760009765625
2024-10-11,567.913330078125,488.92572021484375,93.22431182861328,245.47000122070312,77.1698226928711
2024-10-14,572.5579223632812,493.028564453125,93.13998413085938,245.07000732421875,77.39486694335938
2024-10-15,568.1091918945312,486.43829345703125,93.51475524902344,245.9199981689453,76.11026000976562
2024-10-16,570.5785522460938,486.4977722167969,93.6365737915039,247.14999389648438,76.30716705322266
2024-10-17,570.6275024414062,486.8347473144531,93.17745971679688,248.6300048828125,76.31654357910156
2024-10-18,572.8223266601562,490.0257568359375,93.24304962158203,251.27000427246094,76.83226013183594
2024-10-21,571.8817749023438,490.9672546386719,92.59656524658203,251.22000122070312,75.9227294921875
2024-10-22,571.5780639648438,491.5024108886719,92.61531066894531,253.92999267578125,75.49140167236328
2024-10-23,566.3552856445312,483.970703125,92.38106536865234,250.8699951171875,74.73188018798828
2024-10-24,567.5802001953125,487.8951110839844,92.55909729003906,252.8000030517578,75.15383911132812
2024-10-25,567.3840942382812,490.86810302734375,92.37171173095703,253.32000732421875,74.90067291259766
2024-10-28,569.13818359375,490.9474182128906,92.22180938720703,253.3300018310547,75.50077056884766
2024-10-29,570.0592041015625,495.6647033691406,92.32487487792969,256.0899963378906,75.2288589477539
2024-10-30,568.3346557617188,491.91864013671875,92.23117065429688,257.5,74.74126434326172
2024-10-31,557.1934814453125,479.501220703125,92.21243286132812,253.50999450683594,74.28180694580078
2024-11-01,559.5451049804688,483.0490417480469,91.84587860107422,252.47000122070312,74.43183898925781
2024-11-04,558.3399047851562,481.641845703125,92.2312240600586,252.8300018310547,74.48809814453125
2024-11-05,565.0913696289062,487.7861022949219,92.4474105834961,253.39999389648438,75.2288589477539
2024-11-06,579.142578125,501.0359191894531,91.72368621826172,245.6999969482422,74.14116668701172
2024-11-07,583.62060546875,508.9243469238281,92.41920471191406,249.64999389648438,75.26634979248047
2024-11-08,586.1486206054688,509.5190124511719,92.57899475097656,247.9600067138672,74.22555541992188
2024-11-11,586.7072143554688,509.2216796875,92.37220001220703,242.13999938964844,74.24430847167969
2024-11-12,584.8846435546875,508.3000183105469,91.83648681640625,240.0500030517578,72.86593627929688
2024-11-13,585.1687622070312,507.64599609375,91.81768035888672,237.6300048828125,72.43461608886719
2024-11-14,581.4060668945312,504.1180114746094,91.78009033203125,237.00999450683594,72.58464050292969
2024-11-15,573.9591064453125,492.1069641113281,91.78949737548828,236.58999633789062,72.32209014892578
2024-11-18,576.3108520507812,495.5259094238281,91.87407684326172,241.08999633789062,72.7159194946289
2024-11-19,578.4175415039062,498.93499755859375,92.00565338134766,243.25,72.62213897705078
2024-11-20,578.6134033203125,498.6476135253906,91.91168212890625,244.6199951171875,72.42522430419922
2024-11-21,581.7196655273438,500.4413757324219,91.86466979980469,246.66000366210938,72.44398498535156
2024-11-22,583.5225830078125,501.2440185546875,91.93048095703125,249.83999633789062,72.72528076171875
2024-11-25,585.5020141601562,502.036865234375,92.75758361816406,242.47999572753906,73.10035705566406
2024-11-26,588.5592041015625,504.7323913574219,92.6166000366211,242.9499969482422,72.67840576171875
2024-11-27,586.77587890625,500.7584533691406,92.870361328125,243.49000549316406,73.07221984863281
2024-11-29,590.4208984375,505.1585388183594,93.2369155883789,245.58999633789062,74.04739379882812
2024-12-02,591.4791259765625,510.6585998535156,93.24822998046875,243.44000244140625,74.25367736816406
2024-12-03,591.7534790039062,512.2244873046875,93.06910705566406,243.92999267578125,74.67562103271484
2024-12-04,595.427978515625,518.5570678710938,93.37079620361328,244.6699981689453,74.73188018798828
2024-12-05,594.4481811523438,517.1200561523438,93.3896484375,242.86000061035156,75.09757995605469
2024-12-06,595.5750732421875,521.7479858398438,93.6536636352539,242.9499969482422,75.08820343017578
2024-12-09,592.5079956054688,517.6849975585938,93.3802261352539,245.36000061035156,75.04132080078125
2024-12-10,590.6658935546875,515.9209594726562,93.26707458496094,248.58999633789062,74.36620330810547
2024-12-11,595.2320556640625,525.1570434570312,93.05023193359375,250.9600067138672,74.83503723144531
2024-12-12,592.1651000976562,521.7680053710938,92.673095703125,247.27999877929688,74.17866516113281
2024-12-13,592.0475463867188,525.76171875,92.32422637939453,244.2899932861328,73.97237396240234
2024-12-16,594.5755615234375,533.3330078125,92.40907287597656,244.8800048828125,73.72858428955078
2024-12-17,592.125732421875,530.9843139648438,92.40907287597656,243.94000244140625,73.61167907714844
2024-12-18,574.478515625,511.8280334472656,91.7053451538086,239.25999450683594,71.80584716796875
2024-12-19,574.302001953125,509.5487365722656,91.46884155273438,239.60000610351562,71.5777359008789
2024-12-20,581.1998901367188,513.9983520507812,91.71479034423828,242.10000610351562,71.3781509399414
2024-12-23,584.6803588867188,519.006103515625,91.43102264404297,240.9600067138672,71.84385681152344
2024-12-24,591.1790771484375,526.0436401367188,91.53507995605469,241.44000244140625,72.10047912597656
2024-12-26,591.2184448242188,525.6863403320312,91.60128021240234,243.07000732421875,72.4426498413086
2024-12-27,584.9949340820312,518.6983032226562,91.41210174560547,241.39999389648438,72.33808898925781
2024-12-30,578.3192749023438,511.7997741699219,91.77154541015625,240.6300048828125,71.86287689208984
