date,allocator_id,profile,portfolio,SPY,QQQ,EFA,EEM,AGG,IEF,GLD,VNQ
2012-01-03,one_over_n,,one_over_n,0.0,0.0,0.0,0.0,0.0,0.0,0.0,0.0
2012-02-01,one_over_n,,one_over_n,0.12332318489729391,0.1272908761608951,0.12354875981942547,0.13065705003527095,0.11958581511563679,0.12006586149132127,0.1290800187431202,0.12644843373703643
2012-03-01,one_over_n,,one_over_n,0.12767557617153452,0.13064813317404092,0.12817898444277775,0.1276784535320767,0.1227512185475494,0.12147718228873342,0.12066310085566902,0.12092735098761831
2012-04-02,one_over_n,,one_over_n,0.12798266091868324,0.13029935857366032,0.12429149861116408,0.12038632372310828,0.12328639830738217,0.12245141698807627,0.12100639902639271,0.13029594385153287
2012-05-01,one_over_n,,one_over_n,0.12446764828357344,0.12290412837025162,0.12191648313977523,0.12244416028983884,0.1265160818296262,0.12804729369328854,0.12419331677383721,0.1295108876198089
2012-06-01,one_over_n,,one_over_n,0.12156427111193378,0.1206003267006237,0.11514319029665651,0.11524703617388257,0.1353221462349985,0.1387596450362198,0.13033566243419284,0.12302772201149227
2012-07-02,one_over_n,,one_over_n,0.1275741621250069,0.1272164086873704,0.1317255079539083,0.12859844743682355,0.11906097256882701,0.11819496171004185,0.11733015192003252,0.1302993875979895
2012-08-01,one_over_n,,one_over_n,0.12554202659745056,0.12505988597144146,0.12386304516464418,0.12474755429490783,0.1258657284909977,0.1252599798638212,0.12459675518180909,0.12506502443492806
2012-09-04,one_over_n,,one_over_n,0.12537865534917184,0.12890877350995425,0.12557352064166533,0.12191470303100645,0.12243920624991338,0.12234372879168094,0.12968457644515902,0.12375683598144883
2012-10-01,one_over_n,,one_over_n,0.1260312012322618,0.12351339361557186,0.12746464094787782,0.1308821794453487,0.12278114418536804,0.1225589780262546,0.12829429247065324,0.11847417007666397
2012-11-01,one_over_n,,one_over_n,0.12484127310168792,0.12137887526624044,0.12801184246975156,0.1264117148806086,0.12599302382563554,0.12518712632640544,0.12161493919518351,0.12656120493448691
2012-12-03,one_over_n,,one_over_n,0.12354825863844399,0.12437481136929754,0.1268937725609485,0.12460443188167163,0.12527366331399029,0.12617708611989153,0.12479866203708058,0.12432931407867591
2013-01-02,one_over_n,,one_over_n,0.126389592256595,0.12506277382319636,0.12866304857787392,0.13241721723952146,0.12108111977986846,0.11989408420478467,0.11937290615789356,0.12711925796026652
2013-02-01,one_over_n,,one_over_n,0.12851230136885056,0.12496031062260089,0.1277863911348864,0.1221620912208025,0.12321645733255117,0.12264874028163247,0.12280250209144294,0.12791120594723304
2013-03-01,one_over_n,,one_over_n,0.12680471502222318,0.12555773283512903,0.12321639473542155,0.12268027841419608,0.1271449410707664,0.12826121339821178,0.11904336566709638,0.12729135885695553
2013-04-01,one_over_n,,one_over_n,0.12760451749186866,0.12618165493722108,0.12402377262921921,0.12097274963719272,0.124022438103015,0.12420739205453943,0.12564344674877836,0.1273440283981656
2013-05-01,one_over_n,,one_over_n,0.12514131428536915,0.12678233904744898,0.13054471194958023,0.12486538348404481,0.12451867876725783,0.12533597347139885,0.1125615781208387,0.13025002087406126
2013-06-03,one_over_n,,one_over_n,0.13136408602541588,0.13188632539111797,0.12390283297814689,0.12352833593628648,0.1239854132309972,0.12236166557221215,0.12238823882397877,0.12058310204184462
2013-07-01,one_over_n,,one_over_n,0.12817531039218738,0.12730922606770245,0.12709000185021813,0.12153083714227671,0.12794247374415293,0.12642219092723694,0.11523208782167459,0.12629787205455095
2013-08-01,one_over_n,,one_over_n,0.12825212439076517,0.12943076923564512,0.12824456647609475,0.12471701978810419,0.12073566480679741,0.11972336163011647,0.1267491510547489,0.12214734261772792
2013-09-03,one_over_n,,one_over_n,0.12206911521940528,0.1256652947495487,0.12494330248804748,0.12206691917486646,0.12607939657931197,0.12531931055495527,0.1365438484682643,0.11731281276560057
2013-10-01,one_over_n,,one_over_n,0.1255409195703366,0.12770240462655302,0.12898197885310358,0.13177239627687617,0.12285217200462259,0.12394760646231197,0.11076295133753639,0.12843957086865973
2013-11-01,one_over_n,,one_over_n,0.12706133993608842,0.1269042030590183,0.12481088880950968,0.12478055926836193,0.12291787230571798,0.12264773855745133,0.12442052321783421,0.1264568748460182
2013-12-02,one_over_n,,one_over_n,0.12989034901988178,0.13086994849874387,0.12714957821186942,0.12373790328996977,0.12628913274527243,0.1258293722052219,0.11742453318563499,0.11880918284340582
2014-01-02,one_over_n,,one_over_n,0.12688540419431138,0.1275633479320478,0.1259363425308841,0.12182734406511216,0.12441151286574273,0.1229546651342169,0.12499621332414844,0.1254251699535366
2014-02-03,one_over_n,,one_over_n,0.12066036090680665,0.12239500480820215,0.11980062119411791,0.11701067845677231,0.12902663129594433,0.13079988295068248,0.13028753452117123,0.13001928586630293
2014-03-03,one_over_n,,one_over_n,0.1266773117614411,0.12741413034913093,0.12649102058032688,0.12464197677197371,0.1196276474437289,0.11964256584679674,0.12809323519187896,0.12741211205472286
2014-04-01,one_over_n,,one_over_n,0.12696959090947624,0.12386118064926761,0.12712941638804753,0.13289613598402183,0.12352184250381075,0.12265663746747608,0.11763745879681475,0.12532773730108515
2014-05-01,one_over_n,,one_over_n,0.12423009537395623,0.12200589118789451,0.12579313731225278,0.12384815649440384,0.12557254843287824,0.12573930810912737,0.12458996174181208,0.12822090134767494
2014-06-02,one_over_n,,one_over_n,0.12615356840567354,0.1281813155972984,0.12503449937767613,0.12703413105460537,0.1240570669712474,0.1244807562774043,0.1190858548307303,0.1259728074853644
2014-07-01,one_over_n,,one_over_n,0.12519987422407688,0.12730705656604438,0.12394473507792289,0.12572167389439998,0.12214284124691469,0.12188646490940502,0.13014415130046894,0.12365320278076733
2014-08-01,one_over_n,,one_over_n,0.12337299155695561,0.12591721157315083,0.12107652331993601,0.1274915969718665,0.12658971843255543,0.1271550677004631,0.12299328445593438,0.12540360598913822
2014-09-02,one_over_n,,one_over_n,0.12781988161986627,0.12964863185131165,0.12396937458450934,0.12524140418651186,0.12321935938785883,0.12343391215948568,0.11996044513347164,0.12670699107698485
2014-10-01,one_over_n,,one_over_n,0.12629575726905784,0.12634861256963117,0.12300143477708897,0.11741312502887638,0.1300773258827802,0.13030665198361574,0.12455197220061837,0.12200512028833133
2014-11-03,one_over_n,,one_over_n,0.1267631137627966,0.12774119840498693,0.12217858334476302,0.12537068559691544,0.1224824061411254,0.12289868429981142,0.11727054010195413,0.13529478834764697
2014-12-01,one_over_n,,one_over_n,0.12590279146036706,0.12723676857567504,0.12449341163004846,0.12047821049587436,0.1242282573182414,0.12479196528192754,0.12833814372598157,0.12453045151188452
2015-01-02,one_over_n,,one_over_n,0.1264097855052881,0.12413206519860238,0.1204866019287948,0.12140358711890996,0.12674358110779418,0.1270347586629636,0.12321761678568542,0.13057200369196145
2015-02-02,one_over_n,,one_over_n,0.11989815419612165,0.12084481624420346,0.12476108103085277,0.12497137722600685,0.12413198700281404,0.1264272686192914,0.13090008191416164,0.12806523376654813
2015-03-02,one_over_n,,one_over_n,0.13008732349701074,0.1328990067478169,0.13038727300405795,0.126902631895391,0.1221796650364332,0.12009584149210845,0.11708597103104947,0.12036228729613219
2015-04-01,one_over_n,,one_over_n,0.12229444527727364,0.12078401078248457,0.12437699436343079,0.12531973949538483,0.12699815693134803,0.12810386741342464,0.1253871662831758,0.12673561945347778
2015-05-01,one_over_n,,one_over_n,0.12698270391886066,0.12867751640029165,0.12898260306314635,0.131615308418962,0.12280817286634979,0.1219193130757354,0.12125539459579114,0.11775898766086311
2015-06-01,one_over_n,,one_over_n,0.12618768307057288,0.12725965701495856,0.12420435896803529,0.11932963924513695,0.12514022109758516,0.12529022075355514,0.12670323924444804,0.12588498060570813
2015-07-01,one_over_n,,one_over_n,0.12589015537981765,0.1251330870463746,0.12489143222638253,0.12438439291906436,0.12639316319640898,0.12555203431846687,0.1254746416843506,0.12228109322913436
2015-08-03,one_over_n,,one_over_n,0.12652664026266078,0.12941292659040854,0.12653601844743353,0.11537794338333886,0.12667463183127667,0.12810252664816865,0.11633905710628192,0.13103025573043103
2015-09-01,one_over_n,,one_over_n,0.12073385827702052,0.1195928719183997,0.11848456999198113,0.11771296841622829,0.13188895812632137,0.13237338820125696,0.13854955922320575,0.1206638258455863
2015-10-01,one_over_n,,one_over_n,0.12467797161888033,0.1255388278841227,0.12281816782415293,0.12543715662271496,0.12453334831423299,0.12529107862769737,0.12100044886694739,0.13070300024125125
2015-11-02,one_over_n,,one_over_n,0.12961813781967954,0.132715763938948,0.1269938809902062,0.12770574336777088,0.11812460993227664,0.1171852294260353,0.1204312570591586,0.12722537746592488
2015-12-01,one_over_n,,one_over_n,0.12680911357872998,0.12724224977150372,0.1258134873798714,0.12196947972613321,0.12683359239595296,0.1271287862551451,0.11927602094011713,0.1249272699525465
2016-01-04,one_over_n,,one_over_n,0.12336197678199175,0.12258158453809813,0.12231346574250591,0.11932361757630042,0.12778353953245206,0.12780844444236034,0.1292917528955712,0.12753561849072015
2016-02-01,one_over_n,,one_over_n,0.12179044883923787,0.1205488926853392,0.12117796504885064,0.12226665501248268,0.12788652125126118,0.12978620818112122,0.1327659673865673,0.12377734159513987
2016-03-01,one_over_n,,one_over_n,0.1248334423382138,0.12363583126497021,0.12116437626508669,0.1265364851649925,0.12288562996852995,0.1231521599326728,0.1330000623187604,0.12479201274677376
2016-04-01,one_over_n,,one_over_n,0.12656496721908658,0.12613531405750764,0.12388429074792597,0.13111251476494912,0.12186607171306515,0.12138849408493949,0.11969456435507175,0.12935378305745426
2016-05-02,one_over_n,,one_over_n,0.12462240291623998,0.11990355147041173,0.12932135659630697,0.1245378804807033,0.12433526104189375,0.1234760024619122,0.1306844030689184,0.12311914196361377
2016-06-01,one_over_n,,one_over_n,0.12718743404542704,0.13007506941093905,0.12440980225893543,0.12139516239960288,0.12582788814206494,0.12599481943802346,0.11834479605459323,0.12676502825041394
2016-07-01,one_over_n,,one_over_n,0.12162705395390193,0.11902256836790262,0.11836864028057763,0.1280195812340311,0.12388053025809365,0.12531408338755437,0.13423526409815248,0.12953227841978632
2016-08-01,one_over_n,,one_over_n,0.12559843285762107,0.13026015723836726,0.12554032378404067,0.1266141607394516,0.12164905575282582,0.12109079736168217,0.12230078072692419,0.1269462915390872
2016-09-01,one_over_n,,one_over_n,0.1257194259722543,0.12643384331255222,0.1278308501772916,0.12778502979818782,0.12559084018750055,0.12481839223862067,0.12164354342555907,0.1201780748880338
2016-10-03,one_over_n,,one_over_n,0.12459494149920486,0.12714791774306863,0.12536137833907515,0.12794733409031722,0.12470797149885167,0.12470341898464896,0.12492360620788051,0.12061343163695301
2016-11-01,one_over_n,,one_over_n,0.1252224956294678,0.12541766582308145,0.12501315524609163,0.12509899523916815,0.12708213400067978,0.12643805435174543,0.1254067827073638,0.12032071700240199
2016-12-01,one_over_n,,one_over_n,0.13349494907864864,0.12758341031210033,0.12606211153771374,0.12216159082314255,0.12465472991288717,0.1223942060108335,0.1165935660604082,0.1270554362642659
2017-01-03,one_over_n,,one_over_n,0.12590060041210258,0.12668631326426094,0.12658599362987139,0.12463847532547655,0.12285152262218992,0.12227595572445708,0.12084170067687848,0.13021943834476324
2017-02-01,one_over_n,,one_over_n,0.12367610628008241,0.12841301229677682,0.12613296703983376,0.1290495678845687,0.12234642271765148,0.12247483451200124,0.12762299204572813,0.1202840972233575
2017-03-01,one_over_n,,one_over_n,0.12791023619287972,0.12724156090259564,0.12365449269348222,0.12538866239023538,0.12180488939354865,0.12168333332546044,0.12549206830141005,0.1268247568003878
2017-04-03,one_over_n,,one_over_n,0.12251056546613787,0.1253598530184222,0.1267938166940617,0.12760461866344505,0.12526747558154075,0.125875816377769,0.12458921010120012,0.12199864409742317
2017-05-01,one_over_n,,one_over_n,0.12501104680861613,0.1278215338294484,0.12694224848298483,0.12537247870895502,0.12359498845326354,0.12374469831017498,0.12358693217549795,0.12392607323105918
2017-06-01,one_over_n,,one_over_n,0.12522172927860675,0.12696713181998,0.1274723572570635,0.12665441136195463,0.12392042987514332,0.12403234522727974,0.12389122959841034,0.12184036558156155
2017-07-03,one_over_n,,one_over_n,0.1258562696910027,0.1211566108629559,0.12524256867959951,0.12666660433820826,0.12565001835311856,0.12480421542734964,0.12101374443977002,0.12960996820799542
2017-08-01,one_over_n,,one_over_n,0.12414242006764446,0.12815665052995415,0.12564743066874484,0.12829438600439477,0.12253658496839015,0.12278727674375386,0.1263529760224996,0.12208227499461816
2017-09-01,one_over_n,,one_over_n,0.12376028860565876,0.12559970974191265,0.12293177263554518,0.12695858884196196,0.12404030164270094,0.12462254861158259,0.12903847681778613,0.12304831310285187
2017-10-02,one_over_n,,one_over_n,0.1283274088012767,0.1253393465502265,0.1281038883223236,0.12448216987635184,0.1250697272267967,0.12384208766578181,0.12016305711511187,0.12467231444213096
2017-11-01,one_over_n,,one_over_n,0.12566178399994932,0.12865366529179256,0.12544235588591282,0.12780927489334462,0.12323779207727333,0.12312025196304349,0.12348535234710215,0.12258952354158166
2017-12-01,one_over_n,,one_over_n,0.12743890354233461,0.12602991017272627,0.12431164881056521,0.12226645285550991,0.1241955882166942,0.12411597342828455,0.12457195888522303,0.1270695640886621
2018-01-02,one_over_n,,one_over_n,0.12526255095277725,0.12606504399673793,0.1257021833668843,0.13037825811737955,0.12267882117369436,0.12199549102689308,0.12621733824207226,0.12170031312356124
2018-02-01,one_over_n,,one_over_n,0.12888126308041753,0.1303685882403293,0.12861059814826872,0.12898834130756331,0.12143059904029906,0.12015031404832822,0.1258883399442725,0.11568195619052132
2018-03-01,one_over_n,,one_over_n,0.12303047701269777,0.1267282431094332,0.12074141866377386,0.1232141315735049,0.12862143131198733,0.12942165402568145,0.12602445509560015,0.12221818920732122
2018-04-02,one_over_n,,one_over_n,0.12140665871546977,0.11906320512813268,0.1250536503694349,0.12436289816223545,0.12633150033401325,0.12676416473781907,0.12828744078823537,0.12873048176465962
2018-05-01,one_over_n,,one_over_n,0.12760433001532887,0.12978411877933718,0.12718128743498047,0.12210481018820796,0.12283936064470267,0.12208888422729369,0.12052907045984881,0.12786813825030047
2018-06-01,one_over_n,,one_over_n,0.1272345456471298,0.13076575004011654,0.12236933902506525,0.12227579767155354,0.12399401002070636,0.12417588162159364,0.12201068788363459,0.1271739880902003
2018-07-02,one_over_n,,one_over_n,0.12640003959006596,0.12695553868276915,0.12244048669779901,0.1180307592789559,0.1268060872097983,0.12727378604875328,0.1214399710612027,0.1306533314306557
2018-08-01,one_over_n,,one_over_n,0.12724749968353657,0.12624917116640638,0.1271976224934293,0.12764884179102964,0.12312429364074479,0.12231412831729291,0.12073714821895576,0.12548129468860475
2018-09-04,one_over_n,,one_over_n,0.1288124401960024,0.13098735667322794,0.1216284161391456,0.11885386141688835,0.12553330881647431,0.126110024537281,0.122438356114056,0.1256362361069245
2018-10-01,one_over_n,,one_over_n,0.1263436738331563,0.12538684967854133,0.12737915313246662,0.1267174848802412,0.12427722922098465,0.12340982463452904,0.12454815755762998,0.12193762706245083
2018-11-01,one_over_n,,one_over_n,0.12092466511901478,0.11920455555099875,0.11986604541928035,0.12185962959257715,0.1285074585647274,0.12902647716755086,0.1336319802021201,0.12697918838373065
2018-12-03,one_over_n,,one_over_n,0.1256301120490571,0.1232188561203988,0.12368701436934618,0.12712059221524805,0.12386459809504824,0.12482772572794042,0.12279372780108842,0.1288573736218728
2019-01-02,one_over_n,,one_over_n,0.11750101297118269,0.11754564335874182,0.12157953737274714,0.12368916096019722,0.13288259492883736,0.13406334215760377,0.1359280669309824,0.1168106413197076
2019-02-01,one_over_n,,one_over_n,0.127170901860406,0.12737077741089173,0.1258427944065213,0.12863972754640066,0.11854731837531476,0.11769528837850884,0.12088744626217592,0.1338457457597807
2019-03-01,one_over_n,,one_over_n,0.12834951991813154,0.1287306111767008,0.12747411065900666,0.1228272092579591,0.12352281513311843,0.12321389439549564,0.12100645019140824,0.12487538926817972
2019-04-01,one_over_n,,one_over_n,0.12491368948389002,0.1275961535483123,0.12403234560359822,0.1252855248184461,0.12423271135191713,0.12479991892957487,0.12166162773345285,0.12747802853080856
2019-05-01,one_over_n,,one_over_n,0.12660957113667756,0.12870882996460442,0.12531766839236252,0.1239297735741626,0.12441599706145334,0.12416971636787495,0.12286193378612006,0.12398650971674446
2019-06-03,one_over_n,,one_over_n,0.11996760649833424,0.11480617367063388,0.12248699257522713,0.12013091793233817,0.13015917172287172,0.13207927958534915,0.1324879466491721,0.1278819113660736
2019-07-01,one_over_n,,one_over_n,0.12893719216325225,0.13286000817199523,0.12606418159968028,0.1269082334367083,0.12027434348110376,0.11988234218417163,0.1244082830034997,0.12066541595958875
2019-08-01,one_over_n,,one_over_n,0.12462208648028247,0.1255563115930324,0.12161920905142584,0.11785963303886482,0.12608377200463652,0.1265935184520848,0.1305081321865493,0.12715733719312383
2019-09-03,one_over_n,,one_over_n,0.12195985851824026,0.12075284339572336,0.1214090002749399,0.12062930695339741,0.12610332467380736,0.127404429783385,0.13214812617944416,0.12959311022106246
2019-10-01,one_over_n,,one_over_n,0.12656505307101776,0.1262533113034959,0.12783944664506558,0.12691083135166864,0.12439952305267972,0.12349832510438337,0.11966435079407207,0.12486915867761698
2019-11-01,one_over_n,,one_over_n,0.1263324165114606,0.12850457569581394,0.12747453775406895,0.12888143426881946,0.12107430696201078,0.12067332680370543,0.12354823777692096,0.12351116422719981
2019-12-02,one_over_n,,one_over_n,0.12807106965292067,0.1284236495719275,0.12545946779777675,0.12380229041972121,0.12559445415502377,0.1247331664917807,0.12160129498383593,0.12231460692701347
2020-01-02,one_over_n,,one_over_n,0.12594126572871114,0.12829253818637618,0.12571601327560014,0.13217253105186572,0.12062940966907951,0.12008781167592888,0.12559592084051843,0.12156450957192
2020-02-03,one_over_n,,one_over_n,0.12431627504262378,0.12818945345167324,0.12016266535768753,0.11589417282418756,0.1267414633318136,0.1282193851440096,0.128421268611678,0.12805531623632668
2020-03-02,one_over_n,,one_over_n,0.12150245491468319,0.12399595725424728,0.11874590087278149,0.12387987046976805,0.1294258787695224,0.1312064218789327,0.12813210566839353,0.1231114101716713
2020-04-01,one_over_n,,one_over_n,0.1143934956094154,0.12055288276644685,0.11573367230325231,0.11269087742587479,0.14161916398723645,0.1488247142229109,0.14304316925760469,0.10314202442725862
2020-05-01,one_over_n,,one_over_n,0.13209993036318773,0.1341767571838766,0.12454943456660972,0.12431115003056331,0.1173655720777784,0.11499199045388989,0.12293200822659636,0.12957315709749798
2020-06-01,one_over_n,,one_over_n,0.12734911369066276,0.12967481609270526,0.12985382798646003,0.12880841553655797,0.11858297518409569,0.11803925697228147,0.12072517401395151,0.12696642052328544
2020-07-01,one_over_n,,one_over_n,0.12429652531309252,0.13054569987673795,0.1237631307751629,0.12831610783928984,0.1227082084001208,0.12168107607316435,0.12397360951140358,0.1247156422110281
2020-08-03,one_over_n,,one_over_n,0.12629127752068878,0.12826823994512848,0.12349012752633985,0.12856415478477262,0.1208468431284552,0.1204214106120516,0.1328888927646303,0.11922905371793324
2020-09-01,one_over_n,,one_over_n,0.12989110996381775,0.13485153571022646,0.12454721341450199,0.1258714388183932,0.12032408835804094,0.12039734894896434,0.12073505340118196,0.12338221138487332
2020-10-01,one_over_n,,one_over_n,0.12266103932372227,0.12028212770759607,0.12578846472373467,0.12555510059214764,0.12759885963593934,0.12788472253916655,0.12342638656892478,0.12680329890876874
2020-11-02,one_over_n,,one_over_n,0.12438165793086946,0.12143900744629349,0.12332909872478307,0.12918349082140762,0.12630448324943266,0.12534902208194484,0.1263969025331605,0.12361633721210837
2020-12-01,one_over_n,,one_over_n,0.12996192254406547,0.1317826670842001,0.13536062713992375,0.12866219914461013,0.118068921252397,0.11681380731888677,0.1121492924051124,0.12720056311080438
2021-01-04,one_over_n,,one_over_n,0.12369430810106041,0.12482653179598839,0.12607824396169923,0.12924958049966062,0.12258143677876425,0.1226354494854872,0.1309717259109587,0.1199627234663811
2021-02-01,one_over_n,,one_over_n,0.1257581627380034,0.128496161081647,0.12312005902947983,0.1297905169798799,0.12262613426969486,0.12204668475995965,0.11779500473489825,0.1303672764064371
2021-03-01,one_over_n,,one_over_n,0.1298198664766213,0.12582614368250222,0.1290510734811963,0.12633294141491133,0.12328568052385547,0.12211833590963406,0.11623264590318362,0.1273333126080957
2021-04-01,one_over_n,,one_over_n,0.12777440090611325,0.12438278305108069,0.12624893294531916,0.12090996564475025,0.12290657704690851,0.1215682874923781,0.12419579690071114,0.13201325601273892
2021-05-03,one_over_n,,one_over_n,0.12708043205566175,0.12609349699081113,0.12507721828332363,0.12200648420635393,0.12229368637817364,0.12262024240502913,0.12611677655323383,0.12871166312741292
2021-06-01,one_over_n,,one_over_n,0.12313415076145748,0.12147287652644768,0.12604346231480307,0.12729455293722677,0.12281751891945863,0.12299212867455009,0.13008065173547786,0.12616465813057837
2021-07-01,one_over_n,,one_over_n,0.12811377164539867,0.13279412957413408,0.12301699191716131,0.12245872788115912,0.12552305455122725,0.1257096224203255,0.1163155795981667,0.12606812241242749
2021-08-02,one_over_n,,one_over_n,0.12551153950882904,0.12695017529702332,0.12473818901404203,0.11699679162968787,0.12517098934656382,0.1265583053134842,0.12599089080076176,0.12808311908960793
2021-09-01,one_over_n,,one_over_n,0.12675831648581554,0.12815247578479644,0.12504592495562,0.12539373926746322,0.12230492556165444,0.12180515554158643,0.12283667148771026,0.1277027909153536
2021-10-01,one_over_n,,one_over_n,0.12500512272943043,0.12283153693426452,0.12459410154933331,0.12292807664693524,0.12880672833043072,0.12804034343316245,0.1257409255666225,0.1220531648098209
2021-11-01,one_over_n,,one_over_n,0.1282409718773323,0.13020708626282243,0.12580112798943283,0.12342997209763158,0.1205961431572328,0.1200133974783482,0.12320382736013544,0.12850747377706434
2021-12-01,one_over_n,,one_over_n,0.12490521257128077,0.1274482374789842,0.119906987297442,0.12183387441986755,0.12799862379154336,0.12919637614274698,0.1265147744008929,0.12219591389724213
2022-01-03,one_over_n,,one_over_n,0.12865431611072892,0.1256089644597866,0.12775985414452354,0.12314899791521637,0.1196210936333631,0.11892483455224678,0.12248042881888145,0.13380151036525342
2022-02-01,one_over_n,,one_over_n,0.1228877523204252,0.117937947260451,0.12526817725288647,0.12944721564184686,0.1278447312568035,0.12788507074841898,0.12952827931967245,0.11920082619949551
2022-03-01,one_over_n,,one_over_n,0.12165322425625918,0.11972711593424654,0.11991447612218675,0.12025015904798476,0.12744231747856893,0.12918131059444224,0.13835214384841119,0.12347925271790045
2022-04-01,one_over_n,,one_over_n,0.12986477136662,0.13039420466242285,0.12748731652137724,0.12234567309034426,0.11856873010288249,0.11601660888481,0.121470786669036,0.13385190870250727
2022-05-02,one_over_n,,one_over_n,0.12300877399966417,0.11830622119962535,0.12388652500909629,0.12393301964072394,0.12882623835818474,0.12861181957058007,0.1300212562316796,0.12340614599044585
2022-06-01,one_over_n,,one_over_n,0.12447835769117872,0.12102840482762761,0.12743620212791779,0.12602397577295418,0.12709325360776866,0.12697577907342394,0.12494878238020109,0.12201524451892796
2022-07-01,one_over_n,,one_over_n,0.12197641433791864,0.12053592409129438,0.12060478814130011,0.1238532142014247,0.13006155533419228,0.13148359735149093,0.12752099671773906,0.12396350982463991
2022-08-01,one_over_n,,one_over_n,0.12944579685072913,0.1342521411036348,0.1262199177888591,0.11944661859339133,0.12259435675353461,0.12310172203154836,0.1177917599927551,0.12714768688554742
2022-09-01,one_over_n,,one_over_n,0.12626407462836986,0.12424873343359365,0.12101363441019264,0.12918359090837603,0.12586777179478717,0.12406695348798209,0.12515827766965784,0.12419696366704068
2022-10-03,one_over_n,,one_over_n,0.12349398400383978,0.12171653873910415,0.12479625349780395,0.1205130528054179,0.12907248625284898,0.12922316051470825,0.13346103551954075,0.11772348866673629
2022-11-01,one_over_n,,one_over_n,0.1307241420732478,0.12535529399661874,0.13043947561150251,0.12242039909986091,0.12227719828195177,0.12136063520101754,0.12072552551367571,0.12669733022212495
2022-12-01,one_over_n,,one_over_n,0.12265474625895204,0.1236034561388868,0.13124568354490415,0.13096664334880984,0.12095632676392995,0.12128603823058096,0.1266204230331173,0.12266668268081889
2023-01-03,one_over_n,,one_over_n,0.12116346998004168,0.11645547213534234,0.1265760250696653,0.12709721707272825,0.12758825381538352,0.12671280584326314,0.1314967243514561,0.12291003173211959
2023-02-01,one_over_n,,one_over_n,0.12480057047978878,0.13163281402294552,0.12612290582690433,0.1267413499798972,0.11968523889728717,0.11975990619912646,0.12286854531248026,0.1283886692815702
2023-03-01,one_over_n,,one_over_n,0.12636017833539887,0.12725349244506975,0.12700174641021356,0.12264434548256718,0.12637147889186995,0.12528204329143056,0.12360395208000807,0.1214827630634421
2023-04-03,one_over_n,,one_over_n,0.12524792752040845,0.13196911639470557,0.12392414536864274,0.12135396683778257,0.12426198869538299,0.12590191383209465,0.1295217578193935,0.11781918353158943
2023-05-01,one_over_n,,one_over_n,0.12627935173586433,0.1256893441884437,0.12735364245761296,0.12318781769772266,0.12378803116676354,0.12384573152323729,0.12450775476526317,0.1253483264650923
2023-06-01,one_over_n,,one_over_n,0.12613260836076065,0.13574524465827595,0.12122035491301272,0.12383162893898321,0.12447089829236437,0.12426178920320852,0.12410395247136832,0.12023352316202614
2023-07-03,one_over_n,,one_over_n,0.12901419516506796,0.12869425805695114,0.1256272890167522,0.12671017764244677,0.12121291306010028,0.11978349783423571,0.1186563984736081,0.13030127075083792
2023-08-01,one_over_n,,one_over_n,0.12668235138874961,0.1273182162062816,0.12504834526739017,0.12753283419428477,0.12247053834958126,0.12217305414077964,0.12453392620750801,0.12424073424542498
2023-09-01,one_over_n,,one_over_n,0.12576914915520745,0.12551519174695372,0.12371350271696599,0.12174479189297384,0.12662393884460854,0.1262794248868193,0.12699693393932435,0.12335706681714674
2023-10-02,one_over_n,,one_over_n,0.12503778294791396,0.12605384786495724,0.12497322198197736,0.12535345861696678,0.12792470268211217,0.12717565308390985,0.12392087129929784,0.11956046152286472
2023-11-01,one_over_n,,one_over_n,0.12325911055087894,0.1231318858709685,0.1239545660800334,0.1222390485326593,0.12488287716971658,0.1246314639826719,0.13479593979972593,0.12310510801334544
2023-12-01,one_over_n,,one_over_n,0.12616891447242176,0.12688622076679662,0.12583549415975628,0.1245901741811713,0.12121813771904388,0.12119475489754021,0.12153469689004286,0.13257160691322728
2024-01-02,one_over_n,,one_over_n,0.1254969807860881,0.12566197371575571,0.1251641112369761,0.12373415599547474,0.12420792428153259,0.12434305862138348,0.12059135665393182,0.1308004387088574
2024-02-01,one_over_n,,one_over_n,0.1285523927828964,0.130154531239258,0.12627037429780927,0.12114046216926427,0.12531567446303402,0.1255322508084694,0.12400147815025477,0.11903283608901398
2024-03-01,one_over_n,,one_over_n,0.12835965588629952,0.12932741364846465,0.12607719211460522,0.12787374197753598,0.12052728457374459,0.11969631576337031,0.12403509224748202,0.12410330378849782
2024-04-01,one_over_n,,one_over_n,0.1258432529194636,0.12319687230369036,0.12561780562905162,0.125256075865399,0.12283498247464218,0.12243808020419468,0.13275383649996603,0.12205909410359252
2024-05-01,one_over_n,,one_over_n,0.122774485606348,0.12137932783581759,0.12422694850517824,0.1277525175238007,0.1263102017904315,0.12574538784024056,0.13180680122825653,0.1200043296699269
2024-06-03,one_over_n,,one_over_n,0.1268817337506647,0.12930292727394527,0.1270068295933926,0.12380074429034733,0.12259811952389399,0.12276393626984897,0.12221264088994684,0.12543306840796042
2024-07-01,one_over_n,,one_over_n,0.12797516073731036,0.1315135717816419,0.12107899835094661,0.12566727208891212,0.12314108793967653,0.12322592068732796,0.1225229047065306,0.12487508370765381
2024-08-01,one_over_n,,one_over_n,0.12205380775111606,0.1169156741289006,0.12220264724436994,0.12117060261957044,0.1267486974530929,0.12761747323912587,0.12837748660013953,0.13491361096368462
2024-09-03,one_over_n,,one_over_n,0.12452970739689699,0.12305675069074992,0.1278698159379087,0.12338360842654779,0.12427792701657117,0.12441921233432007,0.12493600674379658,0.1275269714532087
2024-10-01,one_over_n,,one_over_n,0.12454165235137438,0.12580553820331536,0.12252714151357239,0.13098492240847998,0.1219639978286259,0.12185722423557421,0.12856875240295518,0.1237507710561025
2024-11-01,one_over_n,,one_over_n,0.12790250053056249,0.12899059357416373,0.12179102057627762,0.12267302535728696,0.12333288519417637,0.12187414570886565,0.13091768925474398,0.12251813980392319
2024-12-02,one_over_n,,one_over_n,0.13014063589550365,0.13015115621706513,0.12281964077143732,0.12018105504583655,0.12499409073915983,0.12510159152320355,0.11871094628888058,0.12790088351891332
2012-01-03,static_bucket,conservative,static_bucket:conservative,0.0,0.0,0.0,0.0,0.0,0.0,0.0,0.0
2012-02-01,static_bucket,conservative,static_bucket:conservative,0.10071834096117711,0.10395876393475569,0.05045128427062106,0.053353963106748954,0.2929980662833486,0.29417423136334475,0.052709980486929466,0.051635369593074416
2012-03-01,static_bucket,conservative,static_bucket:conservative,0.10298636151731143,0.10538410147095491,0.05169621170540236,0.05149434123469154,0.2970427488741636,0.2939597388889107,0.04866496043779861,0.04877153587076695
2012-04-02,static_bucket,conservative,static_bucket:conservative,0.1029225157671441,0.1047855833827923,0.04997705796122433,0.04840680453351683,0.2974374696364885,0.2954230160210225,0.04865613405097255,0.05239141864683887
2012-05-01,static_bucket,conservative,static_bucket:conservative,0.09877645316176217,0.09753565723112918,0.048375935243295164,0.04858531526298928,0.30120621711874185,0.30485168674119006,0.04927937301975121,0.051389362221141106
2012-06-01,static_bucket,conservative,static_bucket:conservative,0.09306093672881639,0.09232300963024954,0.04407270758480001,0.04411245608376968,0.3107789543817676,0.3186734662030399,0.04988784420106678,0.04709062518649016
2012-07-02,static_bucket,conservative,static_bucket:conservative,0.1045231390061764,0.10423002704942001,0.05396219480961301,0.05268117451653946,0.2926445224973031,0.2905159212539346,0.04806504536058183,0.05337797550643163
2012-08-01,static_bucket,conservative,static_bucket:conservative,0.10018394468066716,0.09979919105581705,0.04942204933708505,0.049774973438191115,0.3013267872622519,0.2998766046755864,0.04971480374675774,0.04990164580364342
2012-09-04,static_bucket,conservative,static_bucket:conservative,0.10118517383502085,0.10403410867773523,0.050671218636922526,0.04919481862715165,0.2964387917732112,0.2962076303403101,0.05233010505169347,0.049938153057955
2012-10-01,static_bucket,conservative,static_bucket:conservative,0.1017921819145149,0.09975861301698824,0.05147496727863194,0.05285509655230802,0.29750158157002365,0.2969632677748061,0.05181001144986211,0.04784428044286494
2012-11-01,static_bucket,conservative,static_bucket:conservative,0.09978836206131286,0.09702079168799162,0.05116133377662023,0.05052182527417316,0.30212694487193953,0.3001944303411407,0.04860474137662987,0.05058157061019206
2012-12-03,static_bucket,conservative,static_bucket:conservative,0.09863436208679192,0.09929423784900251,0.05065262128041454,0.04973877732992784,0.30003550038072635,0.3021992346122746,0.04981630884549879,0.049628957615363456
2013-01-02,static_bucket,conservative,static_bucket:conservative,0.102909360960695,0.10182903437166135,0.0523802311250552,0.053908597072800615,0.29576123567962814,0.29286169932647305,0.048598105545707364,0.0517517359179793
2013-02-01,static_bucket,conservative,static_bucket:conservative,0.10352213132843095,0.10066085152413236,0.051468689861383185,0.04920338331821749,0.2977683103159215,0.29639634953528204,0.04946132243201607,0.05151896168461665
2013-03-01,static_bucket,conservative,static_bucket:conservative,0.10026492837051587,0.09927893522628309,0.04871381553144573,0.0485018610132856,0.3016018388645802,0.30424976007792826,0.04706400124595021,0.050324859670011164
2013-04-01,static_bucket,conservative,static_bucket:conservative,0.10229084201456645,0.1011502412611866,0.049710215521462216,0.048487328914488925,0.2982580837641253,0.298702874335977,0.05035940033378465,0.05104101385440875
2013-05-01,static_bucket,conservative,static_bucket:conservative,0.10006514365869473,0.10137733523589468,0.05219289660538957,0.04992225232602404,0.2987018208220928,0.30066238945879903,0.04500308530972485,0.052075076583380314
2013-06-03,static_bucket,conservative,static_bucket:conservative,0.10530247165285174,0.10572110278459201,0.04966073662958761,0.04951063676086492,0.29816301069376366,0.2942581844893432,0.04905368141072815,0.04833017557826864
2013-07-01,static_bucket,conservative,static_bucket:conservative,0.10143228882410596,0.10074690787922361,0.05028671175003929,0.0480870728392719,0.3037440965029688,0.300134842147167,0.04559479660306432,0.049973283454159044
2013-08-01,static_bucket,conservative,static_bucket:conservative,0.1042709512402936,0.10522920764137783,0.05213240326966598,0.05069842839225721,0.29447986170606844,0.29201080751275577,0.051524505391857565,0.04965383484572375
2013-09-03,static_bucket,conservative,static_bucket:conservative,0.09747095722062578,0.10034247030163954,0.04988298338169733,0.048734601850606254,0.3020193793072771,0.3001986162363503,0.05451444285832777,0.04683654884347594
2013-10-01,static_bucket,conservative,static_bucket:conservative,0.10094788415532954,0.1026859417050527,0.051857425865410034,0.05297931797757585,0.2963575590380712,0.2990000868556079,0.04453243459818496,0.051639349804767955
2013-11-01,static_bucket,conservative,static_bucket:conservative,0.10239476810139297,0.1022681363966127,0.05029059988902521,0.050278379073732345,0.29716703058360855,0.29651395351412296,0.050133308165773764,0.05095382427573165
2013-12-02,static_bucket,conservative,static_bucket:conservative,0.10303226733883568,0.10380931009953881,0.05042910975757055,0.049075996900153546,0.3005270780743443,0.2994329974617713,0.04657203551538867,0.04712120485239705
2014-01-02,static_bucket,conservative,static_bucket:conservative,0.10186363830759866,0.10240789173164049,0.050550865668137115,0.0489015131039805,0.2996327929518943,0.29612411964146057,0.05017349767185175,0.050345680923436505
2014-02-03,static_bucket,conservative,static_bucket:conservative,0.09492638931459767,0.09629107512415895,0.047125005768824745,0.04602754845782244,0.3045250024689491,0.30871018082409524,0.05125015842753915,0.051144639614012596
2014-03-03,static_bucket,conservative,static_bucket:conservative,0.10339137630755307,0.10399275225097146,0.05161966466803337,0.05086508919772889,0.292912762553744,0.2929492908208199,0.05227351172053636,0.05199555248061301
2014-04-01,static_bucket,conservative,static_bucket:conservative,0.1023237340666591,0.09981869216995463,0.051226268043245635,0.05354994364993543,0.2986356671684061,0.2965438826060499,0.04740152332531641,0.0505002889704327
2014-05-01,static_bucket,conservative,static_bucket:conservative,0.0992730783050406,0.09749570225405521,0.050261057648893874,0.049483934229440245,0.30103752386285315,0.30143730009296643,0.04978032493167457,0.051231078675075724
2014-06-02,static_bucket,conservative,static_bucket:conservative,0.10104313646423389,0.10266726758305766,0.05007340712998615,0.05087421308008197,0.29809180919129535,0.29910987543202466,0.04769111342902082,0.050449177690299454
2014-07-01,static_bucket,conservative,static_bucket:conservative,0.10126762700058642,0.10297201653572823,0.0501262053110906,0.050844841725005065,0.2963848589667127,0.2957627507542338,0.0526333970057187,0.0500083027009245
2014-08-01,static_bucket,conservative,static_bucket:conservative,0.09799229472235367,0.10001310944459713,0.048084131734974486,0.05063180355533141,0.3016417979554951,0.3029889292372141,0.04884535110633258,0.04980258224370151
2014-09-02,static_bucket,conservative,static_bucket:conservative,0.1026362806394396,0.10410472294743886,0.04977220820150539,0.05028291273963459,0.29682651689403455,0.29734335898937037,0.048162671394766286,0.05087132819381026
2014-10-01,static_bucket,conservative,static_bucket:conservative,0.09887851269794196,0.09891989376744029,0.04814967340732349,0.04596209494725891,0.30551744881534365,0.30605607554985376,0.04875664088444335,0.047759659930394514
2014-11-03,static_bucket,conservative,static_bucket:conservative,0.10217023853362177,0.102958568342131,0.04923756853824632,0.050523975280890726,0.2961600487747748,0.2971666011741314,0.04725964320190023,0.05452335615430374
2014-12-01,static_bucket,conservative,static_bucket:conservative,0.10079316442103904,0.10186109765077578,0.049832433269414764,0.04822522177153567,0.29835778111937056,0.2997116329794499,0.051371409132480596,0.04984725965593381
2015-01-02,static_bucket,conservative,static_bucket:conservative,0.10034778295897587,0.09853966199695598,0.047822893344397925,0.048186858169061056,0.3018382789973859,0.3025317147624701,0.0489068730577625,0.05182593671299055
2015-02-02,static_bucket,conservative,static_bucket:conservative,0.09616704791456705,0.09692633979147008,0.05003373462172655,0.050118071050469865,0.29868867011005673,0.30421161894948956,0.052495697426954736,0.05135882013526543
2015-03-02,static_bucket,conservative,static_bucket:conservative,0.10514809519178904,0.10742074659361237,0.05269527047323528,0.051286972703884395,0.29626927600013964,0.2912162838135508,0.04731962537410013,0.04864372984968818
2015-04-01,static_bucket,conservative,static_bucket:conservative,0.0971134756633366,0.09591404634160253,0.04938360932013896,0.049757924180561165,0.3025460165703779,0.3051801359144344,0.049784695836871264,0.05032009617267706
2015-05-01,static_bucket,conservative,static_bucket:conservative,0.1024344163899367,0.10380158783981143,0.052023847585064106,0.05308572305442707,0.2972007161743198,0.2950496397419993,0.0489071550543133,0.04749691416012848
2015-06-01,static_bucket,conservative,static_bucket:conservative,0.10072454164014345,0.1015802042656157,0.04957071412336854,0.047625183871265804,0.2996653343040872,0.30002452894716436,0.05056803242072764,0.050241460427627206
2015-07-01,static_bucket,conservative,static_bucket:conservative,0.10028094711775656,0.0996778854305144,0.04974269462440664,0.04954074721314802,0.3020448916669712,0.30003482502736034,0.04997497965351245,0.048703029266330404
2015-08-03,static_bucket,conservative,static_bucket:conservative,0.1000279642229189,0.10230977100234269,0.05001768915974976,0.04560707835481998,0.300434885043961,0.3038214306290249,0.045986991426459005,0.05179419016072372
2015-09-01,static_bucket,conservative,static_bucket:conservative,0.09426299618456993,0.09337217074169753,0.046253431839551704,0.045952217758310654,0.3089170312470976,0.31005168802748234,0.05408630502996457,0.04710415917132572
2015-10-01,static_bucket,conservative,static_bucket:conservative,0.09976875878033452,0.10045762594713481,0.04914026110782102,0.05018813371233717,0.2989590886042761,0.30077812235698254,0.04841298121299628,0.05229502827811768
2015-11-02,static_bucket,conservative,static_bucket:conservative,0.10629303052428551,0.10883323109487446,0.052070507629372924,0.05236238811269246,0.2906033749690505,0.2882923650478294,0.049379675938854915,0.05216542668303987
2015-12-01,static_bucket,conservative,static_bucket:conservative,0.10048810152200732,0.10083133421628272,0.04984956576018093,0.0483265008145357,0.3015224982510219,0.3022242649376746,0.04725930401654496,0.04949843048175195
2016-01-04,static_bucket,conservative,static_bucket:conservative,0.09775490837995489,0.09713650735970321,0.04846202188549418,0.047277409166155596,0.3037759735693053,0.3038351792641994,0.051226900655645724,0.050531099719541714
2016-02-01,static_bucket,conservative,static_bucket:conservative,0.09625029044000993,0.09526909576054812,0.047883124013595,0.048313316718348986,0.30320394409690443,0.30770787902333213,0.052462089775093215,0.04891026017216823
2016-03-01,static_bucket,conservative,static_bucket:conservative,0.10072662795891585,0.09976028975054334,0.048883050973078344,0.05105039653521361,0.2974648835958927,0.2981100632216868,0.05365808850884122,0.05034659945582826
2016-04-01,static_bucket,conservative,static_bucket:conservative,0.10252437881384556,0.10217633682036063,0.05017644389595967,0.05310406752497626,0.29615406795557647,0.2949934778475519,0.04847949289417181,0.05239173424755757
2016-05-02,static_bucket,conservative,static_bucket:conservative,0.10035697574907859,0.09655693940705122,0.05207049432555226,0.05014445540599867,0.3003772311834627,0.298301378276068,0.05261931708372309,0.049573208569065455
2016-06-01,static_bucket,conservative,static_bucket:conservative,0.1010877801688564,0.10338285476665382,0.049440067865156895,0.048242059376049244,0.30002166466555524,0.30041969252756395,0.04702985329282612,0.050376027337338404
2016-07-01,static_bucket,conservative,static_bucket:conservative,0.0978250978052467,0.0957303002343107,0.04760217170478497,0.051483315792358084,0.2989127318644979,0.30237176841614366,0.05398296436700633,0.05209164981565159
2016-08-01,static_bucket,conservative,static_bucket:conservative,0.10171734391184822,0.10549269533359834,0.050835141803169434,0.05126997144400821,0.29555668551825315,0.29420034946839163,0.04952335109145132,0.05140446142927956
2016-09-01,static_bucket,conservative,static_bucket:conservative,0.10040688005523245,0.10097745549050768,0.0510465934037209,0.05102829598757705,0.30091255180067183,0.29906178558966773,0.048575821038663945,0.047990616633958455
2016-10-03,static_bucket,conservative,static_bucket:conservative,0.09972382814967896,0.101767190112451,0.05016863606044792,0.05120351518088631,0.2994428867417361,0.2994319554598107,0.04999344310215174,0.0482685451928372
2016-11-01,static_bucket,conservative,static_bucket:conservative,0.09945234828358117,0.0996073534523591,0.04964304453870814,0.04967713182009153,0.3027878478477355,0.30125325376590867,0.04979935501301883,0.047779665278596985
2016-12-01,static_bucket,conservative,static_bucket:conservative,0.10695326445540891,0.10221706751761656,0.05049911792976143,0.04893661153390689,0.29961201646968455,0.2941787679676379,0.04670612105822551,0.0508970330677583
2017-01-03,static_bucket,conservative,static_bucket:conservative,0.10160549239814985,0.10223958580966494,0.051079312455112644,0.05029346014136377,0.29743439047229864,0.2960408921602779,0.04876140566174694,0.05254546090138549
2017-02-01,static_bucket,conservative,static_bucket:conservative,0.09989204086566136,0.10371799580254183,0.05093821222636325,0.05211606791544556,0.2964542034546734,0.2967653544909076,0.05153995189644384,0.04857617334796322
2017-03-01,static_bucket,conservative,static_bucket:conservative,0.10346243058438462,0.10292156088651158,0.050010049029441436,0.05071140576683856,0.2955720422886731,0.29527707403677206,0.05075322660630129,0.05129221080107743
2017-04-03,static_bucket,conservative,static_bucket:conservative,0.09786803607969867,0.10014420039179205,0.05064486389268613,0.05096872002742511,0.3002112129638876,0.301669139113379,0.0497642846677402,0.04872954286339125
2017-05-01,static_bucket,conservative,static_bucket:conservative,0.10042939500070477,0.10268723955416759,0.05099042660882917,0.05035987821842348,0.297875353395365,0.29823616799709235,0.049642656170138307,0.04977888305527934
2017-06-01,static_bucket,conservative,static_bucket:conservative,0.10050088626393493,0.10190171744000864,0.051153601504673116,0.05082536658950319,0.2983694547361772,0.29863891896114153,0.04971652462675294,0.04889352987780831
2017-07-03,static_bucket,conservative,static_bucket:conservative,0.10071385820941944,0.09695305412709102,0.050111378379278294,0.05068115581570795,0.3016464296176006,0.2996159210982838,0.048419364123936076,0.051858838628682916
2017-08-01,static_bucket,conservative,static_bucket:conservative,0.10015853778113926,0.10339723292823212,0.05068639279337896,0.05175417919486131,0.29658883325556457,0.2971956102534797,0.05097101102029868,0.0492482027730455
2017-09-01,static_bucket,conservative,static_bucket:conservative,0.0992992073670082,0.10077506899356053,0.04931722332123245,0.05093268358726291,0.29857162843077656,0.29997312797040715,0.051767083820723855,0.04936397650902844
2017-10-02,static_bucket,conservative,static_bucket:conservative,0.1027348346733015,0.10034268724180033,0.051277945649869865,0.04982822945418036,0.30038051580650427,0.29743208845530805,0.04809935742440039,0.04990434129463526
2017-11-01,static_bucket,conservative,static_bucket:conservative,0.10109126538097592,0.10349814721915057,0.050457370909531084,0.051409429800862994,0.29742370227341813,0.29714002942152257,0.049670194578764114,0.04930986041577456
2017-12-01,static_bucket,conservative,static_bucket:conservative,0.10215434370255114,0.10102490215093128,0.04982377651502145,0.04900406744375507,0.29866355843560954,0.29847210206947006,0.04992810809704499,0.05092914158561639
2018-01-02,static_bucket,conservative,static_bucket:conservative,0.10123456877696045,0.10188312683867912,0.05079493524072607,0.05268448805333676,0.29743935753631806,0.2957825982203641,0.051003103928200205,0.049177821405415115
2018-02-01,static_bucket,conservative,static_bucket:conservative,0.10447766236656437,0.10568336327430299,0.05212912384988235,0.05228223269330451,0.29531333316277086,0.2921997420962251,0.05102572384155739,0.046888818715392376
2018-03-01,static_bucket,conservative,static_bucket:conservative,0.09687537738696357,0.09978703387085244,0.047536475446174384,0.04850999437463911,0.30383324524818794,0.3057235543634181,0.04961643221993146,0.04811788708983296
2018-04-02,static_bucket,conservative,static_bucket:conservative,0.09689478756070674,0.0950244746807883,0.04990272780109598,0.049627082753773914,0.3024759271839631,0.3035118569905011,0.05119317364220862,0.051369969386962304
2018-05-01,static_bucket,conservative,static_bucket:conservative,0.10282256605993301,0.10457902271118473,0.05124084083706125,0.04919554810680942,0.29694897359202255,0.29513478959851264,0.04856068876350578,0.05151757033097056
2018-06-01,static_bucket,conservative,static_bucket:conservative,0.1018344904079298,0.10466075428192005,0.04897026675339027,0.04893283298876887,0.29772260575630577,0.2981592985200948,0.04882674026050247,0.050893011031087954
2018-07-02,static_bucket,conservative,static_bucket:conservative,0.10016823532113801,0.10060845166932138,0.04851520428377977,0.04676791601066966,0.3014700475959842,0.30258195944771626,0.04811876498655294,0.05176942068483781
2018-08-01,static_bucket,conservative,static_bucket:conservative,0.10259045848605071,0.1017855783858774,0.05127512305699487,0.05145701580433254,0.2977986467346534,0.29583911356844267,0.04867081641244817,0.05058324755120021
2018-09-04,static_bucket,conservative,static_bucket:conservative,0.10231262746383744,0.10404011138511671,0.048303264849753204,0.04720138376107732,0.29912427649922096,0.3004984908361045,0.04862492278432453,0.049894922420565285
2018-10-01,static_bucket,conservative,static_bucket:conservative,0.10147410602057717,0.10070562373125681,0.051152880463347636,0.05088716793362717,0.29944326497661866,0.2973532726018924,0.05001601014610438,0.04896767412657571
2018-11-01,static_bucket,conservative,static_bucket:conservative,0.09567585866976919,0.09431490422954769,0.04741913822772237,0.04820780229978289,0.30502614412574647,0.3062580900759423,0.052864957033356315,0.05023310533813282
2018-12-03,static_bucket,conservative,static_bucket:conservative,0.10081417034458984,0.09887921413089773,0.049627448119985124,0.05100511664308964,0.2981922046000135,0.3005108425044689,0.049269031086082826,0.05170197257087236
2019-01-02,static_bucket,conservative,static_bucket:conservative,0.09144843546237233,0.091483170304338,0.04731133032743948,0.048132266979850055,0.31025873988173924,0.3130155881169209,0.0528949016776202,0.045455567249719865
2019-02-01,static_bucket,conservative,static_bucket:conservative,0.10442012176313578,0.10458423972576612,0.05166480587424948,0.05281308781122173,0.29201787291793146,0.28991906553249713,0.049630385857399796,0.0549504205177986
2019-03-01,static_bucket,conservative,static_bucket:conservative,0.10306037542924801,0.10336637897492548,0.05117872552389201,0.0493130722542883,0.297554078343656,0.29680991925640127,0.04858206791128557,0.05013538230630353
2019-04-01,static_bucket,conservative,static_bucket:conservative,0.10002405419922766,0.10217202478656556,0.04965916109903896,0.05016089980448107,0.29843629240933833,0.29979885887561425,0.048709990460839694,0.05103871836489448
2019-05-01,static_bucket,conservative,static_bucket:conservative,0.10135873093881642,0.10303931644906253,0.05016224175796783,0.049606694273736006,0.2988079208567015,0.29821643243291823,0.04917925863522048,0.04962940465557694
2019-06-03,static_bucket,conservative,static_bucket:conservative,0.09424132511473546,0.0901867283500669,0.04811022252814742,0.047184807731203184,0.30674212423759967,0.31126718349163107,0.05203837943587597,0.05022922911074028
2019-07-01,static_bucket,conservative,static_bucket:conservative,0.10471713345144579,0.10790307259438053,0.05119190012803532,0.051534651072797984,0.2930446428788918,0.29208954408772203,0.050519476014522925,0.04899957977220369
2019-08-01,static_bucket,conservative,static_bucket:conservative,0.09915963494046026,0.09990298167576911,0.04838514869992559,0.046889433953585476,0.3009680183586261,0.3021848076068746,0.05192152976201009,0.050588445002748894
2019-09-03,static_bucket,conservative,static_bucket:conservative,0.09716943483290785,0.09620776614359727,0.04836527396667926,0.04805467029626772,0.3014120122303668,0.30452191207016427,0.052643381564615066,0.05162554889540169
2019-10-01,static_bucket,conservative,static_bucket:conservative,0.10156455231207406,0.1013143891565499,0.0512936069289358,0.05092101435991485,0.2994803437468196,0.2973107930546885,0.048013475762915765,0.05010182467810158
2019-11-01,static_bucket,conservative,static_bucket:conservative,0.10256022914140911,0.10432364940859512,0.0517437177360036,0.05231479692895948,0.2948746412375002,0.2938980601337921,0.05014997704595009,0.05013492836779019
2019-12-02,static_bucket,conservative,static_bucket:conservative,0.10212463112489,0.1024057804450932,0.05002106215203604,0.04936034061320186,0.30044928967971346,0.2983889019948252,0.0484827972007571,0.048767196789483123
2020-01-02,static_bucket,conservative,static_bucket:conservative,0.10248209413838644,0.10439539335732932,0.051149399812152184,0.053776328558361265,0.2944790441647827,0.2931569017470913,0.05110053844742737,0.04946029977446924
2020-02-03,static_bucket,conservative,static_bucket:conservative,0.09837833623523538,0.10144339628223145,0.04754567771366823,0.045856730737360116,0.30089256512056495,0.3044012486518183,0.050813422212431215,0.05066862304669025
2020-03-02,static_bucket,conservative,static_bucket:conservative,0.0953461497000707,0.09730286610973087,0.046591504874679515,0.048605884889032364,0.3046916020146389,0.3088833180579848,0.05027430489788216,0.048304369455980656
2020-04-01,static_bucket,conservative,static_bucket:conservative,0.08514063174734864,0.08972493185053561,0.04306904829617123,0.041936704727345994,0.31621234297902473,0.3323011536902717,0.05323198549381938,0.038383201215482735
2020-05-01,static_bucket,conservative,static_bucket:conservative,0.10881089061020624,0.1105215756603877,0.05129576852512496,0.05119763087844126,0.2900225395194807,0.2841571723753516,0.05062963039746134,0.05336479203354629
2020-06-01,static_bucket,conservative,static_bucket:conservative,0.10437874049109513,0.10628494839821863,0.05321583566768001,0.052787411661999295,0.2915813365643444,0.2902443985876319,0.04947479116247851,0.05203253746655225
2020-07-01,static_bucket,conservative,static_bucket:conservative,0.10036910128422198,0.10541529250430146,0.04996919333317957,0.05180745154250203,0.29725961927641714,0.29477139971524496,0.05005417383260505,0.05035376851152796
2020-08-03,static_bucket,conservative,static_bucket:conservative,0.10263825200147596,0.10424495019552862,0.050180863942351495,0.05224272165191527,0.2946405084049285,0.29360324793804227,0.05400010171541281,0.048449354150345146
2020-09-01,static_bucket,conservative,static_bucket:conservative,0.10524530053956788,0.10926452478540284,0.05045768301936255,0.050994165079811034,0.2924806365482381,0.29265871647021857,0.04891326659849067,0.04998570695890841
2020-10-01,static_bucket,conservative,static_bucket:conservative,0.09733608441977044,0.09544832981430583,0.049908906238229016,0.04981631469107624,0.3037632839701916,0.30444381242081653,0.04897170792346548,0.0503115605221449
2020-11-02,static_bucket,conservative,static_bucket:conservative,0.09934287324747557,0.09699259621335427,0.04925110030753503,0.05158903397746264,0.3026358663833718,0.3003465033237304,0.050476218423636796,0.049365808123433476
2020-12-01,static_bucket,conservative,static_bucket:conservative,0.10669415542151778,0.10818892248209386,0.055563150757193175,0.052813564172055086,0.29079126227029084,0.2877000494333559,0.04603530711169332,0.05221358835180017
2021-01-04,static_bucket,conservative,static_bucket:conservative,0.09997094044834297,0.10088601462853378,0.05094883027531417,0.052230382761622444,0.297214521130672,0.29734548191221843,0.05292631008034598,0.048477518762950284
2021-02-01,static_bucket,conservative,static_bucket:conservative,0.10151535989176998,0.103725545546415,0.049692905932127655,0.052385192161247124,0.296961307675722,0.2955580661467623,0.047543642650173294,0.05261797999578279
2021-03-01,static_bucket,conservative,static_bucket:conservative,0.10458101222542074,0.10136372673828825,0.05198084183775965,0.05088599784134541,0.2979514987655579,0.2951303108067838,0.04681767164035297,0.05128894014449134
2021-04-01,static_bucket,conservative,static_bucket:conservative,0.1032715894403025,0.10053036925707748,0.05101932733766194,0.04886176042602098,0.29801174901131466,0.2947667964594511,0.05018962036521586,0.05334878770295549
2021-05-03,static_bucket,conservative,static_bucket:conservative,0.10257754954336899,0.10178090934571479,0.05048029168481566,0.0492409648591998,0.29614126589852374,0.2969320402879777,0.05089985014165277,0.05194712823874678
2021-06-01,static_bucket,conservative,static_bucket:conservative,0.09955643576601385,0.09821326215702954,0.050954336315597905,0.051460102272558456,0.29790129767330714,0.29832482416273465,0.05258641071067486,0.05100333094208343
2021-07-01,static_bucket,conservative,static_bucket:conservative,0.1017959025269056,0.10551479436332192,0.04887306632815945,0.04865127521755797,0.2992121563950952,0.2996568824625615,0.04621068153355224,0.050085241172846184
2021-08-02,static_bucket,conservative,static_bucket:conservative,0.09996505933381657,0.10111087678207178,0.04967455787244319,0.04659169691845426,0.2990814731267375,0.302396302746962,0.05017342199651923,0.051006611222995435
2021-09-01,static_bucket,conservative,static_bucket:conservative,0.10241187912712485,0.10353826260687991,0.05051419309962006,0.050654697952677026,0.2964415495690283,0.2952302116078076,0.04962173173933499,0.051587474297527344
2021-10-01,static_bucket,conservative,static_bucket:conservative,0.09873741490527499,0.09702057132476002,0.04920638142987943,0.04854841242653446,0.3052205325684269,0.3034045062666289,0.049659300623693226,0.04820288045480208
2021-11-01,static_bucket,conservative,static_bucket:conservative,0.10419759716235545,0.10579509281226658,0.051107594807341845,0.05014429601598762,0.29395819822819536,0.2925377309951194,0.05005242312266399,0.05220706685606979
2021-12-01,static_bucket,conservative,static_bucket:conservative,0.09841532728751037,0.100419027721142,0.047238562570808246,0.04799767911564972,0.30255806447485434,0.3053892639234559,0.04984176670074475,0.04814030820583474
2022-01-03,static_bucket,conservative,static_bucket:conservative,0.10515299409361559,0.10266393773044696,0.052210961879808795,0.05032666700147158,0.29330961912249215,0.29160239943665034,0.05005344631069594,0.05467997442481849
2022-02-01,static_bucket,conservative,static_bucket:conservative,0.09755029637871968,0.09362106062088481,0.04971995820209165,0.051378652521596166,0.3044556806289497,0.30455174706246846,0.051410827354515305,0.04731177723077426
2022-03-01,static_bucket,conservative,static_bucket:conservative,0.09637813228510021,0.09485219884774772,0.047500316219559545,0.047633286363286516,0.3028933908104938,0.30702647259905713,0.05480381347584107,0.04891238939891404
2022-04-01,static_bucket,conservative,static_bucket:conservative,0.10674464584939133,0.10717982291139691,0.05239522739367629,0.05028209501237777,0.2923789947909798,0.28608571126101956,0.04992253082796419,0.055010971953194134
2022-05-02,static_bucket,conservative,static_bucket:conservative,0.09729762064333317,0.0935779900550739,0.04899595256997183,0.049014340758403295,0.3056973757510134,0.30518857209798567,0.05142218092684233,0.04880596719737639
2022-06-01,static_bucket,conservative,static_bucket:conservative,0.09895523373890405,0.0962126614690492,0.0506532999079726,0.050091968638667266,0.30310190905464857,0.30282174661789896,0.04966460112086,0.048498579451999334
2022-07-01,static_bucket,conservative,static_bucket:conservative,0.09565884397152512,0.09452915318259446,0.04729157957974588,0.04856535321592455,0.3059986169278554,0.3093442857489654,0.05000356501020473,0.04860860236318451
2022-08-01,static_bucket,conservative,static_bucket:conservative,0.10388164859221122,0.10773879171188545,0.05064642292016682,0.0479286000786694,0.2951498819775033,0.29637138030655197,0.04726457913784531,0.05101869527516661
2022-09-01,static_bucket,conservative,static_bucket:conservative,0.10100372747190148,0.09939157474042028,0.048401844255092294,0.05166958316668922,0.3020601265389475,0.29773848488381394,0.05005957793539449,0.04967508100774089
2022-10-03,static_bucket,conservative,static_bucket:conservative,0.09736628798741599,0.0959648978798401,0.04919651777304368,0.04750801709227451,0.3052936295428594,0.3056500175974877,0.052612302227978656,0.0464083298991
2022-11-01,static_bucket,conservative,static_bucket:conservative,0.10566689638233974,0.10132715083566167,0.052718397439871334,0.04947740876938193,0.2965171964993749,0.294294568576982,0.04879240893395656,0.05120597256243192
2022-12-01,static_bucket,conservative,static_bucket:conservative,0.09982196722065277,0.10059407013085586,0.053406829822190395,0.053293282070646535,0.2953191503866083,0.29612415259533226,0.0515247069640182,0.04991584080969561
2023-01-03,static_bucket,conservative,static_bucket:conservative,0.09657829455293127,0.0928255924994589,0.05044629637353155,0.050654015064646674,0.305098293087166,0.3030048583547883,0.05240741858603284,0.04898523148144446
2023-02-01,static_bucket,conservative,static_bucket:conservative,0.10172608735413273,0.1072951116047745,0.051401967499750005,0.05165401724475175,0.29266960127487757,0.29285218727845586,0.05007563797777976,0.05232538976547782
2023-03-01,static_bucket,conservative,static_bucket:conservative,0.10060999240380719,0.10132126336727197,0.050560409576528235,0.04882569346578011,0.3018569702621364,0.29925469218065776,0.04920772051635497,0.0483632582274633
2023-04-03,static_bucket,conservative,static_bucket:conservative,0.09987727427113086,0.10523699588821601,0.0494108210045337,0.048386043863967186,0.2972731518703007,0.3011963605629982,0.05164269136388968,0.04697666117496364
2023-05-01,static_bucket,conservative,static_bucket:conservative,0.1014235970989362,0.10094972162402809,0.05114321678147512,0.0494702871765004,0.29826794070790247,0.298406970033608,0.05000035311164314,0.0503379134659066
2023-06-01,static_bucket,conservative,static_bucket:conservative,0.10068292136247009,0.1083560228467477,0.048380904905770766,0.0494231044639559,0.2980694800707416,0.29756872818144176,0.04953179296708215,0.04798704520179005
2023-07-03,static_bucket,conservative,static_bucket:conservative,0.10477499690847412,0.1045151696121758,0.051012211491569724,0.051451929199625816,0.29531826110041504,0.29183569139529236,0.04818161198206322,0.052910128310383824
2023-08-01,static_bucket,conservative,static_bucket:conservative,0.10227789745005218,0.10279126743321627,0.05047933549287069,0.05148227039617437,0.2966323807062733,0.2959118527305779,0.050271675549412885,0.05015332024142256
2023-09-01,static_bucket,conservative,static_bucket:conservative,0.09998337800054022,0.09978148811167618,0.049174594839060025,0.04839205651463338,0.30198874429358225,0.301167103943,0.05047971834211681,0.049032915955391145
2023-10-02,static_bucket,conservative,static_bucket:conservative,0.09897736808043235,0.09978166442124078,0.04946313146587231,0.049613625262594115,0.3037877852302049,0.30200898790885466,0.04904662175811201,0.04732081587268889
2023-11-01,static_bucket,conservative,static_bucket:conservative,0.09884599352103343,0.09874396739225529,0.049701852385961906,0.049013984221024265,0.30044445426637373,0.2998396019480343,0.05404889964139981,0.049361246623917374
2023-12-01,static_bucket,conservative,static_bucket:conservative,0.10236332108048429,0.10294528578099056,0.05104640531250698,0.05054122902027654,0.2950399756706731,0.29498306284213627,0.04930174461829939,0.05377897567463297
2024-01-02,static_bucket,conservative,static_bucket:conservative,0.10064259423328274,0.1007749106951441,0.050187824363934284,0.0496144464059917,0.29882649715690224,0.29915161104683186,0.04835425880264738,0.05244785729526573
2024-02-01,static_bucket,conservative,static_bucket:conservative,0.1023120788330925,0.1035871863009529,0.05024793475162914,0.04820654150043964,0.2992081334418367,0.29972523877876317,0.049345051979525725,0.047367834413760114
2024-03-01,static_bucket,conservative,static_bucket:conservative,0.10440815938499172,0.10519533667976182,0.05127579798427509,0.05200645771975347,0.29411184965693576,0.2920841115004616,0.050445272664872816,0.05047301440894769
2024-04-01,static_bucket,conservative,static_bucket:conservative,0.10167486178729135,0.09953672265703929,0.05074635599864266,0.050600226496780254,0.2977330029861763,0.2967709732574159,0.053629128557670526,0.04930872825898362
2024-05-01,static_bucket,conservative,static_bucket:conservative,0.09804578227208771,0.09693163111658441,0.0496028482029934,0.051010580317194194,0.3026080496039429,0.30125489486716267,0.052629424067152424,0.047916789552882214
2024-06-03,static_bucket,conservative,static_bucket:conservative,0.1022005576467311,0.10415077791039952,0.051150659853432506,0.049859442843117587,0.2962505904846272,0.2966512761484218,0.049219850963641266,0.0505168441496291
2024-07-01,static_bucket,conservative,static_bucket:conservative,0.10273667516677294,0.1055772622304939,0.04860026606504138,0.05044196716499619,0.29656784672402176,0.29677215436596,0.04917984001271302,0.05012398827000075
2024-08-01,static_bucket,conservative,static_bucket:conservative,0.09722302967156021,0.09313020432826791,0.04867079453682159,0.048259752443879034,0.3028883555630237,0.3049644484497524,0.05113010572491361,0.05373330928178152
2024-09-03,static_bucket,conservative,static_bucket:conservative,0.09998081119797217,0.09879822264606375,0.051331237310552225,0.0495303229923376,0.2993359950052074,0.2996762950261625,0.050153507798217783,0.05119360802348659
2024-10-01,static_bucket,conservative,static_bucket:conservative,0.10086576839271333,0.10188938430923446,0.049617112204601396,0.053042073062095,0.29633441001385136,0.29607498354156986,0.05206365002219866,0.05011261845373605
2024-11-01,static_bucket,conservative,static_bucket:conservative,0.1030255309243458,0.10390199043879694,0.04905136531592148,0.04940659297161374,0.2980341101585856,0.29450906390856646,0.052727133507587585,0.049344212774582334
2024-12-02,static_bucket,conservative,static_bucket:conservative,0.10366590755140205,0.10367428770626223,0.04891711738650007,0.04786621048868757,0.29869899818473966,0.298955893341207,0.04728068945814845,0.050940895883052964
2012-01-03,static_bucket,balanced,static_bucket:balanced,0.0,0.0,0.0,0.0,0.0,0.0,0.0,0.0
2012-02-01,static_bucket,balanced,static_bucket:balanced,0.17405393038069183,0.1796537878571433,0.09964131357383191,0.10537410583662804,0.16877914040243105,0.16945666067992368,0.052051119908032885,0.05098994136131728
2012-03-01,static_bucket,balanced,static_bucket:balanced,0.17787509287500827,0.18201640062353727,0.10204367505318462,0.10164520088967265,0.17101457502201428,0.16923961285103056,0.048030128761561215,0.04813531392399099
2012-04-02,static_bucket,balanced,static_bucket:balanced,0.1788375499671248,0.18207480515198088,0.09924552919370383,0.09612728576845118,0.17227519149310525,0.17110842396115133,0.04831120487479637,0.05202000958968641
2012-05-01,static_bucket,balanced,static_bucket:balanced,0.17431058990770767,0.1721209600546341,0.09756446474761565,0.09798674184567202,0.1771793165585535,0.17932370063674044,0.04969325789351524,0.05182096835556141
2012-06-01,static_bucket,balanced,static_bucket:balanced,0.16877187728858611,0.16743359996079427,0.09134701083568124,0.09142939530364473,0.18787241061785334,0.19264480895951075,0.051699857968055714,0.04880103906587385
2012-07-02,static_bucket,balanced,static_bucket:balanced,0.17928941405178356,0.17878663666222086,0.10578491866261869,0.10327366744338903,0.1673251985569277,0.16610812938831399,0.047112213763018086,0.05231982147172803
2012-08-01,static_bucket,balanced,static_bucket:balanced,0.1755531134407048,0.17487890664074965,0.09897445186053051,0.09968123091813492,0.17600576564633683,0.17515871019928522,0.049780366417312656,0.04996745487694557
2012-09-04,static_bucket,balanced,static_bucket:balanced,0.175870311633503,0.18082205544755875,0.10065351530147455,0.0977207883023594,0.17174710718791616,0.1716131796841752,0.05197436701976564,0.049598675423247425
2012-10-01,static_bucket,balanced,static_bucket:balanced,0.1767577014651813,0.17322649742438603,0.10215319350284431,0.10489209010067271,0.17219952374710204,0.1718879375744378,0.05140904797834973,0.04747400820702598
2012-11-01,static_bucket,balanced,static_bucket:balanced,0.17492301716965125,0.1700716321991951,0.10249457302023479,0.10121340722445415,0.17653680807913796,0.17540761403463329,0.048686398950306214,0.05066654932238726
2012-12-03,static_bucket,balanced,static_bucket:balanced,0.17297221483560435,0.17412941978620225,0.10151774875248347,0.09968622694335733,0.1753878463589133,0.17665267230945167,0.049920807623720254,0.0497330633902673
2013-01-02,static_bucket,balanced,static_bucket:balanced,0.17750284553566184,0.17563944805781187,0.10325469200931446,0.10626748809330293,0.1700475720970569,0.16838048710558334,0.04789958265340589,0.05100788444786285
2013-02-01,static_bucket,balanced,static_bucket:balanced,0.18004015287404695,0.17506396810301464,0.10229896237877274,0.09779644814225694,0.1726209053799424,0.17182555844779746,0.049154563447257535,0.051199441226911356
2013-03-01,static_bucket,balanced,static_bucket:balanced,0.1764454717058197,0.17471032833854017,0.09797280977478622,0.09754652865798058,0.1769188874270829,0.17847215141520614,0.047327358686708655,0.050606463993875625
2013-04-01,static_bucket,balanced,static_bucket:balanced,0.17864371423719871,0.176651735766472,0.09921756838654869,0.09677678565640778,0.17362887636707308,0.17388780811582777,0.05025664437489336,0.050936867095578604
2013-05-01,static_bucket,balanced,static_bucket:balanced,0.17450986213609687,0.17679827509250418,0.10402566463139297,0.09950004341346505,0.17364159541661153,0.17478131483668227,0.04484782570320099,0.05189541877004617
2013-06-03,static_bucket,balanced,static_bucket:balanced,0.1823470142213899,0.18307193677766775,0.0982800108384717,0.09798295892732205,0.17210464894722718,0.16985071831529525,0.0485393156435881,0.04782339632903796
2013-07-01,static_bucket,balanced,static_bucket:balanced,0.17779240315075936,0.17659105467802913,0.10073541030304382,0.09632904686261622,0.1774694346549629,0.1753606452581496,0.0456682330545298,0.05005377203790909
2013-08-01,static_bucket,balanced,static_bucket:balanced,0.17967397476444527,0.1813251895503304,0.10266479231618533,0.09984085319689559,0.1691438398756618,0.16772566036179457,0.05073382688581279,0.048891863048874336
2013-09-03,static_bucket,balanced,static_bucket:balanced,0.17125001484996358,0.17629507310923975,0.10016125404751837,0.09785539087572388,0.17687601403249373,0.17580969399958138,0.05473043701707823,0.047022122068401145
2013-10-01,static_bucket,balanced,static_bucket:balanced,0.17499695141883953,0.17800993950806032,0.10273919640595769,0.10496187314192311,0.17124898917079212,0.17277596293544892,0.044113513814712506,0.051153573604265694
2013-11-01,static_bucket,balanced,static_bucket:balanced,0.1779984184206259,0.177778287611301,0.0999118820245852,0.09988760304086897,0.17219389372921326,0.17181546721507698,0.04979969598706302,0.050614751971265685
2013-12-02,static_bucket,balanced,static_bucket:balanced,0.1794714008875882,0.1808249278594283,0.10039110722958335,0.0976974150621882,0.17449554752680935,0.17386028964338437,0.04635634293170783,0.0469029688593104
2014-01-02,static_bucket,balanced,static_bucket:balanced,0.17747621591728166,0.1784244643777115,0.100656429367518,0.09737225336614026,0.17401595289985397,0.171978241594912,0.04995250880254793,0.0501239336740347
2014-02-03,static_bucket,balanced,static_bucket:balanced,0.1693298131404043,0.17176414141093965,0.09607045120439853,0.09383314179031021,0.1810706946612954,0.18355920347306365,0.05224005561488745,0.05213249870470077
2014-03-03,static_bucket,balanced,static_bucket:balanced,0.1784519880047836,0.17948995399840798,0.10182260410190684,0.10033416282914896,0.16852103356022413,0.16854204930999253,0.05155617653820905,0.05128203165732696
2014-04-01,static_bucket,balanced,static_bucket:balanced,0.17757639302768008,0.17322905065928873,0.10159995475271438,0.1062086320098662,0.17275446108665718,0.17154440765196327,0.04700706111360857,0.05008003969822159
2014-05-01,static_bucket,balanced,static_bucket:balanced,0.17437474748384862,0.1712527580647023,0.10089640051963351,0.09933636657983626,0.1762590727953103,0.17649314390625084,0.04996567757676575,0.051421833073652536
2014-06-02,static_bucket,balanced,static_bucket:balanced,0.1759639012802427,0.1787922818893505,0.0996588458843037,0.10125265388216291,0.17303961958053724,0.17363059789517635,0.04745873703916008,0.05020336254906643
2014-07-01,static_bucket,balanced,static_bucket:balanced,0.1759126166842659,0.17887332221135738,0.099513758902586,0.10094044201951208,0.17161731947541875,0.17125709681012646,0.05224559835863251,0.0496398455381009
2014-08-01,static_bucket,balanced,static_bucket:balanced,0.1722979497274481,0.1758511090284739,0.09662330913243852,0.10174276274393627,0.17679030610549024,0.17757985103352608,0.049076475849067075,0.05003823637961982
2014-09-02,static_bucket,balanced,static_bucket:balanced,0.17826932401282922,0.1808198667250938,0.09879945938836675,0.09981322458178697,0.17185301398333774,0.17215224894646144,0.04780223812089718,0.05049062424122683
2014-10-01,static_bucket,balanced,static_bucket:balanced,0.17520321177791068,0.17527653505194757,0.09750467312250244,0.09307475475371073,0.1804491755458877,0.1807673071306669,0.049366901118646125,0.04835744149872784
2014-11-03,static_bucket,balanced,static_bucket:balanced,0.1776628805462593,0.17903369994151935,0.097850001645972,0.100406482512556,0.17166332101930146,0.1722467492310685,0.046959631663187444,0.05417723344013606
2014-12-01,static_bucket,balanced,static_bucket:balanced,0.17623774881346596,0.17810503961014829,0.09957994850424871,0.09636826431196853,0.17389374893787612,0.17468282296360604,0.05132763885265509,0.04980478800603127
2015-01-02,static_bucket,balanced,static_bucket:balanced,0.17678343369178767,0.17359805357903865,0.09628565255987298,0.09701845202474756,0.1772502451219817,0.17765745543256858,0.04923405776724254,0.05217264982276029
2015-02-02,static_bucket,balanced,static_bucket:balanced,0.1693484939077511,0.1706855936584282,0.1006954673324201,0.10086519873803396,0.1753285126501395,0.17857045150608533,0.05282514712636617,0.05168113508077563
2015-03-02,static_bucket,balanced,static_bucket:balanced,0.18064497465096466,0.18454940158446284,0.1034637129822929,0.10069861253033242,0.16966405257678316,0.16677036362060843,0.04645449291907709,0.04775438913547846
2015-04-01,static_bucket,balanced,static_bucket:balanced,0.17154516270905357,0.16942644234867668,0.09969508631150871,0.10045074902695655,0.17814316459871596,0.17969416950435074,0.050252397675852205,0.050792827824885506
2015-05-01,static_bucket,balanced,static_bucket:balanced,0.1769570281703388,0.17931883785594496,0.10271085260022332,0.10480731681570062,0.17113960118020996,0.16990092865117215,0.0482787781667461,0.046886656559664036
2015-06-01,static_bucket,balanced,static_bucket:balanced,0.1764349115671095,0.177933739530962,0.09923533652428781,0.09534059034804537,0.17497035610434977,0.17518008478303043,0.05061593123465175,0.05028904990756339
2015-07-01,static_bucket,balanced,static_bucket:balanced,0.17577535578206877,0.17471829174667378,0.0996462164858453,0.09924166873038136,0.1764776853459314,0.1753032509564211,0.05005576878203769,0.04878176217064064
2015-08-03,static_bucket,balanced,static_bucket:balanced,0.1758217435662247,0.179832534444118,0.100477014580468,0.09161684903502887,0.17602739302924,0.17801159932614277,0.046190014829658475,0.05202285118911925
2015-09-01,static_bucket,balanced,static_bucket:balanced,0.16918506652404233,0.16758619562120605,0.09487607177466939,0.09425821472807226,0.1848167736277447,0.18549560834423473,0.055471518047030564,0.04831055133299991
2015-10-01,static_bucket,balanced,static_bucket:balanced,0.1746638521979262,0.17586984287553828,0.09831909488106937,0.10041566261807512,0.17446124653167014,0.1755227660106796,0.04843198210640394,0.052315552778637316
2015-11-02,static_bucket,balanced,static_bucket:balanced,0.18155188592536678,0.18589062950944163,0.10164352869824542,0.10221329003980782,0.1654532773587424,0.1641375178101297,0.04819546358301465,0.05091440707525166
2015-12-01,static_bucket,balanced,static_bucket:balanced,0.17627644929924027,0.17687854884847923,0.0999385350756659,0.09688509063393981,0.176310477129428,0.1767208240192122,0.04737278590179533,0.04961728909223925
2016-01-04,static_bucket,balanced,static_bucket:balanced,0.1730198679465698,0.17192533812054714,0.09802816645963458,0.09563195168518908,0.17922127800142057,0.17925620808551906,0.05181045847146041,0.05110673122965924
2016-02-01,static_bucket,balanced,static_bucket:balanced,0.1709528291092512,0.1692101018344126,0.09719606163462673,0.09806929280964706,0.17950966451976733,0.18217618605882588,0.05324536166242558,0.04964050237104378
2016-03-01,static_bucket,balanced,static_bucket:balanced,0.17589476059468911,0.17420728399332294,0.09755709485059638,0.10188251915145878,0.17315022368189073,0.17352577388187002,0.053543376752830656,0.05023896709334135
2016-04-01,static_bucket,balanced,static_bucket:balanced,0.17755430669445363,0.1769515587864075,0.09931066499403313,0.10510510212179645,0.1709623630300025,0.17029238328349136,0.047976005313136436,0.051847615776678874
2016-05-02,static_bucket,balanced,static_bucket:balanced,0.1755455425791714,0.1688984765780032,0.1040940458286682,0.10024370436068976,0.17514106894562104,0.1739307005840027,0.052595598283944285,0.04955086283989966
2016-06-01,static_bucket,balanced,static_bucket:balanced,0.17675316218859233,0.18076612688068264,0.09879604008530904,0.09640206087324098,0.17486379285455914,0.17509577830697712,0.046989855311250474,0.05033318349938833
2016-07-01,static_bucket,balanced,static_bucket:balanced,0.17227636325399254,0.16858728841153633,0.09580631098071705,0.10361767933006538,0.17546825757145532,0.17749878706013697,0.05432429326839406,0.05242102012370228
2016-08-01,static_bucket,balanced,static_bucket:balanced,0.17593276799582136,0.18246270674806686,0.1004864979188097,0.1013460314275066,0.1704006540187815,0.16961867018525598,0.04894673192465982,0.05080593978109826
2016-09-01,static_bucket,balanced,static_bucket:balanced,0.17516485420371242,0.1761602517589121,0.10177525781659955,0.10173877694449335,0.1749856956523201,0.17390944406033973,0.048424550789932415,0.047841168773690275
2016-10-03,static_bucket,balanced,static_bucket:balanced,0.17400178783174367,0.17756712062438434,0.10004122705181027,0.10210487847207633,0.17415963871862972,0.17415328095160587,0.04984593747434107,0.04812612887540876
2016-11-01,static_bucket,balanced,static_bucket:balanced,0.17457735942379327,0.1748494534821973,0.09959172009968471,0.09966010452328401,0.177169950752511,0.17627201525135092,0.04995265169256746,0.04792674477461133
2016-12-01,static_bucket,balanced,static_bucket:balanced,0.18551699069789368,0.17730176690153965,0.10010721640420847,0.09700977287815855,0.17323180037375865,0.17009036622509593,0.04629407363788214,0.050448012881462875
2017-01-03,static_bucket,balanced,static_bucket:balanced,0.17657794284799072,0.17767991979368616,0.10145098264761329,0.09989016505603382,0.17230155431637162,0.17149431099552648,0.04842364043183177,0.05218148391094613
2017-02-01,static_bucket,balanced,static_bucket:balanced,0.17332275047224993,0.1799611675783215,0.1010090604754354,0.10334471560210423,0.17145929908111102,0.1716392585418283,0.0511011467665383,0.04816260148241132
2017-03-01,static_bucket,balanced,static_bucket:balanced,0.17938695156676407,0.17844917187467435,0.09909629106001479,0.10048604877341137,0.17082454418493118,0.1706540685987091,0.050284458959958485,0.05081846498153667
2017-04-03,static_bucket,balanced,static_bucket:balanced,0.17138229863905233,0.17536821975806882,0.10135669605575234,0.10200483656382209,0.17523899125100179,0.1760900104558909,0.04979718660304762,0.04876176067336392
2017-05-01,static_bucket,balanced,static_bucket:balanced,0.17482348167841988,0.17875384734399277,0.10144239897618369,0.10018796072870591,0.17284317467145946,0.17305253855645203,0.04938054521568465,0.0495160528291017
2017-06-01,static_bucket,balanced,static_bucket:balanced,0.17499676664682148,0.17743595833501397,0.10179543340712532,0.10114224742478505,0.17317820696586647,0.17333460813421672,0.049467828491157134,0.048648950595013764
2017-07-03,static_bucket,balanced,static_bucket:balanced,0.17651106384665982,0.16991988025690663,0.10037163409067436,0.10151288173167097,0.1762218002036239,0.17503557742268,0.04849128936314074,0.05193587308464349
2017-08-01,static_bucket,balanced,static_bucket:balanced,0.17393859829004932,0.17956302239461325,0.10059845760726847,0.10271771800682036,0.17168862840790058,0.17203987801287723,0.05058167299681009,0.04887202428366087
2017-09-01,static_bucket,balanced,static_bucket:balanced,0.17361528171409035,0.17619568632011975,0.0985445773701081,0.10177255409818226,0.1740080938419337,0.1748248903496702,0.05171991703149995,0.049318999274395744
2017-10-02,static_bucket,balanced,static_bucket:balanced,0.17901160455389348,0.17484337718092643,0.10211417281282331,0.09922722856690923,0.17446726900453025,0.1727547608998008,0.047892188678520534,0.04968939830259592
2017-11-01,static_bucket,balanced,static_bucket:balanced,0.17557987734992647,0.1797602584773151,0.10015616185810221,0.10204596631481187,0.17219297489690355,0.17202874295475495,0.0492968218327684,0.048939196315417384
2017-12-01,static_bucket,balanced,static_bucket:balanced,0.17834105692206179,0.17636927782048895,0.09940840095745236,0.09777291738465771,0.17380228369796474,0.1736908688543265,0.04980828166710412,0.05080691269594375
2018-01-02,static_bucket,balanced,static_bucket:balanced,0.17564261295679723,0.17676786526923052,0.10071946494097346,0.10446619180186865,0.17201971811615574,0.17106155550823013,0.050566117602395017,0.048756473804349325
2018-02-01,static_bucket,balanced,static_bucket:balanced,0.17973812064028852,0.18181234789903872,0.10249180038426733,0.10279282982535826,0.16934740658236158,0.16756191804166334,0.05016119508829471,0.046094381538727316
2018-03-01,static_bucket,balanced,static_bucket:balanced,0.17132027507871295,0.1764694244622764,0.0960758600453441,0.09804343688912119,0.1791056942022033,0.18022000651540485,0.0501398279233917,0.04862547488354551
2018-04-02,static_bucket,balanced,static_bucket:balanced,0.17111026003511154,0.16780740204567268,0.10071446943898085,0.10015815827288234,0.178051320261105,0.17866111645701763,0.05165943375704028,0.05183783973218966
2018-05-01,static_bucket,balanced,static_bucket:balanced,0.17828394367074435,0.18132946208826117,0.10153879118726714,0.09748584146861873,0.17162650868586965,0.17057797141984202,0.04811390246255639,0.05104357901684052
2018-06-01,static_bucket,balanced,static_bucket:balanced,0.1774136985924824,0.18233755027646828,0.09750270672092634,0.09742817387446011,0.17289515052064858,0.1731487492050172,0.04860846847877367,0.050665502331223244
2018-07-02,static_bucket,balanced,static_bucket:balanced,0.17632107667401695,0.1770959672391981,0.09759869656941056,0.09408365297629148,0.17688749068562898,0.1775399047442889,0.048400587120556504,0.05207262399060856
2018-08-01,static_bucket,balanced,static_bucket:balanced,0.17799099264960574,0.17659455276515743,0.10166927173570454,0.10202993207259484,0.17222354308650586,0.17109030172231313,0.04825270193828173,0.050148704029836726
2018-09-04,static_bucket,balanced,static_bucket:balanced,0.1789707879558509,0.1819925963702784,0.0965653558710088,0.0943625329399608,0.17441479378392216,0.1752160771601415,0.04860419877904602,0.04987365713979146
2018-10-01,static_bucket,balanced,static_bucket:balanced,0.17669451286658344,0.17535637243762983,0.1017958024636883,0.101267026372439,0.17380454288996536,0.1725914577689453,0.04976669781580341,0.04872358738494532
2018-11-01,static_bucket,balanced,static_bucket:balanced,0.17025589359946613,0.1678340651717973,0.09643737708223163,0.09804130109584949,0.1809320883427747,0.18166284063331428,0.05375633116083551,0.051080102913730885
2018-12-03,static_bucket,balanced,static_bucket:balanced,0.17625858622810775,0.17287560300786278,0.09916138703617994,0.10191412824698814,0.17378157662886384,0.17513284116379088,0.04922261415308598,0.05165326353512059
2019-01-02,static_bucket,balanced,static_bucket:balanced,0.16448495769768043,0.16454743398808905,0.09725389743327775,0.09894142742747138,0.1860170176659526,0.18766989837790807,0.05436578623868296,0.04671958117093775
2019-02-01,static_bucket,balanced,static_bucket:balanced,0.17937067826976058,0.17965259663737207,0.10142709897959581,0.10368137834263538,0.16720737678956316,0.16600561446659856,0.04871658737096868,0.05393866914350557
2019-03-01,static_bucket,balanced,static_bucket:balanced,0.17898459954500026,0.17951603485031833,0.10157933325104587,0.09787639197488009,0.1722537148200823,0.1718229219776172,0.048212748714127514,0.049754254866928416
2019-04-01,static_bucket,balanced,static_bucket:balanced,0.1746574164694164,0.17840810420588318,0.09910005692169263,0.10010132905695816,0.17370525596808165,0.1744983396607089,0.048602943751880436,0.05092655396537868
2019-05-01,static_bucket,balanced,static_bucket:balanced,0.1766170322958103,0.17954544332256417,0.09989420676485496,0.09878787711704304,0.17355705397182644,0.17321349886125256,0.04896833612772748,0.04941655153892093
2019-06-03,static_bucket,balanced,static_bucket:balanced,0.16895836388402113,0.16168917454766774,0.09857519026127144,0.09667906642551069,0.18331182342210942,0.1860160391049449,0.05331188346487615,0.05145845888959847
2019-07-01,static_bucket,balanced,static_bucket:balanced,0.17994652373382997,0.18542125986060207,0.10053537746608827,0.10120850340051128,0.1678565326317196,0.1673094502150901,0.04960740447029761,0.04811494822186104
2019-08-01,static_bucket,balanced,static_bucket:balanced,0.17470726062291508,0.17601694749193972,0.09742716423756896,0.0944154292287964,0.17675639237046029,0.1774710041055161,0.05227396777223256,0.05093183417057082
2019-09-03,static_bucket,balanced,static_bucket:balanced,0.1719412386654835,0.17023956667459245,0.09780835922355835,0.09718023013671191,0.17778277301795378,0.1796170947931083,0.05322995563265125,0.0522007818559403
2019-10-01,static_bucket,balanced,static_bucket:balanced,0.17672869482134407,0.17629339523146026,0.10200468005103633,0.10126372639096264,0.1737048641157023,0.1724464793300639,0.04774083483853785,0.04981732522089278
2019-11-01,static_bucket,balanced,static_bucket:balanced,0.17701991888850022,0.18006359883419532,0.10206873469985318,0.10319523533005166,0.16965213355158298,0.16909027083210695,0.049462475120386956,0.04944763274332272
2019-12-02,static_bucket,balanced,static_bucket:balanced,0.178136790991146,0.17862720194429887,0.09971671891025502,0.09839957406903542,0.17469201350541166,0.17349403006648062,0.04832509799328612,0.04860857252008634
2020-01-02,static_bucket,balanced,static_bucket:balanced,0.1766522731701983,0.17995029961201384,0.10076361226472788,0.10593862566864258,0.16920156634859054,0.16844189066897203,0.05033367802501627,0.048718054241838483
2020-02-03,static_bucket,balanced,static_bucket:balanced,0.17371458396941475,0.17912680836028116,0.09594885493982284,0.09254050035906033,0.1771034449577259,0.1791686337084098,0.051271639308813025,0.05112553439647214
2020-03-02,static_bucket,balanced,static_bucket:balanced,0.16956405001651445,0.1730438838661188,0.09469549231500524,0.0987896444073605,0.1806216688915191,0.18310652486477993,0.0510903228593384,0.0490884127793635
2020-04-01,static_bucket,balanced,static_bucket:balanced,0.15751099748919017,0.16599199730353867,0.09106075266384255,0.0886666422358103,0.1949986375045158,0.20492012297913342,0.05627410932700899,0.04057674049696022
2020-05-01,static_bucket,balanced,static_bucket:balanced,0.18527738825086654,0.18819025162731695,0.09982137389119769,0.09963039839742732,0.1646116436651759,0.16128256542217276,0.04926253579184311,0.05192384295399983
2020-06-01,static_bucket,balanced,static_bucket:balanced,0.1788053171161682,0.1820707340748222,0.10418404390880671,0.10334529084105143,0.16649716568797415,0.16573375474252047,0.04842998094626574,0.050933712682391115
2020-07-01,static_bucket,balanced,static_bucket:balanced,0.1740041374878711,0.1827524289402608,0.09900424704591454,0.10264639849463716,0.17178063434646887,0.1703427399710004,0.049586309696457276,0.04988310401738971
2020-08-03,static_bucket,balanced,static_bucket:balanced,0.17740217733937597,0.18017922929022254,0.09912421929083093,0.10319708730649692,0.16975434500665296,0.169156737189212,0.05333425437149742,0.047851950205711175
2020-09-01,static_bucket,balanced,static_bucket:balanced,0.1808292063401024,0.1877349125973048,0.09907979849930512,0.10013324628499379,0.16751038163767945,0.16761237210120214,0.04802357449371515,0.04907650804569709
2020-10-01,static_bucket,balanced,static_bucket:balanced,0.17190351695645706,0.1685695873273317,0.10073511569668192,0.10054823081143822,0.17882363342089486,0.17922425646063977,0.049421746892097995,0.05077391243445852
2020-11-02,static_bucket,balanced,static_bucket:balanced,0.17439954679567535,0.1702735613455268,0.09881355398777335,0.10350420117069282,0.1770956023854075,0.17575591936973844,0.050635767558066,0.04952184738711976
2020-12-01,static_bucket,balanced,static_bucket:balanced,0.18154068513000962,0.18408403940480264,0.10804686044990292,0.10270007586316168,0.16492763755055787,0.16317439907158407,0.04475961438005407,0.05076668814992716
2021-01-04,static_bucket,balanced,static_bucket:balanced,0.17389039762370254,0.1754820862917789,0.10128100157682245,0.10382859528378649,0.17232591466802774,0.1724018461412942,0.05260601338378676,0.04818414503080102
2021-02-01,static_bucket,balanced,static_bucket:balanced,0.17604534199762234,0.17987818945898235,0.09848704814161198,0.10382292694532788,0.17166090276246607,0.17084974756672575,0.0471136969622047,0.0521421461650588
2021-03-01,static_bucket,balanced,static_bucket:balanced,0.1811674192258471,0.1755940623017411,0.10291116921339777,0.10074360763121092,0.1720487716880486,0.1704197081491197,0.046344587332729066,0.05077067445790587
2021-04-01,static_bucket,balanced,static_bucket:balanced,0.17969357156690374,0.1749238217466037,0.10145614460923146,0.09716564467490657,0.1728477820439944,0.1709656990278435,0.049903101896610784,0.05304423443390583
2021-05-03,static_bucket,balanced,static_bucket:balanced,0.17846202899771588,0.17707605295629752,0.10037078225704317,0.09790660863982496,0.17173988986046138,0.17219848014215428,0.05060249856896814,0.05164365857753454
2021-06-01,static_bucket,balanced,static_bucket:balanced,0.17382151158132575,0.17147638476723884,0.10167338402416279,0.10268258049470258,0.17337454033045285,0.17362102703929158,0.05246499824394832,0.0508855735188773
2021-07-01,static_bucket,balanced,static_bucket:balanced,0.17752529029827432,0.18401079056360373,0.0974072918435157,0.09696524731752679,0.173935373318104,0.17419389755555806,0.0460504903887417,0.049911618714675664
2021-08-02,static_bucket,balanced,static_bucket:balanced,0.1755607837162117,0.17757309292256807,0.09970231449108283,0.09351467265728615,0.17508443505842347,0.17702496004415533,0.050351794895046695,0.05118794621522579
2021-09-01,static_bucket,balanced,static_bucket:balanced,0.17760430568112312,0.1795576977832665,0.100117160168374,0.1003956353060486,0.17136454623227657,0.1706643057283381,0.04917416828357153,0.0511221808170016
2021-10-01,static_bucket,balanced,static_bucket:balanced,0.17436331736371385,0.17133149257490024,0.0993085741299258,0.09798065767589854,0.17966598456187044,0.17859699306658283,0.05011132899760145,0.04864165162950688
2021-11-01,static_bucket,balanced,static_bucket:balanced,0.1797620562218762,0.1825180612608991,0.10076685705204301,0.09886755828886089,0.16904590123590443,0.16822903623591903,0.0493432080390654,0.05146732166543187
2021-12-01,static_bucket,balanced,static_bucket:balanced,0.1737820642907118,0.17732020420421782,0.09533027186418548,0.09686221489246592,0.17808596303513366,0.17975240970950632,0.050291847499076094,0.04857502450470291
2022-01-03,static_bucket,balanced,static_bucket:balanced,0.1813541930456563,0.1770613927114525,0.10291047892608718,0.0991964372500489,0.16862074715352937,0.16763928374348813,0.04932895264018238,0.05388851452955531
2022-02-01,static_bucket,balanced,static_bucket:balanced,0.17231137317028591,0.1653708303521094,0.10037095400083355,0.10371940273781233,0.17926197509094263,0.17931853852433607,0.05189217744885162,0.047754748674828484
2022-03-01,static_bucket,balanced,static_bucket:balanced,0.17133053446818358,0.16861789639162175,0.09650386596863227,0.09677401433709247,0.1794836141907166,0.1819327282343482,0.055670996439226766,0.04968634997017836
2022-04-01,static_bucket,balanced,static_bucket:balanced,0.1827651690234027,0.18351026690311067,0.10252529043281655,0.09839038116927229,0.16686768682606393,0.16327595936309836,0.04884339878727208,0.05382184749496346
2022-05-02,static_bucket,balanced,static_bucket:balanced,0.17257799864329076,0.1659804436530482,0.09931969124646205,0.09935696594165216,0.18073974453773317,0.18043892075067197,0.05211894927014608,0.04946728595699559
2022-06-01,static_bucket,balanced,static_bucket:balanced,0.1741025855525288,0.16927728318897453,0.10185119816345604,0.10072250047842402,0.1777599292745477,0.1775956226388775,0.049931585303029234,0.04875929540016232
2022-07-01,static_bucket,balanced,static_bucket:balanced,0.1704532281707568,0.1684402471037337,0.0963065597938734,0.09890052594908803,0.18175162868950487,0.18373882968863817,0.05091468043948126,0.04949430016492378
2022-08-01,static_bucket,balanced,static_bucket:balanced,0.1798463787938176,0.18652410514841178,0.10020827557943138,0.09483083084446668,0.17032728492610305,0.17103219624957935,0.04675850433560537,0.0504724241225849
2022-09-01,static_bucket,balanced,static_bucket:balanced,0.17667669771905473,0.1738567045569599,0.09675997080835506,0.10329249713171267,0.17612216567072528,0.1736023465331378,0.05003697043215188,0.04965264714790273
2022-10-03,static_bucket,balanced,static_bucket:balanced,0.17261024154807114,0.17012586743900562,0.0996745440531187,0.09625355933494287,0.18040743611139495,0.1806180368215785,0.05329754496396557,0.04701276972792261
2022-11-01,static_bucket,balanced,static_bucket:balanced,0.18285631948595762,0.17534639986742556,0.1042617882106189,0.09785204719485698,0.17104077395561715,0.16975868979810604,0.04824865752378326,0.05063532396363441
2022-12-01,static_bucket,balanced,static_bucket:balanced,0.17286002773581086,0.17419706540586183,0.10569567104762222,0.10547095248942781,0.17046640783954753,0.17093107745086267,0.05098541231735145,0.049393385713515495
2023-01-03,static_bucket,balanced,static_bucket:balanced,0.17075768604093847,0.16412262666224117,0.10193467978292302,0.10235440808382675,0.17981224036508348,0.17857845703093886,0.05294871790250797,0.04949118413154024
2023-02-01,static_bucket,balanced,static_bucket:balanced,0.17524227905164522,0.18483596860719556,0.10119947081630244,0.10169570281002299,0.16805944037409595,0.16816428659470734,0.04929410595192388,0.051508745794106775
2023-03-01,static_bucket,balanced,static_bucket:balanced,0.17600212793169337,0.17724639005829593,0.10108328165543355,0.09761513733691177,0.17601786803282274,0.17450043598700105,0.04918945390511326,0.04834530509272848
2023-04-03,static_bucket,balanced,static_bucket:balanced,0.17438931902343044,0.18374758605444017,0.09859779832228846,0.09655288654432798,0.17301654421031482,0.17529989878154273,0.05152571404803999,0.04687025301561527
2023-05-01,static_bucket,balanced,static_bucket:balanced,0.17682308986329479,0.17599692979719153,0.10190135376233404,0.09856809077607309,0.17333460980053828,0.17341540492007007,0.04981211577325631,0.05014840530724198
2023-06-01,static_bucket,balanced,static_bucket:balanced,0.17507452499523918,0.18841705200400463,0.09614641212909505,0.09821755462709485,0.17276803895102608,0.1724777914493536,0.0492167745661373,0.047681851278049345
2023-07-03,static_bucket,balanced,static_bucket:balanced,0.18068494677373514,0.1802368734491133,0.10053803991005221,0.10140466292421042,0.16975921693370097,0.1677573146339389,0.04747965915165093,0.05213928622359814
2023-08-01,static_bucket,balanced,static_bucket:balanced,0.1774126615448405,0.1783031602482857,0.10007103599768365,0.10205927007073343,0.17151421592067378,0.1710976033091104,0.04982968381467375,0.0497123690939987
2023-09-01,static_bucket,balanced,static_bucket:balanced,0.17566031426375492,0.175305614892382,0.09873669524977509,0.09716545204354109,0.17685418912478554,0.17637301046928852,0.050678613444121896,0.04922611051235082
2023-10-02,static_bucket,balanced,static_bucket:balanced,0.17395305033935152,0.17536660380691504,0.09935041878413758,0.09965269689079247,0.1779693443107333,0.17692726359408273,0.04925691385893826,0.04752370841504904
2023-11-01,static_bucket,balanced,static_bucket:balanced,0.1735375527901351,0.17335843207842874,0.09972382317706643,0.09834365644370843,0.1758236676588537,0.17546970088898242,0.05422295801872706,0.04952020894409805
2023-12-01,static_bucket,balanced,static_bucket:balanced,0.17741029158314658,0.1784189197335242,0.10110940470442079,0.10010878431077101,0.17044884033303045,0.170415960972862,0.04882684704954415,0.05326095131270094
2024-01-02,static_bucket,balanced,static_bucket:balanced,0.17582425767941814,0.1760554167017265,0.10020451400958555,0.09905971324669906,0.17401825882908226,0.17420758525623975,0.04827181756751864,0.05235843670973002
2024-02-01,static_bucket,balanced,static_bucket:balanced,0.17845307533325255,0.18067712210871975,0.10016299248722887,0.09609372958332923,0.17395994746792842,0.1742605930961483,0.04918160413097283,0.04721093579242009
2024-03-01,static_bucket,balanced,static_bucket:balanced,0.1797950260864431,0.18115057686984468,0.10091311407614695,0.10235108583155071,0.16882412253628928,0.16766017380250173,0.049639301143531635,0.04966659965369191
2024-04-01,static_bucket,balanced,static_bucket:balanced,0.1771259210923359,0.17340110793584732,0.10103348643857685,0.10074254982344165,0.17289174356535436,0.17233309875440336,0.053386472055146454,0.049085620334894046
2024-05-01,static_bucket,balanced,static_bucket:balanced,0.172401278616099,0.1704421827801626,0.09968048168080415,0.10250942034672139,0.17736617004243385,0.1765730521017459,0.052881301494300786,0.04814611293773229
2024-06-03,static_bucket,balanced,static_bucket:balanced,0.17730291576745613,0.18068626070313074,0.10141584177251194,0.0988557602332454,0.1713170479046959,0.1715487581097177,0.04879382428006245,0.05007959122917974
2024-07-01,static_bucket,balanced,static_bucket:balanced,0.17835296117972288,0.18328427819461593,0.09642405947328624,0.10007803733744854,0.17161594133111266,0.1717341687407246,0.048786973840083486,0.04972357990300582
2024-08-01,static_bucket,balanced,static_bucket:balanced,0.17248200895479973,0.1652209851017375,0.09868133915533385,0.09784794030563773,0.17911665659536674,0.18034437898819708,0.05183382922042775,0.054472861678499775
2024-09-03,static_bucket,balanced,static_bucket:balanced,0.17490391217288231,0.1728351215545497,0.10262579805882137,0.09902525618946845,0.17455028271009873,0.17474872013778905,0.05013559026545553,0.051175318910935005
2024-10-01,static_bucket,balanced,static_bucket:balanced,0.17513358797120424,0.176910895882713,0.09845756138372251,0.10525387174682845,0.17150882568006734,0.17135867798169763,0.05165617052422782,0.04972040882953901
2024-11-01,static_bucket,balanced,static_bucket:balanced,0.1790839622707989,0.18060746660229426,0.09744395007728103,0.09814963453120815,0.17268576976401606,0.17064330111901965,0.052373059670612086,0.04901285596476984
2024-12-02,static_bucket,balanced,static_bucket:balanced,0.18082483611491404,0.18083945365085233,0.09751578694131367,0.09542081449368285,0.17367393218663513,0.17382329991888237,0.047126792071681196,0.05077508462203822
2012-01-03,static_bucket,growth,static_bucket:growth,0.0,0.0,0.0,0.0,0.0,0.0,0.0,0.0
2012-02-01,static_bucket,growth,static_bucket:growth,0.2703300342763044,0.279027394113227,0.12310204762387512,0.13018463657057333,0.04766137265649974,0.04785269693004987,0.05144532292458642,0.050396494904884154
2012-03-01,static_bucket,growth,static_bucket:growth,0.27578503331464793,0.2822058912151795,0.12585109909316358,0.12535965842903546,0.048208763195906744,0.04770840390798271,0.047388685216036834,0.047492465628047126
2012-04-02,static_bucket,growth,static_bucket:growth,0.2783017360663799,0.28333945738497857,0.12285236564462472,0.11899240757336091,0.04874356123503016,0.04841343590387872,0.047842121286304856,0.05151491490544219
2012-05-01,static_bucket,growth,static_bucket:growth,0.27606896463805736,0.2726010809782139,0.12291385730586021,0.12344585127629096,0.05102043375406336,0.05163792911373332,0.05008372690271836,0.052228156031062616
2012-06-01,static_bucket,growth,static_bucket:growth,0.2745437296350155,0.27236673394852623,0.11820100151350803,0.11830760518376889,0.055566336735065,0.05697785156267748,0.053518773599919786,0.050517967821519044
2012-07-02,static_bucket,growth,static_bucket:growth,0.2765651795902664,0.27578961389513745,0.12980217708473735,0.126720774937969,0.04692902289104867,0.04658767641504595,0.046246803351806955,0.05135875183398828
2012-08-01,static_bucket,growth,static_bucket:growth,0.27612348223351796,0.27506303775776675,0.12383211161838063,0.12471639985141005,0.050333717917908874,0.05009147897888234,0.049826255359547544,0.05001351628258591
2012-09-04,static_bucket,growth,static_bucket:growth,0.27413060677501183,0.28184893355645435,0.1247984838498979,0.12116224837477316,0.048673405748900056,0.04863545047945037,0.05155366652578196,0.04919720468973062
2012-10-01,static_bucket,growth,static_bucket:growth,0.27611218466336496,0.270596111224335,0.1269329994742198,0.13033628378174775,0.048907614831624896,0.0488191190205569,0.051103676243459295,0.04719201076069148
2012-11-01,static_bucket,growth,static_bucket:growth,0.2757952403469522,0.2681462247651727,0.12854525366507893,0.1269384585211728,0.050607209130744686,0.05028350689673907,0.048848678080708065,0.050835428593431556
2012-12-03,static_bucket,growth,static_bucket:growth,0.27258017439873095,0.2744037685959194,0.12725512000499822,0.12495926011373544,0.050252158909786036,0.0506145570803503,0.05006161734647444,0.049873343550005195
2013-01-02,static_bucket,growth,static_bucket:growth,0.2755052579842745,0.27261304630556565,0.12748225459291673,0.13120196969681647,0.047987963315916954,0.047517506652356434,0.047310948660154666,0.050381052791998567
2013-02-01,static_bucket,growth,static_bucket:growth,0.2809794296840916,0.27321335341361946,0.12699649945082137,0.1214069652711116,0.04898192559315022,0.048756242474611834,0.04881736701665963,0.050848217095934255
2013-03-01,static_bucket,growth,static_bucket:growth,0.2784717943543702,0.2757333365051712,0.12299618113868958,0.12246102297001855,0.05076708253439062,0.051212793460055646,0.04753224406018198,0.050825544977122245
2013-04-01,static_bucket,growth,static_bucket:growth,0.2796635746349936,0.2765451675748957,0.12355266339152972,0.12051322983179895,0.04942053357383057,0.049494234132461214,0.050066474045786756,0.050744122814703675
2013-05-01,static_bucket,growth,static_bucket:growth,0.2734762396310096,0.27706243563380667,0.1296747714648458,0.1240332896319659,0.0494755581320983,0.04980029745672096,0.04472459037384726,0.05175281767570549
2013-06-03,static_bucket,growth,static_bucket:growth,0.28269423856561693,0.2838180926135763,0.12119895200034567,0.12083262745465335,0.04851189205521069,0.04787656674479596,0.04788696408660953,0.04718066647919155
2013-07-01,static_bucket,growth,static_bucket:growth,0.2794580770500074,0.27756977064261007,0.12595081838471478,0.1204414837847685,0.05071825962590711,0.05011559737969059,0.045679677564012346,0.05006631556828919
2013-08-01,static_bucket,growth,static_bucket:growth,0.27781898603314015,0.28037215945816696,0.12627391551068684,0.12280057434170753,0.04755215930269298,0.04715346019421345,0.04992059166677307,0.04810815349261908
2013-09-03,static_bucket,growth,static_bucket:growth,0.2701382863359423,0.2780966120261321,0.12568129413111995,0.1227879211369786,0.05072963947587184,0.050423809252755185,0.05494014401540789,0.04720229362579211
2013-10-01,static_bucket,growth,static_bucket:growth,0.27283669402788885,0.277534225629116,0.1274159591654802,0.13017249706080106,0.04854423066142899,0.04897708440850437,0.04376725434099515,0.050752054705785477
2013-11-01,static_bucket,growth,static_bucket:growth,0.27762134660488413,0.277278012027778,0.12395647588106765,0.12392635396565126,0.04883056732997154,0.04872325352819969,0.04942751303982761,0.050236477622620096
2013-12-02,static_bucket,growth,static_bucket:growth,0.2801828422538814,0.2822959089161011,0.12466854642327016,0.12132344249635638,0.04952995622895049,0.04934964048103548,0.046053305319789406,0.046596357880615454
2014-01-02,static_bucket,growth,static_bucket:growth,0.2772994207763771,0.27878102070496613,0.12510241411874212,0.12102062472143439,0.04943507264347451,0.048856192347113366,0.04966740411320876,0.049837850574683665
2014-02-03,static_bucket,growth,static_bucket:growth,0.270984553967416,0.27488029653257384,0.12229714146433882,0.11944905922381607,0.05268616480610353,0.05341024655562967,0.053201036460595374,0.053091500989526696
2014-03-03,static_bucket,growth,static_bucket:growth,0.27646608371198295,0.27807414869625124,0.12548159714672671,0.12364730907472024,0.04746919803564084,0.04747511777614176,0.05082841030715238,0.05055813525138378
2014-04-01,static_bucket,growth,static_bucket:growth,0.27725074720531284,0.2704632238220333,0.12618170093431302,0.13190543119364334,0.049040408215502665,0.048696906148889205,0.04670420132902562,0.049757381151280054
2014-05-01,static_bucket,growth,static_bucket:growth,0.27523019214267064,0.27030249613107576,0.12667867801152538,0.12472000519337892,0.05058261450472885,0.05064978794768204,0.050186812998492446,0.05164941307044596
2014-06-02,static_bucket,growth,static_bucket:growth,0.2750503039423655,0.279471363833285,0.12391382651442327,0.12589553567422332,0.0491780618983562,0.049346018625309004,0.04720739965133667,0.04993748986070091
2014-07-01,static_bucket,growth,static_bucket:growth,0.27425703895778597,0.2788729348860664,0.12341254061137104,0.1251818495998854,0.04864735350411213,0.048545243301061344,0.05183413510095084,0.04924890403876697
2014-08-01,static_bucket,growth,static_bucket:growth,0.2720017845543483,0.277611054265414,0.12133578904635227,0.1277645995374715,0.05074431590865007,0.050970939857298114,0.04930266184610871,0.050268854984356987
2014-09-02,static_bucket,growth,static_bucket:growth,0.2776032828622869,0.2815750207590109,0.12238210420828308,0.12363784708695812,0.04865667680142394,0.048741399079787986,0.04736980160269689,0.050033867599552126
2014-10-01,static_bucket,growth,static_bucket:growth,0.27812640006183215,0.2782427971189505,0.123123499218051,0.11752964373042021,0.052082564924999776,0.05217438639699504,0.04987023014696083,0.04885047840179054
2014-11-03,static_bucket,growth,static_bucket:growth,0.2770400459353701,0.2791776442173762,0.12137299156386862,0.12454404649931701,0.04866992443459643,0.04883533779611774,0.04659892391883718,0.05376108563451669
2014-12-01,static_bucket,growth,static_bucket:growth,0.27625842642079346,0.2791854657221607,0.12416633498731534,0.12016168283312074,0.04956075092200015,0.04978564170437205,0.05120038638794672,0.049681311022290814
2015-01-02,static_bucket,growth,static_bucket:growth,0.27918772338978415,0.27415716705745286,0.12095719257597347,0.12187775928176889,0.05089544398267295,0.05101236991153345,0.04947954963857859,0.05243279416223563
2015-02-02,static_bucket,growth,static_bucket:growth,0.2682894199670474,0.2704077128923017,0.12689587292060406,0.1271097675024357,0.050502405775710836,0.051436228284829626,0.053255967398257414,0.0521026252588131
2015-03-02,static_bucket,growth,static_bucket:growth,0.27846489536339836,0.2844835838964801,0.12686680327754182,0.12347624783573634,0.04755232062629521,0.046741296588221404,0.045569855128096165,0.046844997284230756
2015-04-01,static_bucket,growth,static_bucket:growth,0.27249228338303494,0.26912678510997434,0.125969339882819,0.1269241545779143,0.05144962403008589,0.05189757059847365,0.050796977840824646,0.05134326457687326
2015-05-01,static_bucket,growth,static_bucket:growth,0.27481455279054495,0.27848244707672976,0.1268830510148861,0.12947290173921655,0.04832365076464569,0.04797389431849182,0.04771264977741443,0.046336852518070605
2015-06-01,static_bucket,growth,static_bucket:growth,0.2769687810886313,0.27932165190383784,0.1239161781309522,0.11905276880667402,0.04993994754359915,0.04999980819339662,0.05056370418698208,0.050237160145926704
2015-07-01,static_bucket,growth,static_bucket:growth,0.27656911741733786,0.2749059077710137,0.12471591559549892,0.12420958885772503,0.05048621444096652,0.0501502357232072,0.05011932217516921,0.04884369801908158
2015-08-03,static_bucket,growth,static_bucket:growth,0.276742543530776,0.28305550827907605,0.12580138897915866,0.11470809429026373,0.05037567904641579,0.0509435210047299,0.046265451232214816,0.052107813637364914
2015-09-01,static_bucket,growth,static_bucket:growth,0.27261898668694184,0.2700426212054617,0.12160911713438421,0.12081716771503659,0.054146796527518144,0.05434567850423544,0.05688129543832565,0.049538336788096354
2015-10-01,static_bucket,growth,static_bucket:growth,0.27447174644037076,0.27636687450098335,0.12289885906428669,0.12551956853217472,0.04984606656952531,0.05014935782570665,0.04843197834804358,0.05231554871890878
2015-11-02,static_bucket,growth,static_bucket:growth,0.2781991388085092,0.2848475672863977,0.12389395538628253,0.12458844117535746,0.04609647343276377,0.04572989335623242,0.04699661014486834,0.049647920409588424
2015-12-01,static_bucket,growth,static_bucket:growth,0.27732656392313976,0.2782738158095597,0.12506780383079324,0.12124657921351337,0.050432745115909366,0.05055012282617671,0.0474276337118457,0.049674735569062184
2016-01-04,static_bucket,growth,static_bucket:growth,0.27478147523858026,0.2730431978727693,0.12383908144663051,0.12081194090801434,0.051750953384027146,0.051761039603554417,0.05236176350662611,0.0516505480397979
2016-02-01,static_bucket,growth,static_bucket:growth,0.2727731865738377,0.26999248224408906,0.12336427775569578,0.12447261004209123,0.05207754833146512,0.052851132888590314,0.05406454109235921,0.05040422107187152
2016-03-01,static_bucket,growth,static_bucket:growth,0.2757738402419329,0.2731281565325161,0.12166744568266166,0.12706185935381073,0.04935833838376779,0.049465393017925956,0.05342090920372658,0.050124057583658316
2016-04-01,static_bucket,growth,static_bucket:growth,0.2762718210209962,0.27533395437460134,0.12291832606834814,0.13009018935509334,0.04836633748818076,0.048176795965966794,0.04750450731462708,0.05133806841218639
2016-05-02,static_bucket,growth,static_bucket:growth,0.27625159910508906,0.2657912787506054,0.13030355086527973,0.1254837443016343,0.050111834388173744,0.049765520532427346,0.052670779864292944,0.0496216921924974
2016-06-01,static_bucket,growth,static_bucket:growth,0.27688965034448165,0.28317609171095665,0.12311031319264375,0.12012716194164333,0.04980543473671819,0.04987150980075321,0.04684346295053807,0.05017637532226501
2016-07-01,static_bucket,growth,static_bucket:growth,0.2727613701765654,0.26692053925985554,0.12066092601517996,0.1304987637195013,0.05051182293135034,0.05109634885876719,0.05473392693058747,0.052816302108193006
2016-08-01,static_bucket,growth,static_bucket:growth,0.27308374516063455,0.28321954959574186,0.12407154585529484,0.12513281929348963,0.0480903217202273,0.047869630935025775,0.0483479617280641,0.05018442571152189
2016-09-01,static_bucket,growth,static_bucket:growth,0.27459319610910277,0.27615360842653947,0.12691132524981427,0.12686583447018285,0.04987497132445664,0.04956821472307948,0.048307410246618214,0.047725439450206256
2016-10-03,static_bucket,growth,static_bucket:growth,0.27271193872825883,0.27829986302609816,0.12472250302069707,0.12729528004555804,0.04962897044702446,0.049627158721678354,0.04971478475763446,0.04799950125305073
2016-11-01,static_bucket,growth,static_bucket:growth,0.2751539179203926,0.27558276932735537,0.12486087730425686,0.12494661273603783,0.05077093433818626,0.050513616298780074,0.05010161011590112,0.0480696619590899
2016-12-01,static_bucket,growth,static_bucket:growth,0.28824812722888415,0.27548367441430915,0.12372673619371655,0.11989847493755397,0.048938170859106,0.04805071231640084,0.04577344045367691,0.04988066359635243
2017-01-03,static_bucket,growth,static_bucket:growth,0.27549608679279103,0.2772153861083138,0.12590721198691676,0.12397013669945005,0.048877106410159736,0.0486481141770462,0.04807748847307836,0.05180846935224393
2017-02-01,static_bucket,growth,static_bucket:growth,0.2702309648169351,0.28058105362260627,0.1252723541853254,0.12816905488628863,0.048604658273527855,0.04865567252669539,0.05070088506423354,0.047785356624387924
2017-03-01,static_bucket,growth,static_bucket:growth,0.278975674571981,0.2775172757312868,0.1225880832874997,0.12430729732161656,0.04830177246471557,0.04825356936242851,0.049763924579716415,0.050292402680755396
2017-04-03,static_bucket,growth,static_bucket:growth,0.2698454896000097,0.27612141683642344,0.12694541306732504,0.1277571844423245,0.05016689881642947,0.050410526071058885,0.04989526824700224,0.04885780291942673
2017-05-01,static_bucket,growth,static_bucket:growth,0.27325158836451957,0.27939480580110343,0.12612402123311023,0.12456436966968791,0.049119334608524315,0.04917883255943523,0.04911613286864619,0.04925091489497325
2017-06-01,static_bucket,growth,static_bucket:growth,0.27373153980177023,0.27754694570597255,0.12665970716378838,0.1258469757624118,0.049252169481557764,0.04929665023341253,0.04924056383283616,0.04842544801825065
2017-07-03,static_bucket,growth,static_bucket:growth,0.2780603532048258,0.26767716930085944,0.12577476083280636,0.12720484763370155,0.050473576751465764,0.05013381795596414,0.04861118683482785,0.052064287485549164
2017-08-01,static_bucket,growth,static_bucket:growth,0.2713486308285717,0.2801228752744633,0.12483557287199228,0.12746542518121767,0.048697931030950076,0.04879755981356906,0.05021462376714881,0.04851738123208692
2017-09-01,static_bucket,growth,static_bucket:growth,0.2726046090328179,0.27665626958843387,0.12308165976848284,0.12711338575471573,0.04967661614911909,0.04990979890338583,0.051678323870968816,0.04927933693207595
2017-10-02,static_bucket,growth,static_bucket:growth,0.2800374912671662,0.2735169087637821,0.12706805563864657,0.12347562197385156,0.049623371362399214,0.04913628615652085,0.04767657321624676,0.04946569162138666
2017-11-01,static_bucket,growth,static_bucket:growth,0.27379496975441636,0.2803137539204072,0.12423494291383727,0.12657907975416735,0.048820639425719715,0.04877407592082283,0.04891871040269623,0.04856382790793305
2017-12-01,static_bucket,growth,static_bucket:growth,0.2791955558057931,0.27610870653120095,0.1237928668635631,0.1217562059955227,0.049470916247213205,0.049439203232395146,0.04962083624105559,0.050615709083256355
2018-01-02,static_bucket,growth,static_bucket:growth,0.2739236785112454,0.27567856730210405,0.12494775683281302,0.12959576719514426,0.04877701597849932,0.04850532437623063,0.05018392796162059,0.04838796184234279
2018-02-01,static_bucket,growth,static_bucket:growth,0.2776500717369265,0.28085422979276403,0.12593953446519782,0.12630943242317272,0.0475634615907312,0.047061983491124816,0.04930952551484317,0.045311760985239716
2018-03-01,static_bucket,growth,static_bucket:growth,0.2717707030887039,0.27993895957578263,0.12123374570910994,0.12371654118581994,0.051658355745649955,0.051979750004741115,0.05061532955724042,0.049086615132952094
2018-04-02,static_bucket,growth,static_bucket:growth,0.2718532544351031,0.26660580350386326,0.12728162820577188,0.12657856943572124,0.05143289782805525,0.05160904695963325,0.05222921296144467,0.05240958667040738
2018-05-01,static_bucket,growth,static_bucket:growth,0.277162208278645,0.28189680519507365,0.12556515509866878,0.1205531862335814,0.04851136101121438,0.04821498505953036,0.04759898796881249,0.05049731115447398
2018-06-01,static_bucket,growth,static_bucket:growth,0.27681905561107145,0.28450175420731,0.1210154646872529,0.1209229582599658,0.049048864235568417,0.049120807996873794,0.048264312641339104,0.05030678236061854
2018-07-02,static_bucket,growth,static_bucket:growth,0.2779903550147858,0.2792120586668714,0.12240097707280725,0.1179926726038505,0.05070606754959241,0.050893086717541974,0.048560313714766865,0.05224446865978375
2018-08-01,static_bucket,growth,static_bucket:growth,0.2773919699907125,0.27521567328741087,0.12603783667597443,0.12648494176348452,0.04880065934735075,0.048479548047576135,0.04785450755961969,0.04973486332787128
2018-09-04,static_bucket,growth,static_bucket:growth,0.2800466912003288,0.2847751022307954,0.120194614475109,0.11745276725085273,0.04962138992164278,0.04984935679295283,0.04839800262879077,0.049662075499527725
2018-10-01,static_bucket,growth,static_bucket:growth,0.2764156387736619,0.27432229170001865,0.12667321280171326,0.126015211541247,0.049435391950347594,0.04909035299204645,0.049543162686760636,0.04850473755420445
2018-11-01,static_bucket,growth,static_bucket:growth,0.272222422773862,0.26835015739623225,0.12265422089726617,0.12469417735627444,0.05259865595669031,0.05281109250496493,0.0546961447216095,0.051973128393100476
2018-12-03,static_bucket,growth,static_bucket:growth,0.27682565001971204,0.27151245337499313,0.12388365406890775,0.12732269067472457,0.04962460804808369,0.05001047157985632,0.04919557893544479,0.05162489329827769
2019-01-02,static_bucket,growth,static_bucket:growth,0.2664297936560026,0.26653099163419436,0.125308053390444,0.12748237343510305,0.05478309807662088,0.055269881099422685,0.056038645437601155,0.048157163270611286
2019-02-01,static_bucket,growth,static_bucket:growth,0.2767690171807711,0.2772040173172577,0.12449026545327221,0.12725713780922007,0.046909279797593996,0.04657213076660896,0.04783527049321972,0.052962881182056186
2019-03-01,static_bucket,growth,static_bucket:growth,0.2787658869477021,0.2795935896361955,0.1258475278478004,0.1212599213883315,0.04877866050428646,0.04865666895343817,0.04778495815817097,0.049312786564074944
2019-04-01,static_bucket,growth,static_bucket:growth,0.27368569568402495,0.27956297019774823,0.1235248511996108,0.12477290286941684,0.049489758850209405,0.04971571355996998,0.048465533371453824,0.05078257426756607
2019-05-01,static_bucket,growth,static_bucket:growth,0.27602328603828924,0.2805999093909088,0.12418490495755981,0.12280955550923131,0.04931655358253779,0.049218931770969594,0.048700547228059346,0.049146311522444065
2019-06-03,static_bucket,growth,static_bucket:growth,0.27260759210611063,0.2608790445752706,0.1265147737675312,0.12408122352552127,0.05377569591048579,0.05456899487790519,0.054737837038329844,0.05283483819884548
2019-07-01,static_bucket,growth,static_bucket:growth,0.2772792943804965,0.28571530602802464,0.12322767646562324,0.12405273672757608,0.04702724500340479,0.04687397257223683,0.04864361455589805,0.04718015426673984
2019-08-01,static_bucket,growth,static_bucket:growth,0.27582119451660764,0.2778888784546941,0.12235229238087074,0.11857005479599654,0.0507375065406692,0.05094263415781044,0.052517918088475855,0.051169521064875434
2019-09-03,static_bucket,growth,static_bucket:growth,0.27320037788803475,0.2704965621277134,0.12362109496559312,0.1228271954859156,0.05136038033317207,0.05189030492837365,0.053822355900994046,0.05278172837020329
2019-10-01,static_bucket,growth,static_bucket:growth,0.2762542924827568,0.2755738518766461,0.12683450859098458,0.12591319308548898,0.049368650410842506,0.049011004936256805,0.04748947066695132,0.049555027950072994
2019-11-01,static_bucket,growth,static_bucket:growth,0.274494597523351,0.2792142567963265,0.1258982701119386,0.12728776985482315,0.04783087217284677,0.04767246341398624,0.04880820808780323,0.04879356203892464
2019-12-02,static_bucket,growth,static_bucket:growth,0.2786225325004962,0.2793895809073591,0.12406405123595951,0.12242530572916725,0.04967901448572017,0.04933833127174793,0.04809951630131494,0.04838166756823485
2020-01-02,static_bucket,growth,static_bucket:growth,0.27368963012605063,0.278799304747315,0.12418187368112608,0.13055960117996473,0.04766293719771295,0.047448941695249984,0.04962529870396104,0.0480324126686196
2020-02-03,static_bucket,growth,static_bucket:growth,0.27455437303609126,0.28310834611313934,0.12062775602102563,0.11634274224926958,0.050892806916452704,0.05148626376513044,0.05156732970889955,0.05142038218999162
2020-03-02,static_bucket,growth,static_bucket:growth,0.2706965231616851,0.27625182172984564,0.12025234959070304,0.12545145037841182,0.05242712684979607,0.053148379510748175,0.05190305232055509,0.049869296458255
2020-04-01,static_bucket,growth,static_bucket:growth,0.26216317281258456,0.2762790495157661,0.12056115671228645,0.11739144073633755,0.05901055374166472,0.062012997037113445,0.05960391510018151,0.042977714344065665
2020-05-01,static_bucket,growth,static_bucket:growth,0.28253527278299934,0.28697718907086656,0.12108467077467645,0.12085301492896128,0.0456402606877164,0.04471723971861948,0.04780489544760338,0.05038745658855718
2020-06-01,static_bucket,growth,static_bucket:growth,0.27525734357794907,0.28028420750017524,0.1275777867238635,0.12655069796845164,0.04660179449987482,0.04638811927091831,0.04744365488912403,0.04989639556964332
2020-07-01,static_bucket,growth,static_bucket:growth,0.2707546783169836,0.28436723300798966,0.12254217586140195,0.12705023664324136,0.04859906422607342,0.048192264464449776,0.049100231268448036,0.049394116211412153
2020-08-03,static_bucket,growth,static_bucket:growth,0.2752426027214919,0.27955124773536666,0.12233531871730055,0.12736189658449276,0.047886701119312945,0.047718119473056764,0.05265847683858836,0.04724563681039006
2020-09-01,static_bucket,growth,static_bucket:growth,0.27830521475400644,0.28893344291380996,0.12129789114055008,0.12258756872130952,0.04687397741342052,0.04690251712920892,0.04703407475064344,0.04806531317705129
2020-10-01,static_bucket,growth,static_bucket:growth,0.2731031655076592,0.26780655057263997,0.12730288017436683,0.12706670648271978,0.05165402844941428,0.05176975025584782,0.04996494562278939,0.05133197293456286
2020-11-02,static_bucket,growth,static_bucket:growth,0.2752956190330686,0.2687826106021988,0.12407544336093444,0.12996526419404067,0.050827533549462074,0.05044303623554021,0.050864724978645276,0.04974576804610993
2020-12-01,static_bucket,growth,static_bucket:growth,0.2777088346120836,0.2815994883856585,0.131475020037795,0.12496887439179985,0.045871873130296066,0.045384239072905376,0.043571992174488934,0.049419678194972734
2021-01-04,static_bucket,growth,static_bucket:growth,0.2719821831745078,0.2744717453630672,0.12601092810590464,0.12918057139984268,0.0490063951770769,0.04902798872435296,0.05236071892843211,0.04795946912681582
2021-02-01,static_bucket,growth,static_bucket:growth,0.2740903769038021,0.2800578543353444,0.12197300917993913,0.12858132171026154,0.04859347443099137,0.04836385400706574,0.04667902633295682,0.05166108309963893
2021-03-01,static_bucket,growth,static_bucket:growth,0.2818291050068491,0.27315903507641415,0.12734550618094848,0.12466329754439529,0.048662523968731386,0.04820175727605513,0.045878595901640715,0.050260179044965755
2021-04-01,static_bucket,growth,static_bucket:growth,0.28049269309716246,0.2730473517817802,0.12597452637885012,0.12064716351446343,0.04905577408416109,0.048521621790413784,0.04957034115951639,0.052690528193652386
2021-05-03,static_bucket,growth,static_bucket:growth,0.2784732791081782,0.27631059332461533,0.12458345744167088,0.12152484554220996,0.04872436557637005,0.04885447233580218,0.050247564760545656,0.051281421910607666
2021-06-01,static_bucket,growth,static_bucket:growth,0.27299845970034436,0.2693152791651886,0.12702210945782372,0.128282914001468,0.04950844746731023,0.04957883366272665,0.05243625803239578,0.05085769851274264
2021-07-01,static_bucket,growth,static_bucket:growth,0.27716083221588045,0.28728630024274493,0.12097021768072859,0.12042124212128731,0.0493738336350708,0.04944721912559634,0.04575212176583038,0.049588233212861044
2021-08-02,static_bucket,growth,static_bucket:growth,0.2762712374022704,0.2794379079007042,0.12480407620138131,0.1170585897813937,0.050094842056275984,0.05065006155727878,0.050422975867985644,0.05126030923270989
2021-09-01,static_bucket,growth,static_bucket:growth,0.27635259650819693,0.27939207788425746,0.12391787272564796,0.12426254936858891,0.04848064006835207,0.04828253545115367,0.04869141966476276,0.05062030832904038
2021-10-01,static_bucket,growth,static_bucket:growth,0.27649902990758324,0.27169127202805127,0.1252681325023623,0.12359309471461274,0.05180141952483469,0.051493207165934876,0.05056846424985076,0.04908537990677013
2021-11-01,static_bucket,growth,static_bucket:growth,0.27803053214082996,0.2822931310656919,0.12397312385919546,0.12163642300633484,0.04753750886503572,0.047307797722118655,0.04856542574253549,0.050656057598257906
2021-12-01,static_bucket,growth,static_bucket:growth,0.27498925997357077,0.2805879417504793,0.1199932952203723,0.12192156929804548,0.05123630239936048,0.05171574819219773,0.050642335418760044,0.048913547747213806
2022-01-03,static_bucket,growth,static_bucket:growth,0.2807320976213521,0.2740869419607533,0.1267183287956947,0.12214506124144342,0.04745836687254184,0.047182133660603205,0.04859277698470663,0.053084292862904836
2022-02-01,static_bucket,growth,static_bucket:growth,0.27410403312152665,0.26306337606266406,0.12700619415405168,0.13124321406321868,0.051847398487471844,0.051863758158113,0.05253016097936555,0.04834186497358859
2022-03-01,static_bucket,growth,static_bucket:growth,0.2734944156589234,0.26916423967513703,0.12253884229532941,0.12288187174795097,0.0520925731346901,0.05280339374641185,0.05655200968058742,0.05047265406096993
2022-04-01,static_bucket,growth,static_bucket:growth,0.2805499308306769,0.28169367807601436,0.12518811773296915,0.12013920243105224,0.046572150229797445,0.04556971246505464,0.04771203773856133,0.05257517049587388
2022-05-02,static_bucket,growth,static_bucket:growth,0.2752829488241723,0.26475904423018304,0.12602149060069454,0.12606878648523254,0.05241853247618908,0.05233128690941012,0.05290477723509642,0.050213133239021844
2022-06-01,static_bucket,growth,static_bucket:growth,0.27550866809064317,0.26787286749010375,0.12820694648527245,0.12678617887220306,0.051144769514002125,0.05109749550210715,0.05028179304947759,0.049101280996190745
2022-07-01,static_bucket,growth,static_bucket:growth,0.2729342223951693,0.269710983808724,0.1226659426785405,0.12596988484392013,0.05291373099586747,0.0534922689702506,0.05188014013295014,0.050432826174577956
2022-08-01,static_bucket,growth,static_bucket:growth,0.27863511834695226,0.28898088725027854,0.12349606267807896,0.11686893285075543,0.04797949683643232,0.04817806332347149,0.04609991459306909,0.04976152412096181
2022-09-01,static_bucket,growth,static_bucket:growth,0.277491986884697,0.2730628487150709,0.12088774315928688,0.12904920039994103,0.050294732301597166,0.049575154339954665,0.050011229888039604,0.04962710431141277
2022-10-03,static_bucket,growth,static_bucket:growth,0.27482957158068244,0.2708739576732048,0.12623986636911538,0.12190711864725823,0.05222622622008719,0.05228719311019567,0.05400195219728151,0.047634114202174754
2022-11-01,static_bucket,growth,static_bucket:growth,0.28399800741536224,0.2723341928230728,0.12880889542893834,0.12089006270608114,0.048299460797447645,0.04793741862427083,0.047686550466700575,0.05004541173812645
2022-12-01,static_bucket,growth,static_bucket:growth,0.26968074749627013,0.27176667402892757,0.13116801103615666,0.1308891359788424,0.04835389743979171,0.048485703975834106,0.050618195119928155,0.0490376349242492
2023-01-03,static_bucket,growth,static_bucket:growth,0.2720223761353925,0.261452517408448,0.12917001194147423,0.12970188499738974,0.05208119392232235,0.05172383833321868,0.05367662144673554,0.05017155581501891
2023-02-01,static_bucket,growth,static_bucket:growth,0.2709578822104715,0.2857915503105683,0.12446765460107029,0.12507798222332164,0.047245790535017415,0.04727526547892041,0.0485024018722773,0.05068147276835305
2023-03-01,static_bucket,growth,static_bucket:growth,0.2762541288313701,0.27820713106981954,0.12620761496225918,0.12187746050330947,0.0502325153818948,0.049799466002109646,0.049132426703929644,0.04828925654530763
2023-04-03,static_bucket,growth,static_bucket:growth,0.2727747186909424,0.2874126487609338,0.12267803751388477,0.12013370317703465,0.04920499347524072,0.04985436748332609,0.051287745474829685,0.04665378542380794
2023-05-01,static_bucket,growth,static_bucket:growth,0.276743981767121,0.2754509672267283,0.12686286979761097,0.1227130985471379,0.04932439960840074,0.04934739080887006,0.049611179631036104,0.04994611261309501
2023-06-01,static_bucket,growth,static_bucket:growth,0.2724751103789554,0.293240590219877,0.1190288755128298,0.12159294168133893,0.04888826160736315,0.04880613012124568,0.048744136807601146,0.04722395367078889
2023-07-03,static_bucket,growth,static_bucket:growth,0.2795601937663529,0.2788669236977086,0.12373687468664656,0.12480346822078942,0.04775557015075278,0.047192407882228775,0.046748352284318735,0.05133620931120227
2023-08-01,static_bucket,growth,static_bucket:growth,0.2762837648892053,0.27767053363656785,0.12396369647425523,0.12642663535256382,0.04856329961197889,0.048445338060110574,0.04938149576029817,0.04926523621502026
2023-09-01,static_bucket,growth,static_bucket:growth,0.27680650725040323,0.27624756999399924,0.12376464345703872,0.12179511880653357,0.05067051308079944,0.050532650531553515,0.050819772794233754,0.0493632240854386
2023-10-02,static_bucket,growth,static_bucket:growth,0.2744899650909996,0.2767204878740657,0.12470374419630939,0.12508316093304542,0.05105954426608165,0.0507605704923302,0.04946146507231759,0.04772106207485045
2023-11-01,static_bucket,growth,static_bucket:growth,0.27357201581710255,0.2732896422709262,0.1250525320223006,0.12332181874716959,0.05039562636593696,0.05029417030306492,0.05439597462637268,0.049678219847126455
2023-12-01,static_bucket,growth,static_bucket:growth,0.27598342535640713,0.27755246991051996,0.12511549894997284,0.12387730434110343,0.04820982468825574,0.04820052507561839,0.048335723851734826,0.0527252278263878
2024-01-02,static_bucket,growth,static_bucket:growth,0.27570046294298667,0.2760629308430649,0.12498599638787317,0.12355807604487067,0.04961246805389585,0.0496664448686411,0.04816789962618101,0.05224572123248657
2024-02-01,static_bucket,growth,static_bucket:growth,0.2788777982165758,0.28235343048973616,0.12451238823134778,0.11945389676734348,0.049428392042028486,0.04951381647560457,0.04891003222114748,0.04695024555621621
2024-03-01,static_bucket,growth,static_bucket:growth,0.2778874418108146,0.27998255282497025,0.12406641233431968,0.12583430938481016,0.04744200766105048,0.047114921318673376,0.04882275260290736,0.048849602062454124
2024-04-01,static_bucket,growth,static_bucket:growth,0.2771887380181343,0.27135968571549485,0.1257691619864446,0.125406996376145,0.049193194328121595,0.04903424212960252,0.05316551641218879,0.048882465033868186
2024-05-01,static_bucket,growth,static_bucket:growth,0.2726491727404278,0.26955090187332653,0.12539759223339256,0.12895638419848277,0.051000190762550475,0.050772136188994475,0.05321954926171202,0.048454072741113303
2024-06-03,static_bucket,growth,static_bucket:growth,0.2759343036099277,0.2811997608905175,0.12554834275982885,0.12237907463596003,0.04847610409919896,0.04854166913290029,0.048323683307919224,0.049597061563747415
2024-07-01,static_bucket,growth,static_bucket:growth,0.27734975059560946,0.2850182498183965,0.11927467302506865,0.12379457207691828,0.04852241330039485,0.048555840726705775,0.04827882488619491,0.049205675570711524
2024-08-01,static_bucket,growth,static_bucket:growth,0.27507365250589044,0.26349379925454275,0.12518595148827022,0.12412871180281951,0.051937193337013736,0.05229318733831233,0.05260461429308863,0.055282889980062366
2024-09-03,static_bucket,growth,static_bucket:growth,0.27495307593335117,0.27170088827839256,0.12833082142000055,0.12382843990978487,0.04989039310467407,0.049947110980580314,0.05015457401816094,0.05119469635505567
2024-10-01,static_bucket,growth,static_bucket:growth,0.2732450800608451,0.27601805267106094,0.12219328729273159,0.1306280229601424,0.048652671210460074,0.048610078145217964,0.051287374552852504,0.04936543310668965
2024-11-01,static_bucket,growth,static_bucket:growth,0.2788518540720149,0.28122410450771734,0.12069439170155859,0.12156845474839147,0.04888894923410695,0.04831070734403147,0.051895552866900646,0.04856598552527862
2024-12-02,static_bucket,growth,static_bucket:growth,0.2822657603731778,0.28228857820055736,0.12108501996726198,0.11848369982609443,0.0492915037949229,0.04933389680145074,0.046813741552855885,0.05043779948367889
2012-01-03,rb_classical,conservative,rb_classical:conservative,0.0,0.0,0.0,0.0,0.0,0.0,0.0,0.0
2012-02-01,rb_classical,conservative,rb_classical:conservative,0.05768628436969954,0.051556338302324624,0.016841516264134663,0.014143994575090297,0.5007504796937042,0.3025506180259696,0.03019923347876233,0.026271535290314656
2012-03-01,rb_classical,conservative,rb_classical:conservative,0.117429272011209,0.09634756676629376,0.023244481560823104,0.01793966745487749,0.390455156349029,0.2834641991666238,0.038748725607752145,0.03237093108339156
2012-04-02,rb_classical,conservative,rb_classical:conservative,0.10351440477733745,0.07258830909892823,0.023912136552421994,0.019036545184064203,0.4621137012974362,0.2698246838806708,0.01849225493344993,0.03051796427569122
2012-05-01,rb_classical,conservative,rb_classical:conservative,0.0912059867765612,0.080136457564276,0.022331774180304267,0.016059792382289096,0.4112664665478336,0.29945688389894815,0.03747669496051587,0.04206594368927183
2012-06-01,rb_classical,conservative,rb_classical:conservative,0.06593806260565815,0.04302835137800083,0.017063495996510813,0.01690995442233128,0.46239927208965814,0.3241458748760703,0.04296587885723158,0.027549109774538953
2012-07-02,rb_classical,conservative,rb_classical:conservative,0.0637186522124453,0.041760425046282315,0.021497253437624608,0.015782715955740878,0.49227173611590097,0.31881776720718513,0.02228635513433727,0.023865094890483336
2012-08-01,rb_classical,conservative,rb_classical:conservative,0.05657356470643701,0.04018349417457509,0.017885384403544213,0.013439982089433906,0.4917836454823861,0.32059864233578705,0.03306806837110066,0.026467218436735853
2012-09-04,rb_classical,conservative,rb_classical:conservative,0.05591897790015852,0.04229191251827877,0.015524890241872754,0.012486977482487718,0.4736470284855137,0.328094087565413,0.03610979268548433,0.03592633312079123
2012-10-01,rb_classical,conservative,rb_classical:conservative,0.1303436475642083,0.08319922353618948,0.03547520038439152,0.0318514625104033,0.3534809638562729,0.2779856192079811,0.03188168710764725,0.05578219583290616
2012-11-01,rb_classical,conservative,rb_classical:conservative,0.07559023391745458,0.051670372566069926,0.021227473180664733,0.015763949009126,0.4681025677503885,0.29603150795561073,0.03023212234265109,0.04138177327803444
2012-12-03,rb_classical,conservative,rb_classical:conservative,0.07004141553179036,0.04944555291901513,0.02256546162970703,0.019735682570495294,0.4561901688642599,0.2856846966754349,0.045013279295802,0.051323742513495405
2013-01-02,rb_classical,conservative,rb_classical:conservative,0.04954975720559294,0.04106851315529049,0.02146934573116921,0.02030746210036545,0.48521579028914824,0.3095454164325781,0.03407765288468526,0.038766062201170445
2013-02-01,rb_classical,conservative,rb_classical:conservative,0.05240114891653202,0.036307576584777776,0.03163158251841619,0.02661123373532973,0.46859780857004535,0.2977219145106603,0.040338503886128155,0.046390231278110365
2013-03-01,rb_classical,conservative,rb_classical:conservative,0.09095485827393616,0.06197576166980764,0.025830431080339375,0.022001194940005093,0.4413995479236769,0.2630304944305144,0.03463862705829692,0.06016908462342357
2013-04-01,rb_classical,conservative,rb_classical:conservative,0.059566848842014714,0.05013485568134124,0.019036445949282495,0.02325638409767289,0.4787159617487847,0.29367928440448265,0.030152629989879703,0.045457589286541714
2013-05-01,rb_classical,conservative,rb_classical:conservative,0.0804329347153579,0.06323612201094038,0.023698004287962912,0.018689116127383904,0.43930667038094356,0.2676528030671391,0.047464657303251064,0.05951969210702109
2013-06-03,rb_classical,conservative,rb_classical:conservative,0.05325896786461644,0.04344231479302858,0.020281888705034966,0.015904542612205034,0.4778816765959264,0.35082632214339743,0.010885395165066456,0.027518892120724715
2013-07-01,rb_classical,conservative,rb_classical:conservative,0.0931002681832134,0.11605384729217927,0.0301708956567289,0.026226701458547233,0.4284300584723562,0.2562356544997794,0.01994447317795914,0.02983810125923643
2013-08-01,rb_classical,conservative,rb_classical:conservative,0.08533326722072673,0.09678532843534882,0.02776270532319882,0.0184029692474324,0.3853682017667984,0.3226870531772575,0.03729757149393337,0.026362903335304045
2013-09-03,rb_classical,conservative,rb_classical:conservative,0.15647861624386836,0.13206522782001662,0.04178162747359736,0.018285520623541995,0.31216435584324037,0.25211574113397567,0.04807713326459535,0.039031777597164204
2013-10-01,rb_classical,conservative,rb_classical:conservative,0.10458702691873725,0.09183289119324985,0.031366715158644844,0.018780754492828504,0.39522008579714374,0.2833332763376671,0.04323573823153097,0.03164351187019772
2013-11-01,rb_classical,conservative,rb_classical:conservative,0.12841001950875383,0.13981067629135868,0.03255007043246181,0.015489676747869538,0.34276779304762434,0.2830787867813156,0.03064770225157491,0.027245274939041407
2013-12-02,rb_classical,conservative,rb_classical:conservative,0.07067455193777503,0.0672301444771222,0.026180691884234063,0.018114778143839296,0.44639432766987835,0.3131467881424397,0.03420416809689481,0.02405454964781661
2014-01-02,rb_classical,conservative,rb_classical:conservative,0.110277662454323,0.09353215977285756,0.03704477334530033,0.017733112416127402,0.3838927281959532,0.27068332008261764,0.0479206641568116,0.03891557957600936
2014-02-03,rb_classical,conservative,rb_classical:conservative,0.06582676652432123,0.07661111455081526,0.020887810020704965,0.0105509619452578,0.49547863423160177,0.2732885141022499,0.029913192584352443,0.02744300604069649
2014-03-03,rb_classical,conservative,rb_classical:conservative,0.0700049873956382,0.06311165131339579,0.024342705093534613,0.01777335659926249,0.43960716950588885,0.29901550287288114,0.050088252132990264,0.03605637508640853
2014-04-01,rb_classical,conservative,rb_classical:conservative,0.06700645271860398,0.06403499061245412,0.02012347360812837,0.015229373193121853,0.43566439823059566,0.3052915757523944,0.05086767465965027,0.04178206122505132
2014-05-01,rb_classical,conservative,rb_classical:conservative,0.09660182209647598,0.06776491104821701,0.026248150982507105,0.018132855070089857,0.43702677541813,0.2720597215613633,0.0483916615816826,0.033774102241534196
2014-06-02,rb_classical,conservative,rb_classical:conservative,0.05356228256836939,0.03758555652475747,0.023956664217800235,0.020106206958169857,0.48805755965554937,0.29375937530376844,0.04558256349219576,0.03738979127938938
2014-07-01,rb_classical,conservative,rb_classical:conservative,0.08365857733175348,0.06735470509153865,0.041807348700240395,0.020335848091223734,0.43242525976881724,0.26990856869509816,0.04775423428382287,0.03675545803750529
2014-08-01,rb_classical,conservative,rb_classical:conservative,0.10300332438396508,0.10260463601588385,0.034761013816812424,0.026723567271611435,0.41436914115730145,0.26021628883110665,0.031646142507688844,0.026675886015630187
2014-09-02,rb_classical,conservative,rb_classical:conservative,0.08673491301959547,0.074896665106393,0.03048670298438895,0.02567539501715471,0.41445779117132486,0.280469724137798,0.04239495827532926,0.04488385028801563
2014-10-01,rb_classical,conservative,rb_classical:conservative,0.08757424543168219,0.106135785488196,0.029237154201348103,0.021328418359852,0.41352912656411484,0.26772877783257565,0.042036328790617895,0.03243016333161327
2014-11-03,rb_classical,conservative,rb_classical:conservative,0.0819044042475888,0.06729420862885777,0.03405311425193458,0.02109953232829375,0.4315447124052373,0.2696516630131445,0.06611166871298163,0.028340696411961734
2014-12-01,rb_classical,conservative,rb_classical:conservative,0.05503725176942725,0.0475074046979864,0.019166361397123736,0.02186234474714529,0.4493776425323085,0.31321916880199074,0.05646078682744657,0.037369039226571636
2015-01-02,rb_classical,conservative,rb_classical:conservative,0.14244176629923522,0.09891690121865772,0.02943362051411736,0.01610143966154981,0.36253120578180154,0.29176834973366633,0.020252997887063195,0.03855371890390874
2015-02-02,rb_classical,conservative,rb_classical:conservative,0.07604453203710314,0.07171056002287086,0.03295015535718287,0.029062647328348148,0.4324663861417024,0.2709045342933942,0.047932075730141764,0.038929109089256494
2015-03-02,rb_classical,conservative,rb_classical:conservative,0.07841635330808543,0.0667707893100297,0.03034724070422797,0.024589620997212593,0.4661892861742565,0.24862926297987586,0.042226751845135295,0.042830694681176756
2015-04-01,rb_classical,conservative,rb_classical:conservative,0.13036851991832615,0.1188745377359854,0.03414705046144279,0.027214778608037105,0.35472822907866897,0.2446573073828556,0.06057269392848049,0.029436882886203424
2015-05-01,rb_classical,conservative,rb_classical:conservative,0.09829507052911884,0.09810751684800292,0.028202882053547693,0.026098662910041134,0.3772180149907344,0.28390610149612133,0.059181027700134746,0.02899072347229897
2015-06-01,rb_classical,conservative,rb_classical:conservative,0.0945831913741286,0.0651605596614885,0.02899682960540114,0.019823311716658677,0.43517036980738133,0.29063981122751814,0.03761035059464782,0.028015576012775757
2015-07-01,rb_classical,conservative,rb_classical:conservative,0.11958542919614785,0.09164665108696261,0.028202755179517393,0.03353228937444044,0.3670954993994469,0.2554528450395017,0.07310572479188474,0.03137880593209825
2015-08-03,rb_classical,conservative,rb_classical:conservative,0.10665424736260623,0.09237256259744273,0.027201931924567498,0.027220182304858346,0.37188774289815096,0.2464594823070788,0.08639233790346872,0.04181151270182666
2015-09-01,rb_classical,conservative,rb_classical:conservative,0.08004461055947548,0.06194225687562293,0.01983467432020439,0.015737310356657895,0.4279454572381649,0.28817112062166644,0.06336466206709541,0.04295990796111261
2015-10-01,rb_classical,conservative,rb_classical:conservative,0.04069619425652626,0.034930749004982976,0.01968700844572259,0.014295034512516212,0.4890967435273893,0.3167944719073268,0.0641227789051495,0.020377019440386265
2015-11-02,rb_classical,conservative,rb_classical:conservative,0.06580707828654699,0.061316259817546286,0.022329335934932807,0.01944061827204568,0.44644795088999567,0.2903233549697796,0.06217053380983067,0.03216486801932233
2015-12-01,rb_classical,conservative,rb_classical:conservative,0.08435438303958204,0.06721456213876546,0.032325408607822806,0.017864464868117155,0.41531823300542897,0.29785095712455406,0.05342334320592949,0.03164864800980011
2016-01-04,rb_classical,conservative,rb_classical:conservative,0.06566562073094218,0.057492006493283836,0.029296219193353706,0.015807978548711795,0.43638244867734083,0.32897843559680523,0.04694339610279879,0.01943389465676365
2016-02-01,rb_classical,conservative,rb_classical:conservative,0.05139419394617894,0.04537364950874567,0.02281496711612955,0.018335503355193995,0.500431346504554,0.28873333395467937,0.042877276876466315,0.030039728738052197
2016-03-01,rb_classical,conservative,rb_classical:conservative,0.03846585673555029,0.03185671963427462,0.014456107235213829,0.012213666697072327,0.5189273081634839,0.3145023762024453,0.051629628304340716,0.017948337027619072
2016-04-01,rb_classical,conservative,rb_classical:conservative,0.055032793255787874,0.045148745447617385,0.021808407108450435,0.01773036777606922,0.5177475057226628,0.28086901940890435,0.03750007663202243,0.024163084648485555
2016-05-02,rb_classical,conservative,rb_classical:conservative,0.09396843093814242,0.07574752857085479,0.02812901787188971,0.020055094566664437,0.4347587751094119,0.2773127138604734,0.042428579854741376,0.027599859227822
2016-06-01,rb_classical,conservative,rb_classical:conservative,0.07534167396522086,0.06090486120245374,0.021320552796319954,0.017764088794921144,0.4692317821950761,0.2893287988548827,0.03901133240515566,0.027096909785969816
2016-07-01,rb_classical,conservative,rb_classical:conservative,0.06871137753110326,0.05616749371410901,0.027722660542129084,0.02152638887252304,0.45484457503101866,0.2988532946666487,0.050157825607209085,0.022016384035259184
2016-08-01,rb_classical,conservative,rb_classical:conservative,0.05822955491426504,0.05498730193288897,0.015110439723415588,0.014885498216740284,0.49852064022837334,0.2717513259150595,0.03970584003925794,0.04680939902999942
2016-09-01,rb_classical,conservative,rb_classical:conservative,0.11202711254807542,0.10437863144352187,0.03240832472298949,0.022979121374894985,0.3700803267904313,0.2842337829059716,0.04178170311169632,0.03211099710241892
2016-10-03,rb_classical,conservative,rb_classical:conservative,0.1327753832584702,0.1275077547569153,0.04897431391252907,0.022968894349342767,0.3252384839234859,0.25435464503696675,0.05423439759864844,0.03394612716364167
2016-11-01,rb_classical,conservative,rb_classical:conservative,0.059284249018474774,0.05678242958349889,0.025757641983955443,0.014290684567134488,0.3991041934431767,0.35850455716011354,0.06942332184725325,0.016852922396392897
2016-12-01,rb_classical,conservative,rb_classical:conservative,0.08425965423388883,0.06339122843687289,0.0386502702248443,0.015359302821425239,0.38159793504896206,0.3440147174438593,0.05782414527580465,0.014902746514342773
2017-01-03,rb_classical,conservative,rb_classical:conservative,0.13186515484930994,0.07542862873853519,0.057645553776692726,0.017260307369617728,0.3252092651719675,0.29608812731772377,0.06425646228558239,0.03224650049057069
2017-02-01,rb_classical,conservative,rb_classical:conservative,0.11474111894600164,0.09473238887713137,0.04355765490439332,0.018873203794232577,0.3460153174340523,0.2916903135366359,0.06437431923847342,0.026015683269079423
2017-03-01,rb_classical,conservative,rb_classical:conservative,0.15963725806661466,0.13233105826738462,0.05003610891232352,0.02999526918006235,0.30356521440972734,0.23354280489791823,0.05697447810423447,0.033917808161734675
2017-04-03,rb_classical,conservative,rb_classical:conservative,0.13603879747886027,0.14243824748891692,0.05803615266557946,0.024694084431185682,0.30495718758617385,0.2332848137298993,0.06567413388339936,0.03487658273598525
2017-05-01,rb_classical,conservative,rb_classical:conservative,0.13630633808054204,0.1208133448143621,0.05109409984007091,0.0200309348419292,0.3135682336798627,0.2666603816560861,0.06003619661450324,0.03149047047264382
2017-06-01,rb_classical,conservative,rb_classical:conservative,0.12424107885063299,0.10685764389699429,0.0352848483281658,0.02584632367346967,0.33525943028832744,0.27404940733856537,0.05625554804886776,0.042205719574976625
2017-07-03,rb_classical,conservative,rb_classical:conservative,0.10244870321253031,0.06741955050782626,0.03831430892278528,0.01735358041090244,0.3828483973704794,0.30197430690496785,0.04796856821326681,0.041672584457241695
2017-08-01,rb_classical,conservative,rb_classical:conservative,0.11144254751687635,0.04364240518131438,0.032939436909689486,0.02137780546163655,0.42827481158802344,0.2774876386062654,0.044848736338720684,0.039986618397473646
2017-09-01,rb_classical,conservative,rb_classical:conservative,0.13274942577598695,0.07340687689673216,0.043658161729685285,0.020159939566768523,0.3506993829491148,0.2957033784509163,0.054907976595063246,0.02871485803573279
2017-10-02,rb_classical,conservative,rb_classical:conservative,0.07562915932231254,0.04289385640389902,0.028470185911111303,0.015820078440230163,0.4695762508538788,0.2990223522592713,0.03733793455616193,0.031250182253134924
2017-11-01,rb_classical,conservative,rb_classical:conservative,0.16761806607595892,0.07955644848816967,0.04082980549621225,0.020688354741298178,0.38113800702931505,0.2311104048194759,0.03557204239835986,0.043486870951210274
2017-12-01,rb_classical,conservative,rb_classical:conservative,0.1575220853991327,0.051986775667816586,0.047643013916466026,0.018490173679527936,0.351153062555368,0.27709748612103147,0.04292945642131335,0.05317794623934369
2018-01-02,rb_classical,conservative,rb_classical:conservative,0.1260053065384625,0.06746732440129098,0.03543151465783297,0.017277102788807588,0.3848451417061347,0.2801977503992108,0.03986546170232405,0.0489103978059364
2018-02-01,rb_classical,conservative,rb_classical:conservative,0.14545885575082276,0.06561600753325354,0.0417873833979762,0.020880540151560222,0.3797011156251986,0.2737949859654592,0.04165844074161994,0.03110267083410964
2018-03-01,rb_classical,conservative,rb_classical:conservative,0.09185806491861376,0.06107746374447929,0.03095656238476152,0.018255625826947255,0.40758017011705777,0.3219550395344682,0.045941644602645354,0.022375428871026892
2018-04-02,rb_classical,conservative,rb_classical:conservative,0.044724262292027125,0.03528806816748331,0.018537273537840203,0.01272347661590026,0.46878745130607424,0.33142197679223273,0.061608613584954015,0.026908877703488217
2018-05-01,rb_classical,conservative,rb_classical:conservative,0.03844062592188303,0.02620324473947006,0.022420846164152394,0.011136236007485995,0.47863053356969193,0.3561081452493276,0.038881998260261175,0.028178370087727864
2018-06-01,rb_classical,conservative,rb_classical:conservative,0.053451456182293335,0.033586130226740514,0.036844820767939636,0.018446205866428138,0.43234668505129414,0.34195524512526265,0.0534509155832504,0.029918541196791115
2018-07-02,rb_classical,conservative,rb_classical:conservative,0.09614324709138664,0.07657724524462974,0.034650878710418255,0.019611504260094975,0.36329803417020173,0.282514349073931,0.08289120394857144,0.04431353750076608
2018-08-01,rb_classical,conservative,rb_classical:conservative,0.08964282179520058,0.04871963293296212,0.027848958444111192,0.016392934191797062,0.42503365510545565,0.3079585693568714,0.05331054202352742,0.031092886150074578
2018-09-04,rb_classical,conservative,rb_classical:conservative,0.0772063854702325,0.04033529879750381,0.028163416883706823,0.013585498831279852,0.42002417138519627,0.34577163124208127,0.04950511038588036,0.02540848700411922
2018-10-01,rb_classical,conservative,rb_classical:conservative,0.0855559684149124,0.06138335819754568,0.020690822520819614,0.010250697911742539,0.43367673968716464,0.3293814704524014,0.031279389388268325,0.027781553427145292
2018-11-01,rb_classical,conservative,rb_classical:conservative,0.10869417845174946,0.047493164613079376,0.027562647870792184,0.01583877521142238,0.3703342610192224,0.34465217205265136,0.06156109879396187,0.023863701987120994
2018-12-03,rb_classical,conservative,rb_classical:conservative,0.035664231769918855,0.021644087513166287,0.019719982796098198,0.010203091417667681,0.4573380937582039,0.38276617955003445,0.05061167256055699,0.022052660634353568
2019-01-02,rb_classical,conservative,rb_classical:conservative,0.023210895883736378,0.01505976201059243,0.01308637160313041,0.007292835955176069,0.47683040212532596,0.3874630493087415,0.05286520350311704,0.024191479610180304
2019-02-01,rb_classical,conservative,rb_classical:conservative,0.029466131635657245,0.021990973609205725,0.020912486850393257,0.01685802174001675,0.4718666281382008,0.3503330546827674,0.07064908268736299,0.017923620656396074
2019-03-01,rb_classical,conservative,rb_classical:conservative,0.05787149126239688,0.037424207968525976,0.02745304301321554,0.017534343225007326,0.43193955720234195,0.30870055380110495,0.07492068258948419,0.04415612093792309
2019-04-01,rb_classical,conservative,rb_classical:conservative,0.09242493633355463,0.06967099325732629,0.034017976998441,0.02149436099431243,0.3828102158647432,0.30198519228583787,0.04697090648184024,0.050625417783944394
2019-05-01,rb_classical,conservative,rb_classical:conservative,0.07836160969244302,0.0582318013870828,0.03769168854153359,0.019529843289789586,0.3701845563400225,0.32323080350112654,0.061439658668480446,0.05133003857952138
2019-06-03,rb_classical,conservative,rb_classical:conservative,0.0981782003796545,0.0739877531843767,0.04387623413327266,0.02371213667040549,0.3759567786531477,0.30285646075821737,0.05645925880910382,0.0249731774118217
2019-07-01,rb_classical,conservative,rb_classical:conservative,0.06026191093166692,0.042318214132909364,0.02411257478821982,0.016398479627661736,0.45070355773250403,0.31237761731883373,0.05766328190391653,0.036164363564287906
2019-08-01,rb_classical,conservative,rb_classical:conservative,0.08225804917888842,0.054292786162038476,0.03606863396906798,0.021072587137624475,0.380670770940344,0.3521411348472538,0.0409829885673484,0.032513049197434515
2019-09-03,rb_classical,conservative,rb_classical:conservative,0.11658735016905866,0.08114613514868675,0.050689908921549794,0.037130776358152214,0.32726316748950546,0.2963102363756877,0.03614105418585758,0.0547313713515018
2019-10-01,rb_classical,conservative,rb_classical:conservative,0.05727205735903038,0.04562423193021745,0.031763238139472516,0.02517737179273488,0.4114092231962256,0.3340009036953366,0.048177395704332035,0.046575578182650526
2019-11-01,rb_classical,conservative,rb_classical:conservative,0.1306614014633589,0.08405770932982902,0.055213993586810374,0.0424527742339438,0.3148173600941019,0.2707026316057698,0.043491978446893516,0.058602151239292674
2019-12-02,rb_classical,conservative,rb_classical:conservative,0.09733064377338074,0.07253797407755441,0.041248454514490066,0.03363955225609763,0.3592257098593031,0.2803039807959105,0.0520592862042023,0.06365439851906125
2020-01-02,rb_classical,conservative,rb_classical:conservative,0.14300935437945797,0.105584860291655,0.05650419873789538,0.03807646111630267,0.3297896682442229,0.2532159998788362,0.046127228256461976,0.027692229095167775
2020-02-03,rb_classical,conservative,rb_classical:conservative,0.13233915993169218,0.09503143735423604,0.03780743556088319,0.031050642086694245,0.3478589664264549,0.2555362396197792,0.06491110702682963,0.035465011993430405
2020-03-02,rb_classical,conservative,rb_classical:conservative,0.06568026213374804,0.05193054695939483,0.026780709327202164,0.0177796090799684,0.4602593086125598,0.29832493578417835,0.04686191572403741,0.03238271237891093
2020-04-01,rb_classical,conservative,rb_classical:conservative,0.034800086692420795,0.03027171005594964,0.021549494232281904,0.022354471767156193,0.48306688263587544,0.354525903180744,0.03984724375588123,0.01358420767969079
2020-05-01,rb_classical,conservative,rb_classical:conservative,0.05675674392983519,0.06533664099901715,0.02013545449302641,0.02100241645683474,0.20747434472023749,0.5297356119269133,0.07602903846810029,0.02352974900603558
2020-06-01,rb_classical,conservative,rb_classical:conservative,0.03548921204672267,0.03817984365913735,0.014591674981050276,0.015484481364386021,0.2784844610440979,0.5681977317174166,0.036343788456536116,0.013228806730653119
2020-07-01,rb_classical,conservative,rb_classical:conservative,0.04551889367356025,0.06132695987375504,0.013429298615476494,0.016060270453794694,0.3419550345150864,0.4695610787591302,0.038601231923665345,0.013547232185531567
2020-08-03,rb_classical,conservative,rb_classical:conservative,0.02903677830014613,0.03592338926380996,0.011580477667086156,0.01381389849712904,0.4106458824528906,0.4451913634851527,0.042250649887156835,0.011557560446628486
2020-09-01,rb_classical,conservative,rb_classical:conservative,0.03690204884949393,0.024685805317360712,0.0092125148831309,0.010401644985717396,0.4025545551211658,0.4790765845074597,0.02335370555339615,0.01381314078227534
2020-10-01,rb_classical,conservative,rb_classical:conservative,0.07798646532938279,0.04091580431702151,0.0213759438602912,0.01608000868416892,0.29903661877535814,0.5029695848791753,0.014441212601016683,0.027194361553585525
2020-11-02,rb_classical,conservative,rb_classical:conservative,0.02444111101030451,0.01696993663894265,0.012621489798846997,0.013930908854328426,0.3434526385790346,0.5488592010565291,0.026721361502147448,0.013003352559866416
2020-12-01,rb_classical,conservative,rb_classical:conservative,0.035516865580355245,0.03016264748442498,0.01697543591171342,0.019131556067323485,0.37170841332947274,0.47476254105412735,0.02972207411226362,0.022020466460319056
2021-01-04,rb_classical,conservative,rb_classical:conservative,0.0632211225712122,0.044149775956928435,0.019516393664833785,0.022141214767874583,0.33807396815974133,0.45093731565887213,0.03153669036401913,0.03042351885651842
2021-02-01,rb_classical,conservative,rb_classical:conservative,0.05173473686509474,0.042379244014731074,0.019087843443584114,0.0158924999712809,0.3478475415159875,0.4828684714474976,0.02243215242213595,0.017757510319688138
2021-03-01,rb_classical,conservative,rb_classical:conservative,0.046482390726728946,0.03285084916364877,0.018841168526614376,0.012283372570206001,0.3594183877084069,0.4793992751787698,0.025504387552246332,0.02522016857337883
2021-04-01,rb_classical,conservative,rb_classical:conservative,0.07342989924701637,0.04905014361544313,0.03509722207433063,0.020038088950914575,0.3010838374988355,0.4179009411142633,0.04503250792572869,0.058367359573467836
2021-05-03,rb_classical,conservative,rb_classical:conservative,0.07224280417593897,0.031258520607185356,0.043660367636147716,0.016371974721347916,0.3719007546436522,0.36641848286512024,0.04979978468215233,0.04834731066845537
2021-06-01,rb_classical,conservative,rb_classical:conservative,0.07654912155416727,0.04524734237431873,0.032615965051785295,0.024961500935034093,0.38186148090824246,0.31865473339179956,0.050499817897624144,0.06961003788702846
2021-07-01,rb_classical,conservative,rb_classical:conservative,0.05091877448640487,0.031636995852735016,0.024739757722906045,0.01565133276591552,0.4092107236824998,0.38314974229742926,0.05238352059753173,0.032309152594577714
2021-08-02,rb_classical,conservative,rb_classical:conservative,0.08693193521384107,0.06630942405877908,0.03784199582923191,0.03066306396159531,0.39833083123690355,0.29036033331526323,0.04084232375420104,0.048720092630184744
2021-09-01,rb_classical,conservative,rb_classical:conservative,0.07842470918754918,0.07452852506246288,0.03539153803039395,0.01964183846947672,0.39054818560771626,0.2702240029199546,0.0833842757940473,0.04785692492839908
2021-10-01,rb_classical,conservative,rb_classical:conservative,0.08708604657387033,0.05580276033891102,0.041954007831324,0.018712579293244175,0.407741277315486,0.3054781287570566,0.03424504619731389,0.0489801536927941
2021-11-01,rb_classical,conservative,rb_classical:conservative,0.06931943105518348,0.05637951040751101,0.037669305049723024,0.028348868853630388,0.41982608396332716,0.2917866106621928,0.04626182190186126,0.0504083681065709
2021-12-01,rb_classical,conservative,rb_classical:conservative,0.08507619854401514,0.05949774571689728,0.042947866915367616,0.02685633300206095,0.38641236353538455,0.3004926738516638,0.051380718090575435,0.04733610034403525
2022-01-03,rb_classical,conservative,rb_classical:conservative,0.0951500136875595,0.06131096934184012,0.05527421886109028,0.04248948995483414,0.3655926405402585,0.25309851677678924,0.06468545863229952,0.06239869220532871
2022-02-01,rb_classical,conservative,rb_classical:conservative,0.05707314523319132,0.03398508809140802,0.03473614000112923,0.03673612669702935,0.42459593378336596,0.30726908150861537,0.0641054653723216,0.041499019312939096
2022-03-01,rb_classical,conservative,rb_classical:conservative,0.057109357459824574,0.03350747799155614,0.038807670551077485,0.025694316194949943,0.4057782960799998,0.334933588865047,0.06571923870618336,0.03845005415136174
2022-04-01,rb_classical,conservative,rb_classical:conservative,0.07624021547683389,0.04899897847958019,0.03878303605814662,0.04495113329035511,0.35767607756041375,0.288036728420182,0.09106444719678758,0.05424938351770089
2022-05-02,rb_classical,conservative,rb_classical:conservative,0.07197761758556842,0.045787683968370504,0.03044119459623066,0.02107669879051673,0.3748527129328964,0.33411113528533243,0.07010656051988409,0.05164639632120081
2022-06-01,rb_classical,conservative,rb_classical:conservative,0.06224795468603787,0.04137882103404698,0.04922229181405669,0.04460115784258582,0.33491638792415457,0.32065536579115805,0.10865069564962224,0.038327325258337985
2022-07-01,rb_classical,conservative,rb_classical:conservative,0.05251085909513148,0.038160188055427396,0.031094907817396468,0.031571625475943214,0.36104166453466563,0.3254845863905886,0.1236639565973137,0.03647221203353355
2022-08-01,rb_classical,conservative,rb_classical:conservative,0.07514571179132133,0.06300446426450185,0.041433973130500366,0.043918082533421485,0.31678590438590126,0.2873804765029675,0.131604693828913,0.04072669356247316
2022-09-01,rb_classical,conservative,rb_classical:conservative,0.08023425016277587,0.05699360317965109,0.03203620688499183,0.045992432343643475,0.3568646037954564,0.28192370825510343,0.09616995616916696,0.04978523920921085
2022-10-03,rb_classical,conservative,rb_classical:conservative,0.06876757004532237,0.05463147228957594,0.03631837974146183,0.04757759166177321,0.3227740515198246,0.30713423856361827,0.12233980777541671,0.04045688840300713
2022-11-01,rb_classical,conservative,rb_classical:conservative,0.08504242656673966,0.07267860128523553,0.03788071198492199,0.050363610479290916,0.3299625973545582,0.2767071559800535,0.10150472636457536,0.04586016998462498
2022-12-01,rb_classical,conservative,rb_classical:conservative,0.06428100473325507,0.05418904139672098,0.03389130767277508,0.03475809772527892,0.3653872710308613,0.31459395426744274,0.10252816125142275,0.03037116192224306
2023-01-03,rb_classical,conservative,rb_classical:conservative,0.07305464463388164,0.05364589909673759,0.03055446218216745,0.036109421161751816,0.3491130987239921,0.33739295947127695,0.08502372563630999,0.0351057890938825
2023-02-01,rb_classical,conservative,rb_classical:conservative,0.08614503362308598,0.0752185462073712,0.041571235565501796,0.04768325476920125,0.32674432813521403,0.2920713145947414,0.08187052864929616,0.04869575845558816
2023-03-01,rb_classical,conservative,rb_classical:conservative,0.09271355522660879,0.07165483286108358,0.04949043317321134,0.04222137372691042,0.3369944705623353,0.2820130041102105,0.0889352231709393,0.03597710716870076
2023-04-03,rb_classical,conservative,rb_classical:conservative,0.09145817604875955,0.059931953874672476,0.04346683347585932,0.038241682042349595,0.32893353325286184,0.3117603530890049,0.08139746125314343,0.044810006963349
2023-05-01,rb_classical,conservative,rb_classical:conservative,0.10444714924621304,0.09645325933832315,0.03904232160078988,0.054487088808909866,0.3496116308325358,0.25328901033680057,0.06347374495301904,0.03919579488340867
2023-06-01,rb_classical,conservative,rb_classical:conservative,0.1150592817883385,0.09287394980798225,0.051316837646873115,0.049920831378373956,0.31712848410691336,0.2579390477444733,0.06806448462059476,0.047697082906450805
2023-07-03,rb_classical,conservative,rb_classical:conservative,0.09848199854644785,0.07319891331282732,0.035978179372530485,0.03542636728243177,0.34623066840922384,0.3026052879163519,0.06392799239758162,0.044150592762605134
2023-08-01,rb_classical,conservative,rb_classical:conservative,0.12662548425488793,0.07389572189235077,0.03748144954079295,0.04227782170565852,0.3272155181780512,0.27061878557065844,0.07662808269705722,0.045257136160542964
2023-09-01,rb_classical,conservative,rb_classical:conservative,0.15480747301085404,0.08694204971813234,0.03463305930802713,0.03016465211533282,0.29580197544086273,0.26176676391514664,0.0740867009880228,0.06179732550362158
2023-10-02,rb_classical,conservative,rb_classical:conservative,0.09437863915007767,0.06545401592274022,0.03722474451219555,0.03787516021787885,0.3228636238810757,0.28094645109515637,0.10765462081045067,0.05360274441042495
2023-11-01,rb_classical,conservative,rb_classical:conservative,0.09606976601038274,0.07100758906702342,0.03451463024478925,0.03927328380804277,0.31679444347647234,0.3207282473842035,0.08438767825209667,0.037224361756989455
2023-12-01,rb_classical,conservative,rb_classical:conservative,0.12061959207155494,0.09022492953347212,0.04895965293269053,0.05134711281354655,0.29330438154184835,0.2656998282464588,0.07684249591830761,0.05300200694212096
2024-01-02,rb_classical,conservative,rb_classical:conservative,0.15227921298149313,0.11554055985939272,0.04996652025788731,0.041565134155885496,0.2725252080081741,0.24381897659270124,0.08635570614111578,0.03794868200335033
2024-02-01,rb_classical,conservative,rb_classical:conservative,0.1433630920686453,0.10613267559521451,0.046742542548449846,0.03764490268153909,0.28841169150168044,0.27170857935477505,0.06596225007761344,0.04003426617208223
2024-03-01,rb_classical,conservative,rb_classical:conservative,0.10911738860929399,0.08388393847014199,0.04495404227262343,0.03493688042124743,0.31476290777339994,0.27630557176736736,0.08901032223537031,0.047028948450555455
2024-04-01,rb_classical,conservative,rb_classical:conservative,0.11893565503449607,0.08491256571699227,0.05125635660610836,0.03870960812648657,0.2973805016590549,0.26660239451635515,0.09618810454462826,0.04601481379587826
2024-05-01,rb_classical,conservative,rb_classical:conservative,0.10695830388063464,0.07675057947949337,0.04214509937026252,0.04486035020833085,0.3314909421897296,0.28650256090748016,0.07413353142592359,0.03715863253814527
2024-06-03,rb_classical,conservative,rb_classical:conservative,0.10049435921257592,0.08193658260321576,0.04271795421166578,0.03841934794554075,0.33774670994896894,0.2972650912965804,0.06180443714774142,0.039615517633710934
2024-07-01,rb_classical,conservative,rb_classical:conservative,0.11674629180646581,0.11918009511914894,0.03350346658248071,0.04126459104096161,0.3213218621750806,0.2815180454000785,0.05037754367238618,0.0360881042033976
2024-08-01,rb_classical,conservative,rb_classical:conservative,0.16975995748636424,0.09689180098071117,0.036285968182744745,0.03987638530766422,0.29257703261357676,0.24343847887397543,0.05331712085870053,0.06785325569626278
2024-09-03,rb_classical,conservative,rb_classical:conservative,0.06569250247357744,0.04549961418555576,0.024938208308386774,0.027107036468685206,0.38680375313087606,0.3549474831106667,0.05325819094759084,0.041753211374661175
2024-10-01,rb_classical,conservative,rb_classical:conservative,0.07284421416834556,0.0560650673470712,0.0320882596072433,0.03055224649303994,0.38008385886005536,0.3057303850243896,0.06954470286789408,0.053091265631961024
2024-11-01,rb_classical,conservative,rb_classical:conservative,0.0753304371667326,0.05481601018771998,0.020932923936404852,0.016173423807281567,0.3998364838751824,0.3302844720442998,0.05702971197083969,0.04559653701153913
2024-12-02,rb_classical,conservative,rb_classical:conservative,0.08557000237670563,0.0684601600904431,0.03340205109361792,0.027495978382980985,0.3618523020933164,0.3338812775871567,0.05352413505328647,0.03581409332249279
2012-01-03,rb_classical,balanced,rb_classical:balanced,0.0,0.0,0.0,0.0,0.0,0.0,0.0,0.0
2012-02-01,rb_classical,balanced,rb_classical:balanced,0.0704161554900178,0.0666563442450113,0.025529674277304043,0.022157017919768988,0.4127173319170951,0.34447726830834435,0.03498047845090242,0.023065729391556048
2012-03-01,rb_classical,balanced,rb_classical:balanced,0.13611607918990182,0.11875748493579706,0.03323464022230073,0.026837944354336625,0.30769860023132084,0.3075196504357957,0.04269172010905426,0.02714388052149311
2012-04-02,rb_classical,balanced,rb_classical:balanced,0.12250181206996494,0.09189395755553265,0.0348718375767595,0.029012543162346603,0.3754441732001847,0.2995077146784602,0.020721478467353248,0.026046483289398164
2012-05-01,rb_classical,balanced,rb_classical:balanced,0.10723523298521134,0.1008248460429804,0.032310613711074625,0.024526638672026244,0.3327995201790229,0.3251427870048998,0.0416915442952636,0.03546881710952109
2012-06-01,rb_classical,balanced,rb_classical:balanced,0.07896633603535405,0.05550731770135859,0.025509267595371577,0.02643028118051707,0.38122411750016316,0.3598835488725589,0.04894891287115846,0.023530218243518163
2012-07-02,rb_classical,balanced,rb_classical:balanced,0.07682158858091824,0.054632460776198065,0.03232638649025904,0.024932277000173,0.4063265205296258,0.35858812345355556,0.025882599121689102,0.0204900440475812
2012-08-01,rb_classical,balanced,rb_classical:balanced,0.06842528214122393,0.05225983449185079,0.026959115028622176,0.021259416198504254,0.4114100398147471,0.3587917257838909,0.03819352127512618,0.02270106526603471
2012-09-04,rb_classical,balanced,rb_classical:balanced,0.06738348374170532,0.0541816039323182,0.023118600721047988,0.019545460611085995,0.3943321053270164,0.3696083221524413,0.040964052888618235,0.03086637062576664
2012-10-01,rb_classical,balanced,rb_classical:balanced,0.1486220876242244,0.10034572758884519,0.049767968423137625,0.046905868042349315,0.2842241196904421,0.29417836793813523,0.031616254410704404,0.04433960628216156
2012-11-01,rb_classical,balanced,rb_classical:balanced,0.09129118043944681,0.06630765592748439,0.031734884418593824,0.025053051995962736,0.3955983880968004,0.3244784180501119,0.030410532307833398,0.03512588876376648
2012-12-03,rb_classical,balanced,rb_classical:balanced,0.08754750568726621,0.06495566383818169,0.034963679227011935,0.03190040908830017,0.38295042635644766,0.3072223633414662,0.045734083879116955,0.044725868582209255
2013-01-02,rb_classical,balanced,rb_classical:balanced,0.06237091780871168,0.054265602581466774,0.03352784994821926,0.032881488078646964,0.41196033001567745,0.33497970849284503,0.035227751158376786,0.03478635191605607
2013-02-01,rb_classical,balanced,rb_classical:balanced,0.06466209721726357,0.046938537866922155,0.04838180213367268,0.04232358177996319,0.4055272285173181,0.30875346028897294,0.04240002219644215,0.04101326999944518
2013-03-01,rb_classical,balanced,rb_classical:balanced,0.1117989420091557,0.07896288780665725,0.03960327833954867,0.03497435516012402,0.37565687339651893,0.27131991779414366,0.03603275796158183,0.05165098753226996
2013-04-01,rb_classical,balanced,rb_classical:balanced,0.0740127999150577,0.06457016252301596,0.029438541710974174,0.03782899122936165,0.41569902197961245,0.30731468660784583,0.03187998479074833,0.039255811243383995
2013-05-01,rb_classical,balanced,rb_classical:balanced,0.09848748471034204,0.08113687806630723,0.03601057748499604,0.029216059787656956,0.37198685092643974,0.2820059521211348,0.05002085211568865,0.0511353447874346
2013-06-03,rb_classical,balanced,rb_classical:balanced,0.06614348253408169,0.05568744786208101,0.030585100026167957,0.025014885283947044,0.40739997359593566,0.3791250863571931,0.011468368051566216,0.024575656289027296
2013-07-01,rb_classical,balanced,rb_classical:balanced,0.11314504134476412,0.14257869392675426,0.045334663588249814,0.04060544672444591,0.3549964436291496,0.25645162622999806,0.019974904290638133,0.026913180266000057
2013-08-01,rb_classical,balanced,rb_classical:balanced,0.11330575268956236,0.1283568031413265,0.045994875746679466,0.032345077415452124,0.3007538051077675,0.3136714333323214,0.039188130831479415,0.026384121735411235
2013-09-03,rb_classical,balanced,rb_classical:balanced,0.19799779966280653,0.16736071964106178,0.06751400728100834,0.032191285960444405,0.22757728617802897,0.22020628100898768,0.04947251207596561,0.03768010819169674
2013-10-01,rb_classical,balanced,rb_classical:balanced,0.14262199430241884,0.12474371270923466,0.054311491146008854,0.035453309947522486,0.3035096279029031,0.2588873032435014,0.04735905898376166,0.033113501764648966
2013-11-01,rb_classical,balanced,rb_classical:balanced,0.17160345617344844,0.18636909001356117,0.056567415558191565,0.028907228380661384,0.25092688384923767,0.24367194411123536,0.03372493968227547,0.028229042231389133
2013-12-02,rb_classical,balanced,rb_classical:balanced,0.10495264012231209,0.0986974867431407,0.05081299204758554,0.03738312265525963,0.3506486388275922,0.2880951833562951,0.04210998261333186,0.027299953634482964
2014-01-02,rb_classical,balanced,rb_classical:balanced,0.15586587565490168,0.13006288774364694,0.06854766031172979,0.03507504821467467,0.28275149568942376,0.22947507171303008,0.056116482115119944,0.04210547855747313
2014-02-03,rb_classical,balanced,rb_classical:balanced,0.1027106144542261,0.11815802758058763,0.04210628425832551,0.02264131751957606,0.3936368464259088,0.2495801243808265,0.038565110997741,0.03260167438280839
2014-03-03,rb_classical,balanced,rb_classical:balanced,0.10533432554905195,0.09401299308296115,0.047740198492001576,0.036692560806999,0.34298305422731173,0.2669056001598919,0.06479074044706716,0.041540527234715435
2014-04-01,rb_classical,balanced,rb_classical:balanced,0.1021828951769541,0.09676987074482038,0.03977467905230033,0.03139334797734067,0.3420538915871226,0.272572603162722,0.06628199719761652,0.0489707151011233
2014-05-01,rb_classical,balanced,rb_classical:balanced,0.14259304252075655,0.0993495269703749,0.05018949453375206,0.036516890113628304,0.33602106797784775,0.23557680338597184,0.06138861899022833,0.03836455550744029
2014-06-02,rb_classical,balanced,rb_classical:balanced,0.0833815892752242,0.05782203607221514,0.04849793455682309,0.0429446432807918,0.393319867959831,0.26427074337994416,0.06443249430120121,0.04533069117396931
2014-07-01,rb_classical,balanced,rb_classical:balanced,0.12177858821484512,0.09670540280650992,0.07908779474967165,0.040665606781796745,0.32730275074928417,0.22914207715308232,0.0634856609687103,0.04183211857609982
2014-08-01,rb_classical,balanced,rb_classical:balanced,0.14055309072035835,0.1394866309763488,0.062358945098835154,0.05057540590787355,0.3167951057933701,0.21914942496910578,0.04167408486860027,0.02940731166550789
2014-09-02,rb_classical,balanced,rb_classical:balanced,0.11963270810115399,0.10212544434875545,0.05405516900695504,0.0475226419682542,0.3227630488236287,0.24706002031860835,0.05702341811443718,0.049817549318207054
2014-10-01,rb_classical,balanced,rb_classical:balanced,0.11818123603599257,0.14262244506868837,0.051542733530751006,0.03881767013741521,0.32249427805368364,0.23521895228142364,0.05646569555583656,0.034656989336208976
2014-11-03,rb_classical,balanced,rb_classical:balanced,0.10803351596890225,0.08868382368095348,0.05687114462530938,0.036701818362323925,0.34713867471668747,0.24431355362064813,0.08820095703972884,0.03005651198544657
2014-12-01,rb_classical,balanced,rb_classical:balanced,0.07276020477706069,0.06359604833446461,0.032581623669808234,0.03864633879894172,0.3770181260939831,0.2979610382640288,0.07716673348404016,0.04026988657767259
2015-01-02,rb_classical,balanced,rb_classical:balanced,0.17862703303914476,0.1267689837404077,0.04706290553290311,0.026376720702411344,0.2916947030989596,0.2645852152132877,0.025914105453798058,0.03897033321908764
2015-02-02,rb_classical,balanced,rb_classical:balanced,0.09454820871565736,0.09258967892919655,0.05293639520236423,0.047609431541254084,0.3565720791955739,0.2546628225217546,0.061375140679702254,0.03970624321449716
2015-03-02,rb_classical,balanced,rb_classical:balanced,0.09593028475638253,0.08672820465896469,0.04795329024296713,0.040212793917332124,0.38844963812680783,0.2428295822658395,0.05366750380879158,0.04422870222291468
2015-04-01,rb_classical,balanced,rb_classical:balanced,0.1516312194948151,0.14585762189055493,0.05318966188138659,0.04395107184890512,0.27937678905136654,0.2222351359431642,0.0743020703030391,0.02945642958676837
2015-05-01,rb_classical,balanced,rb_classical:balanced,0.12412293456961575,0.1259397051587201,0.04797550367022871,0.04537470234075813,0.29655075293957533,0.2537416331119835,0.07593012086755235,0.030364647341566114
2015-06-01,rb_classical,balanced,rb_classical:balanced,0.12383117442927534,0.08754887283407146,0.05129435292593887,0.03565109476164018,0.354771528957349,0.2669434084546122,0.04953689484399895,0.03042267279311407
2015-07-01,rb_classical,balanced,rb_classical:balanced,0.1516657811624367,0.11921237365642942,0.048304973592854204,0.058270716855132174,0.28038063245308187,0.21829684606661737,0.09129013266314316,0.03257854355030514
2015-08-03,rb_classical,balanced,rb_classical:balanced,0.13478280108674928,0.11967218178072692,0.04531666031504911,0.046383795669716274,0.28903390281397734,0.21369517817410802,0.10774158025310135,0.04337389990657183
2015-09-01,rb_classical,balanced,rb_classical:balanced,0.1055529410979577,0.08411675524531348,0.03397940291524285,0.027268198242752645,0.354574987436313,0.2659125517747471,0.08133253498991798,0.04726262829775529
2015-10-01,rb_classical,balanced,rb_classical:balanced,0.05561218752986639,0.048414665023497415,0.034078037779501816,0.02510724289159663,0.42269007064636166,0.30510539683758975,0.08625402541219321,0.022738373879393058
2015-11-02,rb_classical,balanced,rb_classical:balanced,0.08640187731394307,0.08203678632271474,0.03705550348422545,0.03300002269614701,0.37520531465570695,0.27241545674808876,0.07978108269882593,0.034103956080348184
2015-12-01,rb_classical,balanced,rb_classical:balanced,0.10836099896766083,0.08857751088993994,0.05249102631464711,0.029872531539436434,0.346364148682832,0.27436012330995085,0.06727234401128529,0.03270131628424753
2016-01-04,rb_classical,balanced,rb_classical:balanced,0.08651420255072803,0.07695023395492699,0.04875504575720638,0.026973430399775684,0.3709987021775653,0.3083484359215827,0.06081463457015147,0.02064531466806358
2016-02-01,rb_classical,balanced,rb_classical:balanced,0.07049562709994672,0.06267362968039594,0.03895789235210541,0.03170784553796416,0.4325881608778296,0.27518767457601634,0.056113373645034645,0.032275796230707275
2016-03-01,rb_classical,balanced,rb_classical:balanced,0.05551755648013814,0.045671283488839025,0.02564920011164736,0.02210984448933204,0.455035262133543,0.3054853897803058,0.07069067187688166,0.01984079163931303
2016-04-01,rb_classical,balanced,rb_classical:balanced,0.076628192429596,0.06266975812542946,0.03668711937928162,0.030457065926659043,0.44326653500794455,0.2736151943201188,0.05122067500999799,0.025455459800972635
2016-05-02,rb_classical,balanced,rb_classical:balanced,0.12149618982751707,0.09903846925742975,0.04301850213666811,0.0316892071068988,0.3582849571447317,0.2651086008787637,0.05418346005552233,0.027180613592468403
2016-06-01,rb_classical,balanced,rb_classical:balanced,0.09968427751743632,0.0809342741150132,0.03282407504248576,0.02870386636559951,0.3947429950029074,0.28429737660349336,0.05160356168304412,0.02720957367002048
2016-07-01,rb_classical,balanced,rb_classical:balanced,0.08882393392111065,0.07295122314243604,0.04100202370113222,0.03375036241092076,0.38025854176105656,0.29575008073251624,0.06584138468370443,0.02162244964712302
2016-08-01,rb_classical,balanced,rb_classical:balanced,0.0765285400625819,0.07267938125615382,0.022347402808033632,0.024335509022561642,0.42199848657201594,0.2790280183820721,0.05575296705961081,0.04732969483697028
2016-09-01,rb_classical,balanced,rb_classical:balanced,0.13897803057560268,0.12985303567817344,0.04564432122245355,0.0355822945116054,0.29150934955591157,0.27139237666125643,0.056454600374069686,0.0305859914209273
2016-10-03,rb_classical,balanced,rb_classical:balanced,0.15969455841565167,0.15565443507656776,0.06895303937531946,0.03497647912024116,0.24475097670347537,0.2325789173874379,0.07148493717952806,0.03190665674177851
2016-11-01,rb_classical,balanced,rb_classical:balanced,0.07955574828747734,0.07664676676708163,0.04007951716472239,0.024091395712034076,0.31584119850392306,0.3441757644621802,0.1019862917505182,0.01762331735206316
2016-12-01,rb_classical,balanced,rb_classical:balanced,0.11296620526910674,0.08501545908794612,0.058994886753163965,0.025745144981812774,0.29387117616159264,0.32385457010123,0.0839102185841783,0.015642339060969408
2017-01-03,rb_classical,balanced,rb_classical:balanced,0.16158337503293765,0.09762932359333272,0.08459223103631845,0.028971975481521525,0.23814540268687173,0.2665167035207806,0.09030418085788956,0.032256807790347806
2017-02-01,rb_classical,balanced,rb_classical:balanced,0.14612574358220384,0.12620185527635644,0.06683725187594024,0.033051509457597085,0.25203082413763245,0.25447028925965604,0.09434607617874015,0.026936450231873965
2017-03-01,rb_classical,balanced,rb_classical:balanced,0.19126659538380264,0.16790994763288666,0.07452824865119223,0.050899102992477074,0.21091994561131056,0.19016395523554694,0.07993675172713581,0.034375452765648115
2017-04-03,rb_classical,balanced,rb_classical:balanced,0.16342036175934507,0.18261223294485296,0.08675491626032802,0.04210615370664966,0.21234835267284088,0.18639210865920167,0.08987145257778031,0.03649442141900156
2017-05-01,rb_classical,balanced,rb_classical:balanced,0.16933824377830342,0.15908208192921494,0.07942777454953937,0.03563792654001265,0.2221415261342417,0.21452393306350767,0.08564053682608642,0.03420797717909375
2017-06-01,rb_classical,balanced,rb_classical:balanced,0.15717604849851127,0.1437206445567234,0.05643174251988853,0.04704886236642781,0.2432285579853862,0.22328934751129795,0.08234503829145166,0.04675975827031338
2017-07-03,rb_classical,balanced,rb_classical:balanced,0.13455493862638104,0.09449591993999104,0.06428415561210689,0.03287922929967339,0.29271262377249574,0.258695701272449,0.0739076451642088,0.04846978631269408
2017-08-01,rb_classical,balanced,rb_classical:balanced,0.15547513494073684,0.06591387104412831,0.06339028637133927,0.0436547401275172,0.3307988029672762,0.2276346329806735,0.06500065614073418,0.048131875427594444
2017-09-01,rb_classical,balanced,rb_classical:balanced,0.17697333620963318,0.10701859647581423,0.08125282860666615,0.0398260240393762,0.2574327097648417,0.22951831137520803,0.07500932895339518,0.03296886457506544
2017-10-02,rb_classical,balanced,rb_classical:balanced,0.10962221307034836,0.0679369477347888,0.05751662315694511,0.03414588846475939,0.3775813854158013,0.2574344085843686,0.05680621032613543,0.03895632324685296
2017-11-01,rb_classical,balanced,rb_classical:balanced,0.20653313507898763,0.1112680400039848,0.07320321215536443,0.03978210173625231,0.2851190739803112,0.18428446761406506,0.05025194651774598,0.04955802291328853
2017-12-01,rb_classical,balanced,rb_classical:balanced,0.19394251816058883,0.07389492320699599,0.08640991356106228,0.03594130535848237,0.26632592738583666,0.22103744727676647,0.061160342893643346,0.06128762215662412
2018-01-02,rb_classical,balanced,rb_classical:balanced,0.16014128975444772,0.09459006309761839,0.0649991312665993,0.03266723887976953,0.30202576394121194,0.23129738367767375,0.05807818493229594,0.05620094445038354
2018-02-01,rb_classical,balanced,rb_classical:balanced,0.17836190435258878,0.09113138322195752,0.07331949880643986,0.037699369146953654,0.2986191022189252,0.22661716628274137,0.059044574392495996,0.03520700157789769
2018-03-01,rb_classical,balanced,rb_classical:balanced,0.1190742000914281,0.08928510859715051,0.05540889633104478,0.03387508781377393,0.3337385915404712,0.27612186727602467,0.06603175441571048,0.026464493934396205
2018-04-02,rb_classical,balanced,rb_classical:balanced,0.06336709878892298,0.053300327172292467,0.034860475197669584,0.024946481992007316,0.3967180532179151,0.3056967755648878,0.08917645039289541,0.031934337673409405
2018-05-01,rb_classical,balanced,rb_classical:balanced,0.05431291095846467,0.03935478989851104,0.0417626482010984,0.021246935461276546,0.4104825994737512,0.3442826008488767,0.05539326225575234,0.03316425290226911
2018-06-01,rb_classical,balanced,rb_classical:balanced,0.07306359321102765,0.0490541173184192,0.06661623262884946,0.034226796948789606,0.35286292212149556,0.31721286936707055,0.07288698712226353,0.0340764812820844
2018-07-02,rb_classical,balanced,rb_classical:balanced,0.12435247198912397,0.10643601274285784,0.056018661472658715,0.0339771595053859,0.2791768087847917,0.24837793357435134,0.10422105532004503,0.04743989661078548
2018-08-01,rb_classical,balanced,rb_classical:balanced,0.12039361599851955,0.06956684070214458,0.04621375390385336,0.02898673860000042,0.3412537431226405,0.29027626611421364,0.06872053245058236,0.03458850910804569
2018-09-04,rb_classical,balanced,rb_classical:balanced,0.10457080935843771,0.05780718079874677,0.046772433582874855,0.023912665823629147,0.3410847018546613,0.3338156717305798,0.06331517723140424,0.028721359619666327
2018-10-01,rb_classical,balanced,rb_classical:balanced,0.11691315117068138,0.08861569568912801,0.03427033796541159,0.018259107331713546,0.3536901946384698,0.3183659186140652,0.038270544379394346,0.03161505021113608
2018-11-01,rb_classical,balanced,rb_classical:balanced,0.14514759565188273,0.06698210492356858,0.04460378578868206,0.027540110689560134,0.2918202004447847,0.3256579043273031,0.07177038695421199,0.02647791122000664
2018-12-03,rb_classical,balanced,rb_classical:balanced,0.05036449227557768,0.031964005635704694,0.03385381379143133,0.019009755709136687,0.3808090301885408,0.3937036805561927,0.06458328798158161,0.02571193386183445
2019-01-02,rb_classical,balanced,rb_classical:balanced,0.03398200527038559,0.02281522955315556,0.0231232885186357,0.01389922369510642,0.40191325555844315,0.4072857237868951,0.0678459369636113,0.029135336653767118
2019-02-01,rb_classical,balanced,rb_classical:balanced,0.0413665807895902,0.03196459561494202,0.035246022269575385,0.030700835156360115,0.38637687798444764,0.3650632507259224,0.08906845415178649,0.020213383307375897
2019-03-01,rb_classical,balanced,rb_classical:balanced,0.07676860852710922,0.051581803660263936,0.04373897400476,0.030437797701065368,0.33972903842951624,0.3181335083572652,0.09251524448765425,0.047095024832365856
2019-04-01,rb_classical,balanced,rb_classical:balanced,0.11908894291132051,0.0937811535638958,0.05287187616436102,0.03626231950114544,0.28973787122690825,0.2977603781741566,0.05759568294504038,0.05290177551317204
2019-05-01,rb_classical,balanced,rb_classical:balanced,0.10053829909101343,0.0787266572095017,0.05766868893331073,0.032697470663504785,0.283974938160103,0.3164726332853651,0.07623029998868079,0.05369101266852038
2019-06-03,rb_classical,balanced,rb_classical:balanced,0.12442860816268503,0.09801023695877137,0.06588734128518155,0.03879391462213315,0.2852404855559706,0.2928035220230692,0.06889533093287543,0.025940560459313595
2019-07-01,rb_classical,balanced,rb_classical:balanced,0.07987386869678348,0.05812586750192109,0.03914997411367968,0.028423149044229077,0.3582907604391259,0.32092196083095215,0.0757213197754699,0.03949309959783865
2019-08-01,rb_classical,balanced,rb_classical:balanced,0.10681167438538246,0.07266633143335748,0.058198304479021,0.03597255177172253,0.2928058055996411,0.3453060343986004,0.05322991164611674,0.035009386286158205
2019-09-03,rb_classical,balanced,rb_classical:balanced,0.14413435086172705,0.10395734078110347,0.07923226798469407,0.05964088525375008,0.23998239570433716,0.2715089619210017,0.0456528375969618,0.05589095989642454
2019-10-01,rb_classical,balanced,rb_classical:balanced,0.07397917643764677,0.061303988360252894,0.052314366843641276,0.04273872009706804,0.3217131513923285,0.3304930596058278,0.06814224025887787,0.049315297004356884
2019-11-01,rb_classical,balanced,rb_classical:balanced,0.15630566170759638,0.10428817680616992,0.08361297685132767,0.06612157279887984,0.22923599020686347,0.24511538354924028,0.05766053311000227,0.05765970496992012
2019-12-02,rb_classical,balanced,rb_classical:balanced,0.11985399384932052,0.09176599644799799,0.06318758763381159,0.05252540853177255,0.27291230691181145,0.26381857151387017,0.0711444913628867,0.06479164374852908
2020-01-02,rb_classical,balanced,rb_classical:balanced,0.16982842229350764,0.12853509714337172,0.08305100136299201,0.0556175684358271,0.24486264544085387,0.22815456967593087,0.06232817992372292,0.027622515723793876
2020-02-03,rb_classical,balanced,rb_classical:balanced,0.1592029787002866,0.11883038438076018,0.05781480331759087,0.04748395000803494,0.26292024763399247,0.2271722003149913,0.08946671501440852,0.03710872062993506
2020-03-02,rb_classical,balanced,rb_classical:balanced,0.08413922360878665,0.06872072910981024,0.04336366084198166,0.02779653239584964,0.3793777345992961,0.2898014233356092,0.07022673308603729,0.03657396302262921
2020-04-01,rb_classical,balanced,rb_classical:balanced,0.04598688655059332,0.04084301230222769,0.03443084920061235,0.033709435150320224,0.41147440196119595,0.36093202195807145,0.057920018578291696,0.014703374298687377
2020-05-01,rb_classical,balanced,rb_classical:balanced,0.07386131847089111,0.08163316483911183,0.034497795448228216,0.03467812310977586,0.13267505458407103,0.5324148820099117,0.08930355611726053,0.02093610542074965
2020-06-01,rb_classical,balanced,rb_classical:balanced,0.048765418409945326,0.05035081736863908,0.02634611429840956,0.02685193425102374,0.18728996451677357,0.6037767984341045,0.044239147003036855,0.012379805718067318
2020-07-01,rb_classical,balanced,rb_classical:balanced,0.06378972078195598,0.08268206206815873,0.02459001247356568,0.02822797168725588,0.2340651008404846,0.5060855233950005,0.047776124970328876,0.012783483783249644
2020-08-03,rb_classical,balanced,rb_classical:balanced,0.04226260336636051,0.05053972469507883,0.021958094154667363,0.02523412886167823,0.29190037983677225,0.5024548531268022,0.05440592708494852,0.011244288873692276
2020-09-01,rb_classical,balanced,rb_classical:balanced,0.0539947002687689,0.034883619232191465,0.017500335470637274,0.01913430586559087,0.28669056856750286,0.5443841618762336,0.029927027353282593,0.013485281365792502
2020-10-01,rb_classical,balanced,rb_classical:balanced,0.1071915841806889,0.05480243394162541,0.03792663866370384,0.02771421339945414,0.19930507709620354,0.5312804156975275,0.017012056493452252,0.024767580527344405
2020-11-02,rb_classical,balanced,rb_classical:balanced,0.0352051390946752,0.02391132203635223,0.023447751826477816,0.025074920062454816,0.23906930177760208,0.6084423268878816,0.03251178949094839,0.012337448823607901
2020-12-01,rb_classical,balanced,rb_classical:balanced,0.05119818626199012,0.04272211614935015,0.031605671355584807,0.03460134560131413,0.2583980791712076,0.5249425055178657,0.03575628044930849,0.020775815493379066
2021-01-04,rb_classical,balanced,rb_classical:balanced,0.08856178439486265,0.06152678939296803,0.03510286562246434,0.03910626796554778,0.22893788430563744,0.4824208741910303,0.03677606555804585,0.027567468569443643
2021-02-01,rb_classical,balanced,rb_classical:balanced,0.07324995256807657,0.05976783051377094,0.034615062088237857,0.028411395250903207,0.23743021857584548,0.5239871583133598,0.026302945450858033,0.016235437238948103
2021-03-01,rb_classical,balanced,rb_classical:balanced,0.06708693137655901,0.04748939095715166,0.034801912248084446,0.022564915463341502,0.25008669065224415,0.5242708847728085,0.03026849622656663,0.023430778303244044
2021-04-01,rb_classical,balanced,rb_classical:balanced,0.1024535189878096,0.06895485124679498,0.0622591649142181,0.03548230841706475,0.20100691110385388,0.42700613577911173,0.05108900885584982,0.05174810069529708
2021-05-03,rb_classical,balanced,rb_classical:balanced,0.11000668603912261,0.05110996163693401,0.07641516426456198,0.030602263869699917,0.27993290878027943,0.344116918824162,0.06100961671501336,0.04680647987022658
2021-06-01,rb_classical,balanced,rb_classical:balanced,0.1164685718482278,0.07514776321792585,0.055531186374749034,0.04759700517063043,0.2915452469789933,0.2844660925515528,0.06243153536242222,0.06681259849549846
2021-07-01,rb_classical,balanced,rb_classical:balanced,0.08358151525247921,0.05633620797661038,0.04633192846410165,0.03242124633330948,0.3281354986832775,0.3518733172029821,0.0671833878055743,0.034136898281665266
2021-08-02,rb_classical,balanced,rb_classical:balanced,0.13304462311074675,0.1096673701561528,0.0648130111742804,0.05913941652645628,0.2993658182533759,0.237756300502919,0.04748664279436691,0.048726817481701906
2021-09-01,rb_classical,balanced,rb_classical:balanced,0.11840905406095252,0.122391922898917,0.059419090541398774,0.03693995215378394,0.2961308849958603,0.22345050776918413,0.09603901060322484,0.047219576976678626
2021-10-01,rb_classical,balanced,rb_classical:balanced,0.13456526963914867,0.09381769523406419,0.07265468625970994,0.03576791652356419,0.31562685124252843,0.25738943414837545,0.0407437117534006,0.04943443519920852
2021-11-01,rb_classical,balanced,rb_classical:balanced,0.10763635276936269,0.09547317310679902,0.06552710104100957,0.05381976058271296,0.32576170206539706,0.2432320313655342,0.056731081142552785,0.05181879792663171
2021-12-01,rb_classical,balanced,rb_classical:balanced,0.1286737353812969,0.09845762173702888,0.07256022411593648,0.04899315434733977,0.2965090058404263,0.24353095036680772,0.06277592711571156,0.04849938109545238
2022-01-03,rb_classical,balanced,rb_classical:balanced,0.13603858541664118,0.09505652445433406,0.09006478591220794,0.0714144266406333,0.2704777855544063,0.20092194664632457,0.07516354629401248,0.06086239908144011
2022-02-01,rb_classical,balanced,rb_classical:balanced,0.08607274634120067,0.054818732210256405,0.06098792598705965,0.06559625204785324,0.3415574140345892,0.2670339620710688,0.08076829944878763,0.043164667859184304
2022-03-01,rb_classical,balanced,rb_classical:balanced,0.08739357516727819,0.05437626252816119,0.06941841752778692,0.04672778502828779,0.3288364977179888,0.2898186238726982,0.08284704131478393,0.04058179684301502
2022-04-01,rb_classical,balanced,rb_classical:balanced,0.10765190095252235,0.07271272550724996,0.063797512142138,0.07425151900645365,0.2746111759615892,0.24063875117575395,0.1125323784615769,0.053804036792716045
2022-05-02,rb_classical,balanced,rb_classical:balanced,0.10446957471719225,0.06922435557953287,0.05098590691741406,0.03700036881350533,0.2966936698049708,0.29444660416989077,0.09432966435385381,0.05284985564364014
2022-06-01,rb_classical,balanced,rb_classical:balanced,0.08802940521295906,0.06046028090421038,0.08015753849656503,0.07543250957313813,0.2502336888569285,0.26721534599692887,0.14058891123104142,0.03788231972822867
2022-07-01,rb_classical,balanced,rb_classical:balanced,0.07533479975562088,0.05598970963794728,0.0522189110209655,0.05370451909259158,0.2801160005464504,0.28297143240482836,0.1633695510039151,0.03629507653768098
2022-08-01,rb_classical,balanced,rb_classical:balanced,0.10509688588178563,0.08918165636318279,0.06938768919302196,0.07164312029540022,0.22827047867131423,0.2293835597022549,0.16729091232435458,0.03974569756868558
2022-09-01,rb_classical,balanced,rb_classical:balanced,0.11590121807375889,0.08276880775838072,0.055745457698844224,0.07729685753605904,0.26280643362417055,0.2297787032894235,0.1252755283508707,0.0504269936684923
2022-10-03,rb_classical,balanced,rb_classical:balanced,0.0996445687946485,0.07961093370582006,0.06408874537658127,0.08057426309066487,0.23335339076504547,0.244035988304119,0.15800164286789983,0.040690467095220985
2022-11-01,rb_classical,balanced,rb_classical:balanced,0.12400266528038137,0.10576065350308171,0.06791612982377847,0.08670775448775597,0.2314355050179586,0.21084507883415404,0.12748301931432013,0.045849193738569737
2022-12-01,rb_classical,balanced,rb_classical:balanced,0.09974902463516068,0.08349330518928012,0.06521592865538148,0.06468917111281886,0.26893073895293224,0.2506909518829916,0.13484266564872746,0.03238821392270751
2023-01-03,rb_classical,balanced,rb_classical:balanced,0.11704115797821582,0.08525641743902278,0.061142267475622014,0.06962783237737499,0.2539421573785617,0.2635703167670638,0.11091348746153588,0.038506363122603006
2023-02-01,rb_classical,balanced,rb_classical:balanced,0.13105393207278698,0.11358341628731983,0.0791684309564884,0.08729372027861118,0.22448959975047858,0.2141823764089785,0.09965449624349193,0.05057402800184453
2023-03-01,rb_classical,balanced,rb_classical:balanced,0.14041795553414327,0.10791011168872387,0.09438244723643649,0.07729847596816534,0.2298027048838124,0.20527691676907622,0.10768266474768841,0.03722872317195397
2023-04-03,rb_classical,balanced,rb_classical:balanced,0.1438857385111008,0.09364812570234254,0.08650300207712829,0.07284574501307656,0.22716111946068654,0.2289191864087841,0.09896591140872907,0.048071171418152106
2023-05-01,rb_classical,balanced,rb_classical:balanced,0.15561515378598986,0.14418446422969905,0.07395355800694056,0.09917128111238442,0.23373303844142315,0.1796227588681077,0.07426319889692294,0.039456546658532266
2023-06-01,rb_classical,balanced,rb_classical:balanced,0.16717637151717415,0.13515590894257584,0.09500360822981244,0.08829973918426795,0.2089880573790653,0.18058796662855392,0.0780491182162288,0.04673922990232162
2023-07-03,rb_classical,balanced,rb_classical:balanced,0.15355860479735553,0.11481122938001169,0.07119622565943456,0.06740466478138926,0.2427589155365985,0.22478568846056685,0.0789680846564986,0.046516586728144994
2023-08-01,rb_classical,balanced,rb_classical:balanced,0.18849365351138694,0.11084704324540808,0.07110422992795144,0.07755907318494397,0.22153196035129155,0.19421659788702525,0.09114608262315775,0.04510135926883508
2023-09-01,rb_classical,balanced,rb_classical:balanced,0.22776845457770956,0.1295391702825176,0.06520173486510751,0.0555342881441097,0.1942306225438859,0.18100513484264483,0.08644628661788117,0.06027430812614381
2023-10-02,rb_classical,balanced,rb_classical:balanced,0.14406762538163237,0.10086806674994372,0.07269950556324258,0.07233050057186456,0.22182370804383264,0.20319315110432282,0.1303686146489927,0.05464882793616858
2023-11-01,rb_classical,balanced,rb_classical:balanced,0.14564852611157558,0.10917368884822776,0.06750700668405511,0.07514934822814497,0.2224398588524041,0.23793420746349161,0.10406640685847733,0.03808095695362341
2023-12-01,rb_classical,balanced,rb_classical:balanced,0.17035830147545186,0.12996856981497393,0.08842406058451678,0.09075397514936559,0.19376853566202862,0.18539933599931543,0.09041715717242096,0.05091006414192673
2024-01-02,rb_classical,balanced,rb_classical:balanced,0.2038770096747021,0.15783140617977082,0.08580528334026707,0.07097479064091654,0.1769128880757202,0.16655797679942072,0.10247429773574818,0.03556634755345443
2024-02-01,rb_classical,balanced,rb_classical:balanced,0.19726242564129037,0.14900571154194173,0.08279817445101677,0.06660166617571779,0.19219390470381648,0.19119850517351714,0.08197310406256941,0.038966508250130205
2024-03-01,rb_classical,balanced,rb_classical:balanced,0.154670262628164,0.12110951723970119,0.08129411896427251,0.06358022125108177,0.21638457140431372,0.2010650119753569,0.11465249083895503,0.04724380569815494
2024-04-01,rb_classical,balanced,rb_classical:balanced,0.16231632145595837,0.11748323002950392,0.09088305935096846,0.06901007164059887,0.2015393733987492,0.19154202563426062,0.121802725857201,0.0454231926327596
2024-05-01,rb_classical,balanced,rb_classical:balanced,0.15718927374957117,0.1109016219062828,0.08219213741057978,0.08396219629680651,0.22793423078673572,0.20510290526175137,0.09315153314327121,0.039566101445001375
2024-06-03,rb_classical,balanced,rb_classical:balanced,0.15310879039848935,0.12252699903742069,0.08591919847863137,0.07460353991556935,0.232436404121707,0.2118173771844144,0.0757292977290043,0.04385839313476362
2024-07-01,rb_classical,balanced,rb_classical:balanced,0.17664405712554399,0.17597227726122555,0.06723317763244578,0.07950009677264612,0.2117364846419569,0.191257845295898,0.05812166077903841,0.0395344004912453
2024-08-01,rb_classical,balanced,rb_classical:balanced,0.24689287486572736,0.13728631119767784,0.06965089043466244,0.07392767663662429,0.18399378814499853,0.15758623550955173,0.05865228681461932,0.0720099363961385
2024-09-03,rb_classical,balanced,rb_classical:balanced,0.11279207800058383,0.07567070011064825,0.05631040638821689,0.05947413595223526,0.2945078143669752,0.27835458260722173,0.06951196085764719,0.05337832171647174
2024-10-01,rb_classical,balanced,rb_classical:balanced,0.11593151756680287,0.08672221948458717,0.06743016479460089,0.06253906610319153,0.28183608958185247,0.23611686814610572,0.085333620584307,0.06409045373855232
2024-11-01,rb_classical,balanced,rb_classical:balanced,0.1234799385125909,0.08740356178108148,0.04494932646927565,0.03401136990594569,0.3116503312762925,0.26896285530101893,0.07184913065400153,0.0576934860997933
2024-12-02,rb_classical,balanced,rb_classical:balanced,0.13320669470936222,0.10308290205176078,0.06900988960784836,0.0547532501905669,0.27117808336540394,0.261805610268258,0.06309641849427705,0.043867151312522674
2012-01-03,rb_classical,growth,rb_classical:growth,0.0,0.0,0.0,0.0,0.0,0.0,0.0,0.0
2012-02-01,rb_classical,growth,rb_classical:growth,0.0868837187913269,0.08378430264728622,0.03155154132814728,0.027675989944373907,0.28079191144059845,0.42345297981464003,0.04185066998936234,0.024008886044264786
2012-03-01,rb_classical,growth,rb_classical:growth,0.15828746223689286,0.14091306064604883,0.03861851320575841,0.031662747910708416,0.19881038130982892,0.3568172128878977,0.04820110358730469,0.02668951821556037
2012-04-02,rb_classical,growth,rb_classical:growth,0.14696455288535515,0.11274584058647473,0.0417793673783146,0.035275528868311146,0.25404894199412636,0.3587466197530282,0.02405459520110951,0.02638455333328028
2012-05-01,rb_classical,growth,rb_classical:growth,0.12622430622625333,0.12146166959093699,0.037951280693283934,0.029352862371965053,0.22390705103607453,0.37830590051864127,0.047599163828507894,0.03519776573433694
2012-06-01,rb_classical,growth,rb_classical:growth,0.09520668460549513,0.06866013376484634,0.03084188414122736,0.03244754612698901,0.2616860517511144,0.4298649942259232,0.05743936334714175,0.02385334203726272
2012-07-02,rb_classical,growth,rb_classical:growth,0.09391780217721052,0.06871950320638152,0.03962800813144507,0.031075577785368035,0.27914209124706013,0.4354855696066768,0.030990110237317552,0.02104133760854029
2012-08-01,rb_classical,growth,rb_classical:growth,0.0835895225616136,0.06544823765948483,0.03301117095254154,0.026473899375373,0.28860701713003295,0.43404884978764446,0.045549486364137394,0.02327181616917233
2012-09-04,rb_classical,growth,rb_classical:growth,0.08161817437128518,0.06697169111256208,0.027985728676757637,0.02406754843762508,0.27344005348241807,0.44647401833547895,0.04799794825208615,0.03144483733178673
2012-10-01,rb_classical,growth,rb_classical:growth,0.1691549722675451,0.1163766899421254,0.056616295280140484,0.054210426130174086,0.19301117504671658,0.3353127484979226,0.03337789252519341,0.04193980031018223
2012-11-01,rb_classical,growth,rb_classical:growth,0.11005513571055714,0.0816353476225574,0.03825492301113368,0.030846249326890035,0.2851974066740756,0.38550382457056265,0.033138580154091726,0.03536853293013191
2012-12-03,rb_classical,growth,rb_classical:growth,0.10749230488253984,0.08124704250437609,0.04292711575643568,0.03980456993290541,0.2752079747990271,0.3571345436712502,0.05036256885202848,0.045823879601437245
2013-01-02,rb_classical,growth,rb_classical:growth,0.07755427866260207,0.06874188953685549,0.041728511291603515,0.04150442707610492,0.30089726212039597,0.39371418673262665,0.03947124466185798,0.03638819991795337
2013-02-01,rb_classical,growth,rb_classical:growth,0.07893149397690712,0.05833705503129317,0.05921309789176339,0.05263365639540158,0.3135292088365058,0.3472875839933709,0.04789904223947269,0.04216886163528537
2013-03-01,rb_classical,growth,rb_classical:growth,0.13481978762529756,0.09654807962719388,0.048001721824690605,0.04304747900002841,0.28280206981873035,0.3028843755792246,0.04011261900307335,0.051783867521761194
2013-04-01,rb_classical,growth,rb_classical:growth,0.0904975733620682,0.08006653029480487,0.036164559166616206,0.047444713341912484,0.3201605935143375,0.34972626546832225,0.036138587780655984,0.039801177071282515
2013-05-01,rb_classical,growth,rb_classical:growth,0.11868839005971625,0.09955991334795501,0.043573515202971196,0.03576746772573624,0.27297242226522755,0.32214224744165404,0.05596395863743141,0.05133208531930836
2013-06-03,rb_classical,growth,rb_classical:growth,0.08098822606501291,0.06899646537834732,0.03733074272549475,0.03102997832922551,0.2980155966434789,0.44537609026275726,0.012884315198509072,0.02537858539717425
2013-07-01,rb_classical,growth,rb_classical:growth,0.13527693994970943,0.17111022732396378,0.05436283719812358,0.04928169875808635,0.26127587245826495,0.27932308421892654,0.021699618669958804,0.027669721422966562
2013-08-01,rb_classical,growth,rb_classical:growth,0.14317393683153204,0.16195316088237685,0.058368456687830146,0.04217407147715551,0.20240238683000145,0.31832234269177906,0.044276360579013345,0.029329284020311423
2013-09-03,rb_classical,growth,rb_classical:growth,0.23851319901853352,0.201572679633354,0.08256186043268549,0.04112917093893666,0.145531999546461,0.1956311294593779,0.05467218041244449,0.040387780558206965
2013-10-01,rb_classical,growth,rb_classical:growth,0.18413144236444867,0.16063213014378455,0.07098248855199232,0.0484695569474565,0.20441725231346172,0.23740531916216062,0.055672164556495964,0.03828964596019958
2013-11-01,rb_classical,growth,rb_classical:growth,0.21632730769675657,0.23450702448801025,0.07303127168391506,0.038816932450036756,0.160635611087877,0.20494863007693423,0.03953036519280281,0.03220285732366746
2013-12-02,rb_classical,growth,rb_classical:growth,0.14699884613564404,0.13735892800456187,0.07309311142180953,0.05568439339608437,0.2415067336638395,0.2557032290318414,0.055286081152962005,0.03436867719325722
2014-01-02,rb_classical,growth,rb_classical:growth,0.2051421604392958,0.1696201854473986,0.0927815882604123,0.0493576780218007,0.18099569703911292,0.18266458172756692,0.06946754378329359,0.049970565281119185
2014-02-03,rb_classical,growth,rb_classical:growth,0.14980059924159514,0.17115539429117302,0.0627015962853268,0.03496075283953708,0.2728378971821428,0.2129404860336775,0.052842545173552205,0.04276072895299542
2014-03-03,rb_classical,growth,rb_classical:growth,0.14843867333038568,0.1317034249135609,0.06897007991013036,0.054608553380248684,0.23313008816468458,0.22234540372708042,0.08805450852109496,0.0527492680528143
2014-04-01,rb_classical,growth,rb_classical:growth,0.1454998636456288,0.13703880953815548,0.057913459622264934,0.046834947371729406,0.23356272314413454,0.22539638177998317,0.09071836207987474,0.06303545281822885
2014-05-01,rb_classical,growth,rb_classical:growth,0.19662107541158494,0.13635190506306896,0.07076536037044774,0.05305665535548265,0.22512593692984667,0.18857429309197396,0.08167664613655873,0.04782812764103628
2014-06-02,rb_classical,growth,rb_classical:growth,0.12278211401936998,0.08448502715357495,0.073131717043822,0.06684250823262833,0.2778679554643831,0.21869067862871286,0.09541222959380775,0.06078776986370103
2014-07-01,rb_classical,growth,rb_classical:growth,0.1664258556038333,0.1309812969341365,0.1106476794365312,0.05880140169434916,0.2153182646303394,0.17814243568797813,0.08754422658507288,0.05213883942775937
2014-08-01,rb_classical,growth,rb_classical:growth,0.1837799537696961,0.18158581501710033,0.0840273096276251,0.07033927091367487,0.21471198140199205,0.17297065279732587,0.056985490991367085,0.0355995254812186
2014-09-02,rb_classical,growth,rb_classical:growth,0.1580798534072571,0.13380152734218664,0.072780516222683,0.0656408206832664,0.2221544500151864,0.20789717177204955,0.07892999920452932,0.060715661352841434
2014-10-01,rb_classical,growth,rb_classical:growth,0.15337338001453454,0.18416219797007805,0.06873192969212036,0.05281131764992642,0.2232753718381695,0.19877333951879514,0.07795902903998336,0.040913434276392706
2014-11-03,rb_classical,growth,rb_classical:growth,0.13842548473911306,0.11322823476703271,0.07385645179045164,0.048778525598169226,0.2516096910663883,0.21900950538546524,0.11994673420767007,0.03514537244570967
2014-12-01,rb_classical,growth,rb_classical:growth,0.09444589284552635,0.08277799993395181,0.043209921428696445,0.0524123216308741,0.2861860173575621,0.28593634842431065,0.10721740341638694,0.04781409496269177
2015-01-02,rb_classical,growth,rb_classical:growth,0.2191544914119693,0.15665004620529716,0.05876393763985288,0.03346756310306832,0.21298339902730068,0.2421728673216646,0.033414386027335825,0.0433933092635113
2015-02-02,rb_classical,growth,rb_classical:growth,0.11672855806806634,0.11595884945798562,0.06691669195541351,0.061065913770464726,0.26749227650663593,0.2474037299013394,0.07966204086374185,0.04477193947635269
2015-03-02,rb_classical,growth,rb_classical:growth,0.1180165466839106,0.10917203498441864,0.060468413895517416,0.05171300329902589,0.2911869478425189,0.25031273154642186,0.06901165979075038,0.05011866195743633
2015-04-01,rb_classical,growth,rb_classical:growth,0.17651481081064715,0.17325331830357507,0.06443146123615598,0.054364223109492266,0.19835817116016566,0.20913018407005515,0.09192139565888825,0.03202643565102057
2015-05-01,rb_classical,growth,rb_classical:growth,0.15327472111383642,0.1563983968719176,0.06180508237730722,0.059328840463170975,0.20902026097303777,0.22615248636215304,0.0992880881761257,0.034732123662451306
2015-06-01,rb_classical,growth,rb_classical:growth,0.15938200144176473,0.1138588541120459,0.06895898637328818,0.04849623494695269,0.2615078371169568,0.24446344229993144,0.06704409887484251,0.03628854483421776
2015-07-01,rb_classical,growth,rb_classical:growth,0.18663615889284513,0.14828369977706865,0.06207194440285077,0.07571223791860447,0.19180231315358268,0.1815880090962869,0.1168813251101021,0.037024311648659394
2015-08-03,rb_classical,growth,rb_classical:growth,0.16514393763241292,0.14817121699833571,0.057310865710206126,0.05951699873472447,0.20176341003211137,0.18154496891571903,0.13744244373567313,0.04910615824081717
2015-09-01,rb_classical,growth,rb_classical:growth,0.13565375619820924,0.10947995303832316,0.044806119017694136,0.03626876479997217,0.2661175468565802,0.24367328513686415,0.107403308782646,0.056597266169710975
2015-10-01,rb_classical,growth,rb_classical:growth,0.07459800629675813,0.06534478513817209,0.04635104253206048,0.0344687571937452,0.33504213051412074,0.2965470336978553,0.11961265760983436,0.02803558701745367
2015-11-02,rb_classical,growth,rb_classical:growth,0.11086313023905081,0.10611074665017001,0.04814857515000013,0.04344409471056094,0.28804953354928087,0.2584684833111916,0.10502555455132555,0.03988988183842021
2015-12-01,rb_classical,growth,rb_classical:growth,0.13633925902839986,0.1126836626823315,0.06687364813620617,0.03866037629769882,0.2657016095783258,0.2552521829102333,0.0871056468718929,0.03738361449491161
2016-01-04,rb_classical,growth,rb_classical:growth,0.11180999076563246,0.10010755124539508,0.06377126106215665,0.03575784384660486,0.29091564165363054,0.2919237549973464,0.08140493329569995,0.024309023133534113
2016-02-01,rb_classical,growth,rb_classical:growth,0.09442140174427435,0.08419210496492373,0.05243010462547086,0.04301276391623934,0.34579116271755256,0.2648233970190888,0.07649977393365288,0.03882929107879743
2016-03-01,rb_classical,growth,rb_classical:growth,0.0779186057965151,0.063904690726957,0.03593070429975619,0.03133260935124093,0.36770311415542517,0.29779258134083547,0.10068060231477535,0.02473709201449482
2016-04-01,rb_classical,growth,rb_classical:growth,0.10403129098236653,0.08495474388482131,0.049345112367215206,0.04143707901473315,0.3460697583077271,0.2722673104311208,0.07148497057649296,0.030409734435522962
2016-05-02,rb_classical,growth,rb_classical:growth,0.15303153696401078,0.1253278177252286,0.05329355743900708,0.03986603291587555,0.2657455927181433,0.2629284951394477,0.06970078266881286,0.030106184429474107
2016-06-01,rb_classical,growth,rb_classical:growth,0.1285967796114638,0.10452643643278747,0.04140547559332687,0.03697414306436158,0.2982279386760552,0.2909576116471231,0.06852049688815186,0.03079111808673028
2016-07-01,rb_classical,growth,rb_classical:growth,0.11234250518435526,0.09237795551065558,0.050442284621114185,0.04252823106792081,0.28399760595003987,0.3080158599359068,0.08636328760506391,0.02393227012494362
2016-08-01,rb_classical,growth,rb_classical:growth,0.09886673423975179,0.0940349132948698,0.02801446500655631,0.03164287655422062,0.3146852011073836,0.30196179162950393,0.07702009010777579,0.05377392805993827
2016-09-01,rb_classical,growth,rb_classical:growth,0.16831164091137416,0.1572882880582128,0.05379906629282015,0.04343723585139399,0.20092605021342727,0.2691178966771529,0.07455234169956311,0.03256748029605564
2016-10-03,rb_classical,growth,rb_classical:growth,0.1882455077055981,0.18439599134255852,0.07993168075100356,0.04177109017374987,0.1607298011023803,0.21927849251909898,0.09224574921379025,0.03340168719182041
2016-11-01,rb_classical,growth,rb_classical:growth,0.10345654694958067,0.09980856221434095,0.050930824174007024,0.031576417957822275,0.21673524904036148,0.3305662413505866,0.14648344796919882,0.020442710344102274
2016-12-01,rb_classical,growth,rb_classical:growth,0.14623646064995313,0.10995559930127011,0.0740090004712182,0.03348603492647714,0.19542416267221735,0.3030231398440535,0.11970656497967606,0.01815903715513456
2017-01-03,rb_classical,growth,rb_classical:growth,0.19478180933147698,0.12049947739291338,0.1010058445846298,0.03658496792923065,0.1496079648078397,0.23818585383856325,0.12384395299110991,0.035490129124236366
2017-02-01,rb_classical,growth,rb_classical:growth,0.1811662953399763,0.15964579926661102,0.08217600579201119,0.043015161558700575,0.15729108655363405,0.21129609387311196,0.13483927483199243,0.030570282783962514
2017-03-01,rb_classical,growth,rb_classical:growth,0.2251610936714545,0.2027645907850653,0.08823177394779476,0.06380770043166901,0.12611247434772083,0.14552119955509132,0.1104387346131414,0.03796243264806285
2017-04-03,rb_classical,growth,rb_classical:growth,0.19240370801831339,0.221567815712343,0.10290995624287569,0.05291395942179328,0.1276687751619923,0.13833928743480148,0.12298547912021394,0.04121101888766692
2017-05-01,rb_classical,growth,rb_classical:growth,0.2049815370241619,0.1979426467947524,0.09709101588097091,0.0462707388168578,0.13486951037159955,0.1567326074885335,0.12223932262809746,0.039872620995026684
2017-06-01,rb_classical,growth,rb_classical:growth,0.19358198486398076,0.1823523127166068,0.07054984429586589,0.062322384511570655,0.1510537877692752,0.16378610067270372,0.12088932460242302,0.055464260567573885
2017-07-03,rb_classical,growth,rb_classical:growth,0.17377062969581927,0.12592195328896244,0.08478717038167886,0.045736224606793524,0.19310105629231875,0.2011882603545383,0.11490751917390914,0.06058718620597971
2017-08-01,rb_classical,growth,rb_classical:growth,0.2092101140421542,0.09218125855163119,0.09014829249168697,0.06405646403783077,0.2202881297884434,0.16422845149209697,0.09770547844441793,0.06218181115173843
2017-09-01,rb_classical,growth,rb_classical:growth,0.22638827279287257,0.14306430035962062,0.11051135004860488,0.05595093326268446,0.16198380868877632,0.1554987539835797,0.10614834439762627,0.04045423646623511
2017-10-02,rb_classical,growth,rb_classical:growth,0.1552605234743432,0.10047397142956163,0.08648272982092116,0.053221472045640546,0.2639818464820965,0.19730732555874494,0.09049124102015596,0.05278089016853605
2017-11-01,rb_classical,growth,rb_classical:growth,0.2530066557085733,0.14462335214050318,0.09707532128113792,0.054807693021930115,0.18543880511305438,0.13153180074994397,0.07327584613581067,0.0602405258490466
2017-12-01,rb_classical,growth,rb_classical:growth,0.23845808217425407,0.09718009390119128,0.11579565897711111,0.05001190851864323,0.17607465694583282,0.15723824874776507,0.09002682588332052,0.0752145248518819
2018-01-02,rb_classical,growth,rb_classical:growth,0.20226123306497112,0.1249902723774171,0.08869704286430229,0.04524450666129362,0.20904388058109233,0.1726726560352844,0.08785502207426692,0.0692353863413722
2018-02-01,rb_classical,growth,rb_classical:growth,0.22006150971791788,0.11908543272658456,0.0973041423954789,0.050716553729204486,0.21005346136969566,0.1729512645694317,0.0870452026115892,0.042782432880097664
2018-03-01,rb_classical,growth,rb_classical:growth,0.15493882903827108,0.12285814238516032,0.0762012801148229,0.04736484175534118,0.24626416312468138,0.21931633298356248,0.09921345233969679,0.03384295825846392
2018-04-02,rb_classical,growth,rb_classical:growth,0.08851819798385108,0.07675612332674638,0.05032346049948952,0.03680089197581884,0.30179572994433557,0.2677218628389786,0.13627254965529034,0.04181118377548979
2018-05-01,rb_classical,growth,rb_classical:growth,0.07646255944580445,0.05699918636052933,0.06053318570092486,0.031153777976181025,0.31881857005457453,0.32918491234904923,0.08336179193988222,0.04348601617305445
2018-06-01,rb_classical,growth,rb_classical:growth,0.09857756936662646,0.06826289888865952,0.09264241908185156,0.048225858269382894,0.25740491537232435,0.28767625811502484,0.10429214078906428,0.04291794011706606
2018-07-02,rb_classical,growth,rb_classical:growth,0.15585093118462337,0.13798321418916307,0.07049430335761565,0.04420315554302978,0.18863814224214304,0.21147070417895145,0.13601893688176905,0.0553406124227045
2018-08-01,rb_classical,growth,rb_classical:growth,0.1578159214343611,0.09379986307510188,0.060540463263186586,0.039104185226345685,0.24136335219435287,0.27255036742453626,0.09268083688321466,0.04214501049890075
2018-09-04,rb_classical,growth,rb_classical:growth,0.1384202152397541,0.07848228500385353,0.061688343417204534,0.032393387121280204,0.2435795088527526,0.3249496368280449,0.08503732805556333,0.0354492954815469
2018-10-01,rb_classical,growth,rb_classical:growth,0.1553443359251879,0.12070638872521151,0.04517426357118497,0.024866486622004615,0.25415484724716897,0.3107151952124116,0.04985987218732181,0.03917861050950852
2018-11-01,rb_classical,growth,rb_classical:growth,0.18696292827910577,0.0884552113916607,0.05702030340582523,0.03634264724806338,0.2006464423457519,0.30999170510374285,0.08882936775557881,0.03175139447027133
2018-12-03,rb_classical,growth,rb_classical:growth,0.06942450076178229,0.04496673900023341,0.046345083502988285,0.026990488079299057,0.2759957047929502,0.4165932385701128,0.08699024341073437,0.03269400188189962
2019-01-02,rb_classical,growth,rb_classical:growth,0.0483690106077743,0.032993451808790535,0.032570714379537756,0.020256210099440806,0.29457046929734576,0.4403710081768548,0.09257547998975901,0.038293655640496894
2019-02-01,rb_classical,growth,rb_classical:growth,0.05635057174724502,0.04423812630319588,0.04746827771733173,0.04279883553338222,0.27163816116901873,0.39477669325029713,0.11780480188170185,0.024924532397827444
2019-03-01,rb_classical,growth,rb_classical:growth,0.09871455156958199,0.06745035469807169,0.055683982435132964,0.04020009017438684,0.22458208011330444,0.34144634035775306,0.11741216337150186,0.05451043728026702
2019-04-01,rb_classical,growth,rb_classical:growth,0.14863490369792262,0.11934324358466158,0.06550869704253794,0.046566251763997736,0.18489716720818114,0.3029909928212204,0.07239362325845589,0.05966512062302265
2019-05-01,rb_classical,growth,rb_classical:growth,0.12520316866082168,0.10036724527638755,0.07099482472144414,0.041877325479505026,0.18485320066536345,0.3191040282467536,0.09705878904925018,0.06054141790047427
2019-06-03,rb_classical,growth,rb_classical:growth,0.15357772698491312,0.1234222744460848,0.08020358479089808,0.049046796168981645,0.18468390271151341,0.2932124442600423,0.08674929973324182,0.029103970904324847
2019-07-01,rb_classical,growth,rb_classical:growth,0.10340345309929637,0.07645944789606361,0.05064079466416427,0.03789403524086127,0.24147061363445022,0.34195478961371517,0.10166246509120605,0.04651440076024299
2019-08-01,rb_classical,growth,rb_classical:growth,0.13511940791039087,0.09325081794878626,0.07397707597771462,0.04703100567051732,0.19209882711850854,0.3473471404509473,0.07060496191822069,0.04057076300491431
2019-09-03,rb_classical,growth,rb_classical:growth,0.17440222325923843,0.1279505080583296,0.09704157260655136,0.07422740409325299,0.1517244705956186,0.25347740658410994,0.05926989410730845,0.06190652069559059
2019-10-01,rb_classical,growth,rb_classical:growth,0.09413938603535714,0.07942500690780603,0.06754726584553443,0.05618611004337751,0.21491453209594566,0.3338513160222811,0.09706664985880675,0.05686973319089141
2019-11-01,rb_classical,growth,rb_classical:growth,0.18490374484827904,0.1254264561317117,0.09998497308380734,0.08040751838586527,0.14381111430974017,0.2257910231997569,0.07761155201160244,0.06206361802923698
2019-12-02,rb_classical,growth,rb_classical:growth,0.1451783226029306,0.11247874800685598,0.07688056955849144,0.06470544803189178,0.17798504879561178,0.2527905768826139,0.09836014664767988,0.07162113947392468
2020-01-02,rb_classical,growth,rb_classical:growth,0.20007723000184585,0.15307718144673635,0.09806665669937573,0.06586431857129896,0.1582230172619394,0.20903075353326211,0.0856298985383009,0.03003094394724067
2020-02-03,rb_classical,growth,rb_classical:growth,0.18929044581079366,0.1437412211934891,0.06962279596780326,0.057473940612903965,0.17336014724381502,0.19969196175827653,0.125272628302146,0.041546859110772584
2020-03-02,rb_classical,growth,rb_classical:growth,0.10784522682553724,0.08934632858290924,0.056176167406591815,0.0357191184496492,0.27546415504855737,0.2838301315055875,0.10719928919388139,0.04441958298728629
2020-04-01,rb_classical,growth,rb_classical:growth,0.06034365696097959,0.0541335821229861,0.04493687061556611,0.04331601559319026,0.3107187416830688,0.38412778342357956,0.08495155027516721,0.017471799325462525
2020-05-01,rb_classical,growth,rb_classical:growth,0.08832414312536223,0.09593542368025079,0.042311783445589994,0.04191868882284316,0.06760230719283555,0.5393562918556132,0.10374618681243647,0.020805175065068696
2020-06-01,rb_classical,growth,rb_classical:growth,0.06112774950568845,0.062007146556498416,0.03384595864715705,0.03393741623911949,0.09967491808376862,0.6433023239885801,0.05322739227751144,0.012877094701676322
2020-07-01,rb_classical,growth,rb_classical:growth,0.08147753763652758,0.10383881535777122,0.032120287702519575,0.0362679752104105,0.12698113742182288,0.5473090755013049,0.05852321499640531,0.013481956173238017
2020-08-03,rb_classical,growth,rb_classical:growth,0.056092837143368865,0.06607926413541679,0.029761014047198234,0.03369787124639135,0.1640915657502005,0.5687913490430757,0.06920477630651632,0.012281322327832219
2020-09-01,rb_classical,growth,rb_classical:growth,0.07183681515514559,0.04570369366309724,0.023745957047506643,0.025636841304313623,0.16103742388597347,0.6194027900697014,0.03788640409877425,0.014750074775487638
2020-10-01,rb_classical,growth,rb_classical:growth,0.13418376340070556,0.06778169345901183,0.048319281876459105,0.03490182421748544,0.10536808324016504,0.5640239303636989,0.020004990645034696,0.02541643279743935
2020-11-02,rb_classical,growth,rb_classical:growth,0.045950330213646376,0.030877682849631355,0.03114230745665073,0.0328866057332145,0.13140424923653493,0.6750853731944801,0.03948775449856227,0.01316569681727967
2020-12-01,rb_classical,growth,rb_classical:growth,0.06695730913276261,0.055383037687082776,0.0420854458644919,0.045546069407963456,0.14220515086093904,0.5824698006591069,0.04320003314732134,0.022153153240331954
2021-01-04,rb_classical,growth,rb_classical:growth,0.11272491008314672,0.07803143123467846,0.04537940690398487,0.05020145074320748,0.1230037830570653,0.5190219051548521,0.04318093060814205,0.02845618221492305
2021-02-01,rb_classical,growth,rb_classical:growth,0.09411351350974272,0.0765478063761803,0.04513027582505784,0.03683980496706306,0.1283230727143312,0.5710728955972798,0.031066800185957612,0.016905830824387583
2021-03-01,rb_classical,growth,rb_classical:growth,0.08768053171238158,0.062021292241720934,0.04614178624683262,0.02986005155370645,0.13795337481196288,0.5752892122642044,0.03626688171131262,0.02478686945787849
2021-04-01,rb_classical,growth,rb_classical:growth,0.12945188037950342,0.08732998973078182,0.07954276914007784,0.04533378159937044,0.10756363760089199,0.4390859427109266,0.05907082123440122,0.0526211776040466
2021-05-03,rb_classical,growth,rb_classical:growth,0.15390614606358147,0.07441670403062157,0.10328678507933729,0.04282605577215284,0.1797699783867771,0.31423993044186305,0.07904870235512464,0.052505697870541886
2021-06-01,rb_classical,growth,rb_classical:growth,0.16226156083003807,0.11013704617056437,0.07388277285578546,0.06714528463293587,0.19220201120772584,0.23882272198165727,0.08140090337623637,0.07414769894505668
2021-07-01,rb_classical,growth,rb_classical:growth,0.12684090765949843,0.08967631788790896,0.06765600556647747,0.04994530740259634,0.23013098548026142,0.3010559099364926,0.092953301477935,0.04174126458882971
2021-08-02,rb_classical,growth,rb_classical:growth,0.18528950842346867,0.1599133602807892,0.08609019132741533,0.08355757097803304,0.19556740574903364,0.1753197219230722,0.059161105732119704,0.0551011355860682
2021-09-01,rb_classical,growth,rb_classical:growth,0.1622919275327064,0.1762910188424884,0.07745171175985859,0.051109778165375576,0.19511354247282559,0.1671935033696649,0.11801322352424465,0.05253529433283597
2021-10-01,rb_classical,growth,rb_classical:growth,0.19056701282285746,0.13969850233749495,0.0981645436363031,0.05097880152436301,0.21408298007068172,0.19745971733901393,0.052210906435821845,0.056837535833464056
2021-11-01,rb_classical,growth,rb_classical:growth,0.15322073322864693,0.14315630996978124,0.0889516795405239,0.0766545337713434,0.2209585438160926,0.1822745571847776,0.07443075714768659,0.06035288534114771
2021-12-01,rb_classical,growth,rb_classical:growth,0.17882362526431822,0.144313919600684,0.09618373725804973,0.0676911540617353,0.1991820687119683,0.17635402771025033,0.08163874116322911,0.0558127262297651
2022-01-03,rb_classical,growth,rb_classical:growth,0.1795338635893668,0.13162919290682137,0.11450848628628428,0.09269406735481511,0.17635780044465357,0.1452183088514242,0.09333485903749938,0.06672342152913534
2022-02-01,rb_classical,growth,rb_classical:growth,0.12163943197909152,0.08057157221986684,0.08373930478681957,0.09146695321014234,0.24584621480648505,0.21655016728337442,0.10919464336550368,0.05099171234871666
2022-03-01,rb_classical,growth,rb_classical:growth,0.12490565483051705,0.08044560256320497,0.09664893746215952,0.06606859317080795,0.2386357348170804,0.23224437503600387,0.11252798948486759,0.04852311263535867
2022-04-01,rb_classical,growth,rb_classical:growth,0.14180831986870593,0.09846740433327482,0.0818672214268798,0.09611648108133367,0.1872739497135552,0.1876342958780356,0.14684234553472264,0.05998998216349232
2022-05-02,rb_classical,growth,rb_classical:growth,0.14224492879251185,0.09641826842029917,0.06744393199360721,0.05028918153503775,0.20783411495895646,0.24454752962510382,0.13031120342446356,0.06091084125002022
2022-06-01,rb_classical,growth,rb_classical:growth,0.11620005741722564,0.08135560944326012,0.10255912907695798,0.09884008858841536,0.16470876020811864,0.20767130510863374,0.18647805213408014,0.042186998023308414
2022-07-01,rb_classical,growth,rb_classical:growth,0.10073941487035548,0.07590217605971242,0.06818801010034355,0.07098298919677352,0.19179619459906458,0.23240015269723813,0.21926459885174504,0.04072646362476731
2022-08-01,rb_classical,growth,rb_classical:growth,0.13556187289506902,0.11591644188385442,0.08812416401747093,0.09027768960494506,0.14312267479550578,0.1670775147100916,0.21654217444986437,0.0433774676431988
2022-09-01,rb_classical,growth,rb_classical:growth,0.15414546356138942,0.1105255092768431,0.07316677554530336,0.10019676182695926,0.16805148549978147,0.17006691762266213,0.16687960084500644,0.0569674858220547
2022-10-03,rb_classical,growth,rb_classical:growth,0.1321134187599233,0.10600541407341625,0.08427477473740759,0.10422863338545307,0.14558187314655976,0.17351924988614165,0.2086902894366451,0.04558634657445337
2022-11-01,rb_classical,growth,rb_classical:growth,0.16365260396644385,0.1395712434516626,0.08923819339664614,0.11197949799510068,0.13884064511525557,0.1408905806385103,0.16495696652121639,0.05087026891516438
2022-12-01,rb_classical,growth,rb_classical:growth,0.13942927761205584,0.11636223800510692,0.0911473284316798,0.08917157155082475,0.16857586943047495,0.17379856150011952,0.18333676003667226,0.038178393433066074
2023-01-03,rb_classical,growth,rb_classical:growth,0.16668245837805362,0.12095697711308215,0.08734970993802985,0.09783663365407211,0.1554370248599622,0.17540303124834972,0.15011463803736536,0.046219526771085005
2023-02-01,rb_classical,growth,rb_classical:growth,0.17685055512278466,0.15273401127086425,0.10731425437455087,0.11620661205123858,0.12976718261992246,0.1335063110239529,0.1261665558890265,0.05745451764765991
2023-03-01,rb_classical,growth,rb_classical:growth,0.18862102102877654,0.14458445301351494,0.12775311025612776,0.10266051136168972,0.13174126961957217,0.12684732199364393,0.13566463045833907,0.04212768226833597
2023-04-03,rb_classical,growth,rb_classical:growth,0.19850355143426024,0.12879373433082797,0.12056122412138894,0.09942299770136145,0.13073432541216437,0.14100429304939754,0.1251366201662805,0.05584325378431918
2023-05-01,rb_classical,growth,rb_classical:growth,0.20559302210553915,0.19090847362025795,0.09895199938196185,0.13015826583143844,0.1313740840429749,0.10799525751337839,0.0914053825906913,0.04361351491375802
2023-06-01,rb_classical,growth,rb_classical:growth,0.2166405918500387,0.1753283526294182,0.12483891941031114,0.11342253862592871,0.11647793743144248,0.10803160154392373,0.09463445874368208,0.050625599765254964
2023-07-03,rb_classical,growth,rb_classical:growth,0.21139025845333495,0.15855901278796028,0.0991934190335021,0.09214569388702988,0.14228932146016876,0.1407294437976696,0.10210526315026446,0.05358758743006986
2023-08-01,rb_classical,growth,rb_classical:growth,0.24859009558820377,0.14681315456012475,0.09519044639751266,0.1022087479940795,0.12587255383114254,0.11810530684371558,0.11376107686119415,0.049458617924026956
2023-09-01,rb_classical,growth,rb_classical:growth,0.29392451620692917,0.16835634378155914,0.08562792243551044,0.07222240066191174,0.1059688143677243,0.10461765382240672,0.10498814300061163,0.06429420572334685
2023-10-02,rb_classical,growth,rb_classical:growth,0.19289659169422826,0.13576789694310226,0.09906914259750908,0.09761478677032506,0.1266586920716898,0.12296806872097753,0.16426825403270973,0.06075656716945825
2023-11-01,rb_classical,growth,rb_classical:growth,0.19659041274756128,0.1485138280583841,0.09321092201190083,0.10283226973373932,0.13142149840132938,0.15002559790242065,0.13448884773746053,0.04291662340720396
2023-12-01,rb_classical,growth,rb_classical:growth,0.21667826341453142,0.16714317645052487,0.11447819158628869,0.11636236496395228,0.10860864861990895,0.11090946116317849,0.11155672421181267,0.05426316958980281
2024-01-02,rb_classical,growth,rb_classical:growth,0.2494398917389739,0.19519545641806982,0.10706104738920345,0.08840426564319528,0.09814613208530641,0.09833415845400777,0.12634429478121473,0.03707475349002847
2024-02-01,rb_classical,growth,rb_classical:growth,0.24766684865036706,0.18912829080451538,0.10620576892085337,0.08543645023497515,0.10879141643063481,0.11558828059340642,0.1052676241529752,0.04191532021227258
2024-03-01,rb_classical,growth,rb_classical:growth,0.19886344142574577,0.157280512866001,0.10630153375362639,0.083475828289173,0.12555793202609286,0.1250151242500265,0.15143896576186408,0.05206666162747039
2024-04-01,rb_classical,growth,rb_classical:growth,0.20309543283374765,0.14806879106919751,0.11673296862112524,0.08895232917009618,0.11619929260017361,0.11879332180314842,0.15886498539949767,0.04929287850301377
2024-05-01,rb_classical,growth,rb_classical:growth,0.20734860137001723,0.14508412036324475,0.1126611605468222,0.11254741865757556,0.13193252146306983,0.12439018436219304,0.12050964939343906,0.0455263438436383
2024-06-03,rb_classical,growth,rb_classical:growth,0.2065282115717654,0.16367146922561768,0.12015090156523738,0.10234391947916664,0.13351605876533412,0.12643982971938134,0.09546764189435554,0.051881967779141905
2024-07-01,rb_classical,growth,rb_classical:growth,0.23332383012373056,0.2294678462711847,0.09236059175134821,0.10677524245427146,0.11542749867405945,0.10764300665143364,0.06921598521325706,0.04578599886071494
2024-08-01,rb_classical,growth,rb_classical:growth,0.313397457323646,0.17184717923340814,0.0917042641834554,0.09547134272254502,0.09573249865904049,0.08446963080771686,0.06674535263060863,0.08063227443957947
2024-09-03,rb_classical,growth,rb_classical:growth,0.170761325696806,0.11263796024004247,0.08819917659945244,0.09169364280849097,0.18721087296705233,0.18265488404129124,0.09457181851352486,0.07227031913333966
2024-10-01,rb_classical,growth,rb_classical:growth,0.16472586816376633,0.12142398642401502,0.09930440132747063,0.09074407326008219,0.1764658983062222,0.15513891242865718,0.10981810511513157,0.08237875497465492
2024-11-01,rb_classical,growth,rb_classical:growth,0.18250033056228207,0.12736657386954608,0.06858987566700205,0.05132770064502864,0.207381032355517,0.1888974054330337,0.0959202031080237,0.07801687835956675
2024-12-02,rb_classical,growth,rb_classical:growth,0.18759213571394912,0.14272768552798565,0.10120003159851768,0.07877384531558966,0.17441567075782302,0.17833507074884503,0.07966175940833073,0.05729380092895906
2012-01-03,rb_advisor,conservative,rb_advisor:conservative,0.0,0.0,0.0,0.0,0.0,0.0,0.0,0.0
2012-02-01,rb_advisor,conservative,rb_advisor:conservative,0.06546449330163924,0.05728933369241975,0.019635472257361078,0.016897964071867586,0.45403364736033214,0.3205322115105113,0.04016391501550483,0.02598296279036402
2012-03-01,rb_advisor,conservative,rb_advisor:conservative,0.0904072416185743,0.06972405021919605,0.022808147888469084,0.019012411230047977,0.41784039469529083,0.3103031666036177,0.0433900220631959,0.026514565681607986
2012-04-02,rb_advisor,conservative,rb_advisor:conservative,0.08921957689065545,0.06535282534504785,0.022809272676342203,0.018993350529703832,0.4378843736369708,0.30705808092814807,0.030413606622507184,0.028268913370624652
2012-05-01,rb_advisor,conservative,rb_advisor:conservative,0.08042291525092295,0.06382747300617225,0.02123292176295877,0.016617662714438677,0.4357435687600548,0.3119835131975975,0.03896629898746813,0.03120564632038704
2012-06-01,rb_advisor,conservative,rb_advisor:conservative,0.06804509603436491,0.04840273445269904,0.017877014250333736,0.016197050717745087,0.4532783163466963,0.3296813773925541,0.040530264575800876,0.02598814622980592
2012-07-02,rb_advisor,conservative,rb_advisor:conservative,0.07426061337620873,0.05226366609236668,0.023018136901272482,0.018058381637512794,0.44965859461643676,0.32385516054331,0.03146372235182364,0.027421724481068943
2012-08-01,rb_advisor,conservative,rb_advisor:conservative,0.06532226951031309,0.048889282132158145,0.01976120361321432,0.0156485810832632,0.4665734919519707,0.3204406963373411,0.036525870448511445,0.026838604923227965
2012-09-04,rb_advisor,conservative,rb_advisor:conservative,0.06830175190371604,0.053352460949968955,0.019472056255899137,0.01564118139022497,0.4484800870915149,0.3262729763192681,0.03772292393444721,0.030756562154960688
2012-10-01,rb_advisor,conservative,rb_advisor:conservative,0.0914449581919595,0.06365600851318526,0.024896994291040333,0.02235083045961016,0.42376388956437744,0.30545260197249224,0.03170538452364211,0.03672933248369299
2012-11-01,rb_advisor,conservative,rb_advisor:conservative,0.0735258096798948,0.0527957391622207,0.021006213197513727,0.016348966741804066,0.46347019386164134,0.30722993730485193,0.030648832342396088,0.03497430770967738
2012-12-03,rb_advisor,conservative,rb_advisor:conservative,0.069494786750293,0.05267756253392986,0.020934147265109698,0.018058506676058822,0.4610369972198186,0.3018666215656765,0.03771189607066523,0.03821948191844833
2013-01-02,rb_advisor,conservative,rb_advisor:conservative,0.061856515894008715,0.05084673020113498,0.02152885559814929,0.019989329491133096,0.46571378898798765,0.30685311295188167,0.036097206659417395,0.03711446021628715
2013-02-01,rb_advisor,conservative,rb_advisor:conservative,0.06280751507926197,0.04727018345203374,0.024340216953502476,0.020978866177981195,0.47166943569413566,0.29490377275513335,0.03775203613627676,0.04027797375167491
2013-03-01,rb_advisor,conservative,rb_advisor:conservative,0.07651994367207897,0.05698652449044269,0.021451995089288942,0.019261608693366777,0.4569547376089831,0.2878429924009659,0.03508269144475936,0.04589950660011424
2013-04-01,rb_advisor,conservative,rb_advisor:conservative,0.06480323571489734,0.05379135024409662,0.019664087414958054,0.019565146666182306,0.47338821703898365,0.29325286143245366,0.033884570855378576,0.041650530633049875
2013-05-01,rb_advisor,conservative,rb_advisor:conservative,0.07401668622203546,0.057717491490828034,0.02248776329670029,0.01925652225974835,0.45221425766434176,0.2898685048136316,0.0376987677565068,0.04674000649620769
2013-06-03,rb_advisor,conservative,rb_advisor:conservative,0.062300902824646745,0.052141891030639674,0.02107790963031319,0.017634975618130176,0.4706501808082779,0.32566845992966875,0.020732484756355314,0.02979319540196825
2013-07-01,rb_advisor,conservative,rb_advisor:conservative,0.07832074132525109,0.07540894755764588,0.024555046672366566,0.021775900748833968,0.4676383535431466,0.2751990414168744,0.027333000661120974,0.029768968074760628
2013-08-01,rb_advisor,conservative,rb_advisor:conservative,0.07539161566622951,0.07922199914365888,0.02402837925089973,0.017200636021964824,0.43250110003916953,0.3024367949600244,0.044332796054811045,0.024886678863242136
2013-09-03,rb_advisor,conservative,rb_advisor:conservative,0.10308457167141778,0.09175617862177422,0.02928973408704699,0.01742705201977036,0.398012308004441,0.27629814889112353,0.051045299229538675,0.033086707474887476
2013-10-01,rb_advisor,conservative,rb_advisor:conservative,0.08444805564155725,0.07694067640858619,0.025497255128053804,0.017876330267391063,0.43803142333429695,0.28478869827925407,0.04269354372648405,0.029724017214376612
2013-11-01,rb_advisor,conservative,rb_advisor:conservative,0.09640302231931726,0.09289405101508359,0.025437161577440526,0.015993253909412003,0.41484854628600576,0.28714665742736273,0.04014814225570025,0.02712916520967796
2013-12-02,rb_advisor,conservative,rb_advisor:conservative,0.07188475600320803,0.06875166660739307,0.022532492634930918,0.017101545491225407,0.4572542537865649,0.2984847697362157,0.03941966524737706,0.024570850493085074
2014-01-02,rb_advisor,conservative,rb_advisor:conservative,0.08806294219765139,0.07979994076011583,0.02638170157094165,0.016882186172356935,0.4349945673240799,0.2746610774510573,0.04679872942247418,0.03241885510132292
2014-02-03,rb_advisor,conservative,rb_advisor:conservative,0.06792567532205426,0.07010269378795884,0.02042542419072456,0.013014888948894427,0.4742885319810711,0.2859938364578578,0.039893907363795396,0.028355041947643503
2014-03-03,rb_advisor,conservative,rb_advisor:conservative,0.07158207064671464,0.06709816796622521,0.02256752758089241,0.01744810885908356,0.45425671996093014,0.2854717680621728,0.04970416473875805,0.031871472185223196
2014-04-01,rb_advisor,conservative,rb_advisor:conservative,0.07046401967776122,0.06623536995284145,0.02074909485663018,0.017022470916460627,0.45435098501088234,0.2913203992163685,0.04563580742189815,0.03422185294715752
2014-05-01,rb_advisor,conservative,rb_advisor:conservative,0.08235659667374652,0.06701315767038109,0.023259563169511537,0.017646570255701533,0.45694205114662845,0.2755122898973915,0.04616302713534858,0.03110674405129074
2014-06-02,rb_advisor,conservative,rb_advisor:conservative,0.06572154647194163,0.05446849071624211,0.02319509871634085,0.01972458059390909,0.4696056747351836,0.2891811513491546,0.04416871172477441,0.03393474569245365
2014-07-01,rb_advisor,conservative,rb_advisor:conservative,0.08013930341185631,0.07010935015624119,0.02857391112683923,0.019743428527321635,0.44448237796878787,0.27669168085188905,0.047012178346706276,0.033247769610358316
2014-08-01,rb_advisor,conservative,rb_advisor:conservative,0.08817383788710316,0.08009523759739345,0.026953803631261375,0.022571269563592938,0.44200891065582476,0.27397935468321,0.03753852631923272,0.028679059662381507
2014-09-02,rb_advisor,conservative,rb_advisor:conservative,0.08262412439410398,0.07446965780039,0.026517394756754402,0.022871948013455934,0.437200147788788,0.27770754106858936,0.04244119687711519,0.036167989300803095
2014-10-01,rb_advisor,conservative,rb_advisor:conservative,0.08247102491853629,0.08030597800782298,0.025560282273287414,0.02032716025658685,0.4400978524538182,0.28082991982678657,0.039574686171436356,0.030833096091725416
2014-11-03,rb_advisor,conservative,rb_advisor:conservative,0.08120206704104108,0.07062615694414287,0.029080549370036905,0.02143385677092125,0.44638122218536674,0.27422915278154236,0.04704357918722432,0.030003415719724546
2014-12-01,rb_advisor,conservative,rb_advisor:conservative,0.06397654837463053,0.05794669396042041,0.020792469103209966,0.021116017677125416,0.45852568178337294,0.29555761914611456,0.04841504480329274,0.0336699251518334
2015-01-02,rb_advisor,conservative,rb_advisor:conservative,0.10001435463420895,0.0753211282299982,0.026764249825205262,0.01895787588065673,0.4187417272469762,0.2905551886675448,0.03300719485149195,0.03663828066391772
2015-02-02,rb_advisor,conservative,rb_advisor:conservative,0.07494602443170396,0.0678602433981065,0.0280715288116766,0.025209065952816176,0.45096940434385746,0.26960651698143195,0.0487003012609948,0.03463691481941246
2015-03-02,rb_advisor,conservative,rb_advisor:conservative,0.08066352630093351,0.06919310960265924,0.02802415617148946,0.023242718854095373,0.4639110472736786,0.2547703570154794,0.043567623644832895,0.036627461136831546
2015-04-01,rb_advisor,conservative,rb_advisor:conservative,0.10338878865038807,0.08451767129850148,0.028834235052029665,0.023966155672360715,0.4185566686070188,0.26001502837300916,0.05098449023924235,0.02973696210744968
2015-05-01,rb_advisor,conservative,rb_advisor:conservative,0.0899599801023746,0.08586075582803236,0.025380194088498835,0.023456026342614816,0.42258058908077084,0.273422377254129,0.051637064308472216,0.027703012995107402
2015-06-01,rb_advisor,conservative,rb_advisor:conservative,0.08760103794640015,0.06815128927648803,0.025861567852705113,0.019722946819959657,0.44300953734439785,0.2838226758221522,0.04218841677055131,0.029642528167345722
2015-07-01,rb_advisor,conservative,rb_advisor:conservative,0.09771970954978826,0.07868478348901292,0.02508412323650911,0.02604714697748545,0.4247535884366817,0.2615180537531297,0.056214727453893186,0.029977867103499617
2015-08-03,rb_advisor,conservative,rb_advisor:conservative,0.09328965322079875,0.08117487958688405,0.025185173285293103,0.023060816134005725,0.4281095276969458,0.25694089751408833,0.05592180675417718,0.036317245807807166
2015-09-01,rb_advisor,conservative,rb_advisor:conservative,0.07733688099506894,0.0626576593088367,0.020540217667908672,0.01716462410362599,0.4508755751448985,0.28142185751817234,0.05489229131370898,0.03511089394777968
2015-10-01,rb_advisor,conservative,rb_advisor:conservative,0.051955283048093936,0.04825024892600316,0.02111273426072075,0.01649928920603423,0.4872589204826858,0.29784147331817784,0.05447567015280637,0.022606380605477778
2015-11-02,rb_advisor,conservative,rb_advisor:conservative,0.07153411949558254,0.06729789070738308,0.023021238449182194,0.020092259054694403,0.45734949889807724,0.2768174565891802,0.05366751434329924,0.03022002246260115
2015-12-01,rb_advisor,conservative,rb_advisor:conservative,0.07993479481259583,0.06624557456099503,0.028256471633279417,0.018661568855216658,0.44531813039125256,0.2848185239775215,0.046821649618952244,0.029943286150186765
2016-01-04,rb_advisor,conservative,rb_advisor:conservative,0.07073580101079686,0.061094713005578484,0.027022079693796185,0.0178351129924248,0.45307269948941165,0.3018748054236908,0.04512906790874849,0.023235720475552744
2016-02-01,rb_advisor,conservative,rb_advisor:conservative,0.05963116660307672,0.05433135964231509,0.02309251132830817,0.01922295488500698,0.48451257286806315,0.2846310620317757,0.04585621780309642,0.028722154838357758
2016-03-01,rb_advisor,conservative,rb_advisor:conservative,0.05209666482207555,0.047237489134621544,0.01803860753930737,0.015630466085539474,0.4919388327970124,0.29995491191461265,0.053173193790602154,0.021929833916228936
2016-04-01,rb_advisor,conservative,rb_advisor:conservative,0.062306571790859175,0.05545490098415285,0.022873045748594438,0.019356081420799483,0.48964459463962684,0.2791789287527556,0.04556457472450219,0.0256213019387094
2016-05-02,rb_advisor,conservative,rb_advisor:conservative,0.0807982453698551,0.0655990294752467,0.028315166510217496,0.021133440484552634,0.4450410522816695,0.2810653162424571,0.05002404940214306,0.028023700233858237
2016-06-01,rb_advisor,conservative,rb_advisor:conservative,0.07421213284062934,0.06394744620173531,0.024408303907308374,0.01963196138085415,0.4534730218301581,0.2905752401060484,0.04523872084567184,0.028513172887594442
2016-07-01,rb_advisor,conservative,rb_advisor:conservative,0.0701764301017013,0.05896137059294979,0.028322306671536603,0.022624753887952133,0.44344674476610846,0.2981158646331513,0.05237230781149692,0.025980221535103515
2016-08-01,rb_advisor,conservative,rb_advisor:conservative,0.06564190589957454,0.06348193202055885,0.019149224260360694,0.01707502118647486,0.4707500892869713,0.2800969715142849,0.04612411490868996,0.03768074092308491
2016-09-01,rb_advisor,conservative,rb_advisor:conservative,0.0876242819356448,0.07675085303957828,0.0320137715378879,0.022449891361184228,0.41410369779114786,0.29219135861513557,0.04421544349252161,0.030650702226899775
2016-10-03,rb_advisor,conservative,rb_advisor:conservative,0.09398959922450728,0.08014495409623408,0.0361115542468829,0.023066514245563996,0.3961510142470682,0.2865919408030543,0.05049588890608918,0.03344853423060014
2016-11-01,rb_advisor,conservative,rb_advisor:conservative,0.0675382161700876,0.0630491489012832,0.02762146142170974,0.01719073325775066,0.4220458325522911,0.32486675824129324,0.056794540125181446,0.020893309330402943
2016-12-01,rb_advisor,conservative,rb_advisor:conservative,0.08206121974720038,0.06602057714410903,0.03381349008851673,0.018681541397253015,0.40693959349117104,0.32197047132143103,0.04856218983668244,0.02195091697363626
2017-01-03,rb_advisor,conservative,rb_advisor:conservative,0.10359808917309112,0.07201662691518476,0.04081107970411659,0.01764596458808081,0.3844475404744223,0.2937239485784775,0.056558312212674336,0.031198438353952536
2017-02-01,rb_advisor,conservative,rb_advisor:conservative,0.0953670532056098,0.07756749765326441,0.03555339650320071,0.019063495762978798,0.3932095015152695,0.29333007017291746,0.05799475215736432,0.027914233029394976
2017-03-01,rb_advisor,conservative,rb_advisor:conservative,0.11478635048969987,0.08652117131009417,0.037217997672722034,0.022828436757280125,0.3826636450847209,0.26723900199507833,0.05475866616509169,0.03398473052531272
2017-04-03,rb_advisor,conservative,rb_advisor:conservative,0.10498411082949632,0.08482900228783448,0.039776529383340684,0.02157870423506304,0.39117020571617983,0.2706111884751031,0.05298438936157495,0.03406586971140763
2017-05-01,rb_advisor,conservative,rb_advisor:conservative,0.10679409269080242,0.08573169499141946,0.038113046659203335,0.019126412807273223,0.3877982026002425,0.27923636364061355,0.050891117506712526,0.03230906910373307
2017-06-01,rb_advisor,conservative,rb_advisor:conservative,0.10301781655231784,0.08118023120811432,0.03260862137271316,0.021216804414219255,0.3962975544549124,0.28041147920324655,0.04818424524206651,0.03708324755241001
2017-07-03,rb_advisor,conservative,rb_advisor:conservative,0.09583882789254713,0.06699525284125214,0.03312298438707873,0.017952775744368057,0.4134348381020778,0.29149695076708126,0.043542842553662066,0.03761552771193272
2017-08-01,rb_advisor,conservative,rb_advisor:conservative,0.09949877906836677,0.05754311427891226,0.028433982160935695,0.020185908184230467,0.43602388895432287,0.2779573230796517,0.04166330570894389,0.03869369856463648
2017-09-01,rb_advisor,conservative,rb_advisor:conservative,0.10554278513297677,0.06869032101923742,0.030429323473918555,0.0193975400157691,0.41007306779953817,0.28868781348883576,0.044001889305057634,0.03317725976466642
2017-10-02,rb_advisor,conservative,rb_advisor:conservative,0.0871054641254452,0.05609420917173047,0.027148518313133845,0.017246767854106986,0.4473456147027281,0.29204456489463415,0.03788349490428337,0.03513136603393793
2017-11-01,rb_advisor,conservative,rb_advisor:conservative,0.1250692943647106,0.07239116120221385,0.03090306760957963,0.019527714276954076,0.41730999095751337,0.2557262910621421,0.0378182621609534,0.04125421836593285
2017-12-01,rb_advisor,conservative,rb_advisor:conservative,0.12425354916362635,0.06010112256799528,0.032051450081373965,0.018113693393670777,0.4017460582103304,0.2783686990842303,0.03923159407650294,0.046133833422269954
2018-01-02,rb_advisor,conservative,rb_advisor:conservative,0.11056298473023744,0.06869975126884416,0.029418659378786228,0.01881348476896606,0.41437312544986804,0.2766156282417195,0.038182554543516746,0.043333811618061824
2018-02-01,rb_advisor,conservative,rb_advisor:conservative,0.12129007528709658,0.06773217677466777,0.03283001177427681,0.02105769274058967,0.40961037766709213,0.27394945860130004,0.03922854399476357,0.03430166316021353
2018-03-01,rb_advisor,conservative,rb_advisor:conservative,0.09346801813014452,0.06216526386979491,0.02833253988786689,0.01909997620488277,0.42769525353474497,0.30006384527505825,0.04121132235437116,0.02796378074313648
2018-04-02,rb_advisor,conservative,rb_advisor:conservative,0.05563882576869039,0.04624091890583186,0.020290845287201882,0.014611917145501724,0.4762222060040912,0.3084160577861191,0.04979654428353611,0.02878268481902771
2018-05-01,rb_advisor,conservative,rb_advisor:conservative,0.05685195881556647,0.04288778826386594,0.024813517423320972,0.014784090055164014,0.45584423647395933,0.3300789157225061,0.04169535954876176,0.033044133696855396
2018-06-01,rb_advisor,conservative,rb_advisor:conservative,0.06782487499369257,0.0478530769978874,0.02976068879513471,0.018889058039793936,0.4325483929308673,0.32258897214097354,0.04730917779569743,0.03322575830595314
2018-07-02,rb_advisor,conservative,rb_advisor:conservative,0.08831457837479345,0.06656245888625183,0.03070190424587138,0.018836955012344926,0.4125901660908828,0.2873960563661889,0.0559112802256704,0.03968660079799625
2018-08-01,rb_advisor,conservative,rb_advisor:conservative,0.08640013260619155,0.05573520307737669,0.02912739907035231,0.01877064177181944,0.42031731926101606,0.31000237953330734,0.04655639568961131,0.03309052899032544
2018-09-04,rb_advisor,conservative,rb_advisor:conservative,0.0805946592001231,0.052154402553742735,0.028522466502375304,0.01660480086177146,0.41528886325622655,0.33193819031773275,0.04525694992554251,0.029639667382485642
2018-10-01,rb_advisor,conservative,rb_advisor:conservative,0.08322666786914572,0.059291742057895884,0.02560341182812524,0.014693724706980117,0.4215982300324114,0.32604652175838894,0.03848382235024503,0.031055879396807654
2018-11-01,rb_advisor,conservative,rb_advisor:conservative,0.0859576515096067,0.05123077667544318,0.027791274954166317,0.017500222187900698,0.4009298472594205,0.3352910599649469,0.052958113161677825,0.028341054286837884
2018-12-03,rb_advisor,conservative,rb_advisor:conservative,0.05091708081681249,0.03593131940625893,0.023389510294234354,0.013673872203526387,0.44133711584272306,0.35670979375678696,0.05103941314883404,0.027001894530823748
2019-01-02,rb_advisor,conservative,rb_advisor:conservative,0.04172208683987136,0.030558206835935478,0.019769064565899074,0.012152307228297791,0.43352371221836317,0.37743900823218496,0.05516659021817199,0.029669023861276227
2019-02-01,rb_advisor,conservative,rb_advisor:conservative,0.04501003999790309,0.035874428196823675,0.024920424684590225,0.019085396107975057,0.4435779187980047,0.34547234000553606,0.0618175349642009,0.024241917244966278
2019-03-01,rb_advisor,conservative,rb_advisor:conservative,0.06714666592208769,0.047575125749473396,0.028423847682811143,0.018294555243726928,0.4205573524157167,0.3178999395697718,0.060572547148574976,0.03952996626783738
2019-04-01,rb_advisor,conservative,rb_advisor:conservative,0.08326453204802721,0.06270163265819492,0.031289296737108015,0.020425540356794565,0.3929152220678117,0.31701619592250807,0.04824038995298978,0.04414719025656582
2019-05-01,rb_advisor,conservative,rb_advisor:conservative,0.07829662663459679,0.05877954120571706,0.03339476501354981,0.019538476522066313,0.39633297488829866,0.31791250267907434,0.052427476256007716,0.04331763680068941
2019-06-03,rb_advisor,conservative,rb_advisor:conservative,0.08140961700134963,0.057941964292153626,0.03490539096320098,0.021054232706671967,0.3961521607369148,0.32648279103773803,0.05125155982881934,0.03080228343315157
2019-07-01,rb_advisor,conservative,rb_advisor:conservative,0.07118489919808937,0.053778094633541836,0.026460675009050635,0.01860334817488248,0.4212973866265631,0.31966967690657966,0.05240353420598486,0.036602385245308115
2019-08-01,rb_advisor,conservative,rb_advisor:conservative,0.0791118040353951,0.057380502282101786,0.030489694279670885,0.019740195657866895,0.39827603048160326,0.3367082434012269,0.04419635450846204,0.034097175353673154
2019-09-03,rb_advisor,conservative,rb_advisor:conservative,0.09346839773472744,0.0675014727736089,0.03565573704465347,0.026758658203318172,0.3845478505805444,0.3063425148533056,0.0400272913141768,0.04569807749566504
2019-10-01,rb_advisor,conservative,rb_advisor:conservative,0.06644685478222971,0.05330325139260692,0.0291421646031413,0.023057619280328425,0.42299014170814003,0.32011585087480465,0.04412823184097555,0.040815885517773313
2019-11-01,rb_advisor,conservative,rb_advisor:conservative,0.10464548461862148,0.07457541971936893,0.039768420944841995,0.030654515352641003,0.37765204995956314,0.2833482075557924,0.0429291873110206,0.04642671453815027
2019-12-02,rb_advisor,conservative,rb_advisor:conservative,0.08877256492858124,0.06758369921968128,0.03403875913819135,0.02703040764156261,0.39907569055624786,0.2950631362538879,0.04348217453232679,0.04495356772952083
2020-01-02,rb_advisor,conservative,rb_advisor:conservative,0.10384926613512153,0.0786781012028751,0.040195647153924784,0.03186735944547243,0.3879369415970313,0.2842475838546309,0.04344246558001008,0.02978263503093378
2020-02-03,rb_advisor,conservative,rb_advisor:conservative,0.09949317521712685,0.07431002526677252,0.03205859542206487,0.025809646824426612,0.40035980144326244,0.2839197542107961,0.0488952224180062,0.03515377919754448
2020-03-02,rb_advisor,conservative,rb_advisor:conservative,0.07233114414058447,0.05734898316825551,0.026687467274894815,0.021127343262448535,0.4401664889876317,0.30860878447074896,0.042004281871936125,0.031725506823499804
2020-04-01,rb_advisor,conservative,rb_advisor:conservative,0.044031368623931394,0.039507168480107664,0.02207080002517617,0.022472944569586012,0.4777579468825738,0.33812502225447466,0.04070678998537381,0.015327959178776503
2020-05-01,rb_advisor,conservative,rb_advisor:conservative,0.05718530305950659,0.06892697754835267,0.01888922225441668,0.020182468195551605,0.2760039254811096,0.46849262373282635,0.0682841673366707,0.022035312391565816
2020-06-01,rb_advisor,conservative,rb_advisor:conservative,0.04225207120760129,0.04616154646044504,0.01634742510414532,0.017045731524838126,0.3427481882516749,0.4827349439856085,0.03733884871722497,0.015371244748461951
2020-07-01,rb_advisor,conservative,rb_advisor:conservative,0.0550916931784262,0.06474260792103093,0.01648074562776735,0.018130435155595682,0.35903979661229357,0.42900793595682446,0.03912572605245764,0.01838105949560414
2020-08-03,rb_advisor,conservative,rb_advisor:conservative,0.04326399307748383,0.049794041118501706,0.01570589344821599,0.017410732082831212,0.37815045113462775,0.4346259760626517,0.044128972035763776,0.016919941039924113
2020-09-01,rb_advisor,conservative,rb_advisor:conservative,0.06069490273597086,0.048584768277209985,0.01665778146847716,0.016856980664608327,0.34482434563877634,0.4520209475757464,0.03571348267261164,0.02464679096659942
2020-10-01,rb_advisor,conservative,rb_advisor:conservative,0.07157876034214919,0.049916793732242566,0.02199450072320253,0.01791653176862199,0.33737229420893333,0.4472504587561716,0.023287625122660926,0.030683035346017972
2020-11-02,rb_advisor,conservative,rb_advisor:conservative,0.04205130728074597,0.03206805418617157,0.01791333092089763,0.01820595676721853,0.3549565382402609,0.4776658213083055,0.03596738012262704,0.021171611173772913
2020-12-01,rb_advisor,conservative,rb_advisor:conservative,0.05189395148490695,0.04542150677073681,0.02139365184653699,0.02062007075604282,0.3536683810662487,0.4425573325149357,0.03545826440616942,0.028986841154422627
2021-01-04,rb_advisor,conservative,rb_advisor:conservative,0.06272508830571653,0.04820453774092992,0.02019294440572577,0.020428637807458655,0.35950158967122375,0.4219125861683413,0.03628822521107795,0.030746390689526185
2021-02-01,rb_advisor,conservative,rb_advisor:conservative,0.0640533665342389,0.05391847704992558,0.022297595804184493,0.01899150473672663,0.3341001613949017,0.4457089117695007,0.0330521416058401,0.027877841104681868
2021-03-01,rb_advisor,conservative,rb_advisor:conservative,0.057446107628626855,0.04342701419360493,0.021368886122095428,0.015439656833056918,0.3588809432136512,0.4403857985535394,0.03267532126455684,0.030376272190868362
2021-04-01,rb_advisor,conservative,rb_advisor:conservative,0.06712983060906363,0.04902190388160754,0.027225761713553977,0.018163319141429105,0.35557668847038326,0.3942909567813071,0.04270752957746062,0.04588400982519479
2021-05-03,rb_advisor,conservative,rb_advisor:conservative,0.06758367489989017,0.03714464723919021,0.03509780090284643,0.01775536798865691,0.4033854951120999,0.34563235253459224,0.04821376934354918,0.04518689197917483
2021-06-01,rb_advisor,conservative,rb_advisor:conservative,0.07003332664153597,0.04549491084697858,0.03287349043991841,0.022422170260702336,0.404017453334214,0.3177252632853429,0.05083449139993653,0.05659889379137126
2021-07-01,rb_advisor,conservative,rb_advisor:conservative,0.05968239498333798,0.04068442187744444,0.027835769746042363,0.017929984377718765,0.42226151683028323,0.34395338020612504,0.04936894233054683,0.03828358964850124
2021-08-02,rb_advisor,conservative,rb_advisor:conservative,0.07279625402607176,0.054174137927930424,0.0343402152062652,0.022444622554330013,0.4284002304947668,0.2960052745105296,0.04541092178815588,0.046428343491950304
2021-09-01,rb_advisor,conservative,rb_advisor:conservative,0.07088323096353316,0.057220839895463116,0.033519570030644624,0.020267219414300656,0.43057539549561974,0.2820321878949384,0.059850124495742923,0.04565143180975732
2021-10-01,rb_advisor,conservative,rb_advisor:conservative,0.0730450910600226,0.04944380614013639,0.035679474049327115,0.01991791563146178,0.43129164449889884,0.3039625041105698,0.041225620098115576,0.04543394441146799
2021-11-01,rb_advisor,conservative,rb_advisor:conservative,0.06793273479448561,0.052029444448267605,0.03426837695552228,0.024553412859261173,0.44010985278024445,0.2867807148492328,0.04726573467886974,0.04705972863411642
2021-12-01,rb_advisor,conservative,rb_advisor:conservative,0.07289856894232934,0.0516683327812453,0.03530051558149799,0.023835291303700594,0.42748852126003706,0.29476223910965854,0.04937804131432528,0.044668489707205945
2022-01-03,rb_advisor,conservative,rb_advisor:conservative,0.07913605606023641,0.05310557769739758,0.04044524021607098,0.03128505952695479,0.43163493543165643,0.26011252569994003,0.05310671335243267,0.05117389201531093
2022-02-01,rb_advisor,conservative,rb_advisor:conservative,0.060140166126339455,0.0389344718203239,0.031170240367775832,0.029638752647214998,0.4489125717095184,0.3001008041929942,0.0523633457698215,0.038739647366011765
2022-03-01,rb_advisor,conservative,rb_advisor:conservative,0.05798988637827983,0.03768839100186197,0.031519171620340514,0.02399964758185058,0.44985468880200313,0.30832166679146733,0.05438329770011239,0.03624325012408424
2022-04-01,rb_advisor,conservative,rb_advisor:conservative,0.06994799500117242,0.04848386891570116,0.03291856670284598,0.03342507772993688,0.4342184376793914,0.2750566729767464,0.06188092229642845,0.04406845869777738
2022-05-02,rb_advisor,conservative,rb_advisor:conservative,0.064608979279671,0.043764858488037614,0.027406383157698038,0.02059438637439343,0.4390129466613862,0.3027187711479672,0.06183277978728298,0.04006089510356362
2022-06-01,rb_advisor,conservative,rb_advisor:conservative,0.060534256973081166,0.04243699215259718,0.037611754430209476,0.03237040403040577,0.4135923415533672,0.30038356694900253,0.07914994392659566,0.0339207399847409
2022-07-01,rb_advisor,conservative,rb_advisor:conservative,0.052477972582025585,0.03907495878364447,0.02754613199666019,0.02712047337313396,0.42942643788875606,0.30493365649499393,0.08705895359328712,0.03236141528749873
2022-08-01,rb_advisor,conservative,rb_advisor:conservative,0.0691392475833595,0.05785339641510918,0.03382216290404683,0.033848188838112886,0.40105169763954984,0.27833718340946173,0.09091979545615472,0.03502832775420531
2022-09-01,rb_advisor,conservative,rb_advisor:conservative,0.07214010508291409,0.05395789369010683,0.0282152870483912,0.03443750843340612,0.41722309235103194,0.2780349575065662,0.07627251503064815,0.039718640856935584
2022-10-03,rb_advisor,conservative,rb_advisor:conservative,0.06582880244459628,0.05268817326763515,0.030524788736458593,0.033065237683466746,0.39683997509039337,0.29959895073568005,0.0865149593119525,0.034939112729817326
2022-11-01,rb_advisor,conservative,rb_advisor:conservative,0.07660254527708271,0.06395338127431761,0.03232876667915514,0.0368195368282512,0.4018684050805631,0.2699513706758451,0.07956917426400513,0.038906819920780086
2022-12-01,rb_advisor,conservative,rb_advisor:conservative,0.06306905690193762,0.053288199780208,0.03003845994610356,0.030436722494171224,0.4172217994421436,0.29877827437675336,0.07766293350863057,0.02950455355005207
2023-01-03,rb_advisor,conservative,rb_advisor:conservative,0.06710283235966248,0.05047363699569595,0.02733771759818827,0.030726195707785172,0.4079505806005524,0.3126743669709395,0.07194447114566983,0.031790198621506394
2023-02-01,rb_advisor,conservative,rb_advisor:conservative,0.07740869798247295,0.06803355457919831,0.0332141620573879,0.03496666972404188,0.38829090823547585,0.2880103721320449,0.06863699010211632,0.04143864518726192
2023-03-01,rb_advisor,conservative,rb_advisor:conservative,0.08042060912318956,0.06460643122897028,0.03554749661788706,0.03187563851920478,0.4004530221770942,0.283930966019974,0.06982090997992718,0.03334492633375295
2023-04-03,rb_advisor,conservative,rb_advisor:conservative,0.07887368828146665,0.058519550980368575,0.0323739995284029,0.029854490969984777,0.3899138772825313,0.30471957768379376,0.06818053266797247,0.03756428260547968
2023-05-01,rb_advisor,conservative,rb_advisor:conservative,0.08905041247909447,0.07828645539675373,0.032763094952411746,0.03769900340289818,0.40673002479266723,0.2595566870883644,0.059324240317428924,0.036590081570381315
2023-06-01,rb_advisor,conservative,rb_advisor:conservative,0.0918013871057619,0.07826446802815804,0.03507265558301925,0.03413303233215377,0.38677454237904024,0.2750842267696679,0.0578821110109179,0.04098757679128096
2023-07-03,rb_advisor,conservative,rb_advisor:conservative,0.08481798932145544,0.06643960094545334,0.03032374384438263,0.029716098450387453,0.3963284076624389,0.29848005915093906,0.05348061567603582,0.04041348494890724
2023-08-01,rb_advisor,conservative,rb_advisor:conservative,0.09551539047189501,0.06729920568948762,0.031046908556518687,0.03218776462430323,0.3894201989218076,0.28468930868836534,0.05812882087209492,0.04171240217552749
2023-09-01,rb_advisor,conservative,rb_advisor:conservative,0.10505307740036622,0.0730722533298771,0.030036692580617853,0.02719928030469763,0.3728762972182962,0.28209240190705503,0.05974946036892958,0.04992053689016036
2023-10-02,rb_advisor,conservative,rb_advisor:conservative,0.08276324433172466,0.06266022638543209,0.03074097454699963,0.029867947099837398,0.3900533462260705,0.294486971835661,0.0644282407992642,0.04499904877501056
2023-11-01,rb_advisor,conservative,rb_advisor:conservative,0.08265075839215978,0.06451814628882635,0.02922592510198072,0.029391567533218827,0.3790336377997314,0.31501071065791325,0.06267768705542605,0.037491567170743686
2023-12-01,rb_advisor,conservative,rb_advisor:conservative,0.09997214546163116,0.07763173497990927,0.03812050996922054,0.0369201279980607,0.355799852778083,0.2759178654069861,0.06687555329575165,0.048762210110357605
2024-01-02,rb_advisor,conservative,rb_advisor:conservative,0.11255294909927166,0.08944356313034746,0.03886226290141712,0.03276537498012204,0.3456408265754742,0.267727370095493,0.07322514321434567,0.03978251000352879
2024-02-01,rb_advisor,conservative,rb_advisor:conservative,0.10827447660563111,0.08581482893247105,0.03688907705903117,0.029733352675347175,0.35227533318066434,0.2847774313285639,0.06305753271643147,0.03917796750185969
2024-03-01,rb_advisor,conservative,rb_advisor:conservative,0.094278032041017,0.07543270850027885,0.036060260996824106,0.029258571758858053,0.3669478365135645,0.28467925587421133,0.0693059689468511,0.044037365368395046
2024-04-01,rb_advisor,conservative,rb_advisor:conservative,0.09973006466934814,0.07633429269472118,0.03858825356641358,0.030464664770347948,0.3557333792193538,0.2799179729009115,0.07592371211563999,0.04330766006326389
2024-05-01,rb_advisor,conservative,rb_advisor:conservative,0.08741892121996232,0.07081501524135722,0.03156529501171179,0.03060748639899912,0.3831457343986947,0.29330199580875893,0.06623784330739062,0.03690770861312533
2024-06-03,rb_advisor,conservative,rb_advisor:conservative,0.08764810817627515,0.07562939781260634,0.03339626391113951,0.029866923841791185,0.37907305622705184,0.29271880570016084,0.06366366536664203,0.038003778964333136
2024-07-01,rb_advisor,conservative,rb_advisor:conservative,0.09176567835747418,0.08948314060634359,0.028154197337312826,0.02951893400698732,0.3770959862283229,0.2903022192597834,0.05708744151948963,0.0365924026842862
2024-08-01,rb_advisor,conservative,rb_advisor:conservative,0.10620047400429812,0.079333357562042,0.03066458346034214,0.029555240819664576,0.36632546117505344,0.2735627140495632,0.06209699809477017,0.052261170834266436
2024-09-03,rb_advisor,conservative,rb_advisor:conservative,0.0677803153694705,0.052401858542660606,0.025200236633873472,0.024403057265950837,0.40971059977379054,0.3235120102988967,0.058335543415585035,0.038656378699772266
2024-10-01,rb_advisor,conservative,rb_advisor:conservative,0.07245963529250214,0.05993976917529621,0.028293648743378228,0.02661855075016035,0.40398093454368367,0.2986209104954131,0.06706536317260485,0.04302118782696142
2024-11-01,rb_advisor,conservative,rb_advisor:conservative,0.074502756149888,0.06056519167547925,0.02276145878419208,0.018989161135022966,0.4130981585078202,0.31065428839736603,0.06009157936094189,0.03933740598928967
2024-12-02,rb_advisor,conservative,rb_advisor:conservative,0.08001430973873577,0.06871740961676359,0.028125726375594302,0.02447948940677389,0.394789816724464,0.31577934827241944,0.05236275237068567,0.035731147494563444
2012-01-03,rb_advisor,balanced,rb_advisor:balanced,0.0,0.0,0.0,0.0,0.0,0.0,0.0,0.0
2012-02-01,rb_advisor,balanced,rb_advisor:balanced,0.0784427786101718,0.07270773446138233,0.029218159147333393,0.0259848985202111,0.36733878592816605,0.3582462219387668,0.045668135406422554,0.022393285987545905
2012-03-01,rb_advisor,balanced,rb_advisor:balanced,0.1060943345690905,0.08700791586718509,0.03301543715575118,0.028795722026738472,0.3333655367785173,0.34081349117205434,0.04839851207427849,0.02250905035638466
2012-04-02,rb_advisor,balanced,rb_advisor:balanced,0.10502488874166889,0.08229529434381555,0.03308706586166367,0.02879317959601394,0.35387210652201173,0.3390292954530987,0.03389917710598541,0.023998992375742226
2012-05-01,rb_advisor,balanced,rb_advisor:balanced,0.09532223963798661,0.08095530953021886,0.03096934393262419,0.025583992015560785,0.35545992675458943,0.341485081650005,0.043699464941441696,0.02652464153757334
2012-06-01,rb_advisor,balanced,rb_advisor:balanced,0.08115885431975718,0.062186870429148056,0.02661694659353473,0.025213234323074568,0.3721872104303607,0.3645433487357218,0.04598668031534621,0.022106854853056798
2012-07-02,rb_advisor,balanced,rb_advisor:balanced,0.08807489676771735,0.06726089340818182,0.03405032490928387,0.028063118912833217,0.36511533914073496,0.35832830486742867,0.03594643704413223,0.02316068494968795
2012-08-01,rb_advisor,balanced,rb_advisor:balanced,0.07812627251836927,0.06287337427966296,0.029454627135536524,0.024477123448538293,0.3859701000254121,0.35461833162474327,0.041717110801457256,0.022763060166280366
2012-09-04,rb_advisor,balanced,rb_advisor:balanced,0.0811453439537522,0.06738861290701151,0.02858790616401231,0.02413768791662747,0.3681188133170835,0.36237812456048757,0.04219109526688311,0.026052415914142382
2012-10-01,rb_advisor,balanced,rb_advisor:balanced,0.10710636754380846,0.07886440495869704,0.035878480664390415,0.03381065158421286,0.3500103572993331,0.3320429489117225,0.03229714770711793,0.029989641330717676
2012-11-01,rb_advisor,balanced,rb_advisor:balanced,0.08854207345109756,0.06755658480783408,0.03131360884739415,0.025907926675011295,0.3905548520150836,0.3357825660781024,0.030740862975539858,0.029601525149937084
2012-12-03,rb_advisor,balanced,rb_advisor:balanced,0.0867812374413297,0.0691353564863084,0.032405067119012546,0.02916155527955793,0.38664923964652925,0.32431399710226666,0.0382791641214384,0.03327438280355723
2013-01-02,rb_advisor,balanced,rb_advisor:balanced,0.07715811294391096,0.06657853287602926,0.03331680725289605,0.03207373842766853,0.39182767521191,0.3290638639673651,0.03697808214345648,0.03300318717676357
2013-02-01,rb_advisor,balanced,rb_advisor:balanced,0.07761851182345936,0.06120181611304516,0.03728466990130908,0.03341520566547457,0.4087918509034737,0.30628525174501586,0.039740324289337235,0.035662369558885104
2013-03-01,rb_advisor,balanced,rb_advisor:balanced,0.09482620131854293,0.07320070080331355,0.03315958515305759,0.030870092088167676,0.3920798825548904,0.2993457915401996,0.03679354658878046,0.03972419995304786
2013-04-01,rb_advisor,balanced,rb_advisor:balanced,0.08037703296585252,0.0691572383081318,0.03035549407475452,0.03176864993437869,0.4103473412597797,0.30632704485518175,0.03576250886653715,0.03590468973538403
2013-05-01,rb_advisor,balanced,rb_advisor:balanced,0.09088766144870783,0.07426576917871086,0.0342683143016292,0.03018831807683012,0.3840008853009412,0.30627790368722313,0.03984153573504108,0.04026961227091656
2013-06-03,rb_advisor,balanced,rb_advisor:balanced,0.07696061678760947,0.06648306216887502,0.03161614617900159,0.027588752956456374,0.3990972448202619,0.35006277825129706,0.021726444330659803,0.0264649545058388
2013-07-01,rb_advisor,balanced,rb_advisor:balanced,0.09756607095595801,0.09496321253887534,0.03781990025405083,0.03455844359925662,0.3971838826875362,0.2823255876223036,0.028059948730585288,0.027522953611434097
2013-08-01,rb_advisor,balanced,rb_advisor:balanced,0.10233393565464596,0.10740343979975965,0.04069444860516465,0.030904934270712503,0.34505274819902515,0.3005322516129812,0.04761701231061343,0.0254612295470973
2013-09-03,rb_advisor,balanced,rb_advisor:balanced,0.1386615070404065,0.12361103697450698,0.05031307405570269,0.03261458173453155,0.3084600937232751,0.25654561526302594,0.055839051150508495,0.03395504005804271
2013-10-01,rb_advisor,balanced,rb_advisor:balanced,0.11847136021989507,0.10752053602499828,0.04541833149662954,0.034716596698987405,0.3460618749796571,0.2677015899123591,0.04811022866461245,0.03199948200286092
2013-11-01,rb_advisor,balanced,rb_advisor:balanced,0.13562959297119506,0.13036413981683176,0.046539288635742415,0.03142227505225263,0.3197226865873964,0.26021878805180854,0.046510972258238206,0.02959225662653501
2013-12-02,rb_advisor,balanced,rb_advisor:balanced,0.10708093335636114,0.10124423915640474,0.04386800977004583,0.035401605334705155,0.36029338203737804,0.27545791273861925,0.04868150593588442,0.027972411670601414
2014-01-02,rb_advisor,balanced,rb_advisor:balanced,0.129551331639021,0.11549952365280233,0.050810527415964354,0.03475579214279225,0.33347559280557915,0.24235743052978467,0.057040966341985605,0.03650883547207075
2014-02-03,rb_advisor,balanced,rb_advisor:balanced,0.10532082861141527,0.10744189466199085,0.04091594548457777,0.027753491195109316,0.37443888197937486,0.25954507727514603,0.05111000246681582,0.03347387832557018
2014-03-03,rb_advisor,balanced,rb_advisor:balanced,0.1079036371974751,0.10013361318546667,0.04433944493782651,0.0360867539846617,0.3550586844838549,0.2552807311345163,0.06441110257539566,0.03678603250080324
2014-04-01,rb_advisor,balanced,rb_advisor:balanced,0.1074502031776009,0.10009008025067816,0.041009185309092984,0.035087825803930314,0.3567074647002199,0.26008573373100147,0.05946175110026524,0.040107755927211025
2014-05-01,rb_advisor,balanced,rb_advisor:balanced,0.12358998693511695,0.0998833023307349,0.045215523278367975,0.036129322416524404,0.3571835688839628,0.2425387547132121,0.05953652589295225,0.03592301554912852
2014-06-02,rb_advisor,balanced,rb_advisor:balanced,0.1005635486844543,0.08236438083810277,0.04615458446301958,0.04141029786092609,0.3719888282098983,0.2557107817081972,0.06136809670175969,0.040439481533641894
2014-07-01,rb_advisor,balanced,rb_advisor:balanced,0.11873119834427767,0.10245132185056449,0.05501553683592092,0.040183371255379435,0.3424143630806745,0.23907992190633945,0.06361110781799721,0.038513178908846285
2014-08-01,rb_advisor,balanced,rb_advisor:balanced,0.12403997231336378,0.1122548334510565,0.04984931016106322,0.04403861885946492,0.34838130758750396,0.2378791888929446,0.05096303343279032,0.03259373530181277
2014-09-02,rb_advisor,balanced,rb_advisor:balanced,0.11544189503357405,0.10286116221069265,0.04762754780676943,0.042883201199807784,0.34489301202079264,0.24780196927042528,0.05782654588770274,0.04066466657023545
2014-10-01,rb_advisor,balanced,rb_advisor:balanced,0.11387762038292111,0.11041772042875297,0.04610657322913296,0.03785405404940725,0.35118019143710455,0.2524558943102718,0.05439290391232798,0.03371504225008141
2014-11-03,rb_advisor,balanced,rb_advisor:balanced,0.10839179339549801,0.0941912061850588,0.04914912558789925,0.03773054983781804,0.36338013940687464,0.25144102654518735,0.06351460554773034,0.03220155349393362
2014-12-01,rb_advisor,balanced,rb_advisor:balanced,0.08431431632990087,0.07732872283509033,0.03523566403928787,0.037210626009738526,0.3834933034312793,0.28028293093354034,0.06596398144789466,0.03617045497326817
2015-01-02,rb_advisor,balanced,rb_advisor:balanced,0.12857468522529758,0.09895611008264388,0.04387058459203317,0.03183677486710232,0.3453923251888507,0.2701091657760346,0.04329510729631828,0.03796524697171956
2015-02-02,rb_advisor,balanced,rb_advisor:balanced,0.09410902915745566,0.08848960506398502,0.04554705872405907,0.041707288439853635,0.3755255017712331,0.25596290812352723,0.06297893172811551,0.03567967699177071
2015-03-02,rb_advisor,balanced,rb_advisor:balanced,0.09873663401365036,0.0899267100957024,0.04430816528806361,0.038032193633972956,0.3867756827698288,0.24897185883775358,0.05540380768058604,0.037844947680442165
2015-04-01,rb_advisor,balanced,rb_advisor:balanced,0.12452209722885309,0.10738531466036778,0.04650927427423666,0.04007930006590897,0.34135472194877503,0.24457388417017714,0.06476184072692867,0.03081356692475261
2015-05-01,rb_advisor,balanced,rb_advisor:balanced,0.1159607843107529,0.11251141517090352,0.04407197392640356,0.04162856889285569,0.3391233113271026,0.2494551913909626,0.06762925856391716,0.02961949641710191
2015-06-01,rb_advisor,balanced,rb_advisor:balanced,0.11502620835632534,0.09183566096933873,0.04588232514696293,0.03557459716966795,0.3622213580981896,0.26144642614087316,0.05572962928149928,0.03228379483714307
2015-07-01,rb_advisor,balanced,rb_advisor:balanced,0.12859812372656015,0.10620344773654468,0.044580235716266695,0.04696674268153224,0.33662715156691525,0.23188972770000124,0.07283928707287052,0.03229528379930921
2015-08-03,rb_advisor,balanced,rb_advisor:balanced,0.12188645251020097,0.1087270259894863,0.04337792029657596,0.04062707585639851,0.3439992277408568,0.23032869978316034,0.07210326761147662,0.03895033021184461
2015-09-01,rb_advisor,balanced,rb_advisor:balanced,0.10256245726618345,0.08557229502748903,0.0353882627135142,0.029910507303310206,0.3756988879034403,0.2611618483487726,0.07085852117937891,0.038847220257911375
2015-10-01,rb_advisor,balanced,rb_advisor:balanced,0.07030508856931623,0.06622309070691133,0.036189300679313786,0.028695904197882555,0.4169922013608352,0.28405231058708275,0.0725622070761499,0.024979896822508375
2015-11-02,rb_advisor,balanced,rb_advisor:balanced,0.09380003883176607,0.08992358880472394,0.03815441434109898,0.03406215552971076,0.3838712342801857,0.2594074427848106,0.06878061005904182,0.032000515368662066
2015-12-01,rb_advisor,balanced,rb_advisor:balanced,0.10364643624948007,0.08811911695312134,0.04631398314617508,0.03149802622222286,0.37486549997985036,0.26481549291103595,0.05951211216354152,0.031229332374572878
2016-01-04,rb_advisor,balanced,rb_advisor:balanced,0.09304061042141483,0.08163756098538569,0.04489631196574027,0.030382228994286255,0.3845536365641797,0.28247831216827746,0.05836787589526444,0.02464346300545127
2016-02-01,rb_advisor,balanced,rb_advisor:balanced,0.08094468722481594,0.07426747093502845,0.03902237519243027,0.032897354021753096,0.41447859226506073,0.26846103913770997,0.05938877167002966,0.030539709553171843
2016-03-01,rb_advisor,balanced,rb_advisor:balanced,0.07350144653664621,0.06620030555313001,0.03128646549848447,0.027659389320175056,0.4216777464940749,0.2848088736849291,0.07116834792013607,0.023697424992424082
2016-04-01,rb_advisor,balanced,rb_advisor:balanced,0.08540161782820767,0.07577352184933613,0.0378772888385564,0.03273052516045293,0.41266067514626265,0.2677221174399559,0.06126404468549959,0.026570209051728688
2016-05-02,rb_advisor,balanced,rb_advisor:balanced,0.10511222492436935,0.08629854497114958,0.04357029124427006,0.033599087573123125,0.369020842289058,0.2703534506218042,0.06427730999979758,0.027768248376428033
2016-06-01,rb_advisor,balanced,rb_advisor:balanced,0.09741553611475681,0.08430738712203029,0.03728151479111217,0.0314719081875152,0.3784777816079155,0.2832707237219138,0.0593691907953139,0.028405957659442267
2016-07-01,rb_advisor,balanced,rb_advisor:balanced,0.09029588501141735,0.076223772518985,0.04169407410371553,0.03530745928497256,0.36900543578271827,0.293648141848964,0.06842854350415212,0.025396687945075182
2016-08-01,rb_advisor,balanced,rb_advisor:balanced,0.08496473842507533,0.0826373772552588,0.027891940008194113,0.027492604925231187,0.3924603098503735,0.2832449242606965,0.06378509682265737,0.03752300845251337
2016-09-01,rb_advisor,balanced,rb_advisor:balanced,0.11113238461837473,0.09761507158785154,0.046095673591618085,0.03553922340487798,0.3334715213162738,0.28522164053100174,0.06107737147304476,0.02984711347695737
2016-10-03,rb_advisor,balanced,rb_advisor:balanced,0.11836987264344105,0.1024447989894331,0.05323779489655351,0.03677958276906297,0.3121562986806671,0.2743996034090065,0.06969226376151186,0.032919784850324
2016-11-01,rb_advisor,balanced,rb_advisor:balanced,0.09073555977586736,0.08520298035225903,0.043028748275217486,0.02901342686803754,0.33437807927950747,0.3122385843793764,0.0835292684479683,0.021873352621766342
2016-12-01,rb_advisor,balanced,rb_advisor:balanced,0.11096353844349269,0.08930206904815441,0.05205534227765054,0.03158275527845817,0.3160780858735642,0.3057049799445434,0.07107508071785391,0.023238148416282793
2017-01-03,rb_advisor,balanced,rb_advisor:balanced,0.13137665880002047,0.09646653701661438,0.061978717135604204,0.030653130403025884,0.29135080054665585,0.2736167273823663,0.08225973624031283,0.032297692475400104
2017-02-01,rb_advisor,balanced,rb_advisor:balanced,0.12534657617533373,0.10664818911364288,0.0563043105921224,0.034455192181755225,0.2955893599463801,0.26410590914900645,0.08772155951226523,0.029828903329494033
2017-03-01,rb_advisor,balanced,rb_advisor:balanced,0.14689577646139798,0.11726035897748478,0.05921129781863596,0.041375923003382886,0.2839860740725982,0.23242119591319094,0.08206031641182394,0.036789057341485486
2017-04-03,rb_advisor,balanced,rb_advisor:balanced,0.1359186627397794,0.11720866472339225,0.06408177022289956,0.03965428648566096,0.293553952368291,0.23302307357037733,0.07814252781156088,0.03841706207803885
2017-05-01,rb_advisor,balanced,rb_advisor:balanced,0.14026218162954293,0.11934441927634265,0.06263681215075177,0.03597485896956991,0.2904409444724625,0.2374890430575644,0.07674720139674242,0.037104539047023294
2017-06-01,rb_advisor,balanced,rb_advisor:balanced,0.13605681405841424,0.1139857762468097,0.05444455471616147,0.04031968597136451,0.30015237365311775,0.23851830947782832,0.07363155058152397,0.04289093529477996
2017-07-03,rb_advisor,balanced,rb_advisor:balanced,0.1276581362510444,0.09523247452437188,0.05636197994558392,0.034496732734107735,0.32057932703180736,0.2532602684784229,0.06803983149651975,0.044371249538141956
2017-08-01,rb_advisor,balanced,rb_advisor:balanced,0.13973097389565614,0.08748357675239964,0.05508194185943539,0.04149364634016092,0.3390132695145347,0.2295291491725759,0.06078358093501195,0.04688386153022535
2017-09-01,rb_advisor,balanced,rb_advisor:balanced,0.1467048005599589,0.10441397586292947,0.05904810102166896,0.03995443099835245,0.31385607979564073,0.2336308011789203,0.06267462930943526,0.03971718127309385
2017-10-02,rb_advisor,balanced,rb_advisor:balanced,0.1238131250539363,0.08712463282241764,0.05378500345226865,0.03650475976864632,0.352744000588723,0.24656081392939108,0.0565207033507928,0.0429469610338242
2017-11-01,rb_advisor,balanced,rb_advisor:balanced,0.15972206347173734,0.10493633629550368,0.05742483071651756,0.03891871435016901,0.3235549887968108,0.2113439934950194,0.05537209503467718,0.048726977839564964
2017-12-01,rb_advisor,balanced,rb_advisor:balanced,0.15811080918783996,0.08829283822925536,0.060080453208841866,0.03638991541015264,0.3149124120864481,0.22949585745606457,0.057765913063514474,0.05495180135788289
2018-01-02,rb_advisor,balanced,rb_advisor:balanced,0.14260705890626246,0.09775162224323415,0.05477186102991444,0.03610169056727905,0.3300398247416381,0.23173923456741277,0.0564544267658151,0.05053428117844384
2018-02-01,rb_advisor,balanced,rb_advisor:balanced,0.15149327903278365,0.09582070519483427,0.05867478753914948,0.03872659518390081,0.32813520649321043,0.23096380498459254,0.056635056589331864,0.03955056498219695
2018-03-01,rb_advisor,balanced,rb_advisor:balanced,0.12139739996039772,0.0910524828244857,0.050811061554605366,0.035510966469462044,0.35089226395474904,0.2578488566297675,0.05934837328102938,0.03313859532550324
2018-04-02,rb_advisor,balanced,rb_advisor:balanced,0.0781121977937907,0.0692067894724381,0.037810101552493626,0.028387750929643567,0.39933363180270093,0.28188164443073727,0.07142137480993575,0.03384650920826001
2018-05-01,rb_advisor,balanced,rb_advisor:balanced,0.0781752437718969,0.06268842424240073,0.044981666806302424,0.027451346511996242,0.3804713875692762,0.31057187986324436,0.05781057247061715,0.03784947876426612
2018-06-01,rb_advisor,balanced,rb_advisor:balanced,0.09214967386121503,0.06946862108245141,0.053482281636254785,0.03483636490658438,0.3508907381179875,0.29743657385713296,0.0641214842805317,0.03761426225784214
2018-07-02,rb_advisor,balanced,rb_advisor:balanced,0.11757497437132547,0.09522809010806534,0.051089380870664974,0.03359183435214363,0.3263487890743354,0.26007593475040747,0.07235912344330642,0.043731873029751483
2018-08-01,rb_advisor,balanced,rb_advisor:balanced,0.11561727107115309,0.07929544260795449,0.04815976715251359,0.03307060655331289,0.33624183558626736,0.29114184924596387,0.05979613730779589,0.03667709047503879
2018-09-04,rb_advisor,balanced,rb_advisor:balanced,0.1081233298422697,0.07403607465801966,0.046918874917470696,0.02894956049019958,0.334036645951698,0.3174172281460349,0.05733224730445337,0.033186038689854064
2018-10-01,rb_advisor,balanced,rb_advisor:balanced,0.1126805197429424,0.08480618145031069,0.04201571519869826,0.02593171840614191,0.34066613417584213,0.3122340379686818,0.04665066681561005,0.03501502624177279
2018-11-01,rb_advisor,balanced,rb_advisor:balanced,0.11613640208200525,0.07310362305475766,0.0455029475436267,0.03078703924681303,0.31964665057596975,0.32054043552157846,0.062467151189722236,0.031815750785526876
2018-12-03,rb_advisor,balanced,rb_advisor:balanced,0.07038422924881739,0.05194160375846093,0.03930451855157805,0.024937709071739773,0.35971669956966135,0.359146154178566,0.06375223409272389,0.03081685152845263
2019-01-02,rb_advisor,balanced,rb_advisor:balanced,0.059065592935620914,0.0447657684782007,0.03377753200132217,0.022395681817005443,0.3533399092050483,0.38364285653717456,0.06846072925757973,0.03455192976804815
2019-02-01,rb_advisor,balanced,rb_advisor:balanced,0.06191425362438833,0.051093363554826646,0.041154241553214996,0.03405645999790159,0.35589060903951475,0.3527402529949823,0.07636314672886864,0.02678767250630274
2019-03-01,rb_advisor,balanced,rb_advisor:balanced,0.08844998214653066,0.06511456523653053,0.044969210216934556,0.03153551106886412,0.32846507623149396,0.32532449327237856,0.07427483547527887,0.041866326351988815
2019-04-01,rb_advisor,balanced,rb_advisor:balanced,0.10836649750670768,0.08525014594072862,0.04912072319490173,0.03480625567176705,0.30038158946674826,0.3157296904892181,0.059748157662631474,0.04659694006729701
2019-05-01,rb_advisor,balanced,rb_advisor:balanced,0.10153255161155779,0.08031965665696511,0.05164246310381344,0.03306284058226696,0.30729535312707307,0.3146046180701003,0.06574638171344337,0.04579613513478
2019-06-03,rb_advisor,balanced,rb_advisor:balanced,0.10554740454826227,0.07851840678650511,0.05362061777761116,0.03523700563518915,0.30746942420727064,0.3228987914037298,0.06397766181113279,0.032730687830299206
2019-07-01,rb_advisor,balanced,rb_advisor:balanced,0.09290801168027037,0.0727362655571613,0.042305056664739,0.031751423315002324,0.3297895262323801,0.3233884071993793,0.06776147557617011,0.039359833774897435
2019-08-01,rb_advisor,balanced,rb_advisor:balanced,0.10344433601406688,0.07733579761031761,0.04954032171796503,0.03393360174252589,0.30848882610053174,0.33248057133700587,0.0578047688287406,0.03697177664884643
2019-09-03,rb_advisor,balanced,rb_advisor:balanced,0.12028461561012779,0.0900180901752453,0.05801485471426931,0.04474078641147643,0.29353632166379406,0.2921958353685624,0.05263230462044633,0.04857719143607842
2019-10-01,rb_advisor,balanced,rb_advisor:balanced,0.0860243637750762,0.07178392567536843,0.04810590013523436,0.0392288800353053,0.3315166730291324,0.31746965283163947,0.06255613947118199,0.04331446504706181
2019-11-01,rb_advisor,balanced,rb_advisor:balanced,0.13042342298253928,0.09639642751984681,0.06274376323298167,0.049743835193816865,0.28649938340432335,0.2673044976041773,0.05929660871221193,0.04759206135010269
2019-12-02,rb_advisor,balanced,rb_advisor:balanced,0.11209090126870253,0.08766919024982607,0.05346708327341921,0.043277334079230935,0.3108849189989526,0.28476048734374954,0.06093166052478761,0.04691842426133156
2020-01-02,rb_advisor,balanced,rb_advisor:balanced,0.128826467871912,0.10005290193424617,0.061716162134328664,0.04862473360181811,0.30088626479177305,0.26754112557303733,0.061319314810351494,0.03103302928253323
2020-02-03,rb_advisor,balanced,rb_advisor:balanced,0.12463969248106714,0.09676267557553911,0.051051273249812165,0.041101586540571514,0.31511680138495757,0.26284429635728523,0.07017932025034504,0.038304354160422334
2020-03-02,rb_advisor,balanced,rb_advisor:balanced,0.09209021501804018,0.07542496420912027,0.042947288857990734,0.03282750182360335,0.3605875920212014,0.29795025684164367,0.06256054765559037,0.035611633572809914
2020-04-01,rb_advisor,balanced,rb_advisor:balanced,0.05774743781000249,0.05290217909362819,0.034998188967584255,0.03363286703366062,0.40388742560867946,0.34164226674340675,0.0587237949305888,0.016465839812449496
2020-05-01,rb_advisor,balanced,rb_advisor:balanced,0.07645282192229967,0.08847255564141958,0.03324707874199554,0.03423498206231324,0.18132164231232595,0.48373029803489215,0.08239840104869944,0.02014222023605441
2020-06-01,rb_advisor,balanced,rb_advisor:balanced,0.05916350995183001,0.0620358954036528,0.030078149207669366,0.030122075231554652,0.23489784270823433,0.5227282724776536,0.046315654186295116,0.01465860083311018
2020-07-01,rb_advisor,balanced,rb_advisor:balanced,0.07717071557239193,0.08724839729161707,0.030164052443175295,0.03185242100745758,0.24565051626966283,0.4621729791813372,0.048403812290198266,0.017337105944159895
2020-08-03,rb_advisor,balanced,rb_advisor:balanced,0.06130105637625836,0.06819719076430637,0.02899107698479449,0.03096154698994026,0.26167688269022976,0.4775287675747723,0.05531847192185058,0.016025006697847954
2020-09-01,rb_advisor,balanced,rb_advisor:balanced,0.08464688335493861,0.06543837030143551,0.030160839485630093,0.029556198540013446,0.23406942657961544,0.48957270288094146,0.04362124832636872,0.02293433053105674
2020-10-01,rb_advisor,balanced,rb_advisor:balanced,0.09959888046928632,0.06768372476307886,0.03950590117600629,0.03126072518437372,0.22763143396142405,0.47825740311107917,0.027772001527136186,0.02828992980761537
2020-11-02,rb_advisor,balanced,rb_advisor:balanced,0.05983792679822216,0.04463832358540556,0.0328759909308542,0.032373192576674176,0.24408666437895807,0.5231118292178685,0.0432317694810882,0.01984430303092909
2020-12-01,rb_advisor,balanced,rb_advisor:balanced,0.0732342887976798,0.06298289389169452,0.03899480725580542,0.03650989803877597,0.24069158907985,0.4790519416318998,0.04176076805782332,0.02677381324647124
2021-01-04,rb_advisor,balanced,rb_advisor:balanced,0.088536203713314,0.0676891614344009,0.0365963791662226,0.03635631020238692,0.2453026316433861,0.45480774903631466,0.04263932608725352,0.02807223871672126
2021-02-01,rb_advisor,balanced,rb_advisor:balanced,0.08916908913329277,0.07476514355538355,0.039756995303675075,0.03338158753576569,0.2242182736362925,0.4755436383110799,0.03810485444231682,0.02506041808219376
2021-03-01,rb_advisor,balanced,rb_advisor:balanced,0.08194031015796042,0.062043673702321486,0.03900898867205358,0.02803117231130303,0.24679037188925937,0.4759695944496409,0.03832510371042754,0.027890785107033658
2021-04-01,rb_advisor,balanced,rb_advisor:balanced,0.0963180847845508,0.07086846653044258,0.04966482477536898,0.033074181909032004,0.24411538665684393,0.4143009358553895,0.04982463440481467,0.0418334850835575
2021-05-03,rb_advisor,balanced,rb_advisor:balanced,0.10402469420953098,0.061390832537762445,0.06209293906484438,0.03354689430160981,0.30691443563307946,0.3281052649171211,0.05970518941344868,0.044219749922603094
2021-06-01,rb_advisor,balanced,rb_advisor:balanced,0.1076197264752157,0.07631403113584817,0.05652897679841864,0.04318224054786343,0.31154359757169586,0.28647087052495185,0.06347332832675888,0.05486722861924741
2021-07-01,rb_advisor,balanced,rb_advisor:balanced,0.09624122948207468,0.07117101375459266,0.051211888107059234,0.03648723122347229,0.332636818055299,0.31031303860485376,0.06220190032118954,0.03973688045145886
2021-08-02,rb_advisor,balanced,rb_advisor:balanced,0.11524991114246243,0.09268464028496678,0.06084217901292525,0.04478033893499854,0.3330593071929066,0.2507308518213389,0.05461789096968114,0.04803488064072021
2021-09-01,rb_advisor,balanced,rb_advisor:balanced,0.11043998230888692,0.0969695303814698,0.05807321037792794,0.03933319285496606,0.3369062969071005,0.2406616715366576,0.07113435753208214,0.04648175810090899
2021-10-01,rb_advisor,balanced,rb_advisor:balanced,0.11508692023841986,0.0847601060742768,0.06300269388313422,0.03881989846336609,0.34041667508924417,0.26114465384207447,0.050012726399170766,0.046756326010313695
2021-11-01,rb_advisor,balanced,rb_advisor:balanced,0.10690350019996096,0.08929313807458152,0.06041374040556997,0.047241832907071006,0.3460991530078182,0.24227811743006397,0.05874265557760752,0.049027862397326955
2021-12-01,rb_advisor,balanced,rb_advisor:balanced,0.11344463427665635,0.08797441440174814,0.06136505953287138,0.04473961852339197,0.3375160652645487,0.2457962418098685,0.06207403027122498,0.04708993591969
2022-01-03,rb_advisor,balanced,rb_advisor:balanced,0.11892089514107916,0.08653950468783607,0.06926763345167081,0.05526776944502048,0.3356458399086384,0.21703489211987673,0.06486053539429282,0.0524629298515855
2022-02-01,rb_advisor,balanced,rb_advisor:balanced,0.09167523608536307,0.06347876087252989,0.05531667074682468,0.053493270444193705,0.36500870169863636,0.26361393333745664,0.06668479724118911,0.04072862957380659
2022-03-01,rb_advisor,balanced,rb_advisor:balanced,0.08981114988605478,0.061898620160867966,0.05706077928466291,0.04417217181208562,0.36895144522218537,0.27000847457550875,0.06938343262749544,0.03871392643113925
2022-04-01,rb_advisor,balanced,rb_advisor:balanced,0.10251660621922273,0.07467960783029683,0.056206200440858084,0.05730842714329974,0.34603333878007514,0.23851804468978557,0.07937190140078572,0.045365873495676313
2022-05-02,rb_advisor,balanced,rb_advisor:balanced,0.09564484598338652,0.06748575380361851,0.04681839410200473,0.036874713888912836,0.3544061627265073,0.272101725166148,0.08485642294718396,0.04181198138223809
2022-06-01,rb_advisor,balanced,rb_advisor:balanced,0.08927596338428924,0.06466470293421873,0.0638758566186909,0.05709409656409431,0.32226452657178967,0.2610535945988317,0.10680702652326321,0.03496423280482231
2022-07-01,rb_advisor,balanced,rb_advisor:balanced,0.07757571609918085,0.059074284573233805,0.04766519670823055,0.04753498791328848,0.34329826242383404,0.2731616708333659,0.11850690386684688,0.033182977582019525
2022-08-01,rb_advisor,balanced,rb_advisor:balanced,0.10164036684390981,0.0860773724622893,0.05953647958824536,0.05803934307442744,0.30376671898367846,0.2335243569891896,0.12148295555350813,0.03593240650475196
2022-09-01,rb_advisor,balanced,rb_advisor:balanced,0.10821332195574947,0.08137131574291769,0.0509833810409702,0.06010117144164068,0.31906313688969024,0.23531702211356917,0.1031740956873324,0.04177655512813007
2022-10-03,rb_advisor,balanced,rb_advisor:balanced,0.10000119670292043,0.08049376388569326,0.056471235231103,0.05870631517009328,0.3007808594413096,0.24956587935443675,0.11713975573202498,0.036840994482418746
2022-11-01,rb_advisor,balanced,rb_advisor:balanced,0.11726511351094962,0.09770377148791623,0.06085190524040125,0.06655024451593936,0.29592345206920617,0.21595281505940708,0.1049158677359087,0.040836830380271597
2022-12-01,rb_advisor,balanced,rb_advisor:balanced,0.10056383556014653,0.08436663383790391,0.05939399073536077,0.058206699831673536,0.31553933658654904,0.24464525454444597,0.10495362209966425,0.03233062680425601
2023-01-03,rb_advisor,balanced,rb_advisor:balanced,0.11067148212000409,0.08257702774921664,0.05631618776136902,0.060992330963555164,0.30547826975135806,0.2514530172606922,0.09661526817047726,0.03589641622332762
2023-02-01,rb_advisor,balanced,rb_advisor:balanced,0.12365842426044699,0.10787660726387345,0.06641964073612593,0.06721798637028582,0.2801299216912959,0.22177729716537592,0.08772869231948595,0.04519143019310992
2023-03-01,rb_advisor,balanced,rb_advisor:balanced,0.1290200380093391,0.10306300725796072,0.0718107384563237,0.06181699227071148,0.2892639651039523,0.2189243878613885,0.08955047726575749,0.03655039377456682
2023-04-03,rb_advisor,balanced,rb_advisor:balanced,0.13020121293038778,0.09594653679195665,0.06760163474638327,0.05967116809094882,0.2825414744152354,0.2347736392455471,0.08698068489655854,0.04228364888298243
2023-05-01,rb_advisor,balanced,rb_advisor:balanced,0.14075391312727484,0.12415306185447646,0.06583814921997232,0.07279330426603227,0.28847601314278337,0.19527493001998564,0.07363443671289253,0.03907619165658254
2023-06-01,rb_advisor,balanced,rb_advisor:balanced,0.1439498481831475,0.12291771595193905,0.07007411100533446,0.06515702028402333,0.2750760809019667,0.20784813470065336,0.07163092132299474,0.043346167649940856
2023-07-03,rb_advisor,balanced,rb_advisor:balanced,0.13758328602651299,0.10840945226075972,0.062425352505249714,0.05881871292116555,0.28908479874028864,0.23065765156837653,0.06872540957004944,0.044295336407597516
2023-08-01,rb_advisor,balanced,rb_advisor:balanced,0.15129870896133704,0.10742392269605494,0.062673459757821,0.06283434362326351,0.28054804119582644,0.21741315886350684,0.073574587813504,0.044233777088686206
2023-09-01,rb_advisor,balanced,rb_advisor:balanced,0.16649069339010356,0.11727441092238035,0.06091158883963203,0.05393861929555852,0.26373084648436806,0.21011027614323613,0.07509648311580194,0.05244708180891942
2023-10-02,rb_advisor,balanced,rb_advisor:balanced,0.1337114402546739,0.10219925587563565,0.06354124786921259,0.060368550116095064,0.2836293893609566,0.2254187164989111,0.0825762234915098,0.04855517653300521
2023-11-01,rb_advisor,balanced,rb_advisor:balanced,0.1314308215928572,0.10404617430004351,0.059957692100200376,0.05899045857631442,0.27915398226164734,0.24511845634788845,0.08107286217972702,0.040229552641321636
2023-12-01,rb_advisor,balanced,rb_advisor:balanced,0.1501709674784529,0.11893580155560257,0.07322381412650235,0.0694023775050977,0.24999538483883404,0.20476619037286134,0.0836909109348313,0.04981455318781788
2024-01-02,rb_advisor,balanced,rb_advisor:balanced,0.162556246481397,0.13180357675937468,0.07199165689134668,0.06035443910680236,0.24204548556932487,0.19729217308267125,0.09373532591414428,0.04022109619493888
2024-02-01,rb_advisor,balanced,rb_advisor:balanced,0.15865093394973648,0.12829971055695372,0.06958501939840196,0.05601861036088132,0.2499876317179661,0.21340089812478538,0.08344924638136633,0.04060794950990885
2024-03-01,rb_advisor,balanced,rb_advisor:balanced,0.1400900548813798,0.11416766029340782,0.06836017829708468,0.055818090936162856,0.2644423591189245,0.21716339707257595,0.09358315913914399,0.046375100261320364
2024-04-01,rb_advisor,balanced,rb_advisor:balanced,0.14394489011595174,0.11169754498336976,0.07236196690964453,0.057439430061952124,0.254971745860114,0.21269184557177395,0.10167942918198705,0.04521314731520689
2024-05-01,rb_advisor,balanced,rb_advisor:balanced,0.13586522742011037,0.10821215977487572,0.06510097934258426,0.06058195354803298,0.2786097783177336,0.22205103366739304,0.08801890930775194,0.04155995862151814
2024-06-03,rb_advisor,balanced,rb_advisor:balanced,0.13890764599976013,0.11764399364727546,0.06987194283089274,0.06032885914810716,0.2713695494234428,0.21696688814855214,0.08114487144972318,0.04376624935224639
2024-07-01,rb_advisor,balanced,rb_advisor:balanced,0.1483399165081538,0.14115737175988735,0.06036133960060869,0.060759277140315676,0.2654783740074339,0.21071002112556453,0.07036608984560014,0.042827610012435756
2024-08-01,rb_advisor,balanced,rb_advisor:balanced,0.16940451243668136,0.12328812435382648,0.06455802625270264,0.06009675094759645,0.25267091409541836,0.19422770023770533,0.07492281321736687,0.06083115845870238
2024-09-03,rb_advisor,balanced,rb_advisor:balanced,0.11577711146912278,0.08670079223628134,0.05660885436704697,0.05326558169117393,0.31034137720398336,0.25239515570531734,0.07574652458791141,0.0491646027391629
2024-10-01,rb_advisor,balanced,rb_advisor:balanced,0.1169110909032651,0.0939953156022897,0.06027679159358752,0.05523899453784554,0.30369046365212327,0.23380927699692977,0.08342716887386982,0.05265089784008941
2024-11-01,rb_advisor,balanced,rb_advisor:balanced,0.12116036910854693,0.09580918324709042,0.048490394671911165,0.039617792265101995,0.31944843737827755,0.2509827262889641,0.07510974573629206,0.04938135130381574
2024-12-02,rb_advisor,balanced,rb_advisor:balanced,0.12660279985549477,0.105168731183307,0.05906266999556862,0.04954664089701707,0.3007186215083684,0.25167596492971656,0.06274059811095918,0.04448397351956853
2012-01-03,rb_advisor,growth,rb_advisor:growth,0.0,0.0,0.0,0.0,0.0,0.0,0.0,0.0
2012-02-01,rb_advisor,growth,rb_advisor:growth,0.094427784467286,0.0891625578325866,0.03522969621906608,0.031666030057151816,0.24382567090234328,0.4296422468165841,0.053305336963586546,0.02274067674139554
2012-03-01,rb_advisor,growth,rb_advisor:growth,0.12505491664539256,0.10464548996237466,0.03888598572526193,0.0344348995436722,0.2183261349684163,0.4008309040437736,0.055388146889171354,0.02243352222193735
2012-04-02,rb_advisor,growth,rb_advisor:growth,0.1246493947121047,0.09988871760566126,0.039216889491813234,0.0346342046121333,0.23688971917823015,0.4017398285061777,0.03893088961400585,0.02405035627987375
2012-05-01,rb_advisor,growth,rb_advisor:growth,0.11340295201780774,0.0985692937394212,0.036765278652165626,0.03094606029932778,0.24171317296953743,0.4015737944380305,0.05042571745549429,0.026603730428215507
2012-06-01,rb_advisor,growth,rb_advisor:growth,0.09734445766043198,0.07652493534369918,0.03201481602805813,0.030793461141602595,0.2541625233508711,0.4331807353994434,0.053684448926502024,0.02229462214939151
2012-07-02,rb_advisor,growth,rb_advisor:growth,0.1053758493017357,0.08279730157918272,0.0408498660304458,0.03423083646468248,0.2454734774279556,0.4258761062610181,0.04212068049769908,0.02327588243728052
2012-08-01,rb_advisor,growth,rb_advisor:growth,0.09416205165568858,0.07768555300517326,0.03558380591202991,0.030072569617943,0.26713401939833814,0.4232538811907154,0.04908531402730886,0.023022805192803034
2012-09-04,rb_advisor,growth,rb_advisor:growth,0.09684500784069588,0.08207410207754776,0.03409868552609892,0.029286119034734024,0.25151751018620305,0.43131705664045433,0.048710295816170084,0.026151222878095917
2012-10-01,rb_advisor,growth,rb_advisor:growth,0.12543087369258357,0.09411002668325254,0.04199652194330385,0.04020656130960541,0.24456267776783622,0.3894227656388178,0.03508329808392525,0.02918727488067549
2012-11-01,rb_advisor,growth,rb_advisor:growth,0.1063835535770774,0.08289447244253371,0.037620698309128994,0.03179198874854898,0.28061858094634407,0.3975981307821391,0.03338637342135069,0.02970620177287709
2012-12-03,rb_advisor,growth,rb_advisor:growth,0.10651814365960817,0.08644798922306521,0.039773303376735285,0.03637571350672294,0.2777792312779096,0.37688502287308884,0.0421399959795742,0.034080600103295826
2013-01-02,rb_advisor,growth,rb_advisor:growth,0.09488419406262928,0.08341030356212956,0.04100900300257502,0.04003881233879178,0.28303920435000196,0.3824999712462948,0.04097594054835511,0.03414257088922253
2013-02-01,rb_advisor,growth,rb_advisor:growth,0.09473532968153851,0.0760545806752646,0.04562597634753285,0.0415500344883752,0.316014007618581,0.34446859656098633,0.044888829036879,0.0366626455908425
2013-03-01,rb_advisor,growth,rb_advisor:growth,0.11525522998685157,0.09020948425986981,0.0405089619145205,0.038295899197274746,0.2974966940328531,0.3368097819989894,0.04128302530046376,0.04014092330917715
2013-04-01,rb_advisor,growth,rb_advisor:growth,0.0980094730525072,0.08551902464389569,0.03718862824825769,0.039734504971342836,0.3151711643279413,0.3476452104901006,0.04042844384555701,0.036303550420397505
2013-05-01,rb_advisor,growth,rb_advisor:growth,0.10999851460597758,0.09151864803598242,0.04164280391582542,0.037115914288440965,0.28299452710257317,0.35136605870377985,0.044765979990125465,0.04059755335729501
2013-06-03,rb_advisor,growth,rb_advisor:growth,0.09382652073356279,0.08201679528246215,0.03842270036750588,0.03407511041956628,0.2906825591039211,0.40946101361267306,0.024303600966594202,0.027211699513714493
2013-07-01,rb_advisor,growth,rb_advisor:growth,0.11945533826183373,0.11670655112714386,0.04644196627093335,0.042951076177614525,0.29935424490131557,0.31489815311058594,0.031215677758455,0.02897699239211812
2013-08-01,rb_advisor,growth,rb_advisor:growth,0.13248013020424196,0.13883782414968565,0.05290820075386592,0.04128423567167327,0.23790800477014992,0.31246567294294114,0.05511865001528266,0.028997281492159646
2013-09-03,rb_advisor,growth,rb_advisor:growth,0.17724728086380392,0.15798177770189023,0.0652887035143836,0.044217587947963835,0.2093149187586347,0.2418490906889252,0.06548051345844003,0.03862012706595847
2013-10-01,rb_advisor,growth,rb_advisor:growth,0.15762559660328582,0.14268459578793383,0.061173395567195185,0.04891266418557962,0.24019874117270054,0.25298954018301517,0.05828333337615815,0.0381321331241316
2013-11-01,rb_advisor,growth,rb_advisor:growth,0.18014529839141963,0.17283164559024258,0.06330608049263182,0.044456527385043326,0.21565088215355982,0.23060106091353305,0.05744050068551041,0.03556800438805926
2013-12-02,rb_advisor,growth,rb_advisor:growth,0.1502074633334099,0.14111719211960086,0.06319873962272228,0.05281285938086364,0.24852619657758332,0.24485799045834994,0.06401084437168122,0.035268714135788755
2014-01-02,rb_advisor,growth,rb_advisor:growth,0.17777160121856686,0.15704386334641296,0.0717033593586255,0.050991791481587986,0.22255842012766197,0.20113692274546272,0.07361986221993584,0.045174179501745994
2014-02-03,rb_advisor,growth,rb_advisor:growth,0.15239835539536606,0.15440765135568527,0.06044940925948696,0.04251718319220033,0.2574884372042416,0.21969936948108096,0.06948048284862625,0.043559111263312626
2014-03-03,rb_advisor,growth,rb_advisor:growth,0.15231054614366848,0.14050953930543936,0.06416282828210775,0.05379565464405881,0.24173666598697352,0.213012578762747,0.08768314759295727,0.04678903928204777
2014-04-01,rb_advisor,growth,rb_advisor:growth,0.1532378580039036,0.14196095094267752,0.05980374986327189,0.0524280023005705,0.2439470831616839,0.21540496766759848,0.08151016272322432,0.05170722533706972
2014-05-01,rb_advisor,growth,rb_advisor:growth,0.17368371074739225,0.1397115685698704,0.06497398890032226,0.053499530532948515,0.2438903244975669,0.19786781965941524,0.08073048998222467,0.045642567110259616
2014-06-02,rb_advisor,growth,rb_advisor:growth,0.14489704647272875,0.11775513048269491,0.0681006687736415,0.06306757045920403,0.25714405630215187,0.20705429738174916,0.08891924462250723,0.05306198550532252
2014-07-01,rb_advisor,growth,rb_advisor:growth,0.16507644753409126,0.14117133244342409,0.07830483853478251,0.05911220956699305,0.22916779654453667,0.18909325784614503,0.08923910898006818,0.04883500854995918
2014-08-01,rb_advisor,growth,rb_advisor:growth,0.1672457609759967,0.15069196719469513,0.06926543819146587,0.06315793191847241,0.2434828520343949,0.1936084322387282,0.07186033084451209,0.04068728660173484
2014-09-02,rb_advisor,growth,rb_advisor:growth,0.15468044292035288,0.13665449148536343,0.0650251695930002,0.06006285790002868,0.2407137910455938,0.2114444216877079,0.08116363127945375,0.050255194088499364
2014-10-01,rb_advisor,growth,rb_advisor:growth,0.15162074760996286,0.14627502457709865,0.06307724967014142,0.052835853004345054,0.2494408812901351,0.21887194951836775,0.07704470102627621,0.04083359330367293
2014-11-03,rb_advisor,growth,rb_advisor:growth,0.1408669081583948,0.12197637011573056,0.06473919577826755,0.05086151117398719,0.26714099263693236,0.2286159891606411,0.08760799864852918,0.03819103432751722
2014-12-01,rb_advisor,growth,rb_advisor:growth,0.10922922990171335,0.10045556883444309,0.046638180524244566,0.05036634141521393,0.2905309172251433,0.2684447475249961,0.0914724746970742,0.04286253987717136
2015-01-02,rb_advisor,growth,rb_advisor:growth,0.16216994771889784,0.12571058668744148,0.05631411958465414,0.041528292620507556,0.25926364092401427,0.2541621944636686,0.05739153011903005,0.04345968788178593
2015-02-02,rb_advisor,growth,rb_advisor:growth,0.1173084604760803,0.11189425862652694,0.05813191951636706,0.05401222192265102,0.28443142184720693,0.2510683448507136,0.08253315434590837,0.04062021841454577
2015-03-02,rb_advisor,growth,rb_advisor:growth,0.12145035133688944,0.1131808758064588,0.055863381990548716,0.0489012731363065,0.2898876023816142,0.25660487248763786,0.07123344995165576,0.04287819290888868
2015-04-01,rb_advisor,growth,rb_advisor:growth,0.15028274317810503,0.13224141693637884,0.05840909483519119,0.05139655465335206,0.25126722677012986,0.23860758397690718,0.08306251212925578,0.03473286752068012
2015-05-01,rb_advisor,growth,rb_advisor:growth,0.14644706270039762,0.14289506996243792,0.05806549956651906,0.05566658546352652,0.24445449050628518,0.22738050299396748,0.09044170028521532,0.03464908852165089
2015-06-01,rb_advisor,growth,rb_advisor:growth,0.1483576410502283,0.11968271420824522,0.06181168158235869,0.04849299098861216,0.2675554598415849,0.23992818401255922,0.07558258853859429,0.038588739777817245
2015-07-01,rb_advisor,growth,rb_advisor:growth,0.16453532715443575,0.13734948666401683,0.05956103128833278,0.063448667942152,0.23942600033261466,0.2005568825873598,0.09696239177487036,0.0381602122562179
2015-08-03,rb_advisor,growth,rb_advisor:growth,0.15510667134120246,0.13981541219782564,0.056976357885900976,0.05414236053280248,0.24940084906487958,0.2032284382242424,0.09552990784324494,0.04580000290990173
2015-09-01,rb_advisor,growth,rb_advisor:growth,0.1330055128805092,0.11238413418555195,0.04708694953988361,0.04014392474236178,0.28452800878292434,0.2414896797820437,0.0944202577765732,0.046941532310152266
2015-10-01,rb_advisor,growth,rb_advisor:growth,0.09334177559820085,0.0884658201534907,0.04871886639628754,0.03899227448950129,0.32714280562435233,0.2732587524671384,0.0995956353895071,0.030484069881521903
2015-11-02,rb_advisor,growth,rb_advisor:growth,0.1203691030534898,0.11632482763678548,0.04958194555649159,0.04484734063225221,0.29473506867923405,0.2461536807368642,0.09055431144612763,0.03743372225875506
2015-12-01,rb_advisor,growth,rb_advisor:growth,0.13186156059022552,0.11335051882002439,0.05966202347419497,0.04121860380744119,0.2907720232904911,0.24911952976862228,0.07791678382381752,0.03609895642518301
2016-01-04,rb_advisor,growth,rb_advisor:growth,0.12005571330984191,0.10603860681147075,0.05863179713587409,0.04021349796106543,0.30107085012514334,0.26701144407156613,0.07800700195181488,0.028971088633223414
2016-02-01,rb_advisor,growth,rb_advisor:growth,0.10705741202504718,0.09851566221942726,0.051858397720427885,0.04406681995274676,0.3271609804256517,0.25511074906201986,0.0799499581520955,0.03628002044258394
2016-03-01,rb_advisor,growth,rb_advisor:growth,0.1003389769127103,0.09009744308203277,0.04262961013008476,0.03812557505596435,0.3314330812914381,0.2700473462340569,0.0985901521510954,0.02873781514261731
2016-04-01,rb_advisor,growth,rb_advisor:growth,0.11367351413431358,0.10070821280773481,0.04994904615811545,0.0436588025594411,0.31587088877387853,0.2611904500597067,0.08382873710828383,0.031120348398525993
2016-05-02,rb_advisor,growth,rb_advisor:growth,0.13331106659334277,0.10996177071973422,0.05435063016330852,0.042561196027245236,0.27560244815682183,0.26998551122947917,0.08325748876932311,0.030969888340745173
2016-06-01,rb_advisor,growth,rb_advisor:growth,0.12455596130986656,0.10791757444081428,0.04661135253089568,0.04018034505116835,0.28340476211394494,0.2873369285040027,0.07813305747245632,0.031860018576851126
2016-07-01,rb_advisor,growth,rb_advisor:growth,0.1135460150457719,0.09596570354794884,0.05099805792698267,0.04423389440856859,0.2740048861822843,0.30406420543800133,0.08923954646659625,0.02794769098384622
2016-08-01,rb_advisor,growth,rb_advisor:growth,0.1078956585948118,0.10509762855228914,0.0343694419732008,0.03513904040293232,0.2876733648177058,0.30130393453160204,0.08661512564880743,0.04190580547865065
2016-09-01,rb_advisor,growth,rb_advisor:growth,0.13794610987377418,0.12118865864772378,0.05568637890714061,0.04446691384137072,0.23558267303644465,0.2898866570330893,0.08266908279931724,0.03257352586113953
2016-10-03,rb_advisor,growth,rb_advisor:growth,0.1461640248741915,0.1271290203524185,0.06464730241885756,0.04601202299309733,0.2147379948196005,0.27100292109206986,0.09420657212575717,0.03610014132400763
2016-11-01,rb_advisor,growth,rb_advisor:growth,0.11842790076576204,0.11135733742978471,0.054879105998369676,0.03816717551644931,0.2302971973581728,0.3009919477631389,0.12041359718586457,0.025465737982458016
2016-12-01,rb_advisor,growth,rb_advisor:growth,0.14507565560386207,0.11665089680603268,0.06595421971043083,0.04148828801422707,0.21228669512443607,0.2888919170271151,0.10240651568895599,0.027245812024940197
2017-01-03,rb_advisor,growth,rb_advisor:growth,0.16393340628242936,0.1232477774596865,0.07660482738993984,0.04006793163522065,0.1894638076656054,0.25312304927637075,0.11677551707338074,0.03678368321736672
2017-02-01,rb_advisor,growth,rb_advisor:growth,0.1606446323733611,0.13945956913758092,0.071560136851522,0.04635408454369284,0.19069633032620267,0.22669167358562553,0.1295991008401623,0.034994472341852614
2017-03-01,rb_advisor,growth,rb_advisor:growth,0.18432701624713776,0.15093584032193114,0.07471953108591382,0.05528867102165889,0.18099347105722752,0.18958294324261793,0.12084636080873234,0.04330616621478045
2017-04-03,rb_advisor,growth,rb_advisor:growth,0.17246967087587275,0.15327203425556968,0.0819264564752785,0.053708276173637534,0.1902173411573796,0.18639889185288533,0.11525132186671247,0.04675600734266397
2017-05-01,rb_advisor,growth,rb_advisor:growth,0.17981945433538105,0.15727388473819887,0.08109100778991277,0.04946858568091805,0.18675759006332024,0.1837653288769347,0.11601936598696887,0.04580478252836543
2017-06-01,rb_advisor,growth,rb_advisor:growth,0.1756500659198906,0.15159756310519842,0.07134712897574397,0.05598368993231308,0.1953926787729653,0.1833919218518351,0.11330887298123934,0.05332807846081421
2017-07-03,rb_advisor,growth,rb_advisor:growth,0.16758092749140513,0.12899498191170103,0.0755634525714226,0.04877710385750354,0.21497010755058407,0.20020727082950726,0.10752802188655879,0.05637813390131758
2017-08-01,rb_advisor,growth,rb_advisor:growth,0.1893729736912528,0.1232241789490735,0.07889466166293331,0.06132206033724322,0.22737747732377298,0.16678289047179248,0.09202186719505781,0.061003890368874034
2017-09-01,rb_advisor,growth,rb_advisor:growth,0.1961224486785619,0.1458705271970525,0.08392883886069263,0.058660022774172656,0.2063836744364553,0.1654156375179164,0.09268865738905861,0.05093019314609006
2017-10-02,rb_advisor,growth,rb_advisor:growth,0.17094976420014216,0.12561104852531957,0.07883817362277752,0.055467334978814356,0.2404154967610829,0.1842213706092263,0.08777233115038366,0.05672448015225361
2017-11-01,rb_advisor,growth,rb_advisor:growth,0.20316299996552564,0.14162221395798877,0.07907076153997439,0.055673661274028535,0.21850427966053207,0.15662801530269088,0.08383712954663791,0.06150093875262182
2017-12-01,rb_advisor,growth,rb_advisor:growth,0.20133048382398264,0.12025333969918668,0.08338172294209928,0.05244083449839105,0.21561657301429768,0.16907373973958748,0.0880608000683709,0.06984250621408425
2018-01-02,rb_advisor,growth,rb_advisor:growth,0.18320873533942258,0.13138642725503755,0.07602473482785059,0.05086005091061209,0.23235693124201792,0.17597388842563164,0.08686551209618248,0.06332371990324502
2018-02-01,rb_advisor,growth,rb_advisor:growth,0.1905838814750306,0.12767352655864322,0.07939884451367077,0.05312216699740319,0.2353509196818203,0.17973211206444717,0.08513359937540198,0.04900494933358266
2018-03-01,rb_advisor,growth,rb_advisor:growth,0.1582694607653835,0.12553413792944823,0.07001420490894317,0.04974887987873543,0.25942613110467766,0.20520150332596834,0.08934529445096977,0.04246038763587387
2018-04-02,rb_advisor,growth,rb_advisor:growth,0.1081057377625138,0.09873997375382891,0.05407620165104427,0.04148978349553701,0.3009734206180369,0.24457999160970614,0.10813033602704585,0.04390455508228718
2018-05-01,rb_advisor,growth,rb_advisor:growth,0.10629441579452727,0.08769076688659062,0.06297040673135652,0.03887528007900984,0.28540810859799326,0.2868021730542007,0.08402583221074217,0.04793301664557986
2018-06-01,rb_advisor,growth,rb_advisor:growth,0.12318381272162249,0.09578129469857587,0.0736923647669179,0.04863280236156526,0.25360947919607374,0.26725777448176885,0.09090502785976409,0.04693744391371191
2018-07-02,rb_advisor,growth,rb_advisor:growth,0.1525121340097116,0.12777246150841712,0.06654056192916881,0.04523081901244218,0.2282268349581881,0.22917745661187552,0.09773986576403003,0.05279986620616661
2018-08-01,rb_advisor,growth,rb_advisor:growth,0.15114806318774043,0.10663031163916757,0.06292038836599738,0.044493703331414385,0.23718006974435285,0.272629219309326,0.08042833808457343,0.04456990633742794
2018-09-04,rb_advisor,growth,rb_advisor:growth,0.14167322933974746,0.09949759156670723,0.06125478966369647,0.03881947712860825,0.23613043383434143,0.3058575151779843,0.07622195805962896,0.04054500522928603
2018-10-01,rb_advisor,growth,rb_advisor:growth,0.14829177719134246,0.11441508712536236,0.05485555508137318,0.03497859535645222,0.24246022964332875,0.30182300474933194,0.06019779217790953,0.042977958674899654
2018-11-01,rb_advisor,growth,rb_advisor:growth,0.1518262611236412,0.09797976794321553,0.05903780634772097,0.04123364025382155,0.2230586667261623,0.30967358791544547,0.07846859455451974,0.03872167513547341
2018-12-03,rb_advisor,growth,rb_advisor:growth,0.09464521611017707,0.07128211203845619,0.052489634839845895,0.03454027159200454,0.2543259401355153,0.3707225133166112,0.08376850945292394,0.03822580251446594
2019-01-02,rb_advisor,growth,rb_advisor:growth,0.08071220672432013,0.0621491809029932,0.04567641887311177,0.03133418396236971,0.24861997919056836,0.39822920247322,0.08968092977043753,0.04359789810297938
2019-02-01,rb_advisor,growth,rb_advisor:growth,0.08239315537691798,0.06907864270026876,0.05414517451735507,0.04638024691950297,0.24442632388131116,0.37264062549002114,0.0986676279004612,0.032268203214161705
2019-03-01,rb_advisor,growth,rb_advisor:growth,0.11296674280860834,0.08457094895505252,0.05686333177033404,0.041368427819562244,0.21566863099825412,0.3468048437409433,0.09362607975729854,0.048130994149946885
2019-04-01,rb_advisor,growth,rb_advisor:growth,0.13663007787347012,0.10959211912191417,0.061481001307976284,0.04515178716171647,0.19364229607830216,0.32454891233364397,0.07586418825432913,0.05308961786864773
2019-05-01,rb_advisor,growth,rb_advisor:growth,0.12805944058503516,0.10370854762160997,0.06438965206698155,0.04288717667681317,0.2025934825497386,0.3212800247698277,0.08478159994835568,0.05230007578163824
2019-06-03,rb_advisor,growth,rb_advisor:growth,0.1331117043024816,0.10103091391410159,0.06669362252416096,0.04552046944412621,0.20341385016507124,0.330394804154254,0.08231239881464843,0.03752223668115599
2019-07-01,rb_advisor,growth,rb_advisor:growth,0.11824499715202348,0.0940615199443876,0.05379731472165298,0.04161607735554288,0.21850673122976802,0.3387606694919912,0.08943852206319629,0.045574168041437484
2019-08-01,rb_advisor,growth,rb_advisor:growth,0.1316771758870412,0.09986303133538367,0.06336514334616551,0.04464242090919409,0.20365227389948362,0.3365352704168171,0.07715212958461191,0.04311255462130311
2019-09-03,rb_advisor,growth,rb_advisor:growth,0.15104414637765082,0.11498096157503172,0.07374018878742442,0.05778739069925272,0.19259606654849845,0.2830990306013015,0.07091335780166591,0.05583885760917461
2019-10-01,rb_advisor,growth,rb_advisor:growth,0.1097553245104158,0.09324767184941446,0.06227695905315856,0.051707747730644536,0.22204684094176302,0.3215401610063914,0.08934409134731626,0.05008120356089591
2019-11-01,rb_advisor,growth,rb_advisor:growth,0.16025576253503684,0.12042096133017008,0.07793251430726925,0.06283184590000855,0.1866897165722287,0.2557581274328776,0.08290192988168,0.05320914204072912
2019-12-02,rb_advisor,growth,rb_advisor:growth,0.13949817511974316,0.11040394377272039,0.066837503426096,0.05477480255673627,0.2083094413021338,0.28033941234159343,0.08655054606563037,0.05328617541534652
2020-01-02,rb_advisor,growth,rb_advisor:growth,0.1582759709333173,0.12426276436489955,0.0759972729132572,0.060050693971571326,0.2027552404345505,0.2556196017257343,0.08785386380073892,0.035184591855931
2020-02-03,rb_advisor,growth,rb_advisor:growth,0.1549434526159454,0.12237735186318073,0.06427740590222364,0.05201421824535263,0.21723817557456998,0.24157017189603175,0.1027408644757865,0.044838359426909356
2020-03-02,rb_advisor,growth,rb_advisor:growth,0.11729746249702472,0.09744886150105904,0.055288476987575066,0.0419199392823433,0.26018169339138086,0.28998427650448183,0.09489922575791936,0.04298006407821586
2020-04-01,rb_advisor,growth,rb_advisor:growth,0.07509450356496286,0.06948649080473246,0.04526666371240821,0.04282907933366215,0.30224753922669395,0.3603294263541467,0.08535609550528188,0.0193902014981119
2020-05-01,rb_advisor,growth,rb_advisor:growth,0.09369771135904521,0.10655995529951465,0.04179232850379822,0.04241263801828992,0.09468800963446973,0.5022291657974113,0.09810592944432714,0.020514261943143895
2020-06-01,rb_advisor,growth,rb_advisor:growth,0.07565966153328635,0.077940338805222,0.039420794337855135,0.03883936300576252,0.12753648447009516,0.5681966970237318,0.05685128152826194,0.01555537929578517
2020-07-01,rb_advisor,growth,rb_advisor:growth,0.09865460653641657,0.1096689080205936,0.03943556027895965,0.04096035573537287,0.133382185136461,0.5002544178228991,0.05934367794680494,0.01830028852249209
2020-08-03,rb_advisor,growth,rb_advisor:growth,0.07924480090379324,0.08684612964561138,0.03827093728100624,0.04027063222245827,0.1432744032275705,0.5265106212431692,0.06853488503883971,0.017047590437551406
2020-09-01,rb_advisor,growth,rb_advisor:growth,0.10749000647632824,0.08183204739612981,0.039061409416663216,0.03779736788256826,0.12549293225650068,0.5316747704931677,0.05270830726905725,0.023943158809584888
2020-10-01,rb_advisor,growth,rb_advisor:growth,0.12621159323444908,0.0847427098177238,0.05094993246667438,0.03985200161712513,0.12182277311224295,0.5139737556293981,0.03305934441087154,0.02938788971151503
2020-11-02,rb_advisor,growth,rb_advisor:growth,0.0773187663165934,0.05706565603500738,0.04322691296167901,0.04203304362475363,0.13281754670394427,0.5745920951753305,0.05198168986606147,0.02096428931663041
2020-12-01,rb_advisor,growth,rb_advisor:growth,0.09385949745693749,0.08001418225092179,0.0508854982763542,0.047096526825541295,0.12980975242639473,0.5209123034719769,0.04944479518695316,0.027977444104920233
2021-01-04,rb_advisor,growth,rb_advisor:growth,0.11352411532020111,0.08648049040970511,0.04765934261308788,0.04701575202217707,0.13276901353781043,0.49292533082974455,0.05043485433072688,0.029191100936547146
2021-02-01,rb_advisor,growth,rb_advisor:growth,0.11276250941754672,0.09424757525100794,0.0510178547265015,0.042602737585327774,0.11927392768418268,0.510113765200816,0.04429739724988691,0.025684232884730582
2021-03-01,rb_advisor,growth,rb_advisor:growth,0.10595090134110535,0.08016476518040751,0.05116792134842809,0.0366977914730946,0.13468269629029742,0.5167155091348556,0.04543018498613975,0.0291902302456716
2021-04-01,rb_advisor,growth,rb_advisor:growth,0.12495293089335334,0.09215284823943597,0.06514835473759395,0.043386670008417325,0.1341240916856937,0.4374097413307853,0.0591489147246804,0.043676448380039964
2021-05-03,rb_advisor,growth,rb_advisor:growth,0.1470848892754393,0.09033647393260294,0.08482075977523611,0.04744621527321565,0.19919355481139683,0.3028051529133513,0.0781813653287581,0.05013158868999967
2021-06-01,rb_advisor,growth,rb_advisor:growth,0.15183919748430366,0.1132679075026044,0.07616623258469173,0.061691620979273644,0.20799644441444978,0.24356266712276237,0.08381111107619335,0.06166481883572094
2021-07-01,rb_advisor,growth,rb_advisor:growth,0.14266189266404383,0.11066009354147201,0.07304567263237713,0.05490395357567772,0.22787146082083964,0.259333460660961,0.08406288641378477,0.04746057969084374
2021-08-02,rb_advisor,growth,rb_advisor:growth,0.16640234421341318,0.14011364358680278,0.08378409325006118,0.06559360338236714,0.22556991839460813,0.19167781969982536,0.07054481374980899,0.05631376372311321
2021-09-01,rb_advisor,growth,rb_advisor:growth,0.15729369440495047,0.1451395245190939,0.07865997946637406,0.05655094140487415,0.2306671749333051,0.18711903334158406,0.09083126832312803,0.0537383836066902
2021-10-01,rb_advisor,growth,rb_advisor:growth,0.1665241870498451,0.1289540841215006,0.08697346519055679,0.056531041709705854,0.23591504797413337,0.2046942003370281,0.06548137778182109,0.054926595835408945
2021-11-01,rb_advisor,growth,rb_advisor:growth,0.15436198867879855,0.13581167451973383,0.08318763874937793,0.0682515784933062,0.2381229123954078,0.184165957574691,0.07817625032680331,0.0579219992618815
2021-12-01,rb_advisor,growth,rb_advisor:growth,0.16263483059438924,0.13301783618899035,0.08391098098713638,0.06376515526378247,0.23388448812987062,0.18361200991995974,0.08327367281043577,0.05590102610543536
2022-01-03,rb_advisor,growth,rb_advisor:growth,0.1651423929716319,0.12609585806480553,0.09266785953874104,0.07548385179549605,0.23028224950210993,0.16505918298948566,0.0847487455829532,0.06051985955477662
2022-02-01,rb_advisor,growth,rb_advisor:growth,0.13110783410696497,0.09441677674761101,0.0768615967292624,0.07548353278304311,0.26587096226047785,0.21633573483684726,0.09123366407305324,0.04868989846274017
2022-03-01,rb_advisor,growth,rb_advisor:growth,0.13011994366060173,0.09282927143950334,0.08053248252803295,0.06331106684886512,0.27141615575416084,0.21933468980927703,0.095532326458437,0.046924063501121986
2022-04-01,rb_advisor,growth,rb_advisor:growth,0.14087600196789696,0.10549864604035505,0.07524078565172854,0.07738803108011552,0.246172700871637,0.19401293855546933,0.1080446808255802,0.05276621500721727
2022-05-02,rb_advisor,growth,rb_advisor:growth,0.13343974557143556,0.09631394628957213,0.06345793141483269,0.051353948986614745,0.2543820774556939,0.23156060859336486,0.12011434196361306,0.04937739972487305
2022-06-01,rb_advisor,growth,rb_advisor:growth,0.12313965010947651,0.09092208700283458,0.0853987423207724,0.07817188506760503,0.22165023106093598,0.21199692418967006,0.14803393057391828,0.0406865496747872
2022-07-01,rb_advisor,growth,rb_advisor:growth,0.10754550362583509,0.08302466890586545,0.06452741638451692,0.06513576596938578,0.2436892331880756,0.2325820899215793,0.16489357083605188,0.03860175116869002
2022-08-01,rb_advisor,growth,rb_advisor:growth,0.1381855927195521,0.11792539287694156,0.07969747662203457,0.07708631076000598,0.2007463774140681,0.17928202418493466,0.16574265724708498,0.04133416817537797
2022-09-01,rb_advisor,growth,rb_advisor:growth,0.14988195806821475,0.113160025632441,0.06968814996165869,0.08113358574524832,0.21247549789188508,0.18137995302739274,0.14313094855398717,0.0491498811191723
2022-10-03,rb_advisor,growth,rb_advisor:growth,0.13940919166330257,0.11269651173535228,0.07807932040396631,0.07984880813982698,0.1973041896629459,0.18658292874443216,0.16268138288016035,0.04339766677001346
2022-11-01,rb_advisor,growth,rb_advisor:growth,0.16247862695065127,0.13536882627376856,0.08394359118731973,0.09023307175595185,0.18638095770227858,0.1515000822752642,0.14252629949055245,0.04756854436421337
2022-12-01,rb_advisor,growth,rb_advisor:growth,0.14497518104755153,0.12126560946609308,0.0856129147585863,0.08275120539241823,0.20399286338144404,0.17492457595515745,0.14717233423118872,0.039305315767560633
2023-01-03,rb_advisor,growth,rb_advisor:growth,0.16263745125118875,0.12089174178826088,0.08302076221672126,0.08843565677355102,0.19294500173838294,0.17267560778984523,0.13493294182436108,0.04446083661768886
2023-02-01,rb_advisor,growth,rb_advisor:growth,0.17491250665299748,0.1520508661274524,0.09437189833172266,0.09379379728520765,0.16973403954754476,0.14490252300065112,0.11642058777307748,0.05381378128134637
2023-03-01,rb_advisor,growth,rb_advisor:growth,0.18320508852477801,0.1459738889756694,0.10275017320907262,0.08678671991630865,0.1752967903784713,0.1430040216669946,0.11926188235389315,0.04372143497481227
2023-04-03,rb_advisor,growth,rb_advisor:growth,0.18837294569311466,0.13838146293538608,0.09880675522989056,0.08540831874345092,0.17052607901023728,0.15165350260860197,0.11533857682103528,0.05151235895828316
2023-05-01,rb_advisor,growth,rb_advisor:growth,0.1962937430236599,0.17352164957349628,0.09298922132855723,0.10084787626740058,0.17115469245319723,0.12393081739098025,0.09566841524926542,0.04559358471344309
2023-06-01,rb_advisor,growth,rb_advisor:growth,0.19988966405008937,0.1708621137762411,0.09866921948853805,0.08968407948522343,0.16428171593760063,0.1332362305602204,0.09306706664907194,0.050309910053015064
2023-07-03,rb_advisor,growth,rb_advisor:growth,0.19724149123354573,0.15591773056710226,0.09057507154537603,0.0837379659391231,0.1764591419911582,0.15038549995554507,0.0925413113095582,0.05314178745859136
2023-08-01,rb_advisor,growth,rb_advisor:growth,0.21216514072577625,0.15128420312731933,0.08921406158992688,0.0880449115623195,0.16949371565324395,0.14057904994331205,0.09764167920662369,0.05157723819147841
2023-09-01,rb_advisor,growth,rb_advisor:growth,0.2310492616911298,0.16390946207932752,0.08602577016027964,0.07543674330875409,0.15473682996260338,0.13059717314699756,0.09808123007266185,0.06016352957824622
2023-10-02,rb_advisor,growth,rb_advisor:growth,0.19024570189365808,0.14617707411708974,0.09201334565411087,0.08657510320880689,0.17209426544336623,0.14496441033010837,0.11056654709281165,0.057363552260048196
2023-11-01,rb_advisor,growth,rb_advisor:growth,0.18633608292969517,0.14866835273687837,0.08695736397658099,0.08478704063870902,0.17323719693510348,0.16234091463740816,0.110051183443006,0.047621864702618776
2023-12-01,rb_advisor,growth,rb_advisor:growth,0.20175252135426272,0.16156372679733966,0.1001349302833033,0.09399444268253425,0.1480110345646897,0.12938967392660805,0.10906970711334335,0.05608396327791908
2024-01-02,rb_advisor,growth,rb_advisor:growth,0.21267728134091266,0.17431038712071187,0.09605487653980475,0.08038927420998943,0.14359207649300834,0.12455713384094326,0.12358443290667377,0.04483453754795594
2024-02-01,rb_advisor,growth,rb_advisor:growth,0.21089078219979812,0.17241327900652,0.09450059782225267,0.07608199443909237,0.1498183466596502,0.13658940101641945,0.11345857289765053,0.04624702595861666
2024-03-01,rb_advisor,growth,rb_advisor:growth,0.18875407002823805,0.15537481894933824,0.09367516724032708,0.07679882304450007,0.1608013781995343,0.14149906316026686,0.12953667295657512,0.0535600064212202
2024-04-01,rb_advisor,growth,rb_advisor:growth,0.1898942582697072,0.14842562832098935,0.09799379334689808,0.0780607274229176,0.1549934183346219,0.13907735238813385,0.13982405914521395,0.05173076277151805
2024-05-01,rb_advisor,growth,rb_advisor:growth,0.18888115992767704,0.14919702767201462,0.0940445405680681,0.08558489788719466,0.16995768175202064,0.14192837252589746,0.12000792036413807,0.050398399302989366
2024-06-03,rb_advisor,growth,rb_advisor:growth,0.1942781113659723,0.16294063506234657,0.1013113496047935,0.08581163637300383,0.1616251436751033,0.1342870816222629,0.10606492963805363,0.05368111265846407
2024-07-01,rb_advisor,growth,rb_advisor:growth,0.2081685698962123,0.19555917819630683,0.08809656903252402,0.08669869707228613,0.15375873448753088,0.12599369416527198,0.0890284623463969,0.05269609480347087
2024-08-01,rb_advisor,growth,rb_advisor:growth,0.23350122943643137,0.16757673106015655,0.09229759670611834,0.08427412623079428,0.14275416137840058,0.11305005290155917,0.09258219187678074,0.0739639104097589
2024-09-03,rb_advisor,growth,rb_advisor:growth,0.17395135975321002,0.12807792683711897,0.08799427888778408,0.08149894023193559,0.19577990681450533,0.1643645418494511,0.1022725563608307,0.06606048926516425
2024-10-01,rb_advisor,growth,rb_advisor:growth,0.16856901590236317,0.1335494402318838,0.09007953954346762,0.08133442391351792,0.19295547065265106,0.15588962708357954,0.10894894619165345,0.06867353648088352
2024-11-01,rb_advisor,growth,rb_advisor:growth,0.17758760904713183,0.13845807646998837,0.07337994234065846,0.05929291145988703,0.21080796981079478,0.17480841786502563,0.0994419616802192,0.06622311132629466
2024-12-02,rb_advisor,growth,rb_advisor:growth,0.18119731435839767,0.14798854243594806,0.08802423341061043,0.07244463448902623,0.19656722571717036,0.1742285867352628,0.08050330557530438,0.059046157278280054
