date,allocator_id,profile,portfolio,SPY,QQQ,EFA,EEM,AGG,IEF,GLD,VNQ
2012-01-03,one_over_n,,one_over_n,0.125,0.125,0.125,0.125,0.125,0.125,0.125,0.125
2012-02-01,one_over_n,,one_over_n,0.125,0.125,0.125,0.125,0.125,0.125,0.125,0.125
2012-03-01,one_over_n,,one_over_n,0.125,0.125,0.125,0.125,0.125,0.125,0.125,0.125
2012-04-02,one_over_n,,one_over_n,0.125,0.125,0.125,0.125,0.125,0.125,0.125,0.125
2012-05-01,one_over_n,,one_over_n,0.125,0.125,0.125,0.125,0.125,0.125,0.125,0.125
2012-06-01,one_over_n,,one_over_n,0.125,0.125,0.125,0.125,0.125,0.125,0.125,0.125
2012-07-02,one_over_n,,one_over_n,0.125,0.125,0.125,0.125,0.125,0.125,0.125,0.125
2012-08-01,one_over_n,,one_over_n,0.125,0.125,0.125,0.125,0.125,0.125,0.125,0.125
2012-09-04,one_over_n,,one_over_n,0.125,0.125,0.125,0.125,0.125,0.125,0.125,0.125
2012-10-01,one_over_n,,one_over_n,0.125,0.125,0.125,0.125,0.125,0.125,0.125,0.125
2012-11-01,one_over_n,,one_over_n,0.125,0.125,0.125,0.125,0.125,0.125,0.125,0.125
2012-12-03,one_over_n,,one_over_n,0.125,0.125,0.125,0.125,0.125,0.125,0.125,0.125
2013-01-02,one_over_n,,one_over_n,0.125,0.125,0.125,0.125,0.125,0.125,0.125,0.125
2013-02-01,one_over_n,,one_over_n,0.125,0.125,0.125,0.125,0.125,0.125,0.125,0.125
2013-03-01,one_over_n,,one_over_n,0.125,0.125,0.125,0.125,0.125,0.125,0.125,0.125
2013-04-01,one_over_n,,one_over_n,0.125,0.125,0.125,0.125,0.125,0.125,0.125,0.125
2013-05-01,one_over_n,,one_over_n,0.125,0.125,0.125,0.125,0.125,0.125,0.125,0.125
2013-06-03,one_over_n,,one_over_n,0.125,0.125,0.125,0.125,0.125,0.125,0.125,0.125
2013-07-01,one_over_n,,one_over_n,0.125,0.125,0.125,0.125,0.125,0.125,0.125,0.125
2013-08-01,one_over_n,,one_over_n,0.125,0.125,0.125,0.125,0.125,0.125,0.125,0.125
2013-09-03,one_over_n,,one_over_n,0.125,0.125,0.125,0.125,0.125,0.125,0.125,0.125
2013-10-01,one_over_n,,one_over_n,0.125,0.125,0.125,0.125,0.125,0.125,0.125,0.125
2013-11-01,one_over_n,,one_over_n,0.125,0.125,0.125,0.125,0.125,0.125,0.125,0.125
2013-12-02,one_over_n,,one_over_n,0.125,0.125,0.125,0.125,0.125,0.125,0.125,0.125
2014-01-02,one_over_n,,one_over_n,0.125,0.125,0.125,0.125,0.125,0.125,0.125,0.125
2014-02-03,one_over_n,,one_over_n,0.125,0.125,0.125,0.125,0.125,0.125,0.125,0.125
2014-03-03,one_over_n,,one_over_n,0.125,0.125,0.125,0.125,0.125,0.125,0.125,0.125
2014-04-01,one_over_n,,one_over_n,0.125,0.125,0.125,0.125,0.125,0.125,0.125,0.125
2014-05-01,one_over_n,,one_over_n,0.125,0.125,0.125,0.125,0.125,0.125,0.125,0.125
2014-06-02,one_over_n,,one_over_n,0.125,0.125,0.125,0.125,0.125,0.125,0.125,0.125
2014-07-01,one_over_n,,one_over_n,0.125,0.125,0.125,0.125,0.125,0.125,0.125,0.125
2014-08-01,one_over_n,,one_over_n,0.125,0.125,0.125,0.125,0.125,0.125,0.125,0.125
2014-09-02,one_over_n,,one_over_n,0.125,0.125,0.125,0.125,0.125,0.125,0.125,0.125
2014-10-01,one_over_n,,one_over_n,0.125,0.125,0.125,0.125,0.125,0.125,0.125,0.125
2014-11-03,one_over_n,,one_over_n,0.125,0.125,0.125,0.125,0.125,0.125,0.125,0.125
2014-12-01,one_over_n,,one_over_n,0.125,0.125,0.125,0.125,0.125,0.125,0.125,0.125
2015-01-02,one_over_n,,one_over_n,0.125,0.125,0.125,0.125,0.125,0.125,0.125,0.125
2015-02-02,one_over_n,,one_over_n,0.125,0.125,0.125,0.125,0.125,0.125,0.125,0.125
2015-03-02,one_over_n,,one_over_n,0.125,0.125,0.125,0.125,0.125,0.125,0.125,0.125
2015-04-01,one_over_n,,one_over_n,0.125,0.125,0.125,0.125,0.125,0.125,0.125,0.125
2015-05-01,one_over_n,,one_over_n,0.125,0.125,0.125,0.125,0.125,0.125,0.125,0.125
2015-06-01,one_over_n,,one_over_n,0.125,0.125,0.125,0.125,0.125,0.125,0.125,0.125
2015-07-01,one_over_n,,one_over_n,0.125,0.125,0.125,0.125,0.125,0.125,0.125,0.125
2015-08-03,one_over_n,,one_over_n,0.125,0.125,0.125,0.125,0.125,0.125,0.125,0.125
2015-09-01,one_over_n,,one_over_n,0.125,0.125,0.125,0.125,0.125,0.125,0.125,0.125
2015-10-01,one_over_n,,one_over_n,0.125,0.125,0.125,0.125,0.125,0.125,0.125,0.125
2015-11-02,one_over_n,,one_over_n,0.125,0.125,0.125,0.125,0.125,0.125,0.125,0.125
2015-12-01,one_over_n,,one_over_n,0.125,0.125,0.125,0.125,0.125,0.125,0.125,0.125
2016-01-04,one_over_n,,one_over_n,0.125,0.125,0.125,0.125,0.125,0.125,0.125,0.125
2016-02-01,one_over_n,,one_over_n,0.125,0.125,0.125,0.125,0.125,0.125,0.125,0.125
2016-03-01,one_over_n,,one_over_n,0.125,0.125,0.125,0.125,0.125,0.125,0.125,0.125
2016-04-01,one_over_n,,one_over_n,0.125,0.125,0.125,0.125,0.125,0.125,0.125,0.125
2016-05-02,one_over_n,,one_over_n,0.125,0.125,0.125,0.125,0.125,0.125,0.125,0.125
2016-06-01,one_over_n,,one_over_n,0.125,0.125,0.125,0.125,0.125,0.125,0.125,0.125
2016-07-01,one_over_n,,one_over_n,0.125,0.125,0.125,0.125,0.125,0.125,0.125,0.125
2016-08-01,one_over_n,,one_over_n,0.125,0.125,0.125,0.125,0.125,0.125,0.125,0.125
2016-09-01,one_over_n,,one_over_n,0.125,0.125,0.125,0.125,0.125,0.125,0.125,0.125
2016-10-03,one_over_n,,one_over_n,0.125,0.125,0.125,0.125,0.125,0.125,0.125,0.125
2016-11-01,one_over_n,,one_over_n,0.125,0.125,0.125,0.125,0.125,0.125,0.125,0.125
2016-12-01,one_over_n,,one_over_n,0.125,0.125,0.125,0.125,0.125,0.125,0.125,0.125
2017-01-03,one_over_n,,one_over_n,0.125,0.125,0.125,0.125,0.125,0.125,0.125,0.125
2017-02-01,one_over_n,,one_over_n,0.125,0.125,0.125,0.125,0.125,0.125,0.125,0.125
2017-03-01,one_over_n,,one_over_n,0.125,0.125,0.125,0.125,0.125,0.125,0.125,0.125
2017-04-03,one_over_n,,one_over_n,0.125,0.125,0.125,0.125,0.125,0.125,0.125,0.125
2017-05-01,one_over_n,,one_over_n,0.125,0.125,0.125,0.125,0.125,0.125,0.125,0.125
2017-06-01,one_over_n,,one_over_n,0.125,0.125,0.125,0.125,0.125,0.125,0.125,0.125
2017-07-03,one_over_n,,one_over_n,0.125,0.125,0.125,0.125,0.125,0.125,0.125,0.125
2017-08-01,one_over_n,,one_over_n,0.125,0.125,0.125,0.125,0.125,0.125,0.125,0.125
2017-09-01,one_over_n,,one_over_n,0.125,0.125,0.125,0.125,0.125,0.125,0.125,0.125
2017-10-02,one_over_n,,one_over_n,0.125,0.125,0.125,0.125,0.125,0.125,0.125,0.125
2017-11-01,one_over_n,,one_over_n,0.125,0.125,0.125,0.125,0.125,0.125,0.125,0.125
2017-12-01,one_over_n,,one_over_n,0.125,0.125,0.125,0.125,0.125,0.125,0.125,0.125
2018-01-02,one_over_n,,one_over_n,0.125,0.125,0.125,0.125,0.125,0.125,0.125,0.125
2018-02-01,one_over_n,,one_over_n,0.125,0.125,0.125,0.125,0.125,0.125,0.125,0.125
2018-03-01,one_over_n,,one_over_n,0.125,0.125,0.125,0.125,0.125,0.125,0.125,0.125
2018-04-02,one_over_n,,one_over_n,0.125,0.125,0.125,0.125,0.125,0.125,0.125,0.125
2018-05-01,one_over_n,,one_over_n,0.125,0.125,0.125,0.125,0.125,0.125,0.125,0.125
2018-06-01,one_over_n,,one_over_n,0.125,0.125,0.125,0.125,0.125,0.125,0.125,0.125
2018-07-02,one_over_n,,one_over_n,0.125,0.125,0.125,0.125,0.125,0.125,0.125,0.125
2018-08-01,one_over_n,,one_over_n,0.125,0.125,0.125,0.125,0.125,0.125,0.125,0.125
2018-09-04,one_over_n,,one_over_n,0.125,0.125,0.125,0.125,0.125,0.125,0.125,0.125
2018-10-01,one_over_n,,one_over_n,0.125,0.125,0.125,0.125,0.125,0.125,0.125,0.125
2018-11-01,one_over_n,,one_over_n,0.125,0.125,0.125,0.125,0.125,0.125,0.125,0.125
2018-12-03,one_over_n,,one_over_n,0.125,0.125,0.125,0.125,0.125,0.125,0.125,0.125
2019-01-02,one_over_n,,one_over_n,0.125,0.125,0.125,0.125,0.125,0.125,0.125,0.125
2019-02-01,one_over_n,,one_over_n,0.125,0.125,0.125,0.125,0.125,0.125,0.125,0.125
2019-03-01,one_over_n,,one_over_n,0.125,0.125,0.125,0.125,0.125,0.125,0.125,0.125
2019-04-01,one_over_n,,one_over_n,0.125,0.125,0.125,0.125,0.125,0.125,0.125,0.125
2019-05-01,one_over_n,,one_over_n,0.125,0.125,0.125,0.125,0.125,0.125,0.125,0.125
2019-06-03,one_over_n,,one_over_n,0.125,0.125,0.125,0.125,0.125,0.125,0.125,0.125
2019-07-01,one_over_n,,one_over_n,0.125,0.125,0.125,0.125,0.125,0.125,0.125,0.125
2019-08-01,one_over_n,,one_over_n,0.125,0.125,0.125,0.125,0.125,0.125,0.125,0.125
2019-09-03,one_over_n,,one_over_n,0.125,0.125,0.125,0.125,0.125,0.125,0.125,0.125
2019-10-01,one_over_n,,one_over_n,0.125,0.125,0.125,0.125,0.125,0.125,0.125,0.125
2019-11-01,one_over_n,,one_over_n,0.125,0.125,0.125,0.125,0.125,0.125,0.125,0.125
2019-12-02,one_over_n,,one_over_n,0.125,0.125,0.125,0.125,0.125,0.125,0.125,0.125
2020-01-02,one_over_n,,one_over_n,0.125,0.125,0.125,0.125,0.125,0.125,0.125,0.125
2020-02-03,one_over_n,,one_over_n,0.125,0.125,0.125,0.125,0.125,0.125,0.125,0.125
2020-03-02,one_over_n,,one_over_n,0.125,0.125,0.125,0.125,0.125,0.125,0.125,0.125
2020-04-01,one_over_n,,one_over_n,0.125,0.125,0.125,0.125,0.125,0.125,0.125,0.125
2020-05-01,one_over_n,,one_over_n,0.125,0.125,0.125,0.125,0.125,0.125,0.125,0.125
2020-06-01,one_over_n,,one_over_n,0.125,0.125,0.125,0.125,0.125,0.125,0.125,0.125
2020-07-01,one_over_n,,one_over_n,0.125,0.125,0.125,0.125,0.125,0.125,0.125,0.125
2020-08-03,one_over_n,,one_over_n,0.125,0.125,0.125,0.125,0.125,0.125,0.125,0.125
2020-09-01,one_over_n,,one_over_n,0.125,0.125,0.125,0.125,0.125,0.125,0.125,0.125
2020-10-01,one_over_n,,one_over_n,0.125,0.125,0.125,0.125,0.125,0.125,0.125,0.125
2020-11-02,one_over_n,,one_over_n,0.125,0.125,0.125,0.125,0.125,0.125,0.125,0.125
2020-12-01,one_over_n,,one_over_n,0.125,0.125,0.125,0.125,0.125,0.125,0.125,0.125
2021-01-04,one_over_n,,one_over_n,0.125,0.125,0.125,0.125,0.125,0.125,0.125,0.125
2021-02-01,one_over_n,,one_over_n,0.125,0.125,0.125,0.125,0.125,0.125,0.125,0.125
2021-03-01,one_over_n,,one_over_n,0.125,0.125,0.125,0.125,0.125,0.125,0.125,0.125
2021-04-01,one_over_n,,one_over_n,0.125,0.125,0.125,0.125,0.125,0.125,0.125,0.125
2021-05-03,one_over_n,,one_over_n,0.125,0.125,0.125,0.125,0.125,0.125,0.125,0.125
2021-06-01,one_over_n,,one_over_n,0.125,0.125,0.125,0.125,0.125,0.125,0.125,0.125
2021-07-01,one_over_n,,one_over_n,0.125,0.125,0.125,0.125,0.125,0.125,0.125,0.125
2021-08-02,one_over_n,,one_over_n,0.125,0.125,0.125,0.125,0.125,0.125,0.125,0.125
2021-09-01,one_over_n,,one_over_n,0.125,0.125,0.125,0.125,0.125,0.125,0.125,0.125
2021-10-01,one_over_n,,one_over_n,0.125,0.125,0.125,0.125,0.125,0.125,0.125,0.125
2021-11-01,one_over_n,,one_over_n,0.125,0.125,0.125,0.125,0.125,0.125,0.125,0.125
2021-12-01,one_over_n,,one_over_n,0.125,0.125,0.125,0.125,0.125,0.125,0.125,0.125
2022-01-03,one_over_n,,one_over_n,0.125,0.125,0.125,0.125,0.125,0.125,0.125,0.125
2022-02-01,one_over_n,,one_over_n,0.125,0.125,0.125,0.125,0.125,0.125,0.125,0.125
2022-03-01,one_over_n,,one_over_n,0.125,0.125,0.125,0.125,0.125,0.125,0.125,0.125
2022-04-01,one_over_n,,one_over_n,0.125,0.125,0.125,0.125,0.125,0.125,0.125,0.125
2022-05-02,one_over_n,,one_over_n,0.125,0.125,0.125,0.125,0.125,0.125,0.125,0.125
2022-06-01,one_over_n,,one_over_n,0.125,0.125,0.125,0.125,0.125,0.125,0.125,0.125
2022-07-01,one_over_n,,one_over_n,0.125,0.125,0.125,0.125,0.125,0.125,0.125,0.125
2022-08-01,one_over_n,,one_over_n,0.125,0.125,0.125,0.125,0.125,0.125,0.125,0.125
2022-09-01,one_over_n,,one_over_n,0.125,0.125,0.125,0.125,0.125,0.125,0.125,0.125
2022-10-03,one_over_n,,one_over_n,0.125,0.125,0.125,0.125,0.125,0.125,0.125,0.125
2022-11-01,one_over_n,,one_over_n,0.125,0.125,0.125,0.125,0.125,0.125,0.125,0.125
2022-12-01,one_over_n,,one_over_n,0.125,0.125,0.125,0.125,0.125,0.125,0.125,0.125
2023-01-03,one_over_n,,one_over_n,0.125,0.125,0.125,0.125,0.125,0.125,0.125,0.125
2023-02-01,one_over_n,,one_over_n,0.125,0.125,0.125,0.125,0.125,0.125,0.125,0.125
2023-03-01,one_over_n,,one_over_n,0.125,0.125,0.125,0.125,0.125,0.125,0.125,0.125
2023-04-03,one_over_n,,one_over_n,0.125,0.125,0.125,0.125,0.125,0.125,0.125,0.125
2023-05-01,one_over_n,,one_over_n,0.125,0.125,0.125,0.125,0.125,0.125,0.125,0.125
2023-06-01,one_over_n,,one_over_n,0.125,0.125,0.125,0.125,0.125,0.125,0.125,0.125
2023-07-03,one_over_n,,one_over_n,0.125,0.125,0.125,0.125,0.125,0.125,0.125,0.125
2023-08-01,one_over_n,,one_over_n,0.125,0.125,0.125,0.125,0.125,0.125,0.125,0.125
2023-09-01,one_over_n,,one_over_n,0.125,0.125,0.125,0.125,0.125,0.125,0.125,0.125
2023-10-02,one_over_n,,one_over_n,0.125,0.125,0.125,0.125,0.125,0.125,0.125,0.125
2023-11-01,one_over_n,,one_over_n,0.125,0.125,0.125,0.125,0.125,0.125,0.125,0.125
2023-12-01,one_over_n,,one_over_n,0.125,0.125,0.125,0.125,0.125,0.125,0.125,0.125
2024-01-02,one_over_n,,one_over_n,0.125,0.125,0.125,0.125,0.125,0.125,0.125,0.125
2024-02-01,one_over_n,,one_over_n,0.125,0.125,0.125,0.125,0.125,0.125,0.125,0.125
2024-03-01,one_over_n,,one_over_n,0.125,0.125,0.125,0.125,0.125,0.125,0.125,0.125
2024-04-01,one_over_n,,one_over_n,0.125,0.125,0.125,0.125,0.125,0.125,0.125,0.125
2024-05-01,one_over_n,,one_over_n,0.125,0.125,0.125,0.125,0.125,0.125,0.125,0.125
2024-06-03,one_over_n,,one_over_n,0.125,0.125,0.125,0.125,0.125,0.125,0.125,0.125
2024-07-01,one_over_n,,one_over_n,0.125,0.125,0.125,0.125,0.125,0.125,0.125,0.125
2024-08-01,one_over_n,,one_over_n,0.125,0.125,0.125,0.125,0.125,0.125,0.125,0.125
2024-09-03,one_over_n,,one_over_n,0.125,0.125,0.125,0.125,0.125,0.125,0.125,0.125
2024-10-01,one_over_n,,one_over_n,0.125,0.125,0.125,0.125,0.125,0.125,0.125,0.125
2024-11-01,one_over_n,,one_over_n,0.125,0.125,0.125,0.125,0.125,0.125,0.125,0.125
2024-12-02,one_over_n,,one_over_n,0.125,0.125,0.125,0.125,0.125,0.125,0.125,0.125
2012-01-03,static_bucket,conservative,static_bucket:conservative,0.1,0.1,0.05,0.05,0.3,0.3,0.05,0.05
2012-02-01,static_bucket,conservative,static_bucket:conservative,0.1,0.1,0.05,0.05,0.3,0.3,0.05,0.05
2012-03-01,static_bucket,conservative,static_bucket:conservative,0.1,0.1,0.05,0.05,0.3,0.3,0.05,0.05
2012-04-02,static_bucket,conservative,static_bucket:conservative,0.1,0.1,0.05,0.05,0.3,0.3,0.05,0.05
2012-05-01,static_bucket,conservative,static_bucket:conservative,0.1,0.1,0.05,0.05,0.3,0.3,0.05,0.05
2012-06-01,static_bucket,conservative,static_bucket:conservative,0.1,0.1,0.05,0.05,0.3,0.3,0.05,0.05
2012-07-02,static_bucket,conservative,static_bucket:conservative,0.1,0.1,0.05,0.05,0.3,0.3,0.05,0.05
2012-08-01,static_bucket,conservative,static_bucket:conservative,0.1,0.1,0.05,0.05,0.3,0.3,0.05,0.05
2012-09-04,static_bucket,conservative,static_bucket:conservative,0.1,0.1,0.05,0.05,0.3,0.3,0.05,0.05
2012-10-01,static_bucket,conservative,static_bucket:conservative,0.1,0.1,0.05,0.05,0.3,0.3,0.05,0.05
2012-11-01,static_bucket,conservative,static_bucket:conservative,0.1,0.1,0.05,0.05,0.3,0.3,0.05,0.05
2012-12-03,static_bucket,conservative,static_bucket:conservative,0.1,0.1,0.05,0.05,0.3,0.3,0.05,0.05
2013-01-02,static_bucket,conservative,static_bucket:conservative,0.1,0.1,0.05,0.05,0.3,0.3,0.05,0.05
2013-02-01,static_bucket,conservative,static_bucket:conservative,0.1,0.1,0.05,0.05,0.3,0.3,0.05,0.05
2013-03-01,static_bucket,conservative,static_bucket:conservative,0.1,0.1,0.05,0.05,0.3,0.3,0.05,0.05
2013-04-01,static_bucket,conservative,static_bucket:conservative,0.1,0.1,0.05,0.05,0.3,0.3,0.05,0.05
2013-05-01,static_bucket,conservative,static_bucket:conservative,0.1,0.1,0.05,0.05,0.3,0.3,0.05,0.05
2013-06-03,static_bucket,conservative,static_bucket:conservative,0.1,0.1,0.05,0.05,0.3,0.3,0.05,0.05
2013-07-01,static_bucket,conservative,static_bucket:conservative,0.1,0.1,0.05,0.05,0.3,0.3,0.05,0.05
2013-08-01,static_bucket,conservative,static_bucket:conservative,0.1,0.1,0.05,0.05,0.3,0.3,0.05,0.05
2013-09-03,static_bucket,conservative,static_bucket:conservative,0.1,0.1,0.05,0.05,0.3,0.3,0.05,0.05
2013-10-01,static_bucket,conservative,static_bucket:conservative,0.1,0.1,0.05,0.05,0.3,0.3,0.05,0.05
2013-11-01,static_bucket,conservative,static_bucket:conservative,0.1,0.1,0.05,0.05,0.3,0.3,0.05,0.05
2013-12-02,static_bucket,conservative,static_bucket:conservative,0.1,0.1,0.05,0.05,0.3,0.3,0.05,0.05
2014-01-02,static_bucket,conservative,static_bucket:conservative,0.1,0.1,0.05,0.05,0.3,0.3,0.05,0.05
2014-02-03,static_bucket,conservative,static_bucket:conservative,0.1,0.1,0.05,0.05,0.3,0.3,0.05,0.05
2014-03-03,static_bucket,conservative,static_bucket:conservative,0.1,0.1,0.05,0.05,0.3,0.3,0.05,0.05
2014-04-01,static_bucket,conservative,static_bucket:conservative,0.1,0.1,0.05,0.05,0.3,0.3,0.05,0.05
2014-05-01,static_bucket,conservative,static_bucket:conservative,0.1,0.1,0.05,0.05,0.3,0.3,0.05,0.05
2014-06-02,static_bucket,conservative,static_bucket:conservative,0.1,0.1,0.05,0.05,0.3,0.3,0.05,0.05
2014-07-01,static_bucket,conservative,static_bucket:conservative,0.1,0.1,0.05,0.05,0.3,0.3,0.05,0.05
2014-08-01,static_bucket,conservative,static_bucket:conservative,0.1,0.1,0.05,0.05,0.3,0.3,0.05,0.05
2014-09-02,static_bucket,conservative,static_bucket:conservative,0.1,0.1,0.05,0.05,0.3,0.3,0.05,0.05
2014-10-01,static_bucket,conservative,static_bucket:conservative,0.1,0.1,0.05,0.05,0.3,0.3,0.05,0.05
2014-11-03,static_bucket,conservative,static_bucket:conservative,0.1,0.1,0.05,0.05,0.3,0.3,0.05,0.05
2014-12-01,static_bucket,conservative,static_bucket:conservative,0.1,0.1,0.05,0.05,0.3,0.3,0.05,0.05
2015-01-02,static_bucket,conservative,static_bucket:conservative,0.1,0.1,0.05,0.05,0.3,0.3,0.05,0.05
2015-02-02,static_bucket,conservative,static_bucket:conservative,0.1,0.1,0.05,0.05,0.3,0.3,0.05,0.05
2015-03-02,static_bucket,conservative,static_bucket:conservative,0.1,0.1,0.05,0.05,0.3,0.3,0.05,0.05
2015-04-01,static_bucket,conservative,static_bucket:conservative,0.1,0.1,0.05,0.05,0.3,0.3,0.05,0.05
2015-05-01,static_bucket,conservative,static_bucket:conservative,0.1,0.1,0.05,0.05,0.3,0.3,0.05,0.05
2015-06-01,static_bucket,conservative,static_bucket:conservative,0.1,0.1,0.05,0.05,0.3,0.3,0.05,0.05
2015-07-01,static_bucket,conservative,static_bucket:conservative,0.1,0.1,0.05,0.05,0.3,0.3,0.05,0.05
2015-08-03,static_bucket,conservative,static_bucket:conservative,0.1,0.1,0.05,0.05,0.3,0.3,0.05,0.05
2015-09-01,static_bucket,conservative,static_bucket:conservative,0.1,0.1,0.05,0.05,0.3,0.3,0.05,0.05
2015-10-01,static_bucket,conservative,static_bucket:conservative,0.1,0.1,0.05,0.05,0.3,0.3,0.05,0.05
2015-11-02,static_bucket,conservative,static_bucket:conservative,0.1,0.1,0.05,0.05,0.3,0.3,0.05,0.05
2015-12-01,static_bucket,conservative,static_bucket:conservative,0.1,0.1,0.05,0.05,0.3,0.3,0.05,0.05
2016-01-04,static_bucket,conservative,static_bucket:conservative,0.1,0.1,0.05,0.05,0.3,0.3,0.05,0.05
2016-02-01,static_bucket,conservative,static_bucket:conservative,0.1,0.1,0.05,0.05,0.3,0.3,0.05,0.05
2016-03-01,static_bucket,conservative,static_bucket:conservative,0.1,0.1,0.05,0.05,0.3,0.3,0.05,0.05
2016-04-01,static_bucket,conservative,static_bucket:conservative,0.1,0.1,0.05,0.05,0.3,0.3,0.05,0.05
2016-05-02,static_bucket,conservative,static_bucket:conservative,0.1,0.1,0.05,0.05,0.3,0.3,0.05,0.05
2016-06-01,static_bucket,conservative,static_bucket:conservative,0.1,0.1,0.05,0.05,0.3,0.3,0.05,0.05
2016-07-01,static_bucket,conservative,static_bucket:conservative,0.1,0.1,0.05,0.05,0.3,0.3,0.05,0.05
2016-08-01,static_bucket,conservative,static_bucket:conservative,0.1,0.1,0.05,0.05,0.3,0.3,0.05,0.05
2016-09-01,static_bucket,conservative,static_bucket:conservative,0.1,0.1,0.05,0.05,0.3,0.3,0.05,0.05
2016-10-03,static_bucket,conservative,static_bucket:conservative,0.1,0.1,0.05,0.05,0.3,0.3,0.05,0.05
2016-11-01,static_bucket,conservative,static_bucket:conservative,0.1,0.1,0.05,0.05,0.3,0.3,0.05,0.05
2016-12-01,static_bucket,conservative,static_bucket:conservative,0.1,0.1,0.05,0.05,0.3,0.3,0.05,0.05
2017-01-03,static_bucket,conservative,static_bucket:conservative,0.1,0.1,0.05,0.05,0.3,0.3,0.05,0.05
2017-02-01,static_bucket,conservative,static_bucket:conservative,0.1,0.1,0.05,0.05,0.3,0.3,0.05,0.05
2017-03-01,static_bucket,conservative,static_bucket:conservative,0.1,0.1,0.05,0.05,0.3,0.3,0.05,0.05
2017-04-03,static_bucket,conservative,static_bucket:conservative,0.1,0.1,0.05,0.05,0.3,0.3,0.05,0.05
2017-05-01,static_bucket,conservative,static_bucket:conservative,0.1,0.1,0.05,0.05,0.3,0.3,0.05,0.05
2017-06-01,static_bucket,conservative,static_bucket:conservative,0.1,0.1,0.05,0.05,0.3,0.3,0.05,0.05
2017-07-03,static_bucket,conservative,static_bucket:conservative,0.1,0.1,0.05,0.05,0.3,0.3,0.05,0.05
2017-08-01,static_bucket,conservative,static_bucket:conservative,0.1,0.1,0.05,0.05,0.3,0.3,0.05,0.05
2017-09-01,static_bucket,conservative,static_bucket:conservative,0.1,0.1,0.05,0.05,0.3,0.3,0.05,0.05
2017-10-02,static_bucket,conservative,static_bucket:conservative,0.1,0.1,0.05,0.05,0.3,0.3,0.05,0.05
2017-11-01,static_bucket,conservative,static_bucket:conservative,0.1,0.1,0.05,0.05,0.3,0.3,0.05,0.05
2017-12-01,static_bucket,conservative,static_bucket:conservative,0.1,0.1,0.05,0.05,0.3,0.3,0.05,0.05
2018-01-02,static_bucket,conservative,static_bucket:conservative,0.1,0.1,0.05,0.05,0.3,0.3,0.05,0.05
2018-02-01,static_bucket,conservative,static_bucket:conservative,0.1,0.1,0.05,0.05,0.3,0.3,0.05,0.05
2018-03-01,static_bucket,conservative,static_bucket:conservative,0.1,0.1,0.05,0.05,0.3,0.3,0.05,0.05
2018-04-02,static_bucket,conservative,static_bucket:conservative,0.1,0.1,0.05,0.05,0.3,0.3,0.05,0.05
2018-05-01,static_bucket,conservative,static_bucket:conservative,0.1,0.1,0.05,0.05,0.3,0.3,0.05,0.05
2018-06-01,static_bucket,conservative,static_bucket:conservative,0.1,0.1,0.05,0.05,0.3,0.3,0.05,0.05
2018-07-02,static_bucket,conservative,static_bucket:conservative,0.1,0.1,0.05,0.05,0.3,0.3,0.05,0.05
2018-08-01,static_bucket,conservative,static_bucket:conservative,0.1,0.1,0.05,0.05,0.3,0.3,0.05,0.05
2018-09-04,static_bucket,conservative,static_bucket:conservative,0.1,0.1,0.05,0.05,0.3,0.3,0.05,0.05
2018-10-01,static_bucket,conservative,static_bucket:conservative,0.1,0.1,0.05,0.05,0.3,0.3,0.05,0.05
2018-11-01,static_bucket,conservative,static_bucket:conservative,0.1,0.1,0.05,0.05,0.3,0.3,0.05,0.05
2018-12-03,static_bucket,conservative,static_bucket:conservative,0.1,0.1,0.05,0.05,0.3,0.3,0.05,0.05
2019-01-02,static_bucket,conservative,static_bucket:conservative,0.1,0.1,0.05,0.05,0.3,0.3,0.05,0.05
2019-02-01,static_bucket,conservative,static_bucket:conservative,0.1,0.1,0.05,0.05,0.3,0.3,0.05,0.05
2019-03-01,static_bucket,conservative,static_bucket:conservative,0.1,0.1,0.05,0.05,0.3,0.3,0.05,0.05
2019-04-01,static_bucket,conservative,static_bucket:conservative,0.1,0.1,0.05,0.05,0.3,0.3,0.05,0.05
2019-05-01,static_bucket,conservative,static_bucket:conservative,0.1,0.1,0.05,0.05,0.3,0.3,0.05,0.05
2019-06-03,static_bucket,conservative,static_bucket:conservative,0.1,0.1,0.05,0.05,0.3,0.3,0.05,0.05
2019-07-01,static_bucket,conservative,static_bucket:conservative,0.1,0.1,0.05,0.05,0.3,0.3,0.05,0.05
2019-08-01,static_bucket,conservative,static_bucket:conservative,0.1,0.1,0.05,0.05,0.3,0.3,0.05,0.05
2019-09-03,static_bucket,conservative,static_bucket:conservative,0.1,0.1,0.05,0.05,0.3,0.3,0.05,0.05
2019-10-01,static_bucket,conservative,static_bucket:conservative,0.1,0.1,0.05,0.05,0.3,0.3,0.05,0.05
2019-11-01,static_bucket,conservative,static_bucket:conservative,0.1,0.1,0.05,0.05,0.3,0.3,0.05,0.05
2019-12-02,static_bucket,conservative,static_bucket:conservative,0.1,0.1,0.05,0.05,0.3,0.3,0.05,0.05
2020-01-02,static_bucket,conservative,static_bucket:conservative,0.1,0.1,0.05,0.05,0.3,0.3,0.05,0.05
2020-02-03,static_bucket,conservative,static_bucket:conservative,0.1,0.1,0.05,0.05,0.3,0.3,0.05,0.05
2020-03-02,static_bucket,conservative,static_bucket:conservative,0.1,0.1,0.05,0.05,0.3,0.3,0.05,0.05
2020-04-01,static_bucket,conservative,static_bucket:conservative,0.1,0.1,0.05,0.05,0.3,0.3,0.05,0.05
2020-05-01,static_bucket,conservative,static_bucket:conservative,0.1,0.1,0.05,0.05,0.3,0.3,0.05,0.05
2020-06-01,static_bucket,conservative,static_bucket:conservative,0.1,0.1,0.05,0.05,0.3,0.3,0.05,0.05
2020-07-01,static_bucket,conservative,static_bucket:conservative,0.1,0.1,0.05,0.05,0.3,0.3,0.05,0.05
2020-08-03,static_bucket,conservative,static_bucket:conservative,0.1,0.1,0.05,0.05,0.3,0.3,0.05,0.05
2020-09-01,static_bucket,conservative,static_bucket:conservative,0.1,0.1,0.05,0.05,0.3,0.3,0.05,0.05
2020-10-01,static_bucket,conservative,static_bucket:conservative,0.1,0.1,0.05,0.05,0.3,0.3,0.05,0.05
2020-11-02,static_bucket,conservative,static_bucket:conservative,0.1,0.1,0.05,0.05,0.3,0.3,0.05,0.05
2020-12-01,static_bucket,conservative,static_bucket:conservative,0.1,0.1,0.05,0.05,0.3,0.3,0.05,0.05
2021-01-04,static_bucket,conservative,static_bucket:conservative,0.1,0.1,0.05,0.05,0.3,0.3,0.05,0.05
2021-02-01,static_bucket,conservative,static_bucket:conservative,0.1,0.1,0.05,0.05,0.3,0.3,0.05,0.05
2021-03-01,static_bucket,conservative,static_bucket:conservative,0.1,0.1,0.05,0.05,0.3,0.3,0.05,0.05
2021-04-01,static_bucket,conservative,static_bucket:conservative,0.1,0.1,0.05,0.05,0.3,0.3,0.05,0.05
2021-05-03,static_bucket,conservative,static_bucket:conservative,0.1,0.1,0.05,0.05,0.3,0.3,0.05,0.05
2021-06-01,static_bucket,conservative,static_bucket:conservative,0.1,0.1,0.05,0.05,0.3,0.3,0.05,0.05
2021-07-01,static_bucket,conservative,static_bucket:conservative,0.1,0.1,0.05,0.05,0.3,0.3,0.05,0.05
2021-08-02,static_bucket,conservative,static_bucket:conservative,0.1,0.1,0.05,0.05,0.3,0.3,0.05,0.05
2021-09-01,static_bucket,conservative,static_bucket:conservative,0.1,0.1,0.05,0.05,0.3,0.3,0.05,0.05
2021-10-01,static_bucket,conservative,static_bucket:conservative,0.1,0.1,0.05,0.05,0.3,0.3,0.05,0.05
2021-11-01,static_bucket,conservative,static_bucket:conservative,0.1,0.1,0.05,0.05,0.3,0.3,0.05,0.05
2021-12-01,static_bucket,conservative,static_bucket:conservative,0.1,0.1,0.05,0.05,0.3,0.3,0.05,0.05
2022-01-03,static_bucket,conservative,static_bucket:conservative,0.1,0.1,0.05,0.05,0.3,0.3,0.05,0.05
2022-02-01,static_bucket,conservative,static_bucket:conservative,0.1,0.1,0.05,0.05,0.3,0.3,0.05,0.05
2022-03-01,static_bucket,conservative,static_bucket:conservative,0.1,0.1,0.05,0.05,0.3,0.3,0.05,0.05
2022-04-01,static_bucket,conservative,static_bucket:conservative,0.1,0.1,0.05,0.05,0.3,0.3,0.05,0.05
2022-05-02,static_bucket,conservative,static_bucket:conservative,0.1,0.1,0.05,0.05,0.3,0.3,0.05,0.05
2022-06-01,static_bucket,conservative,static_bucket:conservative,0.1,0.1,0.05,0.05,0.3,0.3,0.05,0.05
2022-07-01,static_bucket,conservative,static_bucket:conservative,0.1,0.1,0.05,0.05,0.3,0.3,0.05,0.05
2022-08-01,static_bucket,conservative,static_bucket:conservative,0.1,0.1,0.05,0.05,0.3,0.3,0.05,0.05
2022-09-01,static_bucket,conservative,static_bucket:conservative,0.1,0.1,0.05,0.05,0.3,0.3,0.05,0.05
2022-10-03,static_bucket,conservative,static_bucket:conservative,0.1,0.1,0.05,0.05,0.3,0.3,0.05,0.05
2022-11-01,static_bucket,conservative,static_bucket:conservative,0.1,0.1,0.05,0.05,0.3,0.3,0.05,0.05
2022-12-01,static_bucket,conservative,static_bucket:conservative,0.1,0.1,0.05,0.05,0.3,0.3,0.05,0.05
2023-01-03,static_bucket,conservative,static_bucket:conservative,0.1,0.1,0.05,0.05,0.3,0.3,0.05,0.05
2023-02-01,static_bucket,conservative,static_bucket:conservative,0.1,0.1,0.05,0.05,0.3,0.3,0.05,0.05
2023-03-01,static_bucket,conservative,static_bucket:conservative,0.1,0.1,0.05,0.05,0.3,0.3,0.05,0.05
2023-04-03,static_bucket,conservative,static_bucket:conservative,0.1,0.1,0.05,0.05,0.3,0.3,0.05,0.05
2023-05-01,static_bucket,conservative,static_bucket:conservative,0.1,0.1,0.05,0.05,0.3,0.3,0.05,0.05
2023-06-01,static_bucket,conservative,static_bucket:conservative,0.1,0.1,0.05,0.05,0.3,0.3,0.05,0.05
2023-07-03,static_bucket,conservative,static_bucket:conservative,0.1,0.1,0.05,0.05,0.3,0.3,0.05,0.05
2023-08-01,static_bucket,conservative,static_bucket:conservative,0.1,0.1,0.05,0.05,0.3,0.3,0.05,0.05
2023-09-01,static_bucket,conservative,static_bucket:conservative,0.1,0.1,0.05,0.05,0.3,0.3,0.05,0.05
2023-10-02,static_bucket,conservative,static_bucket:conservative,0.1,0.1,0.05,0.05,0.3,0.3,0.05,0.05
2023-11-01,static_bucket,conservative,static_bucket:conservative,0.1,0.1,0.05,0.05,0.3,0.3,0.05,0.05
2023-12-01,static_bucket,conservative,static_bucket:conservative,0.1,0.1,0.05,0.05,0.3,0.3,0.05,0.05
2024-01-02,static_bucket,conservative,static_bucket:conservative,0.1,0.1,0.05,0.05,0.3,0.3,0.05,0.05
2024-02-01,static_bucket,conservative,static_bucket:conservative,0.1,0.1,0.05,0.05,0.3,0.3,0.05,0.05
2024-03-01,static_bucket,conservative,static_bucket:conservative,0.1,0.1,0.05,0.05,0.3,0.3,0.05,0.05
2024-04-01,static_bucket,conservative,static_bucket:conservative,0.1,0.1,0.05,0.05,0.3,0.3,0.05,0.05
2024-05-01,static_bucket,conservative,static_bucket:conservative,0.1,0.1,0.05,0.05,0.3,0.3,0.05,0.05
2024-06-03,static_bucket,conservative,static_bucket:conservative,0.1,0.1,0.05,0.05,0.3,0.3,0.05,0.05
2024-07-01,static_bucket,conservative,static_bucket:conservative,0.1,0.1,0.05,0.05,0.3,0.3,0.05,0.05
2024-08-01,static_bucket,conservative,static_bucket:conservative,0.1,0.1,0.05,0.05,0.3,0.3,0.05,0.05
2024-09-03,static_bucket,conservative,static_bucket:conservative,0.1,0.1,0.05,0.05,0.3,0.3,0.05,0.05
2024-10-01,static_bucket,conservative,static_bucket:conservative,0.1,0.1,0.05,0.05,0.3,0.3,0.05,0.05
2024-11-01,static_bucket,conservative,static_bucket:conservative,0.1,0.1,0.05,0.05,0.3,0.3,0.05,0.05
2024-12-02,static_bucket,conservative,static_bucket:conservative,0.1,0.1,0.05,0.05,0.3,0.3,0.05,0.05
2012-01-03,static_bucket,balanced,static_bucket:balanced,0.175,0.175,0.1,0.1,0.175,0.175,0.05,0.05
2012-02-01,static_bucket,balanced,static_bucket:balanced,0.175,0.175,0.1,0.1,0.175,0.175,0.05,0.05
2012-03-01,static_bucket,balanced,static_bucket:balanced,0.175,0.175,0.1,0.1,0.175,0.175,0.05,0.05
2012-04-02,static_bucket,balanced,static_bucket:balanced,0.175,0.175,0.1,0.1,0.175,0.175,0.05,0.05
2012-05-01,static_bucket,balanced,static_bucket:balanced,0.175,0.175,0.1,0.1,0.175,0.175,0.05,0.05
2012-06-01,static_bucket,balanced,static_bucket:balanced,0.175,0.175,0.1,0.1,0.175,0.175,0.05,0.05
2012-07-02,static_bucket,balanced,static_bucket:balanced,0.175,0.175,0.1,0.1,0.175,0.175,0.05,0.05
2012-08-01,static_bucket,balanced,static_bucket:balanced,0.175,0.175,0.1,0.1,0.175,0.175,0.05,0.05
2012-09-04,static_bucket,balanced,static_bucket:balanced,0.175,0.175,0.1,0.1,0.175,0.175,0.05,0.05
2012-10-01,static_bucket,balanced,static_bucket:balanced,0.175,0.175,0.1,0.1,0.175,0.175,0.05,0.05
2012-11-01,static_bucket,balanced,static_bucket:balanced,0.175,0.175,0.1,0.1,0.175,0.175,0.05,0.05
2012-12-03,static_bucket,balanced,static_bucket:balanced,0.175,0.175,0.1,0.1,0.175,0.175,0.05,0.05
2013-01-02,static_bucket,balanced,static_bucket:balanced,0.175,0.175,0.1,0.1,0.175,0.175,0.05,0.05
2013-02-01,static_bucket,balanced,static_bucket:balanced,0.175,0.175,0.1,0.1,0.175,0.175,0.05,0.05
2013-03-01,static_bucket,balanced,static_bucket:balanced,0.175,0.175,0.1,0.1,0.175,0.175,0.05,0.05
2013-04-01,static_bucket,balanced,static_bucket:balanced,0.175,0.175,0.1,0.1,0.175,0.175,0.05,0.05
2013-05-01,static_bucket,balanced,static_bucket:balanced,0.175,0.175,0.1,0.1,0.175,0.175,0.05,0.05
2013-06-03,static_bucket,balanced,static_bucket:balanced,0.175,0.175,0.1,0.1,0.175,0.175,0.05,0.05
2013-07-01,static_bucket,balanced,static_bucket:balanced,0.175,0.175,0.1,0.1,0.175,0.175,0.05,0.05
2013-08-01,static_bucket,balanced,static_bucket:balanced,0.175,0.175,0.1,0.1,0.175,0.175,0.05,0.05
2013-09-03,static_bucket,balanced,static_bucket:balanced,0.175,0.175,0.1,0.1,0.175,0.175,0.05,0.05
2013-10-01,static_bucket,balanced,static_bucket:balanced,0.175,0.175,0.1,0.1,0.175,0.175,0.05,0.05
2013-11-01,static_bucket,balanced,static_bucket:balanced,0.175,0.175,0.1,0.1,0.175,0.175,0.05,0.05
2013-12-02,static_bucket,balanced,static_bucket:balanced,0.175,0.175,0.1,0.1,0.175,0.175,0.05,0.05
2014-01-02,static_bucket,balanced,static_bucket:balanced,0.175,0.175,0.1,0.1,0.175,0.175,0.05,0.05
2014-02-03,static_bucket,balanced,static_bucket:balanced,0.175,0.175,0.1,0.1,0.175,0.175,0.05,0.05
2014-03-03,static_bucket,balanced,static_bucket:balanced,0.175,0.175,0.1,0.1,0.175,0.175,0.05,0.05
2014-04-01,static_bucket,balanced,static_bucket:balanced,0.175,0.175,0.1,0.1,0.175,0.175,0.05,0.05
2014-05-01,static_bucket,balanced,static_bucket:balanced,0.175,0.175,0.1,0.1,0.175,0.175,0.05,0.05
2014-06-02,static_bucket,balanced,static_bucket:balanced,0.175,0.175,0.1,0.1,0.175,0.175,0.05,0.05
2014-07-01,static_bucket,balanced,static_bucket:balanced,0.175,0.175,0.1,0.1,0.175,0.175,0.05,0.05
2014-08-01,static_bucket,balanced,static_bucket:balanced,0.175,0.175,0.1,0.1,0.175,0.175,0.05,0.05
2014-09-02,static_bucket,balanced,static_bucket:balanced,0.175,0.175,0.1,0.1,0.175,0.175,0.05,0.05
2014-10-01,static_bucket,balanced,static_bucket:balanced,0.175,0.175,0.1,0.1,0.175,0.175,0.05,0.05
2014-11-03,static_bucket,balanced,static_bucket:balanced,0.175,0.175,0.1,0.1,0.175,0.175,0.05,0.05
2014-12-01,static_bucket,balanced,static_bucket:balanced,0.175,0.175,0.1,0.1,0.175,0.175,0.05,0.05
2015-01-02,static_bucket,balanced,static_bucket:balanced,0.175,0.175,0.1,0.1,0.175,0.175,0.05,0.05
2015-02-02,static_bucket,balanced,static_bucket:balanced,0.175,0.175,0.1,0.1,0.175,0.175,0.05,0.05
2015-03-02,static_bucket,balanced,static_bucket:balanced,0.175,0.175,0.1,0.1,0.175,0.175,0.05,0.05
2015-04-01,static_bucket,balanced,static_bucket:balanced,0.175,0.175,0.1,0.1,0.175,0.175,0.05,0.05
2015-05-01,static_bucket,balanced,static_bucket:balanced,0.175,0.175,0.1,0.1,0.175,0.175,0.05,0.05
2015-06-01,static_bucket,balanced,static_bucket:balanced,0.175,0.175,0.1,0.1,0.175,0.175,0.05,0.05
2015-07-01,static_bucket,balanced,static_bucket:balanced,0.175,0.175,0.1,0.1,0.175,0.175,0.05,0.05
2015-08-03,static_bucket,balanced,static_bucket:balanced,0.175,0.175,0.1,0.1,0.175,0.175,0.05,0.05
2015-09-01,static_bucket,balanced,static_bucket:balanced,0.175,0.175,0.1,0.1,0.175,0.175,0.05,0.05
2015-10-01,static_bucket,balanced,static_bucket:balanced,0.175,0.175,0.1,0.1,0.175,0.175,0.05,0.05
2015-11-02,static_bucket,balanced,static_bucket:balanced,0.175,0.175,0.1,0.1,0.175,0.175,0.05,0.05
2015-12-01,static_bucket,balanced,static_bucket:balanced,0.175,0.175,0.1,0.1,0.175,0.175,0.05,0.05
2016-01-04,static_bucket,balanced,static_bucket:balanced,0.175,0.175,0.1,0.1,0.175,0.175,0.05,0.05
2016-02-01,static_bucket,balanced,static_bucket:balanced,0.175,0.175,0.1,0.1,0.175,0.175,0.05,0.05
2016-03-01,static_bucket,balanced,static_bucket:balanced,0.175,0.175,0.1,0.1,0.175,0.175,0.05,0.05
2016-04-01,static_bucket,balanced,static_bucket:balanced,0.175,0.175,0.1,0.1,0.175,0.175,0.05,0.05
2016-05-02,static_bucket,balanced,static_bucket:balanced,0.175,0.175,0.1,0.1,0.175,0.175,0.05,0.05
2016-06-01,static_bucket,balanced,static_bucket:balanced,0.175,0.175,0.1,0.1,0.175,0.175,0.05,0.05
2016-07-01,static_bucket,balanced,static_bucket:balanced,0.175,0.175,0.1,0.1,0.175,0.175,0.05,0.05
2016-08-01,static_bucket,balanced,static_bucket:balanced,0.175,0.175,0.1,0.1,0.175,0.175,0.05,0.05
2016-09-01,static_bucket,balanced,static_bucket:balanced,0.175,0.175,0.1,0.1,0.175,0.175,0.05,0.05
2016-10-03,static_bucket,balanced,static_bucket:balanced,0.175,0.175,0.1,0.1,0.175,0.175,0.05,0.05
2016-11-01,static_bucket,balanced,static_bucket:balanced,0.175,0.175,0.1,0.1,0.175,0.175,0.05,0.05
2016-12-01,static_bucket,balanced,static_bucket:balanced,0.175,0.175,0.1,0.1,0.175,0.175,0.05,0.05
2017-01-03,static_bucket,balanced,static_bucket:balanced,0.175,0.175,0.1,0.1,0.175,0.175,0.05,0.05
2017-02-01,static_bucket,balanced,static_bucket:balanced,0.175,0.175,0.1,0.1,0.175,0.175,0.05,0.05
2017-03-01,static_bucket,balanced,static_bucket:balanced,0.175,0.175,0.1,0.1,0.175,0.175,0.05,0.05
2017-04-03,static_bucket,balanced,static_bucket:balanced,0.175,0.175,0.1,0.1,0.175,0.175,0.05,0.05
2017-05-01,static_bucket,balanced,static_bucket:balanced,0.175,0.175,0.1,0.1,0.175,0.175,0.05,0.05
2017-06-01,static_bucket,balanced,static_bucket:balanced,0.175,0.175,0.1,0.1,0.175,0.175,0.05,0.05
2017-07-03,static_bucket,balanced,static_bucket:balanced,0.175,0.175,0.1,0.1,0.175,0.175,0.05,0.05
2017-08-01,static_bucket,balanced,static_bucket:balanced,0.175,0.175,0.1,0.1,0.175,0.175,0.05,0.05
2017-09-01,static_bucket,balanced,static_bucket:balanced,0.175,0.175,0.1,0.1,0.175,0.175,0.05,0.05
2017-10-02,static_bucket,balanced,static_bucket:balanced,0.175,0.175,0.1,0.1,0.175,0.175,0.05,0.05
2017-11-01,static_bucket,balanced,static_bucket:balanced,0.175,0.175,0.1,0.1,0.175,0.175,0.05,0.05
2017-12-01,static_bucket,balanced,static_bucket:balanced,0.175,0.175,0.1,0.1,0.175,0.175,0.05,0.05
2018-01-02,static_bucket,balanced,static_bucket:balanced,0.175,0.175,0.1,0.1,0.175,0.175,0.05,0.05
2018-02-01,static_bucket,balanced,static_bucket:balanced,0.175,0.175,0.1,0.1,0.175,0.175,0.05,0.05
2018-03-01,static_bucket,balanced,static_bucket:balanced,0.175,0.175,0.1,0.1,0.175,0.175,0.05,0.05
2018-04-02,static_bucket,balanced,static_bucket:balanced,0.175,0.175,0.1,0.1,0.175,0.175,0.05,0.05
2018-05-01,static_bucket,balanced,static_bucket:balanced,0.175,0.175,0.1,0.1,0.175,0.175,0.05,0.05
2018-06-01,static_bucket,balanced,static_bucket:balanced,0.175,0.175,0.1,0.1,0.175,0.175,0.05,0.05
2018-07-02,static_bucket,balanced,static_bucket:balanced,0.175,0.175,0.1,0.1,0.175,0.175,0.05,0.05
2018-08-01,static_bucket,balanced,static_bucket:balanced,0.175,0.175,0.1,0.1,0.175,0.175,0.05,0.05
2018-09-04,static_bucket,balanced,static_bucket:balanced,0.175,0.175,0.1,0.1,0.175,0.175,0.05,0.05
2018-10-01,static_bucket,balanced,static_bucket:balanced,0.175,0.175,0.1,0.1,0.175,0.175,0.05,0.05
2018-11-01,static_bucket,balanced,static_bucket:balanced,0.175,0.175,0.1,0.1,0.175,0.175,0.05,0.05
2018-12-03,static_bucket,balanced,static_bucket:balanced,0.175,0.175,0.1,0.1,0.175,0.175,0.05,0.05
2019-01-02,static_bucket,balanced,static_bucket:balanced,0.175,0.175,0.1,0.1,0.175,0.175,0.05,0.05
2019-02-01,static_bucket,balanced,static_bucket:balanced,0.175,0.175,0.1,0.1,0.175,0.175,0.05,0.05
2019-03-01,static_bucket,balanced,static_bucket:balanced,0.175,0.175,0.1,0.1,0.175,0.175,0.05,0.05
2019-04-01,static_bucket,balanced,static_bucket:balanced,0.175,0.175,0.1,0.1,0.175,0.175,0.05,0.05
2019-05-01,static_bucket,balanced,static_bucket:balanced,0.175,0.175,0.1,0.1,0.175,0.175,0.05,0.05
2019-06-03,static_bucket,balanced,static_bucket:balanced,0.175,0.175,0.1,0.1,0.175,0.175,0.05,0.05
2019-07-01,static_bucket,balanced,static_bucket:balanced,0.175,0.175,0.1,0.1,0.175,0.175,0.05,0.05
2019-08-01,static_bucket,balanced,static_bucket:balanced,0.175,0.175,0.1,0.1,0.175,0.175,0.05,0.05
2019-09-03,static_bucket,balanced,static_bucket:balanced,0.175,0.175,0.1,0.1,0.175,0.175,0.05,0.05
2019-10-01,static_bucket,balanced,static_bucket:balanced,0.175,0.175,0.1,0.1,0.175,0.175,0.05,0.05
2019-11-01,static_bucket,balanced,static_bucket:balanced,0.175,0.175,0.1,0.1,0.175,0.175,0.05,0.05
2019-12-02,static_bucket,balanced,static_bucket:balanced,0.175,0.175,0.1,0.1,0.175,0.175,0.05,0.05
2020-01-02,static_bucket,balanced,static_bucket:balanced,0.175,0.175,0.1,0.1,0.175,0.175,0.05,0.05
2020-02-03,static_bucket,balanced,static_bucket:balanced,0.175,0.175,0.1,0.1,0.175,0.175,0.05,0.05
2020-03-02,static_bucket,balanced,static_bucket:balanced,0.175,0.175,0.1,0.1,0.175,0.175,0.05,0.05
2020-04-01,static_bucket,balanced,static_bucket:balanced,0.175,0.175,0.1,0.1,0.175,0.175,0.05,0.05
2020-05-01,static_bucket,balanced,static_bucket:balanced,0.175,0.175,0.1,0.1,0.175,0.175,0.05,0.05
2020-06-01,static_bucket,balanced,static_bucket:balanced,0.175,0.175,0.1,0.1,0.175,0.175,0.05,0.05
2020-07-01,static_bucket,balanced,static_bucket:balanced,0.175,0.175,0.1,0.1,0.175,0.175,0.05,0.05
2020-08-03,static_bucket,balanced,static_bucket:balanced,0.175,0.175,0.1,0.1,0.175,0.175,0.05,0.05
2020-09-01,static_bucket,balanced,static_bucket:balanced,0.175,0.175,0.1,0.1,0.175,0.175,0.05,0.05
2020-10-01,static_bucket,balanced,static_bucket:balanced,0.175,0.175,0.1,0.1,0.175,0.175,0.05,0.05
2020-11-02,static_bucket,balanced,static_bucket:balanced,0.175,0.175,0.1,0.1,0.175,0.175,0.05,0.05
2020-12-01,static_bucket,balanced,static_bucket:balanced,0.175,0.175,0.1,0.1,0.175,0.175,0.05,0.05
2021-01-04,static_bucket,balanced,static_bucket:balanced,0.175,0.175,0.1,0.1,0.175,0.175,0.05,0.05
2021-02-01,static_bucket,balanced,static_bucket:balanced,0.175,0.175,0.1,0.1,0.175,0.175,0.05,0.05
2021-03-01,static_bucket,balanced,static_bucket:balanced,0.175,0.175,0.1,0.1,0.175,0.175,0.05,0.05
2021-04-01,static_bucket,balanced,static_bucket:balanced,0.175,0.175,0.1,0.1,0.175,0.175,0.05,0.05
2021-05-03,static_bucket,balanced,static_bucket:balanced,0.175,0.175,0.1,0.1,0.175,0.175,0.05,0.05
2021-06-01,static_bucket,balanced,static_bucket:balanced,0.175,0.175,0.1,0.1,0.175,0.175,0.05,0.05
2021-07-01,static_bucket,balanced,static_bucket:balanced,0.175,0.175,0.1,0.1,0.175,0.175,0.05,0.05
2021-08-02,static_bucket,balanced,static_bucket:balanced,0.175,0.175,0.1,0.1,0.175,0.175,0.05,0.05
2021-09-01,static_bucket,balanced,static_bucket:balanced,0.175,0.175,0.1,0.1,0.175,0.175,0.05,0.05
2021-10-01,static_bucket,balanced,static_bucket:balanced,0.175,0.175,0.1,0.1,0.175,0.175,0.05,0.05
2021-11-01,static_bucket,balanced,static_bucket:balanced,0.175,0.175,0.1,0.1,0.175,0.175,0.05,0.05
2021-12-01,static_bucket,balanced,static_bucket:balanced,0.175,0.175,0.1,0.1,0.175,0.175,0.05,0.05
2022-01-03,static_bucket,balanced,static_bucket:balanced,0.175,0.175,0.1,0.1,0.175,0.175,0.05,0.05
2022-02-01,static_bucket,balanced,static_bucket:balanced,0.175,0.175,0.1,0.1,0.175,0.175,0.05,0.05
2022-03-01,static_bucket,balanced,static_bucket:balanced,0.175,0.175,0.1,0.1,0.175,0.175,0.05,0.05
2022-04-01,static_bucket,balanced,static_bucket:balanced,0.175,0.175,0.1,0.1,0.175,0.175,0.05,0.05
2022-05-02,static_bucket,balanced,static_bucket:balanced,0.175,0.175,0.1,0.1,0.175,0.175,0.05,0.05
2022-06-01,static_bucket,balanced,static_bucket:balanced,0.175,0.175,0.1,0.1,0.175,0.175,0.05,0.05
2022-07-01,static_bucket,balanced,static_bucket:balanced,0.175,0.175,0.1,0.1,0.175,0.175,0.05,0.05
2022-08-01,static_bucket,balanced,static_bucket:balanced,0.175,0.175,0.1,0.1,0.175,0.175,0.05,0.05
2022-09-01,static_bucket,balanced,static_bucket:balanced,0.175,0.175,0.1,0.1,0.175,0.175,0.05,0.05
2022-10-03,static_bucket,balanced,static_bucket:balanced,0.175,0.175,0.1,0.1,0.175,0.175,0.05,0.05
2022-11-01,static_bucket,balanced,static_bucket:balanced,0.175,0.175,0.1,0.1,0.175,0.175,0.05,0.05
2022-12-01,static_bucket,balanced,static_bucket:balanced,0.175,0.175,0.1,0.1,0.175,0.175,0.05,0.05
2023-01-03,static_bucket,balanced,static_bucket:balanced,0.175,0.175,0.1,0.1,0.175,0.175,0.05,0.05
2023-02-01,static_bucket,balanced,static_bucket:balanced,0.175,0.175,0.1,0.1,0.175,0.175,0.05,0.05
2023-03-01,static_bucket,balanced,static_bucket:balanced,0.175,0.175,0.1,0.1,0.175,0.175,0.05,0.05
2023-04-03,static_bucket,balanced,static_bucket:balanced,0.175,0.175,0.1,0.1,0.175,0.175,0.05,0.05
2023-05-01,static_bucket,balanced,static_bucket:balanced,0.175,0.175,0.1,0.1,0.175,0.175,0.05,0.05
2023-06-01,static_bucket,balanced,static_bucket:balanced,0.175,0.175,0.1,0.1,0.175,0.175,0.05,0.05
2023-07-03,static_bucket,balanced,static_bucket:balanced,0.175,0.175,0.1,0.1,0.175,0.175,0.05,0.05
2023-08-01,static_bucket,balanced,static_bucket:balanced,0.175,0.175,0.1,0.1,0.175,0.175,0.05,0.05
2023-09-01,static_bucket,balanced,static_bucket:balanced,0.175,0.175,0.1,0.1,0.175,0.175,0.05,0.05
2023-10-02,static_bucket,balanced,static_bucket:balanced,0.175,0.175,0.1,0.1,0.175,0.175,0.05,0.05
2023-11-01,static_bucket,balanced,static_bucket:balanced,0.175,0.175,0.1,0.1,0.175,0.175,0.05,0.05
2023-12-01,static_bucket,balanced,static_bucket:balanced,0.175,0.175,0.1,0.1,0.175,0.175,0.05,0.05
2024-01-02,static_bucket,balanced,static_bucket:balanced,0.175,0.175,0.1,0.1,0.175,0.175,0.05,0.05
2024-02-01,static_bucket,balanced,static_bucket:balanced,0.175,0.175,0.1,0.1,0.175,0.175,0.05,0.05
2024-03-01,static_bucket,balanced,static_bucket:balanced,0.175,0.175,0.1,0.1,0.175,0.175,0.05,0.05
2024-04-01,static_bucket,balanced,static_bucket:balanced,0.175,0.175,0.1,0.1,0.175,0.175,0.05,0.05
2024-05-01,static_bucket,balanced,static_bucket:balanced,0.175,0.175,0.1,0.1,0.175,0.175,0.05,0.05
2024-06-03,static_bucket,balanced,static_bucket:balanced,0.175,0.175,0.1,0.1,0.175,0.175,0.05,0.05
2024-07-01,static_bucket,balanced,static_bucket:balanced,0.175,0.175,0.1,0.1,0.175,0.175,0.05,0.05
2024-08-01,static_bucket,balanced,static_bucket:balanced,0.175,0.175,0.1,0.1,0.175,0.175,0.05,0.05
2024-09-03,static_bucket,balanced,static_bucket:balanced,0.175,0.175,0.1,0.1,0.175,0.175,0.05,0.05
2024-10-01,static_bucket,balanced,static_bucket:balanced,0.175,0.175,0.1,0.1,0.175,0.175,0.05,0.05
2024-11-01,static_bucket,balanced,static_bucket:balanced,0.175,0.175,0.1,0.1,0.175,0.175,0.05,0.05
2024-12-02,static_bucket,balanced,static_bucket:balanced,0.175,0.175,0.1,0.1,0.175,0.175,0.05,0.05
2012-01-03,static_bucket,growth,static_bucket:growth,0.275,0.275,0.125,0.125,0.05,0.05,0.05,0.05
2012-02-01,static_bucket,growth,static_bucket:growth,0.275,0.275,0.125,0.125,0.05,0.05,0.05,0.05
2012-03-01,static_bucket,growth,static_bucket:growth,0.275,0.275,0.125,0.125,0.05,0.05,0.05,0.05
2012-04-02,static_bucket,growth,static_bucket:growth,0.275,0.275,0.125,0.125,0.05,0.05,0.05,0.05
2012-05-01,static_bucket,growth,static_bucket:growth,0.275,0.275,0.125,0.125,0.05,0.05,0.05,0.05
2012-06-01,static_bucket,growth,static_bucket:growth,0.275,0.275,0.125,0.125,0.05,0.05,0.05,0.05
2012-07-02,static_bucket,growth,static_bucket:growth,0.275,0.275,0.125,0.125,0.05,0.05,0.05,0.05
2012-08-01,static_bucket,growth,static_bucket:growth,0.275,0.275,0.125,0.125,0.05,0.05,0.05,0.05
2012-09-04,static_bucket,growth,static_bucket:growth,0.275,0.275,0.125,0.125,0.05,0.05,0.05,0.05
2012-10-01,static_bucket,growth,static_bucket:growth,0.275,0.275,0.125,0.125,0.05,0.05,0.05,0.05
2012-11-01,static_bucket,growth,static_bucket:growth,0.275,0.275,0.125,0.125,0.05,0.05,0.05,0.05
2012-12-03,static_bucket,growth,static_bucket:growth,0.275,0.275,0.125,0.125,0.05,0.05,0.05,0.05
2013-01-02,static_bucket,growth,static_bucket:growth,0.275,0.275,0.125,0.125,0.05,0.05,0.05,0.05
2013-02-01,static_bucket,growth,static_bucket:growth,0.275,0.275,0.125,0.125,0.05,0.05,0.05,0.05
2013-03-01,static_bucket,growth,static_bucket:growth,0.275,0.275,0.125,0.125,0.05,0.05,0.05,0.05
2013-04-01,static_bucket,growth,static_bucket:growth,0.275,0.275,0.125,0.125,0.05,0.05,0.05,0.05
2013-05-01,static_bucket,growth,static_bucket:growth,0.275,0.275,0.125,0.125,0.05,0.05,0.05,0.05
2013-06-03,static_bucket,growth,static_bucket:growth,0.275,0.275,0.125,0.125,0.05,0.05,0.05,0.05
2013-07-01,static_bucket,growth,static_bucket:growth,0.275,0.275,0.125,0.125,0.05,0.05,0.05,0.05
2013-08-01,static_bucket,growth,static_bucket:growth,0.275,0.275,0.125,0.125,0.05,0.05,0.05,0.05
2013-09-03,static_bucket,growth,static_bucket:growth,0.275,0.275,0.125,0.125,0.05,0.05,0.05,0.05
2013-10-01,static_bucket,growth,static_bucket:growth,0.275,0.275,0.125,0.125,0.05,0.05,0.05,0.05
2013-11-01,static_bucket,growth,static_bucket:growth,0.275,0.275,0.125,0.125,0.05,0.05,0.05,0.05
2013-12-02,static_bucket,growth,static_bucket:growth,0.275,0.275,0.125,0.125,0.05,0.05,0.05,0.05
2014-01-02,static_bucket,growth,static_bucket:growth,0.275,0.275,0.125,0.125,0.05,0.05,0.05,0.05
2014-02-03,static_bucket,growth,static_bucket:growth,0.275,0.275,0.125,0.125,0.05,0.05,0.05,0.05
2014-03-03,static_bucket,growth,static_bucket:growth,0.275,0.275,0.125,0.125,0.05,0.05,0.05,0.05
2014-04-01,static_bucket,growth,static_bucket:growth,0.275,0.275,0.125,0.125,0.05,0.05,0.05,0.05
2014-05-01,static_bucket,growth,static_bucket:growth,0.275,0.275,0.125,0.125,0.05,0.05,0.05,0.05
2014-06-02,static_bucket,growth,static_bucket:growth,0.275,0.275,0.125,0.125,0.05,0.05,0.05,0.05
2014-07-01,static_bucket,growth,static_bucket:growth,0.275,0.275,0.125,0.125,0.05,0.05,0.05,0.05
2014-08-01,static_bucket,growth,static_bucket:growth,0.275,0.275,0.125,0.125,0.05,0.05,0.05,0.05
2014-09-02,static_bucket,growth,static_bucket:growth,0.275,0.275,0.125,0.125,0.05,0.05,0.05,0.05
2014-10-01,static_bucket,growth,static_bucket:growth,0.275,0.275,0.125,0.125,0.05,0.05,0.05,0.05
2014-11-03,static_bucket,growth,static_bucket:growth,0.275,0.275,0.125,0.125,0.05,0.05,0.05,0.05
2014-12-01,static_bucket,growth,static_bucket:growth,0.275,0.275,0.125,0.125,0.05,0.05,0.05,0.05
2015-01-02,static_bucket,growth,static_bucket:growth,0.275,0.275,0.125,0.125,0.05,0.05,0.05,0.05
2015-02-02,static_bucket,growth,static_bucket:growth,0.275,0.275,0.125,0.125,0.05,0.05,0.05,0.05
2015-03-02,static_bucket,growth,static_bucket:growth,0.275,0.275,0.125,0.125,0.05,0.05,0.05,0.05
2015-04-01,static_bucket,growth,static_bucket:growth,0.275,0.275,0.125,0.125,0.05,0.05,0.05,0.05
2015-05-01,static_bucket,growth,static_bucket:growth,0.275,0.275,0.125,0.125,0.05,0.05,0.05,0.05
2015-06-01,static_bucket,growth,static_bucket:growth,0.275,0.275,0.125,0.125,0.05,0.05,0.05,0.05
2015-07-01,static_bucket,growth,static_bucket:growth,0.275,0.275,0.125,0.125,0.05,0.05,0.05,0.05
2015-08-03,static_bucket,growth,static_bucket:growth,0.275,0.275,0.125,0.125,0.05,0.05,0.05,0.05
2015-09-01,static_bucket,growth,static_bucket:growth,0.275,0.275,0.125,0.125,0.05,0.05,0.05,0.05
2015-10-01,static_bucket,growth,static_bucket:growth,0.275,0.275,0.125,0.125,0.05,0.05,0.05,0.05
2015-11-02,static_bucket,growth,static_bucket:growth,0.275,0.275,0.125,0.125,0.05,0.05,0.05,0.05
2015-12-01,static_bucket,growth,static_bucket:growth,0.275,0.275,0.125,0.125,0.05,0.05,0.05,0.05
2016-01-04,static_bucket,growth,static_bucket:growth,0.275,0.275,0.125,0.125,0.05,0.05,0.05,0.05
2016-02-01,static_bucket,growth,static_bucket:growth,0.275,0.275,0.125,0.125,0.05,0.05,0.05,0.05
2016-03-01,static_bucket,growth,static_bucket:growth,0.275,0.275,0.125,0.125,0.05,0.05,0.05,0.05
2016-04-01,static_bucket,growth,static_bucket:growth,0.275,0.275,0.125,0.125,0.05,0.05,0.05,0.05
2016-05-02,static_bucket,growth,static_bucket:growth,0.275,0.275,0.125,0.125,0.05,0.05,0.05,0.05
2016-06-01,static_bucket,growth,static_bucket:growth,0.275,0.275,0.125,0.125,0.05,0.05,0.05,0.05
2016-07-01,static_bucket,growth,static_bucket:growth,0.275,0.275,0.125,0.125,0.05,0.05,0.05,0.05
2016-08-01,static_bucket,growth,static_bucket:growth,0.275,0.275,0.125,0.125,0.05,0.05,0.05,0.05
2016-09-01,static_bucket,growth,static_bucket:growth,0.275,0.275,0.125,0.125,0.05,0.05,0.05,0.05
2016-10-03,static_bucket,growth,static_bucket:growth,0.275,0.275,0.125,0.125,0.05,0.05,0.05,0.05
2016-11-01,static_bucket,growth,static_bucket:growth,0.275,0.275,0.125,0.125,0.05,0.05,0.05,0.05
2016-12-01,static_bucket,growth,static_bucket:growth,0.275,0.275,0.125,0.125,0.05,0.05,0.05,0.05
2017-01-03,static_bucket,growth,static_bucket:growth,0.275,0.275,0.125,0.125,0.05,0.05,0.05,0.05
2017-02-01,static_bucket,growth,static_bucket:growth,0.275,0.275,0.125,0.125,0.05,0.05,0.05,0.05
2017-03-01,static_bucket,growth,static_bucket:growth,0.275,0.275,0.125,0.125,0.05,0.05,0.05,0.05
2017-04-03,static_bucket,growth,static_bucket:growth,0.275,0.275,0.125,0.125,0.05,0.05,0.05,0.05
2017-05-01,static_bucket,growth,static_bucket:growth,0.275,0.275,0.125,0.125,0.05,0.05,0.05,0.05
2017-06-01,static_bucket,growth,static_bucket:growth,0.275,0.275,0.125,0.125,0.05,0.05,0.05,0.05
2017-07-03,static_bucket,growth,static_bucket:growth,0.275,0.275,0.125,0.125,0.05,0.05,0.05,0.05
2017-08-01,static_bucket,growth,static_bucket:growth,0.275,0.275,0.125,0.125,0.05,0.05,0.05,0.05
2017-09-01,static_bucket,growth,static_bucket:growth,0.275,0.275,0.125,0.125,0.05,0.05,0.05,0.05
2017-10-02,static_bucket,growth,static_bucket:growth,0.275,0.275,0.125,0.125,0.05,0.05,0.05,0.05
2017-11-01,static_bucket,growth,static_bucket:growth,0.275,0.275,0.125,0.125,0.05,0.05,0.05,0.05
2017-12-01,static_bucket,growth,static_bucket:growth,0.275,0.275,0.125,0.125,0.05,0.05,0.05,0.05
2018-01-02,static_bucket,growth,static_bucket:growth,0.275,0.275,0.125,0.125,0.05,0.05,0.05,0.05
2018-02-01,static_bucket,growth,static_bucket:growth,0.275,0.275,0.125,0.125,0.05,0.05,0.05,0.05
2018-03-01,static_bucket,growth,static_bucket:growth,0.275,0.275,0.125,0.125,0.05,0.05,0.05,0.05
2018-04-02,static_bucket,growth,static_bucket:growth,0.275,0.275,0.125,0.125,0.05,0.05,0.05,0.05
2018-05-01,static_bucket,growth,static_bucket:growth,0.275,0.275,0.125,0.125,0.05,0.05,0.05,0.05
2018-06-01,static_bucket,growth,static_bucket:growth,0.275,0.275,0.125,0.125,0.05,0.05,0.05,0.05
2018-07-02,static_bucket,growth,static_bucket:growth,0.275,0.275,0.125,0.125,0.05,0.05,0.05,0.05
2018-08-01,static_bucket,growth,static_bucket:growth,0.275,0.275,0.125,0.125,0.05,0.05,0.05,0.05
2018-09-04,static_bucket,growth,static_bucket:growth,0.275,0.275,0.125,0.125,0.05,0.05,0.05,0.05
2018-10-01,static_bucket,growth,static_bucket:growth,0.275,0.275,0.125,0.125,0.05,0.05,0.05,0.05
2018-11-01,static_bucket,growth,static_bucket:growth,0.275,0.275,0.125,0.125,0.05,0.05,0.05,0.05
2018-12-03,static_bucket,growth,static_bucket:growth,0.275,0.275,0.125,0.125,0.05,0.05,0.05,0.05
2019-01-02,static_bucket,growth,static_bucket:growth,0.275,0.275,0.125,0.125,0.05,0.05,0.05,0.05
2019-02-01,static_bucket,growth,static_bucket:growth,0.275,0.275,0.125,0.125,0.05,0.05,0.05,0.05
2019-03-01,static_bucket,growth,static_bucket:growth,0.275,0.275,0.125,0.125,0.05,0.05,0.05,0.05
2019-04-01,static_bucket,growth,static_bucket:growth,0.275,0.275,0.125,0.125,0.05,0.05,0.05,0.05
2019-05-01,static_bucket,growth,static_bucket:growth,0.275,0.275,0.125,0.125,0.05,0.05,0.05,0.05
2019-06-03,static_bucket,growth,static_bucket:growth,0.275,0.275,0.125,0.125,0.05,0.05,0.05,0.05
2019-07-01,static_bucket,growth,static_bucket:growth,0.275,0.275,0.125,0.125,0.05,0.05,0.05,0.05
2019-08-01,static_bucket,growth,static_bucket:growth,0.275,0.275,0.125,0.125,0.05,0.05,0.05,0.05
2019-09-03,static_bucket,growth,static_bucket:growth,0.275,0.275,0.125,0.125,0.05,0.05,0.05,0.05
2019-10-01,static_bucket,growth,static_bucket:growth,0.275,0.275,0.125,0.125,0.05,0.05,0.05,0.05
2019-11-01,static_bucket,growth,static_bucket:growth,0.275,0.275,0.125,0.125,0.05,0.05,0.05,0.05
2019-12-02,static_bucket,growth,static_bucket:growth,0.275,0.275,0.125,0.125,0.05,0.05,0.05,0.05
2020-01-02,static_bucket,growth,static_bucket:growth,0.275,0.275,0.125,0.125,0.05,0.05,0.05,0.05
2020-02-03,static_bucket,growth,static_bucket:growth,0.275,0.275,0.125,0.125,0.05,0.05,0.05,0.05
2020-03-02,static_bucket,growth,static_bucket:growth,0.275,0.275,0.125,0.125,0.05,0.05,0.05,0.05
2020-04-01,static_bucket,growth,static_bucket:growth,0.275,0.275,0.125,0.125,0.05,0.05,0.05,0.05
2020-05-01,static_bucket,growth,static_bucket:growth,0.275,0.275,0.125,0.125,0.05,0.05,0.05,0.05
2020-06-01,static_bucket,growth,static_bucket:growth,0.275,0.275,0.125,0.125,0.05,0.05,0.05,0.05
2020-07-01,static_bucket,growth,static_bucket:growth,0.275,0.275,0.125,0.125,0.05,0.05,0.05,0.05
2020-08-03,static_bucket,growth,static_bucket:growth,0.275,0.275,0.125,0.125,0.05,0.05,0.05,0.05
2020-09-01,static_bucket,growth,static_bucket:growth,0.275,0.275,0.125,0.125,0.05,0.05,0.05,0.05
2020-10-01,static_bucket,growth,static_bucket:growth,0.275,0.275,0.125,0.125,0.05,0.05,0.05,0.05
2020-11-02,static_bucket,growth,static_bucket:growth,0.275,0.275,0.125,0.125,0.05,0.05,0.05,0.05
2020-12-01,static_bucket,growth,static_bucket:growth,0.275,0.275,0.125,0.125,0.05,0.05,0.05,0.05
2021-01-04,static_bucket,growth,static_bucket:growth,0.275,0.275,0.125,0.125,0.05,0.05,0.05,0.05
2021-02-01,static_bucket,growth,static_bucket:growth,0.275,0.275,0.125,0.125,0.05,0.05,0.05,0.05
2021-03-01,static_bucket,growth,static_bucket:growth,0.275,0.275,0.125,0.125,0.05,0.05,0.05,0.05
2021-04-01,static_bucket,growth,static_bucket:growth,0.275,0.275,0.125,0.125,0.05,0.05,0.05,0.05
2021-05-03,static_bucket,growth,static_bucket:growth,0.275,0.275,0.125,0.125,0.05,0.05,0.05,0.05
2021-06-01,static_bucket,growth,static_bucket:growth,0.275,0.275,0.125,0.125,0.05,0.05,0.05,0.05
2021-07-01,static_bucket,growth,static_bucket:growth,0.275,0.275,0.125,0.125,0.05,0.05,0.05,0.05
2021-08-02,static_bucket,growth,static_bucket:growth,0.275,0.275,0.125,0.125,0.05,0.05,0.05,0.05
2021-09-01,static_bucket,growth,static_bucket:growth,0.275,0.275,0.125,0.125,0.05,0.05,0.05,0.05
2021-10-01,static_bucket,growth,static_bucket:growth,0.275,0.275,0.125,0.125,0.05,0.05,0.05,0.05
2021-11-01,static_bucket,growth,static_bucket:growth,0.275,0.275,0.125,0.125,0.05,0.05,0.05,0.05
2021-12-01,static_bucket,growth,static_bucket:growth,0.275,0.275,0.125,0.125,0.05,0.05,0.05,0.05
2022-01-03,static_bucket,growth,static_bucket:growth,0.275,0.275,0.125,0.125,0.05,0.05,0.05,0.05
2022-02-01,static_bucket,growth,static_bucket:growth,0.275,0.275,0.125,0.125,0.05,0.05,0.05,0.05
2022-03-01,static_bucket,growth,static_bucket:growth,0.275,0.275,0.125,0.125,0.05,0.05,0.05,0.05
2022-04-01,static_bucket,growth,static_bucket:growth,0.275,0.275,0.125,0.125,0.05,0.05,0.05,0.05
2022-05-02,static_bucket,growth,static_bucket:growth,0.275,0.275,0.125,0.125,0.05,0.05,0.05,0.05
2022-06-01,static_bucket,growth,static_bucket:growth,0.275,0.275,0.125,0.125,0.05,0.05,0.05,0.05
2022-07-01,static_bucket,growth,static_bucket:growth,0.275,0.275,0.125,0.125,0.05,0.05,0.05,0.05
2022-08-01,static_bucket,growth,static_bucket:growth,0.275,0.275,0.125,0.125,0.05,0.05,0.05,0.05
2022-09-01,static_bucket,growth,static_bucket:growth,0.275,0.275,0.125,0.125,0.05,0.05,0.05,0.05
2022-10-03,static_bucket,growth,static_bucket:growth,0.275,0.275,0.125,0.125,0.05,0.05,0.05,0.05
2022-11-01,static_bucket,growth,static_bucket:growth,0.275,0.275,0.125,0.125,0.05,0.05,0.05,0.05
2022-12-01,static_bucket,growth,static_bucket:growth,0.275,0.275,0.125,0.125,0.05,0.05,0.05,0.05
2023-01-03,static_bucket,growth,static_bucket:growth,0.275,0.275,0.125,0.125,0.05,0.05,0.05,0.05
2023-02-01,static_bucket,growth,static_bucket:growth,0.275,0.275,0.125,0.125,0.05,0.05,0.05,0.05
2023-03-01,static_bucket,growth,static_bucket:growth,0.275,0.275,0.125,0.125,0.05,0.05,0.05,0.05
2023-04-03,static_bucket,growth,static_bucket:growth,0.275,0.275,0.125,0.125,0.05,0.05,0.05,0.05
2023-05-01,static_bucket,growth,static_bucket:growth,0.275,0.275,0.125,0.125,0.05,0.05,0.05,0.05
2023-06-01,static_bucket,growth,static_bucket:growth,0.275,0.275,0.125,0.125,0.05,0.05,0.05,0.05
2023-07-03,static_bucket,growth,static_bucket:growth,0.275,0.275,0.125,0.125,0.05,0.05,0.05,0.05
2023-08-01,static_bucket,growth,static_bucket:growth,0.275,0.275,0.125,0.125,0.05,0.05,0.05,0.05
2023-09-01,static_bucket,growth,static_bucket:growth,0.275,0.275,0.125,0.125,0.05,0.05,0.05,0.05
2023-10-02,static_bucket,growth,static_bucket:growth,0.275,0.275,0.125,0.125,0.05,0.05,0.05,0.05
2023-11-01,static_bucket,growth,static_bucket:growth,0.275,0.275,0.125,0.125,0.05,0.05,0.05,0.05
2023-12-01,static_bucket,growth,static_bucket:growth,0.275,0.275,0.125,0.125,0.05,0.05,0.05,0.05
2024-01-02,static_bucket,growth,static_bucket:growth,0.275,0.275,0.125,0.125,0.05,0.05,0.05,0.05
2024-02-01,static_bucket,growth,static_bucket:growth,0.275,0.275,0.125,0.125,0.05,0.05,0.05,0.05
2024-03-01,static_bucket,growth,static_bucket:growth,0.275,0.275,0.125,0.125,0.05,0.05,0.05,0.05
2024-04-01,static_bucket,growth,static_bucket:growth,0.275,0.275,0.125,0.125,0.05,0.05,0.05,0.05
2024-05-01,static_bucket,growth,static_bucket:growth,0.275,0.275,0.125,0.125,0.05,0.05,0.05,0.05
2024-06-03,static_bucket,growth,static_bucket:growth,0.275,0.275,0.125,0.125,0.05,0.05,0.05,0.05
2024-07-01,static_bucket,growth,static_bucket:growth,0.275,0.275,0.125,0.125,0.05,0.05,0.05,0.05
2024-08-01,static_bucket,growth,static_bucket:growth,0.275,0.275,0.125,0.125,0.05,0.05,0.05,0.05
2024-09-03,static_bucket,growth,static_bucket:growth,0.275,0.275,0.125,0.125,0.05,0.05,0.05,0.05
2024-10-01,static_bucket,growth,static_bucket:growth,0.275,0.275,0.125,0.125,0.05,0.05,0.05,0.05
2024-11-01,static_bucket,growth,static_bucket:growth,0.275,0.275,0.125,0.125,0.05,0.05,0.05,0.05
2024-12-02,static_bucket,growth,static_bucket:growth,0.275,0.275,0.125,0.125,0.05,0.05,0.05,0.05
2012-01-03,rb_classical,conservative,rb_classical:conservative,0.0565868058453029,0.048997298389666766,0.016490360285632184,0.013095635489718883,0.5065578518869434,0.30483571531435266,0.028302463930472775,0.025133868857910625
2012-02-01,rb_classical,conservative,rb_classical:conservative,0.1137988550885031,0.09124454150364751,0.022437392669550884,0.017384656947419166,0.39356339750613173,0.28871733293914464,0.03973308556367195,0.03312073778193111
2012-03-01,rb_classical,conservative,rb_classical:conservative,0.10040815500556399,0.06915820861285354,0.023883407624797022,0.01963045268836976,0.46532138616847746,0.27355029980997464,0.01897146496149398,0.02907662512846968
2012-04-02,rb_classical,conservative,rb_classical:conservative,0.09257926132474553,0.08237786236635268,0.023142360266037967,0.016570999268356052,0.4106997280176993,0.2954681996465043,0.03812500479086414,0.04103658431944013
2012-05-01,rb_classical,conservative,rb_classical:conservative,0.07231451554905335,0.04756653006897342,0.01975718222833232,0.019561759745473375,0.4555578279275532,0.31143869283613024,0.04394967673433191,0.029853814910152154
2012-06-01,rb_classical,conservative,rb_classical:conservative,0.06004062094804465,0.0394605467068566,0.019617985689892332,0.01475323750491584,0.4970233524726906,0.32425364777487337,0.02283340777102618,0.02201720113170037
2012-07-02,rb_classical,conservative,rb_classical:conservative,0.05655705611611097,0.04032664166403271,0.01812253353265254,0.013521629636473253,0.49037573760403846,0.3212267675819471,0.033309221366481165,0.026560412498263793
2012-08-01,rb_classical,conservative,rb_classical:conservative,0.054932697899722716,0.04040826102801204,0.01522740084050765,0.012615270162409032,0.47646348576028097,0.3303026085918318,0.034295092553112125,0.03575518316412377
2012-09-04,rb_classical,conservative,rb_classical:conservative,0.12774472469364084,0.08320250442484184,0.03437686830723935,0.03005938149903372,0.3556030968236748,0.2801614514603554,0.03069482341985711,0.05815714937135688
2012-10-01,rb_classical,conservative,rb_classical:conservative,0.075901807536261,0.05336335203103437,0.02078704567752308,0.015632279676777782,0.46573528510121914,0.29643049896842005,0.03116207204709438,0.0409876589616702
2012-11-01,rb_classical,conservative,rb_classical:conservative,0.07104308496154157,0.04981938115582885,0.022284733213675276,0.01984824846222288,0.456341189638134,0.28373310401281615,0.0451995644404417,0.0517306941153394
2012-12-03,rb_classical,conservative,rb_classical:conservative,0.047691885145735066,0.03994801409763827,0.020299215008169773,0.018656297814804438,0.4874979213530172,0.3140804426083211,0.03472787257363538,0.0370983513986787
2013-01-02,rb_classical,conservative,rb_classical:conservative,0.05043118788823548,0.035935877627047225,0.030615362391283988,0.026942112214894925,0.47036459563465316,0.3002277287462425,0.0406270848074388,0.04485605069020408
2013-02-01,rb_classical,conservative,rb_classical:conservative,0.09095779553538244,0.06259329799174516,0.026583525952482482,0.022741596164430323,0.4402326269348157,0.2600519916357701,0.036898176163481025,0.05994098962189276
2013-03-01,rb_classical,conservative,rb_classical:conservative,0.05812464523401658,0.049472663089555044,0.019111847486535247,0.02393736700363894,0.48061728133534126,0.2944066455608238,0.029881823447824103,0.04444772684226503
2013-04-01,rb_classical,conservative,rb_classical:conservative,0.08019291845755432,0.06223135894174448,0.022649327178764465,0.01867452324572948,0.4401858822999314,0.2664396616469721,0.05261177961648759,0.057014548612816365
2013-05-01,rb_classical,conservative,rb_classical:conservative,0.05026480041514237,0.04083767940287765,0.02029434430051747,0.01596255689637024,0.47785666755422873,0.35546320792358,0.011026873172813834,0.028293870334469798
2013-06-03,rb_classical,conservative,rb_classical:conservative,0.09222434171277644,0.11574404983078666,0.030142261040483086,0.027400355212204446,0.42517155301456844,0.25734471741817416,0.021975974791815175,0.0299967469791916
2013-07-01,rb_classical,conservative,rb_classical:conservative,0.08139532940174618,0.09147821345995139,0.026483079740781713,0.018051273834022333,0.39046847581356114,0.32972229720845303,0.0359982322393667,0.026403098302117504
2013-08-01,rb_classical,conservative,rb_classical:conservative,0.16044515720060115,0.13153779080250563,0.041855234980679244,0.01874937344349071,0.30989645152958634,0.2518021176125292,0.04407007984859992,0.04164379458200779
2013-09-03,rb_classical,conservative,rb_classical:conservative,0.10313620731020046,0.08902619812348603,0.03010638764250664,0.01764441388986298,0.3982674502654859,0.2829945577926048,0.04832445939206965,0.03050032558378361
2013-10-01,rb_classical,conservative,rb_classical:conservative,0.12545367950124606,0.13676099530768518,0.03237407579640348,0.01540967038738477,0.3461647939254181,0.2865139045890745,0.03057762983386585,0.026745250658922037
2013-11-01,rb_classical,conservative,rb_classical:conservative,0.06863792238518363,0.06480403714468468,0.02597431750535452,0.0184675046052364,0.44589298076363076,0.3139379955603041,0.036744990463001836,0.02554025157260396
2013-12-02,rb_classical,conservative,rb_classical:conservative,0.10832959711196692,0.09139160356675437,0.03666461333298348,0.018143097501086256,0.3846099877725846,0.2744022871873775,0.047785618943586676,0.038673194583660114
2014-01-02,rb_classical,conservative,rb_classical:conservative,0.06988759791067005,0.08018447645143169,0.02233551907643599,0.011551244333387502,0.49193506976371787,0.26765553883310633,0.029411834411583977,0.027038719219666628
2014-02-03,rb_classical,conservative,rb_classical:conservative,0.06713901740889973,0.06017786657573219,0.023380509928845307,0.017324071369573726,0.44645536104002453,0.30363569479569064,0.04750666242282794,0.034380816458405926
2014-03-03,rb_classical,conservative,rb_classical:conservative,0.06515726110216775,0.06383047087497949,0.019543520947337488,0.014148669068210669,0.4354659716194078,0.3073050373243281,0.05338781711394568,0.041161251949622786
2014-04-01,rb_classical,conservative,rb_classical:conservative,0.09739691051506687,0.06956819774979181,0.026135357697281456,0.018338479559270985,0.435913199012764,0.2710065980366152,0.04864902753761822,0.03299222989159155
2014-05-01,rb_classical,conservative,rb_classical:conservative,0.0528001136852164,0.036464610704237926,0.023827133990950898,0.019682717000273502,0.48924326506473265,0.29347076130920496,0.04760076013228298,0.036910638113100656
2014-06-02,rb_classical,conservative,rb_classical:conservative,0.08233870267655155,0.06519479133278766,0.0415644445291034,0.019931940041326816,0.43625505724961555,0.27287178294641856,0.04521522203784888,0.03662805918634768
2014-07-01,rb_classical,conservative,rb_classical:conservative,0.10519996618723511,0.10267538516306733,0.03617570027768267,0.026411758881495405,0.412452011194871,0.25786076074862835,0.03242080802196016,0.026803609525060088
2014-08-01,rb_classical,conservative,rb_classical:conservative,0.08428794867456962,0.07175703585311309,0.030546819426302586,0.025464734583893214,0.41780276492541635,0.28224187047851645,0.043898137222561244,0.04400068883562743
2014-09-02,rb_classical,conservative,rb_classical:conservative,0.08901464217692395,0.1078363473028131,0.03051397096029659,0.023319316201703365,0.40811101032357383,0.2637559567818524,0.043325938532666,0.03412281772017078
2014-10-01,rb_classical,conservative,rb_classical:conservative,0.079664058636149,0.0649523360632776,0.034364483567399004,0.0207503248374492,0.4344103477243894,0.2705228417383218,0.06950839577339307,0.02582721165962087
2014-11-03,rb_classical,conservative,rb_classical:conservative,0.05455232782110566,0.04659513579129275,0.0192125588611283,0.022645407334642806,0.4514222648574954,0.31322297863795173,0.054901357048696676,0.037447969647686666
2014-12-01,rb_classical,conservative,rb_classical:conservative,0.1423234232412653,0.10064825438337921,0.030854936374766308,0.016751469656242534,0.3612760291035405,0.290091722822796,0.020760424901033664,0.037293739516976544
2015-01-02,rb_classical,conservative,rb_classical:conservative,0.0790712083299506,0.07398062050970693,0.03292617018338136,0.028992622248419943,0.4343417042087263,0.2671396790797572,0.04565088482522663,0.037897110614830885
2015-02-02,rb_classical,conservative,rb_classical:conservative,0.0741076169550956,0.061766921940915306,0.028613777220799667,0.023821680209053495,0.46908823725033827,0.25451621586447976,0.04433778554976455,0.043747765009553415
2015-03-02,rb_classical,conservative,rb_classical:conservative,0.13391748229774036,0.1236376286003465,0.034489302463615014,0.027280768140846144,0.35088887962221366,0.23992042543000217,0.06068691680719001,0.02917859663804621
2015-04-01,rb_classical,conservative,rb_classical:conservative,0.09570795914063557,0.09426717688889047,0.02703480498577349,0.024517305558178593,0.3797747117599313,0.28791421430102193,0.06034514299229418,0.030438684373274502
2015-05-01,rb_classical,conservative,rb_classical:conservative,0.0939544358724978,0.06418216303152102,0.029264019044310405,0.020823233759504695,0.43589580672193323,0.2907757739263609,0.0372083109381031,0.027896256705768778
2015-06-01,rb_classical,conservative,rb_classical:conservative,0.11939664205427791,0.09205556688047747,0.028383405849488043,0.03388464423738847,0.36505734666756057,0.2557364343522698,0.07323202423267311,0.032253935725864734
2015-07-01,rb_classical,conservative,rb_classical:conservative,0.1063108860214918,0.09002163404196681,0.027112348793656007,0.029754303913397583,0.37025742151310154,0.24264390945830117,0.09365505982844755,0.04024443642963758
2015-08-03,rb_classical,conservative,rb_classical:conservative,0.0859111141716707,0.0671163089655005,0.021692500298115525,0.01732417383833794,0.4204615800619606,0.2820954654958515,0.059263638226230105,0.046135218942333106
2015-09-01,rb_classical,conservative,rb_classical:conservative,0.04069621935532323,0.03469124009212567,0.019985136055530518,0.014208525244208967,0.4896650442804884,0.3152444449316095,0.06607168001390533,0.01943771002680858
2015-10-01,rb_classical,conservative,rb_classical:conservative,0.060994009789109536,0.05550517778775593,0.021123864132406345,0.01828858044132434,0.454057444076481,0.2976387369160023,0.06201913866469013,0.03037304819223037
2015-11-02,rb_classical,conservative,rb_classical:conservative,0.08403860627488707,0.06673500375316517,0.0324592497404096,0.01850378164115705,0.4136836521038716,0.29598980599876024,0.05658477255543063,0.03200512793231861
2015-12-01,rb_classical,conservative,rb_classical:conservative,0.06756985440342787,0.05953583981838233,0.030404198095085,0.01681690905426509,0.4334995094987612,0.3267413741135734,0.04608928076719893,0.019343034249306102
2016-01-04,rb_classical,conservative,rb_classical:conservative,0.053824819861605706,0.04800895395784332,0.024014743316309678,0.019127867863266697,0.49911599600636564,0.28375932228845335,0.041192882997713516,0.03095541370844212
2016-02-01,rb_classical,conservative,rb_classical:conservative,0.038087396771609876,0.03184883326096261,0.014747324519154533,0.011930732937104246,0.5219660453711408,0.3156593986379229,0.047982622522857815,0.017777645979247452
2016-03-01,rb_classical,conservative,rb_classical:conservative,0.05324468553315705,0.04383057974148905,0.021556384816063284,0.01655929403245711,0.5202396203872035,0.2833312875454796,0.038364182448123625,0.022873965496026834
2016-04-01,rb_classical,conservative,rb_classical:conservative,0.09360149460269526,0.07842117587219098,0.027001086890284586,0.019990339652579604,0.43406120847726015,0.27879446635886623,0.04030247026984113,0.027827757876282038
2016-05-02,rb_classical,conservative,rb_classical:conservative,0.07453775787362664,0.05891734348537016,0.021563990226122185,0.01841309611734455,0.46924081231833437,0.28895102599099476,0.041478866831975846,0.026897107156231587
2016-06-01,rb_classical,conservative,rb_classical:conservative,0.07027171614702613,0.0586999619336988,0.02913267340475549,0.020915915138097083,0.4567116137005363,0.29664720313296083,0.046478721292357236,0.021142195250568086
2016-07-01,rb_classical,conservative,rb_classical:conservative,0.05682074362919463,0.05173667042637939,0.01475168131272292,0.014408831332771042,0.5022524512797354,0.27504781294651104,0.03978989768363538,0.04519191138905042
2016-08-01,rb_classical,conservative,rb_classical:conservative,0.11160137900436011,0.10339441173051692,0.03175189958207188,0.022521755974081233,0.36905138636768214,0.28519763446787605,0.04301757101576801,0.0334639618576437
2016-09-01,rb_classical,conservative,rb_classical:conservative,0.13317485278012947,0.12532347204565344,0.04882133763364847,0.022434372206864558,0.3259213308993684,0.25489797463195507,0.05425445186982254,0.03517220793255808
2016-10-03,rb_classical,conservative,rb_classical:conservative,0.059806564560685165,0.05719356203680522,0.026028088457422837,0.014430822999698568,0.396728755700374,0.3581861298750763,0.06993204887120244,0.01769402749873552
2016-11-01,rb_classical,conservative,rb_classical:conservative,0.07845102075682864,0.06175593783098647,0.03810761048976201,0.015627178882165846,0.38048804348556087,0.3493493370958879,0.06164223780101743,0.014578633657790762
2016-12-01,rb_classical,conservative,rb_classical:conservative,0.1295508816868997,0.07364523288315088,0.056327215909452354,0.01712909912994682,0.32743152570120077,0.2995146380533157,0.06577155468907478,0.03062985194695894
2017-01-03,rb_classical,conservative,rb_classical:conservative,0.11471409674781834,0.09121640843276725,0.04269916584272122,0.018083087664119937,0.3496935016894659,0.29448193550353713,0.06236877874075677,0.026743025378813387
2017-02-01,rb_classical,conservative,rb_classical:conservative,0.15475086825961523,0.12895462804042812,0.05017388899828188,0.029661877006577318,0.3090234366465146,0.23797948995390875,0.05629479137654101,0.033161019718133136
2017-03-01,rb_classical,conservative,rb_classical:conservative,0.13882664581950496,0.14205343448467941,0.05722477982835442,0.024194136448958396,0.3043575918495175,0.23170092037530743,0.06590183576886757,0.035740655424810225
2017-04-03,rb_classical,conservative,rb_classical:conservative,0.13579066301616768,0.11770993877543146,0.05012643469168676,0.019897625663892686,0.3159609773678608,0.2683701107310225,0.06049825799661329,0.03164599175732466
2017-05-01,rb_classical,conservative,rb_classical:conservative,0.1235566152011135,0.10480808132928278,0.034470908007483446,0.025413175948608285,0.33691362681838954,0.27515309177620156,0.05654644182116727,0.04313805909775368
2017-06-01,rb_classical,conservative,rb_classical:conservative,0.10177914678750406,0.06957703735557205,0.03825042157187938,0.017129873666615596,0.3809706095706287,0.3025296426575856,0.049562048935887684,0.040201219454326934
2017-07-03,rb_classical,conservative,rb_classical:conservative,0.11076557520060716,0.04201859359011712,0.03234718867868568,0.020560300190078186,0.4312516237906783,0.27884589597032966,0.043796430763267016,0.040414391816236926
2017-08-01,rb_classical,conservative,rb_classical:conservative,0.13357843031571054,0.07278352909660156,0.044226879628228806,0.019774801712279265,0.3520928339649611,0.2954912708548288,0.052990889545398615,0.029061364881991302
2017-09-01,rb_classical,conservative,rb_classical:conservative,0.07356385185441408,0.04271715106926199,0.027741031426651214,0.015863393445688247,0.46864990642868926,0.3013908076474771,0.038785905463090714,0.03128795266472733
2017-10-02,rb_classical,conservative,rb_classical:conservative,0.16565375634463758,0.07679570073546566,0.04042190649204749,0.020102370230221645,0.38408030123336845,0.23311686095942954,0.03577478560753788,0.04405431839729179
2017-11-01,rb_classical,conservative,rb_classical:conservative,0.15438900658465676,0.05152241387639323,0.04787010133663225,0.01888907208653692,0.35315652760929517,0.2788571948778491,0.04304394243840665,0.05227174119022999
2017-12-01,rb_classical,conservative,rb_classical:conservative,0.12408109390607663,0.0660141199278461,0.0347684177651366,0.016345709368180725,0.38694963771486257,0.2833080370216527,0.03895971858263329,0.049573265713611245
2018-01-02,rb_classical,conservative,rb_classical:conservative,0.13892194785641873,0.06195228369378444,0.039993452828664795,0.019925615785634936,0.3848878631529934,0.28049237587902665,0.04073221097942345,0.03309424982405353
2018-02-01,rb_classical,conservative,rb_classical:conservative,0.09526680710645634,0.06149567968939935,0.03271398716769891,0.018904849780846947,0.40433071480554006,0.31741343653525017,0.046514540494215856,0.02335998442059244
2018-03-01,rb_classical,conservative,rb_classical:conservative,0.04645546637431649,0.03737545254179596,0.018693285134336515,0.01290182381990042,0.4679510965957641,0.32970152025282384,0.060561056055337396,0.02636029922572537
2018-04-02,rb_classical,conservative,rb_classical:conservative,0.03706857089800356,0.024843588354428358,0.021692498992465697,0.011222418430865347,0.4794503688339964,0.35891084942317797,0.03969516150962353,0.027116543557439227
2018-05-01,rb_classical,conservative,rb_classical:conservative,0.052232818426783435,0.03193411765428641,0.03743628946018558,0.018756660133581085,0.43353123260650905,0.34238992757652176,0.054468602882098704,0.029250351260033943
2018-06-01,rb_classical,conservative,rb_classical:conservative,0.09604563626572488,0.07616477243468756,0.035735121852496894,0.020980786669671028,0.36176704972337353,0.2802900039173876,0.08618920100842882,0.04282742812822957
2018-07-02,rb_classical,conservative,rb_classical:conservative,0.08700554842132806,0.04766023280539962,0.02704024677930806,0.01586063257002993,0.42634409802097384,0.31095414928235665,0.05453218155257174,0.030602910568032073
2018-08-01,rb_classical,conservative,rb_classical:conservative,0.07541653380452656,0.03874601614239347,0.02913543101394293,0.014382469052221288,0.4210042328516889,0.344993492633353,0.05087491515552743,0.025446909346346306
2018-09-04,rb_classical,conservative,rb_classical:conservative,0.08414516838798315,0.06083185038171267,0.020184210737377906,0.010051925572288877,0.4336176394549477,0.33165137518584253,0.031207094257948993,0.02831073602189821
2018-10-01,rb_classical,conservative,rb_classical:conservative,0.11437617131610865,0.05069701856969972,0.02925963626464755,0.016538872728798903,0.3666989960800824,0.33989622695779936,0.058619231778199214,0.02391384630466422
2018-11-01,rb_classical,conservative,rb_classical:conservative,0.03530379493924624,0.021844613946767916,0.01982735081470233,0.009981553431918375,0.4591688785953112,0.3813333290561128,0.051257423378543124,0.021283055837397938
2018-12-03,rb_classical,conservative,rb_classical:conservative,0.02610592524120263,0.016931692346011204,0.014224845533545088,0.007792083509540175,0.47422520665332196,0.3819522275393097,0.051398395847192184,0.027369623329877166
2019-01-02,rb_classical,conservative,rb_classical:conservative,0.027659869408687986,0.02061054185792125,0.019837734762038012,0.01564394389838604,0.4751626341625974,0.35533402094506356,0.06976539796392903,0.015985857001376596
2019-02-01,rb_classical,conservative,rb_classical:conservative,0.055839707314117824,0.03600339828876818,0.026671117210280523,0.017679404283445978,0.4330604332810658,0.31027760630266943,0.07667714127886993,0.04379119204078242
2019-03-01,rb_classical,conservative,rb_classical:conservative,0.09230272155252524,0.06811610430228657,0.03421439844454981,0.02140222986893218,0.38439960937698103,0.30186080586506664,0.04816268622633851,0.049541444363319996
2019-04-01,rb_classical,conservative,rb_classical:conservative,0.07715041677802957,0.05639665532702691,0.03749166720669073,0.0196437576663777,0.37088864544333494,0.32448790861050386,0.062335136278086706,0.05160581268994959
2019-05-01,rb_classical,conservative,rb_classical:conservative,0.10463402163954062,0.0823979565292218,0.04579955082513252,0.025237000646306507,0.36930483063715147,0.29317301699906967,0.05448546330179403,0.02496815942178333
2019-06-03,rb_classical,conservative,rb_classical:conservative,0.056840296918028756,0.03873688587353759,0.02326181117315949,0.015714676060648917,0.4557321196711803,0.3168956923635558,0.05636917873176715,0.036449339208122114
2019-07-01,rb_classical,conservative,rb_classical:conservative,0.08314755470858863,0.054471542547668964,0.03735885988199961,0.0225226178406054,0.3803263650827559,0.350405878227092,0.03955780131409463,0.03220938039719489
2019-08-01,rb_classical,conservative,rb_classical:conservative,0.1199427841313837,0.08431601641928055,0.05238539629304068,0.03862075885697038,0.32561934510667506,0.29181104931428337,0.034314637283403525,0.05299001259496261
2019-09-03,rb_classical,conservative,rb_classical:conservative,0.05622658332856207,0.04490198123708059,0.030872557179542855,0.02465042544562565,0.4109301659892708,0.3360464325420103,0.050025477880352054,0.04634637639755567
2019-10-01,rb_classical,conservative,rb_classical:conservative,0.1273589210679327,0.08054819661174259,0.05333626222513084,0.040561366537160214,0.3201868884085118,0.2762345866375672,0.04334804060827227,0.05842573790368224
2019-11-01,rb_classical,conservative,rb_classical:conservative,0.0952196603530634,0.07076988390689438,0.04119384296729054,0.03404470662541673,0.35836452997216484,0.2815628722623143,0.05363991463516884,0.06520458927768696
2019-12-02,rb_classical,conservative,rb_classical:conservative,0.13960855368395628,0.10118494215838886,0.05525934797524111,0.03541856867060201,0.3361239657567169,0.2592434835372456,0.045154128047819875,0.028007010170029472
2020-01-02,rb_classical,conservative,rb_classical:conservative,0.13460775865253774,0.09373994841896653,0.03978481800389865,0.03387807250757717,0.34705171366350207,0.25200462864878226,0.0639133774578224,0.03501968264691329
2020-02-03,rb_classical,conservative,rb_classical:conservative,0.06941864073095808,0.05378258250252575,0.028962078752220333,0.018430951076411215,0.4566755277370045,0.29198513684054905,0.04696651721613997,0.033778565144191024
2020-03-02,rb_classical,conservative,rb_classical:conservative,0.04258693958045338,0.03515254654432447,0.026066023645652216,0.027769821526956676,0.47751022481534483,0.3334804292045519,0.03899676664788209,0.018437248034834305
2020-04-01,rb_classical,conservative,rb_classical:conservative,0.0510167276491341,0.0578198853670864,0.019196293928081046,0.020061199468264727,0.20990432932758923,0.5470024767675785,0.07343654499290256,0.02156254249936344
2020-05-01,rb_classical,conservative,rb_classical:conservative,0.03328278638172579,0.035163957971369245,0.013420529098784759,0.01435726356433539,0.2804773996081239,0.5748999567256087,0.035954363367295634,0.012443743282756537
2020-06-01,rb_classical,conservative,rb_classical:conservative,0.045015031418631446,0.05774491055619071,0.013337882638510266,0.0153849654161083,0.34254705223504145,0.4743445309848971,0.03827337554295006,0.01335225120767063
2020-07-01,rb_classical,conservative,rb_classical:conservative,0.027966961810742354,0.034066568209750764,0.011406816400975952,0.01306972888174921,0.4133351886053876,0.4496900077832174,0.03867362909828614,0.011791099209890597
2020-08-03,rb_classical,conservative,rb_classical:conservative,0.03442023497278938,0.02217860275979086,0.008961629122178098,0.010011925509580577,0.40533578282526933,0.48209297139139734,0.023435013124126335,0.013563840294868032
2020-09-01,rb_classical,conservative,rb_classical:conservative,0.08066349367499454,0.04315731550203193,0.021560007881782726,0.016248615063992052,0.2973322463485478,0.49898499897679643,0.01484431215716677,0.027209010394687726
2020-10-01,rb_classical,conservative,rb_classical:conservative,0.024683223971342323,0.017553320946732804,0.012855303805285965,0.013545957746324864,0.34157444598248565,0.5500184789715626,0.026555802674385058,0.013213465901880706
2020-11-02,rb_classical,conservative,rb_classical:conservative,0.03243023221017112,0.027160810139716635,0.014881959953344844,0.017645374439387063,0.3735926727704604,0.48229617821734894,0.03144952779347513,0.02054324447609596
2020-12-01,rb_classical,conservative,rb_classical:conservative,0.06294193541892325,0.043556121995400814,0.019062814600655415,0.021095989859846048,0.3396367132364983,0.4528222451783648,0.029652831462256852,0.031231348248054625
2021-01-04,rb_classical,conservative,rb_classical:conservative,0.05054839029552994,0.040525121144928844,0.01904975167658728,0.015045635163089262,0.3485516718677875,0.4861431067248455,0.023399433475176513,0.016736889652055196
2021-02-01,rb_classical,conservative,rb_classical:conservative,0.044090440185735616,0.032149398316087145,0.017978081650681006,0.011972866846234612,0.3589920166427994,0.4834077751064659,0.027019910788466175,0.024389510463530276
2021-03-01,rb_classical,conservative,rb_classical:conservative,0.07090693551699417,0.04865636388389358,0.034300832823258486,0.0204481414020515,0.30225392996324185,0.424143374750832,0.04473823773451352,0.054552183925214846
2021-04-01,rb_classical,conservative,rb_classical:conservative,0.07018788546458461,0.030607085513623004,0.043097831667411345,0.01656778305655328,0.37546483584669504,0.36894484622391693,0.048752944343707035,0.04637678788350866
2021-05-03,rb_classical,conservative,rb_classical:conservative,0.07685394316676382,0.046048790001364207,0.031990009699370686,0.02424182651090211,0.3843704531564378,0.32029305288790577,0.04799340587487843,0.06820851870237724
2021-06-01,rb_classical,conservative,rb_classical:conservative,0.04981079178739463,0.029857791478499957,0.025204126969627677,0.01601780127419789,0.40856844984605156,0.3819806255021435,0.05644144368251885,0.032118969459565876
2021-07-01,rb_classical,conservative,rb_classical:conservative,0.08699602079785965,0.0656063155179187,0.038104678027522446,0.03291889842922541,0.3997090073003203,0.2881710393501524,0.04071692709927103,0.047777113477730206
2021-08-02,rb_classical,conservative,rb_classical:conservative,0.07633280513347895,0.07175138587025663,0.03491923020947511,0.019325958825242913,0.3939720796400359,0.27371148470656287,0.08375117127572557,0.04623588433922198
2021-09-01,rb_classical,conservative,rb_classical:conservative,0.0885785263773978,0.05776349767528482,0.04281378842354309,0.01935486976363542,0.40248881504919176,0.303347889399533,0.03462811011965681,0.05102450319175727
2021-10-01,rb_classical,conservative,rb_classical:conservative,0.0660569914805495,0.05291481486574567,0.036592634195214725,0.02806762757381345,0.42542851972021645,0.29711613038097606,0.045886943872738846,0.04793633791074518
2021-11-01,rb_classical,conservative,rb_classical:conservative,0.08660418604640148,0.05935783448082156,0.04554162033186214,0.028027865770870283,0.3838460575000217,0.29572968929591337,0.05163810487819901,0.049254641695910296
2021-12-01,rb_classical,conservative,rb_classical:conservative,0.09036539551011682,0.059639666528793996,0.05286227695306262,0.04215686380942535,0.3734283926312027,0.26003673437342834,0.06452939936171105,0.05698127083225912
2022-01-03,rb_classical,conservative,rb_classical:conservative,0.05893357582450577,0.0365657446881358,0.035186849661163824,0.0360114192659088,0.42143692384495895,0.3048867853629757,0.06280150451034837,0.044177196842002865
2022-02-01,rb_classical,conservative,rb_classical:conservative,0.05980351834241587,0.03565269015306308,0.041227694120669296,0.027220399178704075,0.40561895212203414,0.3302950777330831,0.06051314373115628,0.0396685246188744
2022-03-01,rb_classical,conservative,rb_classical:conservative,0.07082752929567965,0.04533546440721181,0.03670152894355769,0.04432628796028478,0.3639393862066452,0.29952772987040666,0.09044537090316462,0.048896702413049664
2022-04-01,rb_classical,conservative,rb_classical:conservative,0.0745097080113327,0.04928248263733407,0.03128881416946525,0.021655441452793796,0.3705167246722828,0.3307969916587873,0.06865873331677733,0.05329110408122669
2022-05-02,rb_classical,conservative,rb_classical:conservative,0.06308975492023808,0.043133868234140955,0.04873002281453594,0.04464990719964574,0.33246161087183035,0.31859960244300106,0.10970542064032547,0.039629812876282394
2022-06-01,rb_classical,conservative,rb_classical:conservative,0.05536835591366269,0.040717618729748016,0.03315989070687999,0.03278521435048983,0.3570234534041317,0.3183810540267248,0.12472393547164148,0.03784047739672143
2022-07-01,rb_classical,conservative,rb_classical:conservative,0.07165257355633126,0.05792494722374236,0.04051764840917919,0.04538214876525356,0.31894141324974284,0.2881434002617743,0.13790245975526316,0.039535408778713345
2022-08-01,rb_classical,conservative,rb_classical:conservative,0.07951310366471244,0.057397483476303836,0.03312573269340264,0.0445489767847354,0.3547706123229711,0.2843375315862484,0.09614762208117421,0.05015893739045206
2022-09-01,rb_classical,conservative,rb_classical:conservative,0.0711235362598954,0.05732826198350444,0.03717066939799086,0.05042475900053434,0.31940403815195473,0.30357313744834136,0.11708163220795721,0.04389396554982163
2022-10-03,rb_classical,conservative,rb_classical:conservative,0.08018188414902731,0.07145955291774177,0.03579361008686931,0.050706014847067486,0.3325949480395349,0.28102112217280756,0.10362954089323602,0.04461332689371581
2022-11-01,rb_classical,conservative,rb_classical:conservative,0.06424076245851829,0.05373945316266397,0.03165305890275445,0.03253176991721793,0.3702859324934583,0.3179449643608362,0.09925486374744998,0.030349194957100787
2022-12-01,rb_classical,conservative,rb_classical:conservative,0.07612710225033381,0.058162062238926865,0.030477992606710542,0.035871344448625705,0.3454765858236118,0.3361852668939128,0.08163724978810757,0.036062395949770815
2023-01-03,rb_classical,conservative,rb_classical:conservative,0.08436373410010299,0.06983978432834341,0.04028478817482792,0.045982193332666246,0.3336641802228408,0.29807089948102106,0.08143835602496798,0.046356064335229784
2023-02-01,rb_classical,conservative,rb_classical:conservative,0.09212848787414832,0.07070281660567174,0.048929694057507994,0.04322607153880354,0.3348379275504198,0.28264495963095293,0.0903446376580776,0.03718540508441808
2023-03-01,rb_classical,conservative,rb_classical:conservative,0.09147930535293738,0.056892759382405324,0.04394130404132314,0.03947788517651341,0.3316200043902948,0.3102125925365031,0.07872977318496333,0.04764637593505954
2023-04-03,rb_classical,conservative,rb_classical:conservative,0.10293416766858096,0.09550228387507362,0.03815219890947847,0.05504541532402578,0.35148154486907934,0.2545250985529151,0.06344436146386431,0.03891492933698249
2023-05-01,rb_classical,conservative,rb_classical:conservative,0.11414607948015328,0.08561226930277345,0.052972571023206405,0.050444862336789395,0.31881162241083344,0.2597444084487302,0.06862805092742477,0.04964013607008914
2023-06-01,rb_classical,conservative,rb_classical:conservative,0.09356576194319281,0.06971770235894495,0.03510369215615416,0.034269891049666615,0.35011784624849923,0.30965430673346694,0.06603854657335424,0.041532252936721116
2023-07-03,rb_classical,conservative,rb_classical:conservative,0.1237433142625739,0.07185309689827385,0.03710694233667868,0.04103999809896776,0.3307645864285469,0.27422007820464217,0.07617579916933126,0.045096184600985606
2023-08-01,rb_classical,conservative,rb_classical:conservative,0.15493358966083787,0.0871889335037323,0.03523721187732497,0.031187151781125525,0.294044483207709,0.26092139589583396,0.07343021587939794,0.06305701819403846
2023-09-01,rb_classical,conservative,rb_classical:conservative,0.09525371346363157,0.06552841445476118,0.03758929914176525,0.03813007213523809,0.3185034713609564,0.27878476911924066,0.10963208824802687,0.05657817207637997
2023-10-02,rb_classical,conservative,rb_classical:conservative,0.09749506551498989,0.07213552021790845,0.03483017269586303,0.0401885361228092,0.3173142615384226,0.32190257192688376,0.07830998835908755,0.03782388362403557
2023-11-01,rb_classical,conservative,rb_classical:conservative,0.11784726675987385,0.08765286474951672,0.04796110683017792,0.05080263765186471,0.29826683692188394,0.27024736892810913,0.07793906761415137,0.04928285054442229
2023-12-01,rb_classical,conservative,rb_classical:conservative,0.15112482958546486,0.11451412766608075,0.04971961578424968,0.04183772533707395,0.2732661599349794,0.24421618134995485,0.08918736580441548,0.03613399453778107
2024-01-02,rb_classical,conservative,rb_classical:conservative,0.14035248131353492,0.10262489384702124,0.04658796758037503,0.03910928290120979,0.2896478880024314,0.272402404175249,0.06694705850748899,0.04232802367268953
2024-02-01,rb_classical,conservative,rb_classical:conservative,0.10436979350755345,0.07963383391458967,0.04377655946916482,0.033543791791966523,0.32063252925423563,0.2834120190374333,0.08810594298470376,0.0465255300403529
2024-03-01,rb_classical,conservative,rb_classical:conservative,0.1173844853825479,0.085605338503839,0.05067865698477232,0.038383850629469855,0.3006900026625602,0.27044322224972306,0.08999178234018043,0.04682266124690724
2024-04-01,rb_classical,conservative,rb_classical:conservative,0.10932287014520142,0.07934902156168773,0.04257316183591703,0.04406541183117259,0.3293349926421512,0.28591772822723854,0.07057997645936745,0.03885683729726409
2024-05-01,rb_classical,conservative,rb_classical:conservative,0.09814185009579095,0.07852015519619228,0.04167686378545012,0.03845372302108089,0.34136498984222063,0.3000438755142738,0.06266357766799922,0.0391349648769921
2024-06-03,rb_classical,conservative,rb_classical:conservative,0.11378103680197173,0.11302789260074088,0.034512260157967836,0.04095508513629822,0.32545411305942124,0.2849421141974415,0.05128285315329694,0.03604464489286166
2024-07-01,rb_classical,conservative,rb_classical:conservative,0.17429865697804156,0.10385428164332486,0.03721073231868105,0.041240947232363004,0.2892722953371078,0.2390502486982212,0.052046069383888824,0.06302676840837165
2024-08-01,rb_classical,conservative,rb_classical:conservative,0.06568663389803177,0.04604011919727145,0.024284623621231422,0.02735638715838694,0.38755277194064985,0.3552309702450955,0.05308024983762634,0.040768244101706826
2024-09-03,rb_classical,conservative,rb_classical:conservative,0.07202383798746036,0.05487675331850455,0.03224851211277674,0.028722197430643553,0.38374576546188904,0.30894640296355896,0.0666077015115217,0.052828829213645095
2024-10-01,rb_classical,conservative,rb_classical:conservative,0.07291552202356545,0.05261116484824807,0.021278605470822987,0.01632230270125933,0.40135813047362406,0.3355097215392566,0.053930119631461625,0.0460744333117619
2024-11-01,rb_classical,conservative,rb_classical:conservative,0.08240623716541114,0.06592366503764968,0.03408448822128757,0.028673758929672097,0.36282175735488964,0.3344881189016319,0.05650805447650561,0.0350939199129524
2024-12-02,rb_classical,conservative,rb_classical:conservative,0.1117706120606939,0.09101990213627643,0.0341753473052253,0.0326491008641915,0.3387527481962108,0.3028320684022826,0.04409268039451902,0.04470754064060045
2012-01-03,rb_classical,balanced,rb_classical:balanced,0.0692564008827686,0.06351503703561363,0.02506335605514716,0.020568887400040443,0.41860593309244626,0.34799529123805345,0.032869951691913854,0.02212514260401674
2012-02-01,rb_classical,balanced,rb_classical:balanced,0.13225454760717412,0.11276304449093023,0.03216497108131671,0.0260759802975483,0.31096300068886457,0.3140415935828627,0.043891273453605016,0.02784558879769844
2012-03-01,rb_classical,balanced,rb_classical:balanced,0.11895744953582958,0.08764859211759986,0.034868532966661155,0.02995083357405653,0.3784691371924374,0.30397961814310837,0.021282011254889287,0.02484382521541778
2012-04-02,rb_classical,balanced,rb_classical:balanced,0.1086920294775942,0.10349462101610162,0.03343485645523719,0.025270663106985104,0.3318590305654364,0.3203468089290619,0.04235127003659911,0.03455072041298446
2012-05-01,rb_classical,balanced,rb_classical:balanced,0.08617154649498739,0.06105617689928377,0.029389187608182692,0.030422848030282428,0.3737139767298934,0.3440540419221579,0.04982044899471699,0.025371773320495367
2012-06-01,rb_classical,balanced,rb_classical:balanced,0.07259124213612941,0.05176918169192421,0.029583594971492305,0.02337167759891966,0.4114048547838658,0.36573001693853263,0.026592668624110468,0.01895676325502546
2012-07-02,rb_classical,balanced,rb_classical:balanced,0.06836864076740942,0.0524178840326252,0.02730193088607664,0.021377099485933145,0.4100122912054915,0.3593019428693525,0.03845142612617296,0.02276878462693862
2012-08-01,rb_classical,balanced,rb_classical:balanced,0.06627564004588596,0.0518314619833861,0.022703224930682876,0.01977032927104555,0.39716019020441296,0.3725496043811101,0.03895279885632389,0.030756750327152648
2012-09-04,rb_classical,balanced,rb_classical:balanced,0.1460120074980586,0.10059308381552486,0.04834409962099036,0.04437414003322309,0.2866239944906012,0.29720006063822413,0.03051310278408941,0.04633951111928834
2012-10-01,rb_classical,balanced,rb_classical:balanced,0.0916016292270683,0.06843103845696388,0.03105412785241047,0.024825950265115332,0.39331506237334996,0.32468237183572624,0.031323455020988156,0.03476636496837773
2012-11-01,rb_classical,balanced,rb_classical:balanced,0.08879402155111381,0.06544269381795528,0.03452656677001417,0.032080367922185694,0.38305343160512956,0.3051047081056016,0.0459205025253987,0.04507770770260134
2012-12-03,rb_classical,balanced,rb_classical:balanced,0.06017065672719258,0.05290667914534401,0.031773554076077334,0.0302775643791084,0.41485172294319084,0.34067061540106486,0.03598264485555064,0.033366562472471294
2013-01-02,rb_classical,balanced,rb_classical:balanced,0.0622850713545125,0.04649822152022785,0.046867988728313714,0.04288691792794698,0.4074085909281527,0.31162164990193225,0.042740318025067836,0.03969124161384617
2013-02-01,rb_classical,balanced,rb_classical:balanced,0.11166729663989786,0.07965320749359604,0.04070861733135072,0.03610760427269074,0.374210497003656,0.2679230285219232,0.038336814065397525,0.05139293467148792
2013-03-01,rb_classical,balanced,rb_classical:balanced,0.07223288386956475,0.06372793269563179,0.029560074536210987,0.03894317697368018,0.417419667703668,0.308127203642149,0.031598934138844494,0.038390126440250916
2013-04-01,rb_classical,balanced,rb_classical:balanced,0.09823888801123853,0.07988452127183845,0.034432924110191644,0.029206713665091335,0.3729032671852157,0.28085725053324045,0.05547074722501816,0.04900568799816567
2013-05-01,rb_classical,balanced,rb_classical:balanced,0.06249473947173003,0.05240715689999097,0.03063809241952384,0.025134194856907214,0.40783402530108964,0.38456538938636375,0.011630409065900151,0.025295992598494473
2013-06-03,rb_classical,balanced,rb_classical:balanced,0.11197787931013466,0.14206786201561689,0.04525015821389994,0.04238370264220668,0.35197381020050056,0.25732574310826495,0.021989348744071536,0.027031495765304777
2013-07-01,rb_classical,balanced,rb_classical:balanced,0.10867587032672618,0.12199080412369602,0.04411804003999784,0.03190275618073761,0.3064229485255732,0.32228626706198277,0.03803253069436153,0.02657078304692471
2013-08-01,rb_classical,balanced,rb_classical:balanced,0.202660714721743,0.16639994679258818,0.06751432156653078,0.03294999439403682,0.225527650374071,0.21954659608030885,0.04526961767204241,0.04013115839867895
2013-09-03,rb_classical,balanced,rb_classical:balanced,0.14116727463232007,0.12138147802618923,0.052323347593761955,0.033432216818411124,0.3069887524810147,0.2595406798366822,0.0531301908637165,0.03203605974790416
2013-10-01,rb_classical,balanced,rb_classical:balanced,0.16826224230405173,0.1829666561488876,0.0564661183237359,0.028862476899844235,0.25433506010012025,0.24752556241592033,0.03377016875110533,0.02781171505633454
2013-11-01,rb_classical,balanced,rb_classical:balanced,0.1020415214253059,0.09524158262763899,0.050468487065520914,0.03815340161380924,0.3506441660838145,0.28914414913455655,0.04528836696240747,0.029018325086946385
2013-12-02,rb_classical,balanced,rb_classical:balanced,0.15347496807900696,0.12738716098892008,0.06800482620761554,0.03597093078520025,0.2839504198341137,0.23317859348398076,0.056090815808895945,0.04194228481226683
2014-01-02,rb_classical,balanced,rb_classical:balanced,0.10820001519095582,0.12270892553146956,0.04467498984600552,0.02459533896010732,0.38778678012721696,0.24253770058760118,0.03762429182249644,0.03187195793414724
2014-02-03,rb_classical,balanced,rb_classical:balanced,0.101764862831446,0.09030193498209241,0.04619035446089329,0.03602802585890833,0.35088748006217013,0.27302268864210055,0.06190325987775538,0.0399013932846338
2014-03-03,rb_classical,balanced,rb_classical:balanced,0.09959249040875705,0.09668365385358822,0.038717627745086275,0.029233000192449312,0.34268798977059345,0.27500415555090507,0.06972653133007325,0.04835455114854742
2014-04-01,rb_classical,balanced,rb_classical:balanced,0.1435246726231584,0.10182163113740804,0.04988970328942316,0.03686882407668986,0.3346007018097257,0.23426990746215404,0.061611227138774385,0.037413332462666496
2014-05-01,rb_classical,balanced,rb_classical:balanced,0.08228643654858744,0.05615989433108368,0.048289311116398226,0.04208682893519894,0.3947135195682953,0.2643044617180425,0.0673600486049033,0.0447994991774905
2014-06-02,rb_classical,balanced,rb_classical:balanced,0.12038646894454641,0.09401754251729803,0.07897543313962056,0.04003388489658135,0.3316593697000509,0.232680505306319,0.060375622823787466,0.04187117267179616
2014-07-01,rb_classical,balanced,rb_classical:balanced,0.14315643293651814,0.13919962048571252,0.0647186399410658,0.04984807364724636,0.3144637532956285,0.21656946617587106,0.04257701755961209,0.029466995958345624
2014-08-01,rb_classical,balanced,rb_classical:balanced,0.11657610007960348,0.0981124273581855,0.054310127057396365,0.04726184244446151,0.3262592714765246,0.24930212388438275,0.059207016520696286,0.048971091178749385
2014-09-02,rb_classical,balanced,rb_classical:balanced,0.11941705731576652,0.14405356107542386,0.053476609976093666,0.04219096088536155,0.31639310586848957,0.23036278652249575,0.05785496990358162,0.03625094845278744
2014-10-01,rb_classical,balanced,rb_classical:balanced,0.10520136045016544,0.08569770029328863,0.05745828089547342,0.03613660302183248,0.34985254360409573,0.24538955398312265,0.09284106555276471,0.02742289219925694
2014-11-03,rb_classical,balanced,rb_classical:balanced,0.0721715794055988,0.06242020001573867,0.03268391035060964,0.04005968266881388,0.37900897441681214,0.29818137339472706,0.07508998530339583,0.040384294444304004
2014-12-01,rb_classical,balanced,rb_classical:balanced,0.17807737631248102,0.12869784829568717,0.04922460475358615,0.027379879958415336,0.29003127182913924,0.2624733798988306,0.0265036492332894,0.03761198971857104
2015-01-02,rb_classical,balanced,rb_classical:balanced,0.09825491800942594,0.0954658496355064,0.05286749396391778,0.047467453074023086,0.35791270563748095,0.2509795188967412,0.058420607921336985,0.03863145286156771
2015-02-02,rb_classical,balanced,rb_classical:balanced,0.09102060063135615,0.08054851957888357,0.04539438643215699,0.03911222842897891,0.3924232523047353,0.2495701068431192,0.05657511891575587,0.04535578686501411
2015-03-02,rb_classical,balanced,rb_classical:balanced,0.15526730172101186,0.1512229796553968,0.053553182086106696,0.043918560480898844,0.27548059525160545,0.21724440054753047,0.07420718148959374,0.029105798767856118
2015-04-01,rb_classical,balanced,rb_classical:balanced,0.12138169997850534,0.12153622801948662,0.046188531721824286,0.04281077940272086,0.2998592927589149,0.25844311976764534,0.07776045144165053,0.03201989690925214
2015-05-01,rb_classical,balanced,rb_classical:balanced,0.12298457345787733,0.0862178967812163,0.051757147336299936,0.03744226878689579,0.35529529423196315,0.2670174479294936,0.048998036358872316,0.03028733511738159
2015-06-01,rb_classical,balanced,rb_classical:balanced,0.15128019153294825,0.11962870612491898,0.04856746456199833,0.05882618697499159,0.2785548067672214,0.21832825119071878,0.09135958181829235,0.033454811028910354
2015-07-01,rb_classical,balanced,rb_classical:balanced,0.1338741993160221,0.11621439750362476,0.04500783432435683,0.05052285408001338,0.2867500624993391,0.20964350495537254,0.1163863869121196,0.04160076040915169
2015-08-03,rb_classical,balanced,rb_classical:balanced,0.11248839713424251,0.09049898026329321,0.036899494414352974,0.02980565019950938,0.3459123978419702,0.25846671413673306,0.07553106865675656,0.05039729735314215
2015-09-01,rb_classical,balanced,rb_classical:balanced,0.05557865932725868,0.04805368287077016,0.03457321617737251,0.02494024061597146,0.42292581701911974,0.3034293296747435,0.0888219302886998,0.021677124026064108
2015-10-01,rb_classical,balanced,rb_classical:balanced,0.08063771332048769,0.0747768094064889,0.03529805095411767,0.03125968604831799,0.38424603678892394,0.28121577157932,0.08013855532113903,0.032427376581204696
2015-11-02,rb_classical,balanced,rb_classical:balanced,0.10779145667318064,0.08781201448667061,0.052628339944654406,0.030894606257825367,0.34447717192914173,0.2722318260785043,0.07114513787638797,0.03301944675363492
2015-12-01,rb_classical,balanced,rb_classical:balanced,0.08875152564307236,0.07944278341144465,0.05044464088610503,0.028607473809890493,0.36742374126867516,0.3053176697488939,0.059526043345934046,0.02048612188598436
2016-01-04,rb_classical,balanced,rb_classical:balanced,0.07358717534051229,0.06609594363049325,0.04087191473818778,0.032969464144809585,0.43003424487818015,0.26955886530274764,0.05373197467910599,0.03315041728596333
2016-02-01,rb_classical,balanced,rb_classical:balanced,0.05507854839758815,0.04574903658420486,0.026216937832317117,0.02163978843477815,0.4585925993703842,0.30720727815976107,0.06582537687472693,0.019690434346239502
2016-03-01,rb_classical,balanced,rb_classical:balanced,0.07431682101903164,0.06098645358045302,0.03635041956076565,0.028513857169994553,0.44647195764312403,0.2766780721445429,0.052527039362500645,0.024155379519587673
2016-04-01,rb_classical,balanced,rb_classical:balanced,0.12107685276638433,0.1025808889649865,0.04131232324869449,0.03160126651628418,0.35787293065438064,0.26664647259748653,0.05149173935866518,0.027417525893118275
2016-05-02,rb_classical,balanced,rb_classical:balanced,0.0985793687226148,0.07826038543435139,0.033184973095776615,0.029740111461291123,0.39458547739294014,0.2838074140317779,0.05484462672274085,0.026997643138507284
2016-06-01,rb_classical,balanced,rb_classical:balanced,0.0908297189375885,0.0762309644434278,0.04308209236710847,0.0327891525588008,0.3817720032093914,0.29353043896722336,0.06100430562661386,0.02076132388984584
2016-07-01,rb_classical,balanced,rb_classical:balanced,0.07485902941792971,0.06854954989019066,0.021870000699343767,0.023613650895092365,0.426193807646594,0.28310116727736473,0.056007184277740554,0.04580560989574442
2016-08-01,rb_classical,balanced,rb_classical:balanced,0.13849376540245667,0.12866938542512896,0.04473397957714909,0.034885136835189866,0.29079101409139413,0.27239900662593935,0.05814290603996157,0.03188480600278039
2016-09-01,rb_classical,balanced,rb_classical:balanced,0.16033949440805134,0.15314508026967716,0.06880824137649087,0.03419760176342565,0.24551669035717416,0.2333150675046763,0.07158480227245738,0.03309302204804708
2016-10-03,rb_classical,balanced,rb_classical:balanced,0.08014812007698426,0.07709731539358229,0.0404455638590583,0.024294740780615855,0.3135367194433423,0.34340499784026185,0.10259469501646494,0.018477847589690115
2016-11-01,rb_classical,balanced,rb_classical:balanced,0.10528310245727637,0.08290460712285987,0.058224365216288425,0.026220177668189962,0.29330751940465577,0.32920326856979226,0.0895396174816826,0.015317342079254831
2016-12-01,rb_classical,balanced,rb_classical:balanced,0.15907766465018006,0.09551925255121302,0.08282952237609825,0.028811529502772746,0.24027135154502446,0.27016164979557744,0.09262566982273304,0.03070335975640109
2017-01-03,rb_classical,balanced,rb_classical:balanced,0.14675039431566408,0.12206609525994797,0.06581552039664942,0.03181069006444761,0.25585901907779823,0.25806467985438103,0.09181914979183907,0.02781445123927251
2017-02-01,rb_classical,balanced,rb_classical:balanced,0.18630910740929568,0.16441736993921158,0.07509504372241156,0.05057688966722832,0.21575118396704332,0.19471408244122798,0.07936526633852506,0.03377105651505664
2017-03-01,rb_classical,balanced,rb_classical:balanced,0.16671548954243184,0.1820600768005496,0.08551441888767174,0.04124036557077228,0.21186240580489052,0.18506681474191125,0.09015392883451433,0.037386499817258334
2017-04-03,rb_classical,balanced,rb_classical:balanced,0.1691322588585255,0.15539499649549776,0.0781242745419712,0.035491961821331915,0.22441334520485928,0.21645565635659234,0.0865220137468072,0.034465492974414765
2017-05-01,rb_classical,balanced,rb_classical:balanced,0.1566476585873656,0.14126841937181903,0.05524903317032092,0.046360279392328965,0.2449564573280661,0.22467269139646312,0.08294956469713272,0.04789589605650338
2017-06-01,rb_classical,balanced,rb_classical:balanced,0.13348901603978275,0.09738379299081663,0.06408741023914541,0.03241009063203205,0.29087047554196827,0.2588097912060122,0.07625624404973211,0.04669317930051051
2017-07-03,rb_classical,balanced,rb_classical:balanced,0.1551205700846759,0.06370365149791322,0.06248816313885625,0.04214561657073637,0.33436962171696577,0.22962206976554522,0.06371782199285073,0.04883248523245648
2017-08-01,rb_classical,balanced,rb_classical:balanced,0.17823336682011306,0.10620209931852315,0.08238285359622415,0.03909915317536142,0.25868032673694985,0.22955311888147986,0.07245336134880702,0.03339572012254148
2017-09-01,rb_classical,balanced,rb_classical:balanced,0.10674697522436583,0.06773217817773815,0.05610576724139303,0.034277386758739155,0.3772548313509591,0.25976149009558064,0.05907466750557954,0.03904670364564447
2017-10-02,rb_classical,balanced,rb_classical:balanced,0.2048102862825006,0.10777388105521281,0.07271955033593369,0.03878739392738499,0.2883019707450593,0.18651960407198523,0.05071106037457918,0.05037625320734417
2017-11-01,rb_classical,balanced,rb_classical:balanced,0.1903302630993775,0.0733293472999665,0.0869337848297336,0.03676405248321226,0.2681909528012447,0.22272810525685444,0.06140255768901801,0.06032093654059294
2017-12-01,rb_classical,balanced,rb_classical:balanced,0.15829719391037558,0.09290561908404314,0.06402592730832432,0.031024043454191404,0.3048355011140528,0.23475674925319379,0.05697510893562423,0.057179856940194736
2018-01-02,rb_classical,balanced,rb_classical:balanced,0.17161829330374406,0.0866854606463545,0.07069586151671015,0.036243896917906165,0.30495847678126947,0.2338940403696472,0.05816285972339952,0.037741110740968996
2018-02-01,rb_classical,balanced,rb_classical:balanced,0.12290144342725763,0.0894659207237247,0.05827405560402328,0.03491177483608321,0.3294921781569363,0.27092299902043765,0.0665349793863715,0.02749664884516562
2018-03-01,rb_classical,balanced,rb_classical:balanced,0.06570254372380051,0.05635249803133429,0.035091165784213105,0.025251044184391988,0.3953039711646648,0.30356746624737846,0.08750379873831914,0.031227512125897725
2018-04-02,rb_classical,balanced,rb_classical:balanced,0.052471474367297426,0.037381923520941496,0.04048092353171716,0.021451078142890274,0.4119483841129853,0.34763584418307664,0.056656629463625444,0.031973742677466124
2018-05-01,rb_classical,balanced,rb_classical:balanced,0.0714289965898205,0.04666164252492882,0.06771517731078205,0.03481803998724222,0.3539842072582598,0.31775479455203065,0.07430716441429448,0.03332997736264137
2018-06-01,rb_classical,balanced,rb_classical:balanced,0.1238732783249837,0.10556193991910975,0.057607376653426266,0.03624618364214192,0.2772104865215437,0.24572223938094973,0.10805981750916767,0.045718678048677464
2018-07-02,rb_classical,balanced,rb_classical:balanced,0.11713659556615172,0.06822006702540624,0.04498115989761521,0.028113885519426902,0.3431405699793914,0.2938145508590651,0.07046671053714068,0.03412646061580281
2018-08-01,rb_classical,balanced,rb_classical:balanced,0.10213073340542435,0.055520862011561894,0.04837920242314983,0.02531153523117442,0.3418275432262911,0.3330127796718943,0.0650570139256244,0.028760330104879526
2018-09-04,rb_classical,balanced,rb_classical:balanced,0.11513007468369794,0.08793010296308149,0.03347333249880291,0.017927590292556157,0.3540873237010954,0.32096358044560086,0.03823017216598204,0.032257823249183006
2018-10-01,rb_classical,balanced,rb_classical:balanced,0.1519243487698805,0.07112108425501194,0.04709859745671533,0.028604756707132455,0.28742162945162164,0.31945906374209126,0.06797783273877808,0.026392686878768667
2018-11-01,rb_classical,balanced,rb_classical:balanced,0.0498786304569175,0.03227511757560548,0.03405393493893858,0.018605632379538776,0.3825109286011816,0.3924119497224573,0.06543766208808699,0.024826144237273667
2018-12-03,rb_classical,balanced,rb_classical:balanced,0.038068435081351215,0.025549119483772777,0.025034950874096146,0.014791646967799043,0.3981272109382593,0.3998957396581196,0.06570105385011367,0.032831843146488134
2019-01-02,rb_classical,balanced,rb_classical:balanced,0.038984970490530436,0.030077016274916157,0.03356735284141763,0.028602922805205287,0.3906202291182422,0.3717443487904004,0.08830352640054188,0.018099633278746002
2019-02-01,rb_classical,balanced,rb_classical:balanced,0.074174321537635,0.049691127967416246,0.042551097197487536,0.030731432458549743,0.34107481428628655,0.32019451840940943,0.09481323009269872,0.046769458050516875
2019-03-01,rb_classical,balanced,rb_classical:balanced,0.11901378276658225,0.09175164149946606,0.053213965008102895,0.03613187826598641,0.29114219777063477,0.29784372789495084,0.05909791574165095,0.05180489105262595
2019-04-01,rb_classical,balanced,rb_classical:balanced,0.09908141945584267,0.07632040967437988,0.05741891688473336,0.0329204472236783,0.2847941165984078,0.31801506620824577,0.07741720824857326,0.054032415706138995
2019-05-01,rb_classical,balanced,rb_classical:balanced,0.13157335652342864,0.10829736788185336,0.06823759571990341,0.04096571271834966,0.27800211231264355,0.28122460142732186,0.0659667557987537,0.02573249761774585
2019-06-03,rb_classical,balanced,rb_classical:balanced,0.07569978122220228,0.0534617641365998,0.037949659471922886,0.027368469181568725,0.3640245943352316,0.3271239416180889,0.0743767147224774,0.03999507531190844
2019-07-01,rb_classical,balanced,rb_classical:balanced,0.1077719626005783,0.07277408822079359,0.06017141774713933,0.03837852225642501,0.2920132629911524,0.3429847291037616,0.05128616885172059,0.034619848228429125
2019-08-01,rb_classical,balanced,rb_classical:balanced,0.147715476153913,0.10760518782439206,0.08156927808806406,0.061796896152808506,0.23786375025390136,0.26636370980734286,0.04317995460977405,0.05390574710980414
2019-09-03,rb_classical,balanced,rb_classical:balanced,0.07267681183259529,0.06037346939342921,0.0508810742710727,0.04187193237802904,0.32155130793383263,0.33273727594882396,0.07080302276429032,0.04910510547792683
2019-10-01,rb_classical,balanced,rb_classical:balanced,0.15320373024292366,0.10049071053682554,0.08121938073914856,0.06352757077835014,0.23444460608201706,0.2515177948157402,0.05778984532310853,0.05780636148188639
2019-11-01,rb_classical,balanced,rb_classical:balanced,0.11725670162227739,0.08953090552296558,0.06310511088376537,0.05315901917998386,0.2722631454325816,0.2650083858028652,0.07330595884254386,0.06637077271301738
2019-12-02,rb_classical,balanced,rb_classical:balanced,0.16678619837895636,0.1239190630576452,0.08170940753338496,0.05204614647838907,0.2510655489216973,0.23498926841189144,0.06137997384652899,0.028104393371506674
2020-01-02,rb_classical,balanced,rb_classical:balanced,0.16146852159519412,0.11687991159465527,0.06066443651139631,0.05165946537513992,0.26155919010440387,0.22339125239064173,0.087839368338491,0.03653785409007799
2020-02-03,rb_classical,balanced,rb_classical:balanced,0.08853771808984898,0.07085901483849325,0.046689818911254385,0.028688296171051394,0.37477066864205943,0.28239714335511673,0.07007439866557609,0.037982941326599816
2020-03-02,rb_classical,balanced,rb_classical:balanced,0.05571332740019626,0.04695335024025455,0.04123010312459027,0.041456166086908594,0.4026680921187944,0.3361063965643805,0.05611616574866806,0.019756398716207362
2020-04-01,rb_classical,balanced,rb_classical:balanced,0.06678629525049426,0.07267118272651493,0.03308433947551328,0.033321027556859874,0.1350272556342133,0.5530386462738937,0.08677141160975096,0.019299841472759652
2020-05-01,rb_classical,balanced,rb_classical:balanced,0.0459091864528983,0.04655158290875638,0.024324581862326417,0.02499279953621186,0.18935454497574553,0.6132443023325516,0.043933163145428715,0.011689838786081172
2020-06-01,rb_classical,balanced,rb_classical:balanced,0.06320489227433664,0.07800235428033399,0.02446957602398304,0.027093023754245122,0.23492110358014545,0.5122239197743259,0.04746141244091352,0.012623717871716353
2020-07-01,rb_classical,balanced,rb_classical:balanced,0.040838145843415684,0.04808358747920823,0.021699290306093293,0.023952538327310004,0.29476945367369445,0.5091860083499125,0.04996209703448858,0.01150887898587714
2020-08-03,rb_classical,balanced,rb_classical:balanced,0.05051988056261926,0.03143809696989202,0.017076661398890393,0.018474645931065473,0.2895685787119955,0.5495145115562591,0.030124566810888324,0.013283058058390102
2020-09-01,rb_classical,balanced,rb_classical:balanced,0.1106010023134608,0.057663866423716015,0.03816001626284401,0.02793657815369278,0.1976863043442597,0.5257873765145759,0.017444310770608353,0.024720545216842513
2020-10-01,rb_classical,balanced,rb_classical:balanced,0.03552233950758464,0.02471139240787006,0.023860936705537742,0.024360397961921132,0.23755101172093482,0.6091865498383556,0.03228169133066608,0.012525680527129981
2020-11-02,rb_classical,balanced,rb_classical:balanced,0.046981904519114735,0.03866220620820808,0.02784612903439018,0.03207260142613469,0.2610032137600379,0.5359320502326078,0.03802313892802136,0.019478755891485205
2020-12-01,rb_classical,balanced,rb_classical:balanced,0.08837132754324223,0.06083760173378679,0.03436506397307941,0.03734495720315812,0.2305195133415878,0.4855397613834373,0.034657916479090826,0.02836385834261758
2021-01-04,rb_classical,balanced,rb_classical:balanced,0.071687979917684,0.057246971660958136,0.034602818809175956,0.026941686508400127,0.2383022448712818,0.5284085491693156,0.02748227550922013,0.015327473553964247
2021-02-01,rb_classical,balanced,rb_classical:balanced,0.06373136549271195,0.04654597884865331,0.033258138738291344,0.022027923389558828,0.25016952122239,0.5294577587340868,0.03211583186689666,0.022693481707411017
2021-03-01,rb_classical,balanced,rb_classical:balanced,0.09906381774901293,0.0684914862745325,0.060926693498249855,0.036256159876376245,0.20205420848131717,0.43395615362526174,0.05082210081386716,0.048429379681382334
2021-04-01,rb_classical,balanced,rb_classical:balanced,0.10719356164654395,0.050192770456192706,0.07565360702141893,0.03105982076355287,0.28345114956095074,0.3475138816603417,0.0599037122752553,0.045031496615743766
2021-05-03,rb_classical,balanced,rb_classical:balanced,0.11713251972409289,0.07660974161175028,0.05455868354866613,0.04630384573282228,0.29396315572223736,0.2864180900510991,0.059434493571218466,0.06557947003811353
2021-06-01,rb_classical,balanced,rb_classical:balanced,0.08175817135572942,0.05316495864110629,0.04719891550227329,0.03317849698962504,0.3276019386225698,0.3507797863510071,0.07238369630000371,0.033934036237685254
2021-07-01,rb_classical,balanced,rb_classical:balanced,0.13289152093587764,0.10829981760084081,0.06513979168828338,0.06337043437298222,0.2998348618385518,0.23551847723519717,0.047251534990020126,0.04769356133824704
2021-08-02,rb_classical,balanced,rb_classical:balanced,0.11580683043023604,0.11839994033952597,0.05890907225808668,0.03652129776295264,0.3001687544774742,0.2274266747337038,0.09692713228004657,0.04584029771797405
2021-09-01,rb_classical,balanced,rb_classical:balanced,0.13619353113999774,0.09663315934206043,0.07377639905987478,0.03681237705288191,0.31001784878965855,0.2543285936521555,0.04099541081995485,0.05124268014341619
2021-10-01,rb_classical,balanced,rb_classical:balanced,0.1033509547883615,0.09028779705964277,0.06413849131984904,0.05369124209636382,0.3326204350328129,0.24955906902881297,0.05669949372282538,0.04965251695133172
2021-11-01,rb_classical,balanced,rb_classical:balanced,0.13032664264393354,0.09773258117998074,0.07655578001416022,0.05087345205993439,0.29305993578569733,0.238466673227821,0.06277341440194571,0.05021152068652691
2021-12-01,rb_classical,balanced,rb_classical:balanced,0.13025048417833054,0.09321866854292847,0.08683648054171825,0.07143263507825355,0.2785258018000313,0.20811166360769007,0.07559310140474625,0.05603116484630159
2022-01-03,rb_classical,balanced,rb_classical:balanced,0.0886129203321335,0.05880515687147154,0.061594664835198265,0.06411007759270618,0.33800324690309697,0.26417191318073985,0.07888897851424766,0.04581304177040608
2022-02-01,rb_classical,balanced,rb_classical:balanced,0.09103496009416023,0.05755315768693564,0.07335934052947478,0.049242700240433,0.32697810879446737,0.28430135362636394,0.0758828150811591,0.04164756394700592
2022-03-01,rb_classical,balanced,rb_classical:balanced,0.10093780397295986,0.06790091677159688,0.060934081271703334,0.07389928425837249,0.28201456813767634,0.25256251990825246,0.11280520992323202,0.048945615756206574
2022-04-01,rb_classical,balanced,rb_classical:balanced,0.10763056948711062,0.0741537707732825,0.05215644462592849,0.03783562592854005,0.29186757917808437,0.2901399747202112,0.09194239930655211,0.05427363598029072
2022-05-02,rb_classical,balanced,rb_classical:balanced,0.08902928919602152,0.06289003547467246,0.07918638927368395,0.07535366297045888,0.2478690308247381,0.264935098901581,0.14165047254311686,0.039086020815727235
2022-06-01,rb_classical,balanced,rb_classical:balanced,0.07889367848816513,0.05933543678802305,0.055307711763898725,0.05538931323557068,0.275113184479443,0.27491184068628993,0.16364843148823952,0.03740040307036986
2022-07-01,rb_classical,balanced,rb_classical:balanced,0.10043408546330242,0.0821738336261405,0.06800389160887457,0.07419589324177638,0.23033424160484842,0.23050343135908238,0.1756858052992973,0.038668817796678044
2022-08-01,rb_classical,balanced,rb_classical:balanced,0.11488368668838227,0.08337289711276741,0.05765345589358441,0.07488669250645795,0.26131937604239447,0.23179486996490228,0.12527281277198687,0.05081620901952417
2022-09-01,rb_classical,balanced,rb_classical:balanced,0.10253855439682177,0.08311941605778851,0.06526188023791497,0.08496530368705735,0.22975226412711383,0.2399898521039879,0.15044801853211556,0.043924710857200136
2022-10-03,rb_classical,balanced,rb_classical:balanced,0.11755701788294987,0.1045574028203754,0.06452636889486159,0.08777634426640768,0.23456210345976017,0.2153074062225819,0.13086592440393743,0.04484743204912608
2022-11-01,rb_classical,balanced,rb_classical:balanced,0.10041541331995334,0.08340596660719929,0.06135426172305594,0.06098836214194387,0.2745288156101966,0.25521366835882137,0.13149209655672034,0.03260141568210939
2022-12-01,rb_classical,balanced,rb_classical:balanced,0.12141348157805935,0.0920168123155028,0.06071417426726966,0.06885680055024257,0.2501635991686697,0.261442384695456,0.10601551612910169,0.039377231295698256
2023-01-03,rb_classical,balanced,rb_classical:balanced,0.12966637680701745,0.10654784047974931,0.07750896899656044,0.08504691497435266,0.23160585018995755,0.22083412063735341,0.10014979671874512,0.04864013119626411
2023-02-01,rb_classical,balanced,rb_classical:balanced,0.13947655289019473,0.10643420530961487,0.09327608962236393,0.07910650394621153,0.22824162904298623,0.2056553814076289,0.10934583045816365,0.03846380732283612
2023-03-01,rb_classical,balanced,rb_classical:balanced,0.14404841615463151,0.08897911183779929,0.08752588947485822,0.07526819436372917,0.2292223634056332,0.22798755833430326,0.09580853165614236,0.05115993477290289
2023-04-03,rb_classical,balanced,rb_classical:balanced,0.15375088617915755,0.14312585460812816,0.07245123413479339,0.10044220704061207,0.23558060581568485,0.1809582571777196,0.07441754454124379,0.03927341050266049
2023-05-01,rb_classical,balanced,rb_classical:balanced,0.16634504773764386,0.12496050480241237,0.0983618994737258,0.08949323204404518,0.21072497123977832,0.18239526650451796,0.07893048032470337,0.04878859787317313
2023-06-01,rb_classical,balanced,rb_classical:balanced,0.14725453862812463,0.11037157147934819,0.0701140432444182,0.06581281734178068,0.2477754818513096,0.2321687139386643,0.08233651319849497,0.04416632031785941
2023-07-03,rb_classical,balanced,rb_classical:balanced,0.18532387323734842,0.1084387043009045,0.07082200863485028,0.07574628739507794,0.22529705538473999,0.19799839206787784,0.09115932048817114,0.0452143584910298
2023-08-01,rb_classical,balanced,rb_classical:balanced,0.22743152112078474,0.1296092569871079,0.06618708462838754,0.05728514562932248,0.19263406404487,0.18000704551635066,0.08548389659444951,0.061361985478727225
2023-09-01,rb_classical,balanced,rb_classical:balanced,0.1448936295466282,0.10062867356059894,0.07315409613670651,0.07256201058145224,0.2180608510308269,0.20092281171306464,0.13229783903145767,0.05748008839926482
2023-10-02,rb_classical,balanced,rb_classical:balanced,0.14771808154984836,0.1108393697893051,0.06808209576596437,0.07685318163829147,0.2226672313095974,0.2386578819523294,0.09651178385122214,0.03867037414344186
2023-11-01,rb_classical,balanced,rb_classical:balanced,0.16748400292242177,0.12705339514604805,0.08716250294562566,0.09035335035573477,0.1982796058258241,0.18975216815333565,0.0922811426059016,0.047633832045108356
2023-12-01,rb_classical,balanced,rb_classical:balanced,0.2024315664531111,0.1565066543203094,0.08542352099755282,0.07147559481794519,0.17748163736842404,0.16691184168585677,0.1058868498423693,0.03388233451443122
2024-01-02,rb_classical,balanced,rb_classical:balanced,0.19350342504168874,0.14436704774402193,0.08268823953622352,0.06932985947245955,0.19340097821999713,0.19206738734109435,0.08336216221627761,0.041280900428237295
2024-02-01,rb_classical,balanced,rb_classical:balanced,0.14943423521035049,0.11613403269907802,0.07996398464877898,0.061661273090344824,0.22264489711010277,0.2083183597727564,0.11463328730396861,0.047209930164620016
2024-03-01,rb_classical,balanced,rb_classical:balanced,0.16097367191237594,0.11901420251186332,0.09029305143703252,0.06876006386160105,0.20476721826351463,0.19524061154692127,0.11450712786224214,0.046444052604449136
2024-04-01,rb_classical,balanced,rb_classical:balanced,0.16034064835187814,0.11442528970473297,0.08285969077736627,0.08230821330144843,0.2259955948788522,0.20427188597291182,0.08850769649513332,0.0412909805176768
2024-05-01,rb_classical,balanced,rb_classical:balanced,0.15038624296694633,0.11809473295111261,0.0843082802333788,0.07510057601191951,0.23628025337288797,0.21502941311694496,0.07722446160271017,0.04357603974409955
2024-06-03,rb_classical,balanced,rb_classical:balanced,0.17321341119062847,0.16791204412923622,0.06968238160283532,0.07938777622822789,0.21577487790355301,0.1947714755367297,0.05952904268007806,0.03972899072871129
2024-07-01,rb_classical,balanced,rb_classical:balanced,0.25115015366814625,0.14579100243808313,0.07076561465350946,0.07575058901352123,0.18023365098846117,0.15331489988807012,0.05672471273448668,0.06626937661572194
2024-08-01,rb_classical,balanced,rb_classical:balanced,0.11286537640659793,0.07662622187799037,0.054875150668404336,0.06006559425031951,0.2952962462031684,0.2787828361847181,0.06933092955009085,0.05215764485871048
2024-09-03,rb_classical,balanced,rb_classical:balanced,0.11523369181876071,0.0853342159661473,0.06812625215633708,0.05910478785457915,0.28606026149338437,0.2398657892431196,0.08216319544775846,0.0641118060199133
2024-10-01,rb_classical,balanced,rb_classical:balanced,0.12003496357699438,0.08424836577126991,0.045887913860563886,0.03447191771400636,0.31418040643105133,0.2743917930866795,0.06823600338610823,0.0585486361733265
2024-11-01,rb_classical,balanced,rb_classical:balanced,0.12842951679840248,0.09937801707036324,0.07050099246484975,0.057164395181586294,0.27221799199466035,0.26258374317116717,0.06669075933258471,0.04303458398638599
2024-12-02,rb_classical,balanced,rb_classical:balanced,0.163411214563266,0.1288187135144782,0.06827592049321536,0.06314388311399065,0.2443969386375823,0.22957173503787734,0.049420020594626364,0.05296157404496378
2012-01-03,rb_classical,growth,rb_classical:growth,0.08571956224472455,0.08008508831374572,0.031071946817542665,0.025772502533127243,0.28568747491151136,0.42911325256113225,0.03944842519330465,0.02310174742491164
2012-02-01,rb_classical,growth,rb_classical:growth,0.15410889197277008,0.13407167879696552,0.037451371912454595,0.030826200406268437,0.20132710763131742,0.3651237598824475,0.04965597434162201,0.02743501505615439
2012-03-01,rb_classical,growth,rb_classical:growth,0.14292511590057247,0.10769743051304112,0.04183767346092835,0.036470647341652854,0.2564775261876888,0.36464569729295404,0.02474211416411563,0.02520379513904666
2012-04-02,rb_classical,growth,rb_classical:growth,0.1278404873952656,0.12458182391451719,0.0392415288472887,0.03021998820131368,0.22310224786310215,0.3724385442987825,0.04831511384418388,0.034260265635546315
2012-05-01,rb_classical,growth,rb_classical:growth,0.1034829080930618,0.07522519015715559,0.035392380661396626,0.03720139507068487,0.255516429940284,0.4093323164722103,0.05823089796610149,0.02561848163910537
2012-06-01,rb_classical,growth,rb_classical:growth,0.08898118876064444,0.06529048387156047,0.03636179958518669,0.029207641818096954,0.28337981291947856,0.4453360078909792,0.03192467578407799,0.019518389369975686
2012-07-02,rb_classical,growth,rb_classical:growth,0.08346117382746518,0.06559967794214444,0.03340726758047648,0.02660159350512619,0.28742277054651993,0.43435822632952076,0.04582458395047409,0.023324706318272916
2012-08-01,rb_classical,growth,rb_classical:growth,0.08039101499519749,0.06415832729137859,0.02752217755637836,0.024379231590760962,0.27579466975738476,0.45067007544118487,0.045706565517555336,0.03137793785015972
2012-09-04,rb_classical,growth,rb_classical:growth,0.16642205171637417,0.1168304704085245,0.05507517679007697,0.05135780832511788,0.1949193514564559,0.3392416085731376,0.03225936059785305,0.04389417213245987
2012-10-01,rb_classical,growth,rb_classical:growth,0.11030615350341132,0.08415554817569953,0.03739252559286577,0.030532520502197003,0.2832348497556936,0.38531563911934524,0.03409530545121744,0.0349674578995701
2012-11-01,rb_classical,growth,rb_classical:growth,0.10902218286354876,0.08185576141133123,0.04239020598849393,0.04002889238513788,0.27528044623824705,0.35467084693658985,0.05056756850092887,0.046184095675722577
2012-12-03,rb_classical,growth,rb_classical:growth,0.0749507727403524,0.0671390317091751,0.039615096515449956,0.0382852626739798,0.3035452715697802,0.4011113711817487,0.0403884065437442,0.034964787065769685
2013-01-02,rb_classical,growth,rb_classical:growth,0.07609803043645363,0.05784158692905043,0.057411774736679876,0.05338200441501811,0.31526596110553246,0.35082776720776915,0.04832672984336155,0.040846145326134904
2013-02-01,rb_classical,growth,rb_classical:growth,0.13454731979039022,0.09730989174756079,0.0492997972388409,0.04440478632275868,0.2814753147927312,0.2988397339475196,0.04264151597408583,0.05148164018611282
2013-03-01,rb_classical,growth,rb_classical:growth,0.08837605382674127,0.07907123294139078,0.036336405118546466,0.04887243708020128,0.32168538695112175,0.35086861969710553,0.035842232826653435,0.03894763155823947
2013-04-01,rb_classical,growth,rb_classical:growth,0.11844054775907527,0.0980660381217028,0.04168273362189905,0.03577165378167541,0.2737645118736897,0.320970283511451,0.06208849512666054,0.04921573620384618
2013-05-01,rb_classical,growth,rb_classical:growth,0.07657302498048545,0.06497669849358076,0.03742104923382118,0.031199342905127048,0.29853755094343065,0.4520766589714776,0.013075316843057428,0.02614035762901981
2013-06-03,rb_classical,growth,rb_classical:growth,0.13373626076022566,0.17031224496872166,0.05420264898528211,0.0513841247761873,0.2587702506708911,0.2799711619023286,0.023862088643333102,0.027761219293030576
2013-07-01,rb_classical,growth,rb_classical:growth,0.13806657871300357,0.1547537067459755,0.05628963083781948,0.04182240170861051,0.20733337426228687,0.32883450601377173,0.043203210419364514,0.029696591299167813
2013-08-01,rb_classical,growth,rb_classical:growth,0.24376086522976023,0.20011225094342883,0.08243731757514847,0.042034833722077294,0.144003065365227,0.1947499377319257,0.049951854630227624,0.04294987480220487
2013-09-03,rb_classical,growth,rb_classical:growth,0.1828179632929653,0.1567868230500428,0.0685959384634978,0.04584804512850648,0.2074010371851547,0.23874182936862026,0.06264981668758572,0.03715854682362685
2013-10-01,rb_classical,growth,rb_classical:growth,0.2128996560674828,0.23107709308695837,0.07317006360640016,0.03890015479108819,0.1634194863679911,0.2089596924209283,0.039729751498467844,0.031844102160683334
2013-11-01,rb_classical,growth,rb_classical:growth,0.14306039221683706,0.13267812658411166,0.07266811500134765,0.056887010252152814,0.24173839410257925,0.2568837023628568,0.05951676727197524,0.036567492208139665
2013-12-02,rb_classical,growth,rb_classical:growth,0.2025260593054915,0.1665671211604793,0.09228866872252468,0.05075135001106348,0.18224068278460273,0.18610026447636788,0.06961819223726491,0.049907661302205523
2014-01-02,rb_classical,growth,rb_classical:growth,0.15637884131605995,0.1761391749938239,0.06592476459946763,0.03763434300791533,0.2663510390480254,0.20505952446645317,0.05108694371880775,0.04142536884944683
2014-02-03,rb_classical,growth,rb_classical:growth,0.14471007809258188,0.12765270637436882,0.06733666214937409,0.05410618287416065,0.24066742874507394,0.22950544320213273,0.08489379633878735,0.05112770222352055
2014-03-03,rb_classical,growth,rb_classical:growth,0.1421251139512071,0.13721965457076632,0.05649908520925167,0.04370847384418088,0.2345134354630463,0.22791024362943205,0.09564395490310923,0.062380038429006565
2014-04-01,rb_classical,growth,rb_classical:growth,0.19753459832182818,0.1394826961965597,0.07021076403869726,0.05346754549938077,0.22375397033239297,0.18717651077962408,0.08181911333515532,0.04655480149636171
2014-05-01,rb_classical,growth,rb_classical:growth,0.12129751955636392,0.08214315438382239,0.07289408075199447,0.0655765658959262,0.27914722143998116,0.21894972646558747,0.09985279342685185,0.06013893807947252
2014-06-02,rb_classical,growth,rb_classical:growth,0.16538944669411634,0.12801112013924967,0.11107213377593818,0.058192687235714635,0.21933287999143283,0.1818455983259065,0.08369388793779269,0.05246224589984915
2014-07-01,rb_classical,growth,rb_classical:growth,0.1866447422098113,0.1806901756134164,0.08695573590067181,0.06912800432730618,0.21251792354260038,0.17044194012209227,0.058052458060744376,0.035569020223357256
2014-08-01,rb_classical,growth,rb_classical:growth,0.15450903361588023,0.1289344272826764,0.07334600844474949,0.06547896962232667,0.22524327496220498,0.2104213729992271,0.08220150945786792,0.05986540361506705
2014-09-02,rb_classical,growth,rb_classical:growth,0.15403881422494,0.18488383958803367,0.07087895391550122,0.05705310639213197,0.21772493052992906,0.19349087441685592,0.07939346423458886,0.04253601669801943
2014-10-01,rb_classical,growth,rb_classical:growth,0.1349677125448843,0.10955456618480984,0.0747136729850716,0.04808829742956602,0.25389864786710914,0.22025332014424476,0.1264172199584713,0.03210656288584301
2014-11-03,rb_classical,growth,rb_classical:growth,0.09380087703293766,0.08135073473061902,0.04340065557986277,0.05439814256749408,0.28806281450685256,0.2865114114179402,0.10446449606187568,0.048010868102417954
2014-12-01,rb_classical,growth,rb_classical:growth,0.21809164079704835,0.1587507863283365,0.06135380075916246,0.03467862827961889,0.21139227786456632,0.2398127424673338,0.03411379376691258,0.0418063297370212
2015-01-02,rb_classical,growth,rb_classical:growth,0.12126968989209193,0.11952631089919205,0.06681023166780857,0.060866166224995646,0.26842019225567365,0.24375477442172205,0.07580522717927497,0.04354740745924106
2015-02-02,rb_classical,growth,rb_classical:growth,0.11237181330320752,0.10175110525250186,0.05744375742281397,0.050475263673808425,0.29520413667874873,0.2581692034436429,0.07300743248068335,0.05157728774459328
2015-03-02,rb_classical,growth,rb_classical:growth,0.18019894932641747,0.17908118062682954,0.06467489874651305,0.05415911225483636,0.19499815917177585,0.20381320241210987,0.09152534117878063,0.03154915628273714
2015-04-01,rb_classical,growth,rb_classical:growth,0.15044617639094413,0.15149029719621712,0.05972391142622289,0.05618425741193652,0.21213694299235805,0.2311979879619713,0.10205899079916873,0.03676143582118119
2015-05-01,rb_classical,growth,rb_classical:growth,0.1583238166825706,0.11215018679022451,0.0695949892997097,0.050942896729462964,0.2619459763150498,0.24457985844225705,0.06632798147190161,0.036134294268823926
2015-06-01,rb_classical,growth,rb_classical:growth,0.18598232345207227,0.14865821215069816,0.062349123794419856,0.076360338210234,0.19036973631913512,0.18143917559951564,0.11685755982082785,0.03798353065309718
2015-07-01,rb_classical,growth,rb_classical:growth,0.1634569319644198,0.14338670108715565,0.05672121008544285,0.0646012487724811,0.19946901463793718,0.17747991250429493,0.14795103660406853,0.04693394434420009
2015-08-03,rb_classical,growth,rb_classical:growth,0.14353165454467265,0.1169430063035535,0.048308158040699975,0.03935984690416584,0.2577567343702577,0.23515389697167768,0.09902787492110864,0.05991882794386391
2015-09-01,rb_classical,growth,rb_classical:growth,0.07449921189738089,0.06481075053458409,0.04699060952333389,0.03421476880557687,0.3349869915564279,0.2947050800087029,0.12308477735918483,0.026707810314808626
2015-10-01,rb_classical,growth,rb_classical:growth,0.10425536875436456,0.09745719981886525,0.04621444201024875,0.04146650114932152,0.2972376770715257,0.2688510825257851,0.10629989451281363,0.03821783415707554
2015-11-02,rb_classical,growth,rb_classical:growth,0.13538466841749083,0.11151380599017661,0.06693092671195264,0.03991295924082025,0.26379035652981864,0.25282766119912387,0.09195856609510854,0.03768105581550865
2015-12-01,rb_classical,growth,rb_classical:growth,0.11436691292898266,0.10304874668238488,0.06578878108396083,0.037813425252868,0.28727197870378424,0.28821129346890256,0.07944764131012201,0.024051220568994752
2016-01-04,rb_classical,growth,rb_classical:growth,0.09823088706178638,0.08849097816925125,0.054821122360877945,0.044573852630321514,0.34259417095285805,0.2585345927144574,0.07300695597171904,0.039747440138728385
2016-02-01,rb_classical,growth,rb_classical:growth,0.07753054416186733,0.06420235960711528,0.03683438175094211,0.030756959648315766,0.37167111746977294,0.30035471002015307,0.09402786306552724,0.024622064276306352
2016-03-01,rb_classical,growth,rb_classical:growth,0.10116609171861038,0.08289635554592387,0.04902441263461081,0.03889819791964278,0.3495146090142682,0.27605935764124884,0.0735063418389523,0.02893463368674278
2016-04-01,rb_classical,growth,rb_classical:growth,0.15254154356666083,0.12984306188759065,0.05119266949288243,0.039765355405050704,0.2655064510460397,0.26451993816183433,0.06625477963414265,0.030376200805798732
2016-05-02,rb_classical,growth,rb_classical:growth,0.1271263157992488,0.10103728135594675,0.04184588444748212,0.03829537359748914,0.2980032448502439,0.2903531944493786,0.07279824539603678,0.0305404601041739
2016-06-01,rb_classical,growth,rb_classical:growth,0.11493011089414366,0.09657371488250326,0.053024672939200136,0.04133527445957869,0.28525386158793953,0.30583916994313,0.08005389250215061,0.022989302791354246
2016-07-01,rb_classical,growth,rb_classical:growth,0.09698935375341522,0.08894788537737278,0.027495219183762333,0.030792983814542596,0.31873200498266224,0.30725499502992926,0.07759484864096262,0.0521927092173529
2016-08-01,rb_classical,growth,rb_classical:growth,0.16769643544609197,0.1558278621489355,0.05271705341922018,0.04257888348187127,0.20039659953473435,0.27006982455920603,0.07676871893591418,0.033944622474026506
2016-09-01,rb_classical,growth,rb_classical:growth,0.18914624210240408,0.18155814215679283,0.0798231190119663,0.04087126459713622,0.16135250010869245,0.22013605687844734,0.0924432821949963,0.03466939294956443
2016-10-03,rb_classical,growth,rb_classical:growth,0.1040570479249582,0.1002316690965841,0.05131222704690299,0.03179105329615638,0.21480328903187243,0.3292885064633167,0.14711718438179072,0.021399022758418578
2016-11-01,rb_classical,growth,rb_classical:growth,0.13639167343679903,0.10730505164401603,0.07309656793560979,0.03412919705500106,0.19519402628090643,0.3082562985431212,0.12783224255964679,0.017794942544899682
2016-12-01,rb_classical,growth,rb_classical:growth,0.19211951440372088,0.11811535277186411,0.09908587191221906,0.03645032766808822,0.1512255098422012,0.2418943833511421,0.12726496515812583,0.03384407489263857
2017-01-03,rb_classical,growth,rb_classical:growth,0.18277597057922695,0.15512291628816374,0.08129127131668977,0.041590343066666306,0.16041328627271365,0.21526434709293837,0.13183022249707588,0.031711642886525365
2017-02-01,rb_classical,growth,rb_classical:growth,0.22039906519119454,0.1995192607433818,0.08933812029879395,0.06371424239476331,0.12963283666777145,0.1497327729672035,0.1101861082840754,0.037477593452815997
2017-03-01,rb_classical,growth,rb_classical:growth,0.1961325697591697,0.22072830458771564,0.10136059330815607,0.05178615792224657,0.12727883507950036,0.13725022326412303,0.12327733305650229,0.042185983022586325
2017-04-03,rb_classical,growth,rb_classical:growth,0.20519820681200096,0.1937949948237055,0.09571501383621779,0.04618611467850755,0.13655893696133123,0.15850390470220818,0.12377860694705331,0.040264221238975426
2017-05-01,rb_classical,growth,rb_classical:growth,0.19328490853607802,0.17956954048079934,0.06919787329755542,0.06152284994792713,0.15240577132687236,0.16510293462044492,0.1220000735683882,0.05691604822193465
2017-06-01,rb_classical,growth,rb_classical:growth,0.17207333696879398,0.12952881637290078,0.08437042501560528,0.044999764940522435,0.19152882947573388,0.20090254683426498,0.11833843203398461,0.05825784835819405
2017-07-03,rb_classical,growth,rb_classical:growth,0.20962956122470097,0.08947290567122271,0.08924706636834936,0.0621076884070949,0.22362243891170316,0.16637385783301933,0.09618857631596045,0.06335790526794911
2017-08-01,rb_classical,growth,rb_classical:growth,0.2282851533260612,0.14215027190100676,0.1121883589992536,0.05499843144319005,0.16297231987909414,0.15571675323693135,0.1026594780934694,0.04102923312099349
2017-09-01,rb_classical,growth,rb_classical:growth,0.1513396275453298,0.10027142397648323,0.0844458122512354,0.05347992287003786,0.2640176124849286,0.19929021933485502,0.09419907000754468,0.052956311529585486
2017-10-02,rb_classical,growth,rb_classical:growth,0.2517355285345486,0.14055038794621186,0.09675656091427895,0.053616065345064405,0.18813625725943228,0.13357250139291668,0.07419270160570572,0.06143999700184141
2017-11-01,rb_classical,growth,rb_classical:growth,0.23442282864804703,0.09660365741946322,0.11669985953257983,0.051245530902382944,0.17761537768568803,0.15871588750139556,0.0905402159546693,0.07415664235577393
2017-12-01,rb_classical,growth,rb_classical:growth,0.20075403394396987,0.1232691543746179,0.08772819656527678,0.043145307105302226,0.21185598946416487,0.17597568805603928,0.08654071060295428,0.07073091988767478
2018-01-02,rb_classical,growth,rb_classical:growth,0.21340101596169592,0.1141636524628153,0.09455766723124988,0.049140713172888886,0.2161941226485873,0.1799040787800475,0.08641746295184678,0.04622128679086847
2018-02-01,rb_classical,growth,rb_classical:growth,0.1590548473259503,0.12244184862787628,0.0797086292042241,0.04855063537109119,0.24181722128617034,0.21402444398005646,0.09942946012394933,0.034972914080681906
2018-03-01,rb_classical,growth,rb_classical:growth,0.09159576078821591,0.08098801964405129,0.05055445597402553,0.03717515840939981,0.3001143444568005,0.2653216295552003,0.13344722805071152,0.04080340312159509
2018-04-02,rb_classical,growth,rb_classical:growth,0.07404218522449743,0.054267886981574344,0.05881202341764615,0.0315263545806024,0.3207021492046815,0.3331651795803598,0.08546160456723995,0.04202261644339837
2018-05-01,rb_classical,growth,rb_classical:growth,0.09644662983611572,0.06498374147640673,0.0942434697175432,0.0490968303280932,0.258422381667266,0.28839037605927115,0.10640638794087631,0.042010182974427705
2018-06-01,rb_classical,growth,rb_classical:growth,0.1548431442041318,0.13649111909077266,0.07230340760793463,0.04703139521772153,0.18681820661104137,0.2086608816137726,0.14065899528261905,0.05319285037200641
2018-07-02,rb_classical,growth,rb_classical:growth,0.15392035154588002,0.09220790558724999,0.05906921983386135,0.038019014175166906,0.24328877167982807,0.2765442519621682,0.09526722647929646,0.04168325873654897
2018-08-01,rb_classical,growth,rb_classical:growth,0.13521508335131277,0.0753920735840634,0.06381921882922768,0.03429465929229087,0.2441547634502278,0.32422751910239067,0.08739277771240575,0.03550390467808113
2018-09-04,rb_classical,growth,rb_classical:growth,0.15316514892534133,0.11992129283051922,0.04417847904108788,0.024445330864371704,0.25475626368260207,0.313639529117503,0.0498691412057644,0.04002481433281042
2018-10-01,rb_classical,growth,rb_classical:growth,0.1947052209653526,0.09344747282412877,0.059906001826762756,0.03755724212951784,0.19662562579966758,0.3025577084029951,0.08371112067666095,0.03148960737491446
2018-11-01,rb_classical,growth,rb_classical:growth,0.06879885323811916,0.04543352171579783,0.04664893612425485,0.026433642478642393,0.27740693030552493,0.41549264462160135,0.0881975544524017,0.031587917063657725
2018-12-03,rb_classical,growth,rb_classical:growth,0.05391969765922439,0.036765719711951014,0.03509042697526068,0.02145104255504811,0.29036412752939256,0.4302595637013179,0.08920900322199801,0.04294041864580731
2019-01-02,rb_classical,growth,rb_classical:growth,0.0533437720102255,0.04181191617077795,0.045409661803859254,0.04005253306864251,0.2758494953804891,0.40379931132494085,0.11731537584779765,0.022417934393267298
2019-02-01,rb_classical,growth,rb_classical:growth,0.09550196906839065,0.06506205916052427,0.05424175024085006,0.04064038751913663,0.22576328553395708,0.3441027753422276,0.12048416355530063,0.05420360957961301
2019-03-01,rb_classical,growth,rb_classical:growth,0.14865825277054617,0.11685263461098967,0.06598454990791293,0.04643534101413179,0.18593988058547936,0.3033148468453161,0.07434040875089475,0.05847408551472906
2019-04-01,rb_classical,growth,rb_classical:growth,0.12350240091607174,0.09738908378368107,0.07075237183018135,0.04220169546025068,0.18555701104359076,0.32095431251379664,0.09866068805940315,0.060982436393024655
2019-05-01,rb_classical,growth,rb_classical:growth,0.1612390275387697,0.1354048534571346,0.08247260971153167,0.05142351712045261,0.1787146668991799,0.27961060275440663,0.08246991316728562,0.02866480935123923
2019-06-03,rb_classical,growth,rb_classical:growth,0.09851586019609186,0.07069459374154682,0.04934670096064193,0.03668008860460371,0.24662699478473626,0.35039894665291677,0.10038311312152914,0.04735370193793358
2019-07-01,rb_classical,growth,rb_classical:growth,0.13618138405090763,0.09328442289575255,0.07639941182167412,0.05012036317094722,0.19136413586644577,0.34462540201473374,0.06795050321984236,0.040074376959696685
2019-08-01,rb_classical,growth,rb_classical:growth,0.17823344316595457,0.13206834654432512,0.0996233255216383,0.07669473156679636,0.14996267752099512,0.24797552507547965,0.05590198558636736,0.059539965018443504
2019-09-03,rb_classical,growth,rb_classical:growth,0.09249564183190682,0.0782308768798983,0.06570623864493266,0.05505464806074947,0.2148378421722442,0.33616751142775086,0.10087161312133512,0.05663562786118248
2019-10-01,rb_classical,growth,rb_classical:growth,0.18210037856127081,0.12143685319856284,0.0975868350979238,0.0776222528656512,0.14778161376927837,0.23279590197636296,0.07815733781174032,0.06251882671920958
2019-11-01,rb_classical,growth,rb_classical:growth,0.14199743131024278,0.10971227399003089,0.0767614026442161,0.06546993653792867,0.17751816907919735,0.25386842238649776,0.10132362487122787,0.07334873918065851
2019-12-02,rb_classical,growth,rb_classical:growth,0.19756074338467466,0.14838161679468506,0.09700671736686145,0.06196979159479153,0.16311259567658515,0.21646231287928086,0.08478537283502749,0.030720849468093808
2020-01-02,rb_classical,growth,rb_classical:growth,0.19166193049926414,0.14114457394978439,0.07293182141991437,0.06242298431821082,0.17217326009382727,0.19603880491796477,0.1227875648210617,0.040839059979972406
2020-02-03,rb_classical,growth,rb_classical:growth,0.11294598496883257,0.09169045063365537,0.06019887862917663,0.03669060821495734,0.27083132427908224,0.27526964836535694,0.10646058889560599,0.045912516013332766
2020-03-02,rb_classical,growth,rb_classical:growth,0.07238439364581908,0.061617462891373244,0.05327920518084531,0.05274416084582574,0.30106486087015594,0.3541728849508343,0.08149272327816907,0.02324430833697736
2020-04-01,rb_classical,growth,rb_classical:growth,0.08025242624352014,0.08581891773547999,0.040775650488607165,0.04047426143853182,0.06913566191264367,0.5629754865043679,0.10129511313794287,0.019272482538906364
2020-05-01,rb_classical,growth,rb_classical:growth,0.05772671932952543,0.05750697221411494,0.03134631252577368,0.03168611058497491,0.10108761300314084,0.6554250710589132,0.0530239095828492,0.012197291700707737
2020-06-01,rb_classical,growth,rb_classical:growth,0.0808672834102319,0.09812758273260712,0.03201710691962759,0.0348687259341081,0.1276613828068766,0.5548857280180892,0.05823617963245509,0.013336010546004355
2020-07-01,rb_classical,growth,rb_classical:growth,0.05438142308601264,0.06307577281430973,0.02950747198919704,0.03209217009586373,0.16625222526374905,0.5783167751711292,0.06376228969443926,0.012611871885299235
2020-08-03,rb_classical,growth,rb_classical:growth,0.06742367037760817,0.04131808191985836,0.023243440431542996,0.024830305751731906,0.16316198622819977,0.6271926813069747,0.03825557706942651,0.014574256914657606
2020-09-01,rb_classical,growth,rb_classical:growth,0.13815370656872486,0.07116730604423263,0.0485119651795685,0.03510613186377342,0.10428731831873617,0.5569908723429678,0.020469137864460453,0.02531356181753616
2020-10-01,rb_classical,growth,rb_classical:growth,0.04631934879932863,0.031879877427632014,0.031660325826359845,0.03191847882455465,0.13044300428465525,0.6752551389207764,0.039170233131417743,0.013353592785275361
2020-11-02,rb_classical,growth,rb_classical:growth,0.06169795674693097,0.050327736320383336,0.03723303955965112,0.0423924825826593,0.14423433254524204,0.5971289831707866,0.04612925697547944,0.020856212098867316
2020-12-01,rb_classical,growth,rb_classical:growth,0.1126843060866206,0.07729580442747247,0.04450531886560774,0.0480264381101442,0.12407577997144416,0.5233146743547695,0.040766901113200055,0.029330777070741183
2021-01-04,rb_classical,growth,rb_classical:growth,0.0922375950781854,0.07342344617563099,0.04517845142910837,0.03498376345823988,0.12897747800816764,0.576710328017306,0.03250587178713839,0.015983066046223144
2021-02-01,rb_classical,growth,rb_classical:growth,0.08339534811909353,0.06086249240813325,0.044148158260618714,0.029184600615753606,0.13816546459719928,0.58168137991079,0.03852670795968949,0.02403584812872205
2021-03-01,rb_classical,growth,rb_classical:growth,0.12536446439980894,0.08687865301039448,0.07796199243276246,0.04639485160169995,0.1082929780060466,0.44692965699991055,0.05885400880572353,0.049323394743653604
2021-04-01,rb_classical,growth,rb_classical:growth,0.15053080838524951,0.0733543469309633,0.10263953104900468,0.04362880112047064,0.1827095479765689,0.3185277787077042,0.07790583674137942,0.05070334908865922
2021-05-03,rb_classical,growth,rb_classical:growth,0.16352896319593696,0.11251532068036108,0.07274119232406366,0.06545807848536091,0.19420265434267492,0.24096606147974753,0.07765583144396364,0.0729318980478913
2021-06-01,rb_classical,growth,rb_classical:growth,0.12404226431688947,0.08460675771534681,0.06890447234516307,0.051098847858405225,0.22969828856527932,0.30004389624775935,0.10012282424221335,0.041482648708943394
2021-07-01,rb_classical,growth,rb_classical:growth,0.18481761257527912,0.15769852370222653,0.08640331830016854,0.08941039993385463,0.19560005528842464,0.17342683792809507,0.05878591998840206,0.05385733228354938
2021-08-02,rb_classical,growth,rb_classical:growth,0.15958199335407555,0.17146149919467404,0.0772013521641533,0.05080325894086618,0.19884143841394156,0.17108705755701267,0.11974739188609072,0.051276008489185905
2021-09-01,rb_classical,growth,rb_classical:growth,0.191769963100074,0.14306800899543481,0.09911008265204883,0.05216740139190541,0.20907603788176343,0.19399580991901652,0.052233033574791976,0.058579662484965135
2021-10-01,rb_classical,growth,rb_classical:growth,0.14847370793639733,0.13662642161437577,0.08786753365269008,0.07717489276058091,0.22768593288488428,0.18873617115757654,0.07507356789508186,0.058361772098413166
2021-11-01,rb_classical,growth,rb_classical:growth,0.18019965650870784,0.14252269145463264,0.10096405460481411,0.06993160400471823,0.19586397539680794,0.17180851230078464,0.08122031708620343,0.05748918864333123
2021-12-01,rb_classical,growth,rb_classical:growth,0.17338341201413157,0.13020183705285351,0.11135989045061254,0.0935204494987124,0.18317762914702151,0.15171703532073766,0.09468097169673505,0.06195877481919577
2022-01-03,rb_classical,growth,rb_classical:growth,0.1247404611306004,0.08609339544268096,0.08424228833941222,0.089045722501434,0.2423384099431602,0.2133930339169604,0.10623761209111675,0.05390907663463512
2022-02-01,rb_classical,growth,rb_classical:growth,0.12946372245118898,0.08472262462003594,0.1016283987024253,0.06927858570329473,0.23610839620542207,0.22669144519825532,0.10255675706924498,0.04955007005013258
2022-03-01,rb_classical,growth,rb_classical:growth,0.1343349217010781,0.0928993703097705,0.07899900860013571,0.09664687546191683,0.19430580330496133,0.19896222314357476,0.14871611756641148,0.05513567991215123
2022-04-01,rb_classical,growth,rb_classical:growth,0.14578513421764877,0.10274584865692245,0.06863274188879037,0.051156411814109626,0.20338787056312338,0.23971484859451125,0.12635136456662582,0.06222577969826828
2022-05-02,rb_classical,growth,rb_classical:growth,0.11720774469665036,0.0844003038293443,0.10104744124239048,0.09847449583069035,0.16271890642746972,0.20535222961752245,0.18738702327768306,0.04341185507824925
2022-06-01,rb_classical,growth,rb_classical:growth,0.10475209303683812,0.07986874734716128,0.07171047753067175,0.07269192172432738,0.18703814680297615,0.22418367240816497,0.21808508658794712,0.0416698545619133
2022-07-01,rb_classical,growth,rb_classical:growth,0.12978923971586004,0.10700717590000092,0.08652790694701257,0.0936689512165221,0.1446861785547796,0.16820657183483637,0.2278330184952345,0.042280957335753926
2022-08-01,rb_classical,growth,rb_classical:growth,0.15282107671673031,0.111353240932265,0.07568536663584267,0.09709092551924728,0.16713219579705674,0.17159160228558062,0.16690754970210436,0.05741804241117304
2022-09-01,rb_classical,growth,rb_classical:growth,0.13537447236748393,0.11020824848221054,0.08545386299124302,0.10944315460844734,0.14272803100902914,0.16991939384966248,0.19787156945932166,0.0490012672326019
2022-10-03,rb_classical,growth,rb_classical:growth,0.15593266013016752,0.13868300262242994,0.08521414550353833,0.11393435375011846,0.14142986009587843,0.14460192887820897,0.1701929339307012,0.05001111508895714
2022-11-01,rb_classical,growth,rb_classical:growth,0.14139982915277077,0.1171010304772558,0.08638496876290208,0.08469250719813831,0.1733588767805131,0.17824388241095004,0.18010470477736112,0.03871420044010868
2022-12-01,rb_classical,growth,rb_classical:growth,0.1720814750785427,0.1299232721067817,0.08632288360558382,0.09629004403805994,0.1523911361280422,0.17315399345866928,0.14279862788232722,0.04703856770199304
2023-01-03,rb_classical,growth,rb_classical:growth,0.17672479791346773,0.14470356443139887,0.10611360794574168,0.11434578173920874,0.13521719473335744,0.1390266267963291,0.1280593131590625,0.055809113281433904
2023-02-01,rb_classical,growth,rb_classical:growth,0.18726402995256644,0.14253659832257012,0.12619329875547636,0.10500993685395311,0.13078179100323187,0.12701849975720583,0.13769202377459677,0.04350382158039949
2023-03-01,rb_classical,growth,rb_classical:growth,0.19897803493420388,0.12252644456173034,0.1221403390311807,0.10285852233129522,0.1320865920638987,0.14060715091966,0.12129673075888159,0.059506185399149585
2023-04-03,rb_classical,growth,rb_classical:growth,0.20361417939728937,0.18995850227290642,0.09717290688137017,0.13214051150587044,0.13272814877688138,0.1090575239578463,0.09181367282061484,0.04351455438722108
2023-05-01,rb_classical,growth,rb_classical:growth,0.21621614613817777,0.1625935049908524,0.12964331130631745,0.1153037529451653,0.11780168793495253,0.10944322382131709,0.09599295365402993,0.05300541920918759
2023-06-01,rb_classical,growth,rb_classical:growth,0.2046114355950178,0.15385591341629415,0.09860099605280173,0.09081257183484062,0.14659050803208262,0.14671361241214595,0.10745815925598508,0.051356803400832166
2023-07-03,rb_classical,growth,rb_classical:growth,0.2457755859729355,0.14442602545983727,0.09534248100753415,0.10037766571030017,0.12872723814253811,0.12107793803105509,0.11441344138800685,0.04985962428779295
2023-08-01,rb_classical,growth,rb_classical:growth,0.29297092810436276,0.16814967388497853,0.08676831053505754,0.0743677027707946,0.10491198256069727,0.10385686731155044,0.10363581231419167,0.06533872251836717
2023-09-01,rb_classical,growth,rb_classical:growth,0.19327357977695306,0.13493673098141037,0.09931403768112201,0.09755925832207356,0.12404229242770481,0.12113721277252842,0.16607275256927273,0.06366413546893504
2023-10-02,rb_classical,growth,rb_classical:growth,0.19944831106224892,0.15082850258787076,0.09403539053502777,0.10519776643231661,0.131598390183219,0.1505305775097441,0.1247660769737244,0.04359498471584832
2023-11-01,rb_classical,growth,rb_classical:growth,0.21422458240583137,0.16431624972064218,0.11348172441127272,0.11650245349415461,0.11176430646156583,0.1141539899807146,0.11449902697672294,0.05105766654909582
2023-12-01,rb_classical,growth,rb_classical:growth,0.2477415073718813,0.1936118664522812,0.10661487742827432,0.08905324814380797,0.09848952179475504,0.09857096389433488,0.13058870003717082,0.03532931487749454
2024-01-02,rb_classical,growth,rb_classical:growth,0.2433773085919455,0.18356487210624436,0.10625246405367098,0.0890935656089299,0.10966842488722603,0.11631905315575607,0.10724087027544298,0.04448344132078426
2024-02-01,rb_classical,growth,rb_classical:growth,0.19394914800890808,0.15224596584796085,0.1055515152385682,0.08172234730754849,0.13041280959887397,0.13075046535584764,0.15284615936671328,0.05252158927557944
2024-03-01,rb_classical,growth,rb_classical:growth,0.2024445517108103,0.15076471820046833,0.11656769248763921,0.0890829098631551,0.11866353664525577,0.12170583132839645,0.15011254166007512,0.05065821810419965
2024-04-01,rb_classical,growth,rb_classical:growth,0.21112228001514388,0.1494225807927208,0.1133703490197476,0.11013038356608355,0.1305733402311559,0.12366167568647846,0.1142944344152205,0.04742495627344922
2024-05-01,rb_classical,growth,rb_classical:growth,0.20397513438937065,0.15862132452391653,0.11854873028520918,0.10359427074197658,0.13647297006352516,0.12906546344640643,0.09788970382530894,0.05183240272428646
2024-06-03,rb_classical,growth,rb_classical:growth,0.23011505927815676,0.22022311134734773,0.09627854420668791,0.10724079036371419,0.11830903879153232,0.11025425924560937,0.07130184180449238,0.04627735496245936
2024-07-01,rb_classical,growth,rb_classical:growth,0.31658410467257025,0.18122355249768377,0.09252389058071298,0.09714506263730649,0.09312383640177423,0.08160850542506716,0.06410281965033626,0.07368822813454885
2024-08-01,rb_classical,growth,rb_classical:growth,0.17102958791916642,0.11416527656532656,0.08603025098065939,0.09269076332427179,0.18788485203531213,0.18310429900638955,0.09441235237001845,0.07068261779885573
2024-09-03,rb_classical,growth,rb_classical:growth,0.1646957507433634,0.12018214180372325,0.1009186444224962,0.08626451303422573,0.18016248033424626,0.15852752304611134,0.10635887345707014,0.08289007315876373
2024-10-01,rb_classical,growth,rb_classical:growth,0.17843168258536635,0.12347663225015819,0.0704258498424821,0.05232269243867167,0.2102700855184673,0.19382141456821608,0.09162186104069564,0.07962978175594271
2024-11-01,rb_classical,growth,rb_classical:growth,0.18114572864406164,0.13781185780373784,0.10354740509514318,0.08237063770162766,0.1753567207811037,0.17914319612026264,0.0843306643530246,0.056293789501038735
2024-12-02,rb_classical,growth,rb_classical:growth,0.21744193466797082,0.16871351095137904,0.09632129667375401,0.08754944251140052,0.15184540857514958,0.15219210915346387,0.05933491146307138,0.06660138600381085
2012-01-03,rb_advisor,conservative,rb_advisor:conservative,0.06432705660315041,0.05453924187118614,0.01925908110255295,0.015672350479898314,0.4600880695414576,0.32350778782247236,0.037705926878111286,0.02490048570117096
2012-02-01,rb_advisor,conservative,rb_advisor:conservative,0.08735670359725001,0.06583854788851363,0.021951997221542854,0.018370476895391164,0.4199382713551853,0.31513188186509095,0.044362522668833816,0.027049598508192347
2012-03-01,rb_advisor,conservative,rb_advisor:conservative,0.08640991250246396,0.0621693936301539,0.0227470223386395,0.019555952440954694,0.4402494513638254,0.31082164724375555,0.031154022461661563,0.026892598018545398
2012-04-02,rb_advisor,conservative,rb_advisor:conservative,0.08167873007573706,0.06564880551131191,0.022015724513460542,0.017156058233233268,0.4353824325486961,0.30799728576414365,0.03966218005588654,0.030458783297530916
2012-05-01,rb_advisor,conservative,rb_advisor:conservative,0.07458661065602801,0.05348000073778576,0.020688391190790294,0.01872734314866151,0.4463402563032683,0.316592941087147,0.04143679595270319,0.02814766092361596
2012-06-01,rb_advisor,conservative,rb_advisor:conservative,0.07010333239212403,0.04947657118901223,0.021044719532769488,0.016911649026553302,0.4548375676487295,0.32998539067818466,0.03229559747310856,0.02534517205951818
2012-07-02,rb_advisor,conservative,rb_advisor:conservative,0.06529242576666025,0.049055341778857064,0.02001991890863066,0.015741046378550706,0.46516094179400536,0.3210155004947618,0.03678616512655071,0.026928659751983327
2012-08-01,rb_advisor,conservative,rb_advisor:conservative,0.06716239156402024,0.051025808784233254,0.019117524791800743,0.015817264768468325,0.45158611097390905,0.3287890223834441,0.03586203556595474,0.03063984116816936
2012-09-04,rb_advisor,conservative,rb_advisor:conservative,0.08949015847214269,0.06356512945563413,0.02409077546493952,0.021062345528601287,0.4256825593442817,0.30739180505135183,0.030480302707469334,0.038236923975579554
2012-10-01,rb_advisor,conservative,rb_advisor:conservative,0.07381850769280486,0.05451793532522489,0.020567488111121576,0.01621013463085081,0.46106159130060576,0.3076008252887696,0.031587164406028136,0.034636353244594305
2012-11-01,rb_advisor,conservative,rb_advisor:conservative,0.07050384744451099,0.053087277723992,0.02067817398630111,0.01816542503821401,0.4612891289933179,0.299869171556724,0.037876135223866125,0.038530840033073936
2012-12-03,rb_advisor,conservative,rb_advisor:conservative,0.05958052715331246,0.04949543812229429,0.02037029446629237,0.018377395823098854,0.46824469730100216,0.3115752688726647,0.036812730258709084,0.03554364800262614
2013-01-02,rb_advisor,conservative,rb_advisor:conservative,0.06045647907709934,0.0467941035760615,0.02356219685352168,0.021243276136513337,0.4735272290315365,0.2974357568817337,0.03802849206397674,0.03895246637955712
2013-02-01,rb_advisor,conservative,rb_advisor:conservative,0.07656138926860494,0.057583660912715835,0.022088679699729736,0.019919955734711534,0.4559788150799206,0.2847284624511219,0.037390241735664596,0.0457487951175309
2013-03-01,rb_advisor,conservative,rb_advisor:conservative,0.06325017978295601,0.05309423276024875,0.01974694792824861,0.020143117146655745,0.4753880951608592,0.294053218989885,0.03358870580846158,0.040735502422685116
2013-04-01,rb_advisor,conservative,rb_advisor:conservative,0.07382800923993627,0.0568251930506737,0.021502017410245898,0.01924988028074319,0.4533169720540116,0.2886805499935808,0.04180509490605842,0.044792283064750034
2013-05-01,rb_advisor,conservative,rb_advisor:conservative,0.05886688194612573,0.04907274484989084,0.02111541604124254,0.017719914155265654,0.47117363071441093,0.3303571125607989,0.02102640428330027,0.030667895448965043
2013-06-03,rb_advisor,conservative,rb_advisor:conservative,0.07753813557433652,0.07516331811674115,0.024517281881489723,0.022736969609687643,0.46380809224251535,0.27622726710713297,0.030099329658659257,0.029909605809437443
2013-07-01,rb_advisor,conservative,rb_advisor:conservative,0.07180103401400047,0.07476192597614688,0.022885358492269362,0.01684577505473553,0.43754613739323156,0.30855169757036727,0.042722069234381155,0.024886002264867743
2013-08-01,rb_advisor,conservative,rb_advisor:conservative,0.1059662933511337,0.09162201381312123,0.029415911962652926,0.01791454627324548,0.3961249978755621,0.2766558433600351,0.046909789486594876,0.03539060387765457
2013-09-03,rb_advisor,conservative,rb_advisor:conservative,0.08316358502950115,0.07448790820075558,0.02443955238303698,0.016771919897517567,0.4408098407271604,0.28406220862143905,0.04765369036801839,0.028611294772570902
2013-10-01,rb_advisor,conservative,rb_advisor:conservative,0.09394492377549458,0.09063751624186951,0.025235520825501057,0.015870331705277373,0.41789833245544583,0.28989472972753194,0.03995485239982187,0.02656379286905788
2013-11-01,rb_advisor,conservative,rb_advisor:conservative,0.06979305934804594,0.06625148473316188,0.022348410017538997,0.017429499808394915,0.45660860336024284,0.29915238036943465,0.04233566697498739,0.026080895388193383
2013-12-02,rb_advisor,conservative,rb_advisor:conservative,0.08642172665350586,0.07789652343678988,0.02608513821813573,0.017255411640131293,0.43537619258810795,0.27815926063480806,0.046620681840940474,0.03218506498758068
2014-01-02,rb_advisor,conservative,rb_advisor:conservative,0.07213500213712987,0.07339183003047209,0.02184684456293964,0.014252520468710589,0.471020673698043,0.2801728335147525,0.03923561037123631,0.02794468521671589
2014-02-03,rb_advisor,conservative,rb_advisor:conservative,0.06864729867239512,0.0639751189001405,0.021674162187346836,0.017005995806122366,0.4613046497782361,0.28986480035341605,0.047139461721102144,0.030388512581240944
2014-03-03,rb_advisor,conservative,rb_advisor:conservative,0.06855335945766172,0.06605653656554127,0.020161096630151018,0.015822361228902633,0.4543690708911651,0.29338701604976286,0.047920479255091956,0.0337300799217235
2014-04-01,rb_advisor,conservative,rb_advisor:conservative,0.08304640874221693,0.06880635703726122,0.023162951042456657,0.017849253061913838,0.45584343287985146,0.27448536512043226,0.04641523046770987,0.030391001648157785
2014-05-01,rb_advisor,conservative,rb_advisor:conservative,0.06483323282930273,0.05288226643341957,0.02308637834721451,0.019323099911161018,0.47108716338400847,0.2891060682344952,0.04615768265634602,0.033524108204052536
2014-06-02,rb_advisor,conservative,rb_advisor:conservative,0.0788521868490718,0.06784151478462101,0.028399695125984503,0.019345701792890097,0.44828953545835526,0.279648627451698,0.04449977255224309,0.033122965985136296
2014-07-01,rb_advisor,conservative,rb_advisor:conservative,0.09011728149905107,0.08020658577499609,0.028070396788545206,0.022323529456131468,0.4402719570250252,0.2716893397572399,0.03848435865101143,0.02883655104799949
2014-08-01,rb_advisor,conservative,rb_advisor:conservative,0.08025394714258731,0.0713131076809026,0.026556717033680954,0.022673218300403107,0.4405135746583952,0.27932584524510207,0.043924567781535855,0.03543902215739284
2014-09-02,rb_advisor,conservative,rb_advisor:conservative,0.08394948246355559,0.08171142619821183,0.026715349538324343,0.022256940070508338,0.43496372746414735,0.2770653283762673,0.04084813788368962,0.032489608005295684
2014-10-01,rb_advisor,conservative,rb_advisor:conservative,0.07907278269526573,0.06824760659010308,0.029380579529236728,0.021103629802725794,0.44986793992842394,0.2754350627293733,0.04951813364661859,0.027374265078252788
2014-11-03,rb_advisor,conservative,rb_advisor:conservative,0.06341579297424231,0.056836589932585134,0.02084354946461646,0.021873359442918454,0.4606332179859582,0.29557487611895816,0.047080012091398865,0.033742601989322454
2014-12-01,rb_advisor,conservative,rb_advisor:conservative,0.09995093435601989,0.07665456997374871,0.028062188314638727,0.019727105734136965,0.41737408703822526,0.28894240568803736,0.03384083170595111,0.035447877189241875
2015-01-02,rb_advisor,conservative,rb_advisor:conservative,0.07792720760815192,0.07000682773511617,0.0280504574133567,0.025147754375316852,0.45291466448662937,0.2658536588463599,0.046381494756538064,0.03371793477853096
2015-02-02,rb_advisor,conservative,rb_advisor:conservative,0.07623625426646115,0.06401185869757989,0.026425101650243744,0.022518301214559742,0.4668260781458442,0.2608196156179463,0.04574865545623323,0.03741413495113165
2015-03-02,rb_advisor,conservative,rb_advisor:conservative,0.10654221551677281,0.08818466790953229,0.02921617685868077,0.02410093550736321,0.4153477435701555,0.2557945087133646,0.05124364359169927,0.029570108332431434
2015-04-01,rb_advisor,conservative,rb_advisor:conservative,0.08751151429089984,0.08242376639505188,0.024306600343263558,0.022014481119735554,0.4250526155146189,0.2770269155568362,0.05260425726724475,0.029059849512349332
2015-05-01,rb_advisor,conservative,rb_advisor:conservative,0.08702552288113055,0.06713325171770118,0.026101914838811188,0.02071943134393443,0.4437828489251366,0.28397772228028145,0.041740713205365834,0.02951859480763878
2015-06-01,rb_advisor,conservative,rb_advisor:conservative,0.09761459889257366,0.07907568660469161,0.025257517113305258,0.026334110040231954,0.4226081321843989,0.2619402862134093,0.0563402177861313,0.030829451165258155
2015-07-01,rb_advisor,conservative,rb_advisor:conservative,0.09325200354604592,0.07933241286648016,0.025173143257810667,0.02527892193213975,0.427436801617114,0.25367765244806,0.060794224608424895,0.03505483972392466
2015-08-03,rb_advisor,conservative,rb_advisor:conservative,0.0830231321379895,0.06790635381643795,0.022469053847122285,0.018899552693762447,0.4430878200881965,0.27554889916909364,0.051350863528278896,0.03771432471911871
2015-09-01,rb_advisor,conservative,rb_advisor:conservative,0.05197550466699345,0.04793803373009171,0.021440780704904922,0.016405813189108123,0.4880146521912709,0.29649935388414783,0.05615317642201426,0.0215726852114689
2015-10-01,rb_advisor,conservative,rb_advisor:conservative,0.06637434171947376,0.060986219154671825,0.021802116523064186,0.018922177341244507,0.4656510526287374,0.2841013963343621,0.05359509318517633,0.028567603113270057
2015-11-02,rb_advisor,conservative,rb_advisor:conservative,0.07966833627955794,0.06579999824243339,0.028385142601314098,0.01933736658491574,0.44374802560531856,0.28315529081694363,0.04961282058423255,0.03029301928528415
2015-12-01,rb_advisor,conservative,rb_advisor:conservative,0.07275739728174097,0.06324083523696225,0.028032620484979235,0.018965690216843085,0.4498960491063282,0.29969984483800766,0.044289904030044805,0.023117658805093807
2016-01-04,rb_advisor,conservative,rb_advisor:conservative,0.062394066646386255,0.057434198600623765,0.02428458733341936,0.020035276182132383,0.48279581294494944,0.27947114008623813,0.044014389756163265,0.029570528450087383
2016-02-01,rb_advisor,conservative,rb_advisor:conservative,0.05161007165775463,0.047249578582081266,0.01841126149835813,0.015276070331149336,0.4950687274920658,0.3012100321406936,0.049442040907013034,0.02173221739088413
2016-03-01,rb_advisor,conservative,rb_advisor:conservative,0.060324291759975994,0.0538734921188761,0.022624534181477828,0.018090275438390556,0.49234557481112196,0.28182336698981214,0.0466471139493395,0.024271350751006
2016-04-01,rb_advisor,conservative,rb_advisor:conservative,0.08053841223989837,0.06796144778017485,0.02719857324659152,0.021079775908614696,0.44463435738695045,0.2827625897058252,0.04755019922355871,0.028274644508386106
2016-05-02,rb_advisor,conservative,rb_advisor:conservative,0.07339107568815026,0.06183604214081625,0.024677181074061503,0.020341119733478952,0.45330143401426337,0.29008045130574095,0.04808102267635547,0.028291673367133202
2016-06-01,rb_advisor,conservative,rb_advisor:conservative,0.07178457981807655,0.06163229376164059,0.029768848814610463,0.021987585422457365,0.44535721640751486,0.2959751741131101,0.04854060315159115,0.024953698510999118
2016-07-01,rb_advisor,conservative,rb_advisor:conservative,0.0640938263906525,0.059766493374932325,0.018706269154621247,0.016538579629077167,0.4745706841040456,0.28367202714527723,0.04625067272342927,0.03640144747796467
2016-08-01,rb_advisor,conservative,rb_advisor:conservative,0.08726625614358417,0.07600534473736437,0.03135634439834686,0.021996750406576115,0.4128339496951981,0.29309812851231143,0.04551024618587948,0.03193297992073959
2016-09-01,rb_advisor,conservative,rb_advisor:conservative,0.09418469538787931,0.07869875872126095,0.03596527394880763,0.022508765616556445,0.3966135134140735,0.28693700647681447,0.050467577585298996,0.034624408849308626
2016-10-03,rb_advisor,conservative,rb_advisor:conservative,0.06812177083985144,0.06349495397257693,0.027906773938142324,0.017356385118392728,0.41946315131613426,0.3245235129667967,0.05720108401458868,0.02193236783351701
2016-11-01,rb_advisor,conservative,rb_advisor:conservative,0.07647838699592953,0.06437995897356164,0.033371137283726385,0.019025830036648442,0.4061502927084782,0.32728098210435763,0.05181902800975516,0.021494383887543
2016-12-01,rb_advisor,conservative,rb_advisor:conservative,0.10165718079403638,0.07022911506263463,0.039829655253387566,0.01749070815103429,0.3866078436750689,0.29676481540650324,0.0578220826116776,0.029598599045657356
2017-01-03,rb_advisor,conservative,rb_advisor:conservative,0.09519602786602084,0.07457221025910021,0.03479835804926091,0.018236952018258354,0.39677015390489484,0.29567594446571516,0.056100410942394305,0.028649942494355297
2017-02-01,rb_advisor,conservative,rb_advisor:conservative,0.11075521827092716,0.0839213868435589,0.037146880986094026,0.022469693762416035,0.38773207769279766,0.2710491147501722,0.053853735585971646,0.033071892108062384
2017-03-01,rb_advisor,conservative,rb_advisor:conservative,0.107205177174949,0.0846548050393123,0.039245922421876446,0.02115556836149549,0.3906548063666087,0.2689485315760771,0.053202645748319004,0.034932543311362016
2017-04-03,rb_advisor,conservative,rb_advisor:conservative,0.106194098101029,0.08337559146834275,0.037322353527068045,0.018964126997012245,0.39003759768947865,0.28050907423715293,0.051188332002654956,0.032408825977261455
2017-05-01,rb_advisor,conservative,rb_advisor:conservative,0.10235604241768385,0.07954993271136701,0.03182711423045074,0.020842052897368603,0.3978866087175861,0.2812818272328339,0.04838885425634195,0.03786756753636778
2017-06-01,rb_advisor,conservative,rb_advisor:conservative,0.0952260410222721,0.0691490161049426,0.03307246644100265,0.01772387051622893,0.4114656678678642,0.2920746416244489,0.044995716184208334,0.03629258023903225
2017-07-03,rb_advisor,conservative,rb_advisor:conservative,0.0989142420425657,0.05541323406379875,0.027928355088347852,0.019417884973323297,0.43914282840562224,0.2793740323712604,0.04069392058094142,0.039115502474140376
2017-08-01,rb_advisor,conservative,rb_advisor:conservative,0.10616070114065988,0.06808061205279213,0.030813759887805006,0.01901958826416545,0.4115427684381827,0.288368862134842,0.04244911471518244,0.033564593366370424
2017-09-01,rb_advisor,conservative,rb_advisor:conservative,0.08475350501846085,0.055880759091848115,0.026461564254481665,0.017299448622134037,0.44660406864039,0.2944506770506225,0.03936504591219788,0.03518493140986499
2017-10-02,rb_advisor,conservative,rb_advisor:conservative,0.12343624008555852,0.06978443801197441,0.03055291108866566,0.018948910607617348,0.41996208135597607,0.2575971716076377,0.03798230604091489,0.041735941201655365
2017-11-01,rb_advisor,conservative,rb_advisor:conservative,0.12167100466896048,0.059509907439181615,0.03217482353566698,0.01848757790608811,0.4036693480500876,0.2798807569055969,0.039300310249710105,0.04530627124470832
2017-12-01,rb_advisor,conservative,rb_advisor:conservative,0.10883939748827348,0.06719827293965,0.028858761109589983,0.01779351292515514,0.41650441885544043,0.279595746595564,0.037302985379509,0.04390690470681797
2018-01-02,rb_advisor,conservative,rb_advisor:conservative,0.11560629076705803,0.06382165407578701,0.03135741585164267,0.020054244774288996,0.41437047077044686,0.2800860773713047,0.038279183672525016,0.03642466271694672
2018-02-01,rb_advisor,conservative,rb_advisor:conservative,0.09690902064652743,0.06257318275265725,0.02993250838971363,0.019773620014052997,0.4241651377018388,0.29574717363777353,0.04171340096784212,0.02918595588959415
2018-03-01,rb_advisor,conservative,rb_advisor:conservative,0.05771284746697255,0.04890867977725635,0.020433408590134157,0.014796309939997717,0.4747172814041251,0.3063920806310061,0.048882354590418176,0.028157037600089956
2018-04-02,rb_advisor,conservative,rb_advisor:conservative,0.05492935776972995,0.04074146088510774,0.02405412785012095,0.014927474110786793,0.45751298112501315,0.33332367349396275,0.042650135587147496,0.031860789178131316
2018-05-01,rb_advisor,conservative,rb_advisor:conservative,0.06636817400841988,0.04556084495237528,0.03027933093754368,0.019232941327348253,0.43432007897886504,0.32343586419139375,0.048275128117707046,0.03252763748634713
2018-06-01,rb_advisor,conservative,rb_advisor:conservative,0.08833800549269885,0.06628879185276082,0.031703168224763406,0.02017798984893353,0.4113781020160551,0.2854987694105951,0.05821034605020697,0.03840482710398617
2018-07-02,rb_advisor,conservative,rb_advisor:conservative,0.08388782061169042,0.05454247137847488,0.028291532460912365,0.018167534894713996,0.42176185019198986,0.31312818665117825,0.04764004873860198,0.03258055507243825
2018-08-01,rb_advisor,conservative,rb_advisor:conservative,0.07876136963859197,0.05012177016767633,0.02952003251558188,0.017586733382356813,0.41644352393450423,0.33133889217607904,0.04652995104169995,0.02969772714350978
2018-09-04,rb_advisor,conservative,rb_advisor:conservative,0.08186449876969153,0.05876636399011391,0.024979634858781997,0.014410596422104537,0.42159341416236396,0.32833443839639753,0.03839967024384664,0.03165138315669987
2018-10-01,rb_advisor,conservative,rb_advisor:conservative,0.09050535223599063,0.054719573287876494,0.02952003773943394,0.01828472040428956,0.3972324040168224,0.33086265379867874,0.05045761447608293,0.028417644040825394
2018-11-01,rb_advisor,conservative,rb_advisor:conservative,0.05041312695773021,0.03627186435406491,0.02352181929707272,0.013379796120184655,0.44319733602580424,0.35544946255680276,0.051701527554608176,0.02606506713373228
2018-12-03,rb_advisor,conservative,rb_advisor:conservative,0.0466375449688657,0.03414543089180359,0.021356835478749576,0.01290441632391582,0.4285051296080711,0.36978390905353736,0.05330626692151183,0.03336046675354518
2019-01-02,rb_advisor,conservative,rb_advisor:conservative,0.04237936580505624,0.033724692126478814,0.02371154710789669,0.017764740669158716,0.448034018180179,0.35146898720679376,0.06122986269599688,0.021686786208440036
2019-02-01,rb_advisor,conservative,rb_advisor:conservative,0.06485494648439849,0.04581535060236628,0.027642274609101687,0.01846461140207452,0.4220762834550228,0.31984801629577475,0.06205549104011636,0.03924302611114503
2019-03-01,rb_advisor,conservative,rb_advisor:conservative,0.08312424265936807,0.06128002850804164,0.03145853811640031,0.020330607212609524,0.39440333848439474,0.31677057936600866,0.04944642290351596,0.04318624274966118
2019-04-01,rb_advisor,conservative,rb_advisor:conservative,0.0770971355730456,0.056935033295991,0.03322215615569295,0.019655168464934928,0.39714190270678423,0.3191932128792667,0.053198983610308455,0.0435564073139761
2019-05-01,rb_advisor,conservative,rb_advisor:conservative,0.08714822095245771,0.06481488874178255,0.036597325079094654,0.022507716261386482,0.3908715502357801,0.31744786570233796,0.04967953552527242,0.0309328975018881
2019-06-03,rb_advisor,conservative,rb_advisor:conservative,0.0672686078792538,0.04931896004433852,0.0255747845740102,0.017860930872968306,0.4267942348077496,0.3248994655194767,0.05132323885070485,0.03695977745149813
2019-07-01,rb_advisor,conservative,rb_advisor:conservative,0.07999780855728739,0.057591397425938086,0.03159240696762623,0.021106595570159606,0.39806756957461903,0.33517691453727516,0.04267570403490263,0.033791603332191694
2019-08-01,rb_advisor,conservative,rb_advisor:conservative,0.09639622147630003,0.07031176619728478,0.03693947000361581,0.027901247675109004,0.3835623548121219,0.30243696389223323,0.03809845089731859,0.044353525046016716
2019-09-03,rb_advisor,conservative,rb_advisor:conservative,0.06525978671766786,0.052480256679679545,0.028336222349751323,0.022583996710542238,0.4226652638417999,0.32220415640071287,0.04583917198194864,0.04063114531789753
2019-10-01,rb_advisor,conservative,rb_advisor:conservative,0.1016475349908215,0.07121447475229725,0.03828300873223262,0.029187389582069,0.3827639395127731,0.288137872368278,0.04263902573300074,0.04612675432852778
2019-11-01,rb_advisor,conservative,rb_advisor:conservative,0.08689140393625548,0.06596993172318148,0.03401099689571662,0.027369886640440023,0.3983216331379015,0.29653918497787746,0.044825189871602486,0.04607177281702486
2019-12-02,rb_advisor,conservative,rb_advisor:conservative,0.10089730121650742,0.07504065990388219,0.03912304028965704,0.029501835978122146,0.3935066779517363,0.28962898528822034,0.042323648906067296,0.029977850465807386
2020-01-02,rb_advisor,conservative,rb_advisor:conservative,0.10133282005366696,0.07339727557343388,0.03378000926819812,0.02819715477783221,0.3999600137923431,0.280366904715506,0.04820746524490207,0.0347583565741175
2020-02-03,rb_advisor,conservative,rb_advisor:conservative,0.0764033365614776,0.05935950066809006,0.02884435127577998,0.021888509468217996,0.43648356504218067,0.3018736699905459,0.04207340333285293,0.033073663660854895
2020-03-02,rb_advisor,conservative,rb_advisor:conservative,0.053598029870698845,0.0456337624428347,0.026555000558265623,0.027768933027637346,0.4697576553507655,0.3163663082170718,0.03962668162822431,0.020693628904501816
2020-04-01,rb_advisor,conservative,rb_advisor:conservative,0.05146195427137993,0.06106837724227572,0.01802921229351484,0.019300503053901474,0.2795625383375354,0.4843280278190158,0.0660327642181927,0.020216622764183977
2020-05-01,rb_advisor,conservative,rb_advisor:conservative,0.03970425839615579,0.04260001198544325,0.015065363394220757,0.015836398374939706,0.3458898657389239,0.4894037386794726,0.037012472294192016,0.014487891136651946
2020-06-01,rb_advisor,conservative,rb_advisor:conservative,0.05452935380564109,0.061014188257605226,0.016382824864200694,0.017383221708387884,0.3599748780181235,0.43375600824696614,0.03882722774114288,0.018132297357932613
2020-07-01,rb_advisor,conservative,rb_advisor:conservative,0.04174793976116825,0.047308594121230584,0.015499304546869248,0.016503609452630262,0.3813389067365915,0.43983903833616267,0.04046848368983933,0.017294123355508246
2020-08-03,rb_advisor,conservative,rb_advisor:conservative,0.05690849185608714,0.04387817174915764,0.016288737697364407,0.01631010949956441,0.34901944652181666,0.45724179584459157,0.03602492700247255,0.02432831982894559
2020-09-01,rb_advisor,conservative,rb_advisor:conservative,0.07397890860298256,0.052610928623507205,0.02216683450587952,0.018090475037455377,0.3351915091890331,0.4433661336658568,0.023919250884659477,0.03067595949062583
2020-10-01,rb_advisor,conservative,rb_advisor:conservative,0.04244516666895825,0.03315274421225592,0.018235424356120435,0.017693411340816326,0.35282674402211966,0.47841886897504354,0.035725429324632865,0.02150221110005303
2020-11-02,rb_advisor,conservative,rb_advisor:conservative,0.04759053430366298,0.04107931666926629,0.01883703447622296,0.01910113383092848,0.35701018462801476,0.4515390637202893,0.03768260369182895,0.027160128679786115
2020-12-01,rb_advisor,conservative,rb_advisor:conservative,0.06246587857294429,0.04756990731866871,0.019729259504137647,0.01946980282359143,0.3612662529446348,0.42379686605280587,0.03413024961322351,0.031571783169993727
2021-01-04,rb_advisor,conservative,rb_advisor:conservative,0.06266992126699873,0.0516298468080505,0.022283458489302545,0.018004032424620727,0.3352331982803455,0.4493437479547108,0.03452439710935266,0.02631139766661856
2021-02-01,rb_advisor,conservative,rb_advisor:conservative,0.054547512926239806,0.04254461407720968,0.02041153977503,0.015065256828374618,0.35883373478356995,0.4445370184694043,0.03465351130647591,0.02940681183369574
2021-03-01,rb_advisor,conservative,rb_advisor:conservative,0.06475551781551721,0.04857748057860973,0.026580148660688595,0.01851561742447779,0.3565851391977709,0.3997620837071306,0.04238406768125784,0.04283994493454713
2021-04-01,rb_advisor,conservative,rb_advisor:conservative,0.06563127050011423,0.03635391939945583,0.034629752143020116,0.017959508880485663,0.4070651591214802,0.3478563279345941,0.04717869404262774,0.04332536797822217
2021-05-03,rb_advisor,conservative,rb_advisor:conservative,0.07028178011974319,0.046280710608661575,0.032228642337517474,0.02176628653815802,0.4064960437917464,0.3192206270544806,0.04829056590358182,0.0554353436461107
2021-06-01,rb_advisor,conservative,rb_advisor:conservative,0.058427983517283934,0.03842551925362832,0.02837975256732292,0.0183637190599067,0.421918410970886,0.34316385061112387,0.05323366980487964,0.03808709421496857
2021-07-01,rb_advisor,conservative,rb_advisor:conservative,0.07288044607447555,0.05362216579884279,0.03459307949636617,0.02410593609594836,0.4300625818617202,0.29389652157192575,0.04529046900281692,0.04554880009790434
2021-08-02,rb_advisor,conservative,rb_advisor:conservative,0.06890047327027718,0.0550151612065884,0.03302813554673749,0.019914686697796724,0.4337709104711077,0.2852910637163777,0.0600332949999689,0.04404627409114583
2021-09-01,rb_advisor,conservative,rb_advisor:conservative,0.07436490767393929,0.0512279324351074,0.03644397836839491,0.020620425417369165,0.4261252944040226,0.30211897487354406,0.041724905630749314,0.04737358119687331
2021-10-01,rb_advisor,conservative,rb_advisor:conservative,0.06468363195968198,0.048792904113442434,0.033262209903474844,0.024290325533590545,0.4456252308322875,0.29178456331254593,0.04684511536336743,0.044716018981609276
2021-11-01,rb_advisor,conservative,rb_advisor:conservative,0.07428911991208552,0.05160328956719177,0.03747341999104073,0.024902284015705413,0.42511451223550045,0.29040780751878176,0.04967974828025053,0.04652981847944381
2021-12-01,rb_advisor,conservative,rb_advisor:conservative,0.07482939944013149,0.05143298384049575,0.03851192523066807,0.030904969642551638,0.43896615570958253,0.266079201241838,0.052747872106854346,0.04652749278787827
2022-01-03,rb_advisor,conservative,rb_advisor:conservative,0.062069229715997924,0.04186981636905145,0.031558745154370904,0.02903939352995943,0.44534775413459615,0.2976237910733341,0.05127233840740559,0.041218931615284504
2022-02-01,rb_advisor,conservative,rb_advisor:conservative,0.060668960631236966,0.04006387909505006,0.03345346453798597,0.025401369134625706,0.4492587163753478,0.3037681802810482,0.05002850976312715,0.03735692018157812
2022-03-01,rb_advisor,conservative,rb_advisor:conservative,0.06478859062850262,0.044725334389173484,0.03105907770793554,0.032862335783226546,0.44050689393982706,0.2851784052634934,0.061277290168926676,0.039602072118914734
2022-04-01,rb_advisor,conservative,rb_advisor:conservative,0.06695819532401508,0.04715903347908564,0.0282016555494442,0.021184039370254214,0.4344301438661754,0.30005814438555584,0.060624945828438755,0.04138384219703089
2022-05-02,rb_advisor,conservative,rb_advisor:conservative,0.061399445530236095,0.04427049400129114,0.03726386131192021,0.0324303791838279,0.4108724990121343,0.29868428068706193,0.0799789441098807,0.03510009616364782
2022-06-01,rb_advisor,conservative,rb_advisor:conservative,0.05539615575177657,0.041740771193620206,0.029408611217663715,0.02819476153590519,0.4251265978252302,0.29861541685483356,0.0879043134157841,0.03361337220518649
2022-07-01,rb_advisor,conservative,rb_advisor:conservative,0.06597174571669678,0.05322662389753366,0.03309746752464687,0.03500119370593801,0.4040649319577877,0.2792726336811503,0.09533773279148393,0.03402767072476282
2022-08-01,rb_advisor,conservative,rb_advisor:conservative,0.07150418393276366,0.0543497438857771,0.029179957342064057,0.03336252054106602,0.4148473093388966,0.28046441702555974,0.0762681080460568,0.04002375988781609
2022-09-01,rb_advisor,conservative,rb_advisor:conservative,0.0681396875051341,0.05533418685465762,0.03126663211790767,0.035072566343017704,0.39301734956092954,0.29636704766491406,0.0828641542672987,0.03793837568614055
2022-10-03,rb_advisor,conservative,rb_advisor:conservative,0.07214929108238287,0.06281530885481407,0.030515800077172694,0.03703132045293421,0.4046532681778668,0.2738749834659168,0.0811503532945899,0.03780967459432282
2022-11-01,rb_advisor,conservative,rb_advisor:conservative,0.06291253010049083,0.05274795258110771,0.02800256451717168,0.028434288175448578,0.4220302439764104,0.30140008963362136,0.07504386670686364,0.029428464308885655
2022-12-01,rb_advisor,conservative,rb_advisor:conservative,0.06996468867015267,0.0547538240687365,0.027284786282415985,0.03054094759331518,0.4039304734162364,0.3117321021426305,0.06911817248711014,0.032675005339402624
2023-01-03,rb_advisor,conservative,rb_advisor:conservative,0.07557789236004223,0.06297679881319061,0.03208861086467807,0.03361688954964826,0.39531037734846997,0.2930341701954126,0.06806739002682102,0.03932787084173726
2023-02-01,rb_advisor,conservative,rb_advisor:conservative,0.07996990311161244,0.06379336092477589,0.03516970863051642,0.03265733979692116,0.3981731302986333,0.28476943522481346,0.07097780907005356,0.03448931294267376
2023-03-01,rb_advisor,conservative,rb_advisor:conservative,0.0788773945121758,0.055541759214979225,0.0327213624600773,0.030813898565912653,0.3930260599063874,0.30315098312233213,0.06593387723142699,0.03993466498670852
2023-04-03,rb_advisor,conservative,rb_advisor:conservative,0.08769644734972716,0.07745805330904323,0.031992778418925685,0.03805752280309447,0.40860717273378944,0.26063311102241404,0.059253525088532176,0.03630138927447369
2023-05-01,rb_advisor,conservative,rb_advisor:conservative,0.09100279235647123,0.07208964137421917,0.036176450330857784,0.03446482980869944,0.3885285247987371,0.27679671919281235,0.05831652010974446,0.04262452202845849
2023-06-01,rb_advisor,conservative,rb_advisor:conservative,0.08044947228287543,0.06317431899117192,0.029537351791600972,0.028698091297186496,0.4001096610487324,0.3049236118212859,0.05515412006209697,0.037953372705050024
2023-07-03,rb_advisor,conservative,rb_advisor:conservative,0.09313327936601588,0.06529306396226815,0.030668184628538132,0.031175717787054014,0.39276655834810525,0.28783485485384325,0.05765692663575852,0.041471414418416744
2023-08-01,rb_advisor,conservative,rb_advisor:conservative,0.10523329159734242,0.07334570793541625,0.030588170696386842,0.02814657268569498,0.37099448798452495,0.28143447228014734,0.05927331952630532,0.05098397729418188
2023-09-01,rb_advisor,conservative,rb_advisor:conservative,0.08374092898396134,0.06288939033664419,0.03112018692595027,0.030144673525746755,0.38575460927959354,0.29295683972312747,0.06577689172787982,0.04761647949709659
2023-10-02,rb_advisor,conservative,rb_advisor:conservative,0.08378746530634425,0.06547305246055983,0.02946164395287316,0.03004443401594162,0.37925044315310363,0.3158267149755766,0.05810150603989076,0.038054740095710166
2023-11-01,rb_advisor,conservative,rb_advisor:conservative,0.09742155959312923,0.07522345242667684,0.0372463718585232,0.03643408245753073,0.36088313620171963,0.27991387642796,0.0676543207164387,0.04522320031802167
2023-12-01,rb_advisor,conservative,rb_advisor:conservative,0.1116718411161608,0.08862684519111554,0.038660577823334694,0.032972024771025205,0.34649406983513686,0.2680965967592738,0.0756073686986179,0.037870675805335346
2024-01-02,rb_advisor,conservative,rb_advisor:conservative,0.10585803883934104,0.08286687553058922,0.03671759585126451,0.0308483948750995,0.3533090434491857,0.2851203188693072,0.06391282692425232,0.04136690566096051
2024-02-01,rb_advisor,conservative,rb_advisor:conservative,0.08991049310823354,0.07139988702657786,0.03501230901986326,0.028009165098411188,0.3726896863681079,0.2911410567705045,0.06839974471987242,0.04343765788842922
2024-03-01,rb_advisor,conservative,rb_advisor:conservative,0.09818472230204348,0.07676579553567077,0.03805850043051052,0.03013320688037931,0.3587982374607441,0.2832448514209726,0.07085624026536724,0.0439584457043121
2024-04-01,rb_advisor,conservative,rb_advisor:conservative,0.0893935947995284,0.07324697728338897,0.03190091336106146,0.03007926918776805,0.38083306523136556,0.2928411042605749,0.0630924577265811,0.03861261814973143
2024-05-01,rb_advisor,conservative,rb_advisor:conservative,0.0854912645504082,0.07238700102008518,0.03254236471443506,0.02985695665614995,0.38266382362554424,0.29509246367405473,0.06446942681021944,0.0374966989491032
2024-06-03,rb_advisor,conservative,rb_advisor:conservative,0.08916397717541709,0.08460684132698759,0.028914065942335004,0.02920877334539584,0.3807884438491808,0.2929429971109195,0.057937283922877475,0.03643761732688661
2024-07-01,rb_advisor,conservative,rb_advisor:conservative,0.10947047747975043,0.0853699420982535,0.031570273603290504,0.030687331485514155,0.36361809740492346,0.26969236530136603,0.06085603138425795,0.04873548124264384
2024-08-01,rb_advisor,conservative,rb_advisor:conservative,0.06776576185230551,0.05301770871302359,0.024536707543806276,0.024624446618634603,0.41045250172121783,0.3237297921619797,0.058133347908691214,0.03773973348034118
2024-09-03,rb_advisor,conservative,rb_advisor:conservative,0.07161145001413712,0.05864300998314774,0.02842219423055411,0.025012899986008537,0.40769009962491826,0.30162676850718045,0.06420425312193158,0.04278932453212214
2024-10-01,rb_advisor,conservative,rb_advisor:conservative,0.07216060802197484,0.058166366376826394,0.023152169993288826,0.019176245611127178,0.4149361255533705,0.3157712951691139,0.056862004715280474,0.03977518455901769
2024-11-01,rb_advisor,conservative,rb_advisor:conservative,0.0770597198825022,0.0661746170458942,0.028701765508183798,0.02552930724972882,0.3958668612039934,0.3163687486433075,0.055284627408116675,0.03501435305827356
2024-12-02,rb_advisor,conservative,rb_advisor:conservative,0.09328904614997659,0.08014589812849798,0.029250880085469555,0.02765514117827076,0.3794946673249417,0.2997651828284153,0.05035604400441044,0.04004314030001774
2012-01-03,rb_advisor,balanced,rb_advisor:balanced,0.07729640342850892,0.06941197260284748,0.028738593538709892,0.024167917327494556,0.3732829625729906,0.3625877502810348,0.04299374837036887,0.021520651878044996
2012-02-01,rb_advisor,balanced,rb_advisor:balanced,0.1027326723005287,0.08233410631397876,0.031843767484590904,0.027882684021626008,0.33575238546033254,0.34685366414976265,0.049588588522041746,0.023012131747138828
2012-03-01,rb_advisor,balanced,rb_advisor:balanced,0.1018019806714924,0.07835159795210546,0.03302417405422638,0.02967068731407899,0.35607894876540197,0.3434697904479161,0.03475329220064673,0.022849528594132005
2012-04-02,rb_advisor,balanced,rb_advisor:balanced,0.09668916981013141,0.08316085466708856,0.03207078988143774,0.02637972787665223,0.3547194408328647,0.33669867638982065,0.04442403179576337,0.02585730874624131
2012-05-01,rb_advisor,balanced,rb_advisor:balanced,0.08850558687784167,0.068358251573577,0.030645076074540395,0.029002773010625343,0.36461396385062544,0.34827854987395546,0.04677454000980637,0.023821258729028308
2012-06-01,rb_advisor,balanced,rb_advisor:balanced,0.08339730938840799,0.06386782425828404,0.03122583062134535,0.026361057740191946,0.3704446049665104,0.3662222883777783,0.037009126810125456,0.021471957837356583
2012-07-02,rb_advisor,balanced,rb_advisor:balanced,0.0780477014537227,0.06305229351353159,0.029823864998018704,0.024608236192305396,0.3845902916232096,0.35505938213144395,0.04199133082220516,0.022826899265563003
2012-08-01,rb_advisor,balanced,rb_advisor:balanced,0.07990179048607716,0.06453875072655696,0.0281061132029388,0.02444308941687399,0.37117953349221067,0.3656762662931817,0.04016511228939582,0.02598934409276495
2012-09-04,rb_advisor,balanced,rb_advisor:balanced,0.10500971874771065,0.07889677598339992,0.034780562148010924,0.031920177844570824,0.35224229328749096,0.33476605278375177,0.031106354275293947,0.03127806492977102
2012-10-01,rb_advisor,balanced,rb_advisor:balanced,0.08883121599461091,0.06971057832738192,0.030637765087928915,0.025669620277637514,0.3882483748592354,0.33594840339673737,0.031659440543334985,0.02929460151313294
2012-11-01,rb_advisor,balanced,rb_advisor:balanced,0.08803447828232037,0.06966768127337367,0.03200635374991266,0.0293319393273738,0.3868307304492648,0.32214306312144164,0.03844289640474996,0.033542857391562986
2012-12-03,rb_advisor,balanced,rb_advisor:balanced,0.07450224972920787,0.06496886300610948,0.03160156868554635,0.029559986312473224,0.394927868404853,0.3349512020879387,0.03780399685324133,0.031684264920630006
2013-01-02,rb_advisor,balanced,rb_advisor:balanced,0.07478300377391366,0.06064213850132913,0.036126674955459015,0.03386803300620947,0.410786162844511,0.309204131069276,0.04006881377914514,0.03452104207015654
2013-02-01,rb_advisor,balanced,rb_advisor:balanced,0.09477606085805206,0.07388860667449046,0.03410721780904813,0.03189105418673508,0.39082395733111835,0.2957900194977081,0.0391716764375371,0.039551407205310855
2013-03-01,rb_advisor,balanced,rb_advisor:balanced,0.07847331087668276,0.06828062352554302,0.030492176400364328,0.03271653206868057,0.4121994562850248,0.3072514588139702,0.03546044587891095,0.03512599615082355
2013-04-01,rb_advisor,balanced,rb_advisor:balanced,0.09070582693575431,0.07315784317219151,0.032784187651655514,0.030194499252923803,0.3851489262656638,0.3051904201550718,0.044205556965551146,0.038612739601188086
2013-05-01,rb_advisor,balanced,rb_advisor:balanced,0.07282031912189196,0.06265733702624808,0.03171672825346018,0.027760428536019708,0.4001002498088869,0.35559958219485693,0.022065290958818158,0.027280064099818164
2013-06-03,rb_advisor,balanced,rb_advisor:balanced,0.0964990602738856,0.0945636367285058,0.037725728850264,0.03604925811285866,0.39355507705513587,0.2831102375302847,0.030870388025790146,0.02762661342327525
2013-07-01,rb_advisor,balanced,rb_advisor:balanced,0.0979620815026395,0.10187873726928179,0.03895821855221102,0.0304232071719171,0.3508753089119078,0.30818754098237383,0.04612325815878438,0.02559164745088446
2013-08-01,rb_advisor,balanced,rb_advisor:balanced,0.14231938336334674,0.12324117481158466,0.05045239718193123,0.03347555328399937,0.30652704513942475,0.2564841508253617,0.051236543610056015,0.036263751784295625
2013-09-03,rb_advisor,balanced,rb_advisor:balanced,0.11706210593793809,0.10444330572595956,0.04368078188134784,0.03268142344868313,0.3494291894364833,0.26791749219081945,0.0538804439296215,0.03090525744914707
2013-10-01,rb_advisor,balanced,rb_advisor:balanced,0.1326002868290842,0.12761025403530193,0.04632022931587286,0.031281972797698634,0.32311852343390746,0.2635618461548055,0.04643728610410253,0.029069601329226834
2013-11-01,rb_advisor,balanced,rb_advisor:balanced,0.1040743295508122,0.0976649533879969,0.04355533568883912,0.03611840479560365,0.3601626405302911,0.27636407014799524,0.052337565773183076,0.02972270012527871
2013-12-02,rb_advisor,balanced,rb_advisor:balanced,0.12740102555782257,0.11297880955111626,0.050343723876171996,0.0355979611705866,0.3344615454065226,0.24595408394775836,0.05694200142994025,0.03632084906008128
2014-01-02,rb_advisor,balanced,rb_advisor:balanced,0.11097482263703531,0.11160528910752626,0.04342185109019297,0.03015552799351286,0.36895754303437983,0.25227850757019876,0.04987441887280661,0.03273203969434733
2014-02-03,rb_advisor,balanced,rb_advisor:balanced,0.1042461596535535,0.09618007522651657,0.0428996130433573,0.03543286831177535,0.36323810131434736,0.26112901833636204,0.06153998105306988,0.03533418306101804
2014-03-03,rb_advisor,balanced,rb_advisor:balanced,0.10480494340811701,0.10007603011576077,0.0399493148588947,0.03269778632961881,0.3576371980515224,0.2626030242158688,0.0625988431623694,0.039632859857848236
2014-04-01,rb_advisor,balanced,rb_advisor:balanced,0.1244172624734079,0.10238498351110015,0.044952596949255685,0.03648332769308512,0.35573036495394245,0.2412316297168842,0.059761929400229834,0.03503790530209467
2014-05-01,rb_advisor,balanced,rb_advisor:balanced,0.09934694165604606,0.0800807560528795,0.04600430108107362,0.04062574932846235,0.37369891708946557,0.25601197091238864,0.06422378943977455,0.04000757443990979
2014-06-02,rb_advisor,balanced,rb_advisor:balanced,0.11734314971051082,0.09957764977473207,0.05492297510347969,0.03954877152966141,0.3468811801715547,0.2427081761644723,0.060479067485413956,0.038539030060175006
2014-07-01,rb_advisor,balanced,rb_advisor:balanced,0.12644802390015192,0.11212189618960267,0.05178091168602982,0.04344328033310636,0.3461201575325455,0.23528446720935073,0.05211279334109082,0.03268846980812231
2014-08-01,rb_advisor,balanced,rb_advisor:balanced,0.11243546628654137,0.09876925498729398,0.047827986766692886,0.042626292277562296,0.34845262257334236,0.24992433688658863,0.060010531339634764,0.039953508882343766
2014-09-02,rb_advisor,balanced,rb_advisor:balanced,0.11525847010691771,0.11170986528251066,0.04791548589196248,0.041211552858929246,0.34510530833530906,0.24765218100352862,0.05582321759779287,0.035323918923049265
2014-10-01,rb_advisor,balanced,rb_advisor:balanced,0.10572137640172169,0.09116721275777794,0.0497370491779434,0.03720972312283259,0.36681474340627934,0.25295787992319885,0.06696440049276507,0.02942761471748109
2014-11-03,rb_advisor,balanced,rb_advisor:balanced,0.08363895912821122,0.07590508350763166,0.035349131478920603,0.038574572704963284,0.3855494141560235,0.280512799125145,0.06419390028368098,0.03627613961542394
2014-12-01,rb_advisor,balanced,rb_advisor:balanced,0.12819545519933487,0.10047464667329854,0.04589152807089785,0.033051821659458545,0.3434666408656007,0.2679875437554621,0.044285736236905876,0.03664662753904159
2015-01-02,rb_advisor,balanced,rb_advisor:balanced,0.09780175954663002,0.09124143425482165,0.04548928179810386,0.04158428818795222,0.37694987196544366,0.25226915512305864,0.05994917953261466,0.034715029591375325
2015-02-02,rb_advisor,balanced,rb_advisor:balanced,0.09368637337377345,0.08352184095937704,0.041945140450735136,0.0369925129422129,0.3907449010036587,0.2558912173597429,0.058407395302610535,0.03881061860788949
2015-03-02,rb_advisor,balanced,rb_advisor:balanced,0.12795313507515405,0.11172405333342059,0.04699057306832279,0.040189433201138824,0.3377689569643525,0.23991592477501902,0.06490487724599156,0.030553046336600595
2015-04-01,rb_advisor,balanced,rb_advisor:balanced,0.11326822725538957,0.10845147104745087,0.0423811654156351,0.03923074947511252,0.34250893401191407,0.25378244039970965,0.0691791285408988,0.031197883853889392
2015-05-01,rb_advisor,balanced,rb_advisor:balanced,0.11425395100522966,0.09045071350915154,0.04630202337752214,0.037366554375083065,0.36280104224461257,0.2615513250503782,0.055130232684462065,0.032144157753560824
2015-06-01,rb_advisor,balanced,rb_advisor:balanced,0.1283354452762116,0.1066277428838789,0.044844942717703826,0.047438211780784965,0.33460260555279836,0.2320392835119515,0.07293122048526282,0.033180547791408076
2015-07-01,rb_advisor,balanced,rb_advisor:balanced,0.12149313012194557,0.1059590633437311,0.04323473702723243,0.04440900388660039,0.3424885659965101,0.2267611341890904,0.07816416040978354,0.037490205025106464
2015-08-03,rb_advisor,balanced,rb_advisor:balanced,0.10929193273966156,0.09205696504675077,0.03842609165028087,0.03269100226406785,0.3664884061475962,0.2538269999718351,0.06579845621257607,0.041420145967231516
2015-09-01,rb_advisor,balanced,rb_advisor:balanced,0.07030028445502526,0.06576448555679151,0.036734795565091155,0.028520278596016264,0.41744793637439465,0.2826429966893969,0.07476245486946478,0.023826767893819514
2015-10-01,rb_advisor,balanced,rb_advisor:balanced,0.08767004816737581,0.08208524987123106,0.036397872622475014,0.032312882620195445,0.39369435391734803,0.26817825629224284,0.06918959823700907,0.030471738272122843
2015-11-02,rb_advisor,balanced,rb_advisor:balanced,0.10315057761127013,0.08739901822040821,0.046457163475862595,0.03259116806915276,0.37300008975839555,0.2628858714734922,0.06296801148531064,0.0315480999061079
2015-12-01,rb_advisor,balanced,rb_advisor:balanced,0.09539538236464756,0.08423661609953996,0.04642720264031501,0.032205447878385376,0.3806432484424212,0.2795514070944204,0.057100404843312524,0.02444029063695789
2016-01-04,rb_advisor,balanced,rb_advisor:balanced,0.08439317836092623,0.0782289740254555,0.040890485799587414,0.034165294027674535,0.4115376330066057,0.2626545615293149,0.05680019199356145,0.03132968125687442
2016-02-01,rb_advisor,balanced,rb_advisor:balanced,0.07295962002424708,0.06634882934623526,0.031996256931344454,0.02708597319201466,0.4252038673169657,0.2865689331708302,0.0663059747189453,0.023530545299417362
2016-03-01,rb_advisor,balanced,rb_advisor:balanced,0.08289695455586317,0.07380176854955686,0.037561993729095515,0.030668661012177016,0.41600280711030574,0.2709522217083427,0.06288067952248243,0.02523491381217657
2016-04-01,rb_advisor,balanced,rb_advisor:balanced,0.10484427414486819,0.0894662091443846,0.04188011065392021,0.03353618238263093,0.3689301891970844,0.2721679395867205,0.06113945232591803,0.028035642564473225
2016-05-02,rb_advisor,balanced,rb_advisor:balanced,0.0962828838407811,0.08147730092794327,0.037670728638885514,0.032590180484528934,0.37811904497672033,0.2826272768530056,0.06306334957923528,0.028169234698900036
2016-06-01,rb_advisor,balanced,rb_advisor:balanced,0.09235321922600974,0.07966643599919757,0.043817938563810555,0.034308705477362506,0.37054757472821803,0.2915020694327967,0.06341396981910961,0.024390086753495292
2016-07-01,rb_advisor,balanced,rb_advisor:balanced,0.0831811978424024,0.07800736226540525,0.027319084657097325,0.026699570582541007,0.39669585813711433,0.28762170938697806,0.0641299137175692,0.036345303410892274
2016-08-01,rb_advisor,balanced,rb_advisor:balanced,0.11069671808116846,0.09668298238149287,0.04515657449110632,0.03482767283755862,0.33250431546288306,0.28615437523432935,0.06287641580031493,0.031100945711146473
2016-09-01,rb_advisor,balanced,rb_advisor:balanced,0.11872181228994906,0.1006863065468348,0.053069628550325654,0.03592239669815226,0.31280064157469833,0.2749760482690941,0.06971557386524962,0.03410759220569604
2016-10-03,rb_advisor,balanced,rb_advisor:balanced,0.09138976710558366,0.0856837519347407,0.04341156058467547,0.029251464124140848,0.33186060632205866,0.3114663744581928,0.08400788562339476,0.022928589847213042
2016-11-01,rb_advisor,balanced,rb_advisor:balanced,0.10353395930394817,0.08718357506013129,0.05143373801561306,0.032201988814608555,0.31582971166859236,0.3111064486937936,0.07592942923091088,0.022781149212402072
2016-12-01,rb_advisor,balanced,rb_advisor:balanced,0.1291690281438419,0.09425729478575501,0.06060729601684096,0.030443226975771304,0.2935645787991927,0.27699348780516314,0.08426330022666913,0.030701787246765932
2017-01-03,rb_advisor,balanced,rb_advisor:balanced,0.12566503522603964,0.10297510350744335,0.05534785809011309,0.0331044142082691,0.2995610243021897,0.2673739193841032,0.08522464622907389,0.030747999052767972
2017-02-01,rb_advisor,balanced,rb_advisor:balanced,0.14240841932414966,0.11427569967468294,0.05937810561968416,0.040918629868419064,0.2891105766036367,0.23685158271634063,0.08108650236613339,0.03597048382695334
2017-03-01,rb_advisor,balanced,rb_advisor:balanced,0.13872715522873813,0.11691148479150044,0.06319640264226083,0.03885793145974093,0.2930255829216727,0.2314795119996818,0.07842652199352111,0.03937540896288413
2017-04-03,rb_advisor,balanced,rb_advisor:balanced,0.13980271729975915,0.11633797653809849,0.06148184263270062,0.03575364327753661,0.29280628470885517,0.23913348404756726,0.07737727142070676,0.037306780074775815
2017-05-01,rb_advisor,balanced,rb_advisor:balanced,0.13545594120081156,0.11192234738549439,0.053247091605864966,0.03968754894160456,0.3019648060368051,0.23974205582079186,0.07409362466773223,0.04388658434089523
2017-06-01,rb_advisor,balanced,rb_advisor:balanced,0.1266640370267298,0.09815617684458638,0.056197106660244446,0.03400912960708912,0.3186050373170626,0.2534063479057474,0.07021149356667052,0.04275067107186987
2017-07-03,rb_advisor,balanced,rb_advisor:balanced,0.13945751914166837,0.0845774990644975,0.05431566320660196,0.040072220176221564,0.34278387299582497,0.23160820243773322,0.059603294172275834,0.04758172880517656
2017-08-01,rb_advisor,balanced,rb_advisor:balanced,0.14770870841678962,0.10358886773839306,0.05985285621728341,0.039214434122367775,0.3152904533583336,0.23360200094199354,0.06052232938492086,0.04022034981991803
2017-09-01,rb_advisor,balanced,rb_advisor:balanced,0.12061493567978451,0.08689751634568885,0.052487116934242434,0.03666031345982894,0.3525829139177014,0.2488912447977217,0.058801772571436386,0.04306418629359582
2017-10-02,rb_advisor,balanced,rb_advisor:balanced,0.15815160551550395,0.10148822283694696,0.056959666227043584,0.037888553760164624,0.32667515469983377,0.21358577639072507,0.05579399050860628,0.049457030061175786
2017-11-01,rb_advisor,balanced,rb_advisor:balanced,0.15502652557146385,0.08753834462149786,0.06039039246208928,0.037189489080641965,0.3168327657031781,0.2310434450386126,0.05794257976020701,0.054036457762309434
2017-12-01,rb_advisor,balanced,rb_advisor:balanced,0.14091902985295235,0.0959796511329226,0.05393423829760196,0.034274587625171944,0.33300183516984877,0.23512871047262687,0.055364178219699245,0.05139776922917626
2018-01-02,rb_advisor,balanced,rb_advisor:balanced,0.1454185255164724,0.09092902926587368,0.0564405090591156,0.03714283185195408,0.3343034407910075,0.23781276911600743,0.055656512142852124,0.04229638225671707
2018-02-01,rb_advisor,balanced,rb_advisor:balanced,0.12527103904271625,0.091216285034664,0.05342641043998202,0.03658945780532604,0.34634941431111577,0.2529369435422203,0.059787169545491584,0.034423280278484056
2018-03-01,rb_advisor,balanced,rb_advisor:balanced,0.08083240312862598,0.07302646414659267,0.037985741653162215,0.028678028479529594,0.3971306200856644,0.27936978729174605,0.0699444410968748,0.033032514117804286
2018-04-02,rb_advisor,balanced,rb_advisor:balanced,0.07571910614270994,0.05969905364594333,0.04371333823201547,0.027786415458416903,0.38281249161520203,0.3144037027008914,0.059281216717685666,0.036584675487135405
2018-05-01,rb_advisor,balanced,rb_advisor:balanced,0.0902611220349986,0.06620741597051874,0.054468984831799516,0.03550620818531046,0.35268189710664904,0.29851701241345385,0.06549643471547688,0.03686092474179305
2018-06-01,rb_advisor,balanced,rb_advisor:balanced,0.11730298140119648,0.09459208303250767,0.0526195294472278,0.035890531247210006,0.32455123885618853,0.2576929708187005,0.0751403147189996,0.04221035047796937
2018-07-02,rb_advisor,balanced,rb_advisor:balanced,0.11254639498067592,0.07779968230126587,0.046898992836024465,0.03209101203534215,0.3382720594475841,0.29483982390458713,0.06134657887187208,0.036205455622648486
2018-08-01,rb_advisor,balanced,rb_advisor:balanced,0.10565947730005064,0.07114769912997193,0.04855784354368738,0.030660238725123003,0.3349515497117037,0.3168310509724037,0.058942469689281074,0.03324967092777849
2018-09-04,rb_advisor,balanced,rb_advisor:balanced,0.11098749905340813,0.08416940222156531,0.04104801197587049,0.025466747219397345,0.34112702376960385,0.31485401472991736,0.046612164817856086,0.035735136212381426
2018-10-01,rb_advisor,balanced,rb_advisor:balanced,0.12163748194009572,0.0776711965320174,0.04807920738122278,0.03199793992151109,0.3150327978375852,0.31464289540147183,0.059204571673210055,0.03173390931288591
2018-11-01,rb_advisor,balanced,rb_advisor:balanced,0.06972338266786841,0.05246081327857538,0.03954715184623696,0.024413918111637005,0.36141838353816663,0.3580609826064461,0.06461242803422841,0.0297629399168411
2018-12-03,rb_advisor,balanced,rb_advisor:balanced,0.06560241970914042,0.04970114659809894,0.03625720554457483,0.02362977281537264,0.3470175934882678,0.3734598986433634,0.06572934148821706,0.038602621712965
2019-01-02,rb_advisor,balanced,rb_advisor:balanced,0.05858174687683036,0.04826742402312325,0.03935008512093493,0.03185545546090226,0.3612303411346825,0.3606246192722016,0.07600847870433165,0.02408184940699353
2019-02-01,rb_advisor,balanced,rb_advisor:balanced,0.08557463123864328,0.06281130972797748,0.04380612164448714,0.031882093018176044,0.33020493135870316,0.32786768396904065,0.07622101240737066,0.041632216635601606
2019-03-01,rb_advisor,balanced,rb_advisor:balanced,0.1082530885377433,0.08337058399563677,0.04941799151314763,0.0346666363277354,0.3017120407581776,0.3156867948014822,0.06128104898014155,0.04561181508593556
2019-04-01,rb_advisor,balanced,rb_advisor:balanced,0.10008025698840926,0.07787949917345266,0.05142855131978913,0.03329462715711051,0.30824029928321667,0.3161979524071053,0.0667827285744974,0.04609608509641902
2019-05-01,rb_advisor,balanced,rb_advisor:balanced,0.11221014404027906,0.08722777442328732,0.05583292719687641,0.03741043482789937,0.3012837540293694,0.31180299597678673,0.06158863096549844,0.03264333854000321
2019-06-03,rb_advisor,balanced,rb_advisor:balanced,0.08825953058702901,0.06705688584373742,0.04110429731103451,0.03064503030831435,0.3358539958306325,0.330412054842987,0.06671449673152355,0.03995370854474142
2019-07-01,rb_advisor,balanced,rb_advisor:balanced,0.10443684284037645,0.0774968510708722,0.05125056815224735,0.03622487622575047,0.3078380371702864,0.330443214279946,0.055727316547663476,0.036582293712857615
2019-08-01,rb_advisor,balanced,rb_advisor:balanced,0.12367254565985304,0.09347867679903522,0.0599195376412994,0.04650834745152288,0.2918874608056845,0.287587245256657,0.049942641088430134,0.04700354529751797
2019-09-03,rb_advisor,balanced,rb_advisor:balanced,0.08454973483520734,0.07072761505400266,0.046809936222249514,0.0384513689782852,0.3315058878078642,0.31977590413221435,0.06502939841763529,0.043150154552541536
2019-10-01,rb_advisor,balanced,rb_advisor:balanced,0.12733854990249605,0.09252550335469051,0.06071083787278358,0.0476066930374718,0.2918709079441458,0.27322100822159234,0.05919873274289617,0.04752776692392368
2019-11-01,rb_advisor,balanced,rb_advisor:balanced,0.10972467020628633,0.08558288992125546,0.05342788864078097,0.04382448087734946,0.31032313356522967,0.286208639877222,0.06281881991259156,0.04808947699928452
2019-12-02,rb_advisor,balanced,rb_advisor:balanced,0.12586111341311415,0.09595835966994558,0.06040360162388975,0.045265836645961004,0.3069048022103146,0.27412342060755046,0.060072579717178755,0.03141028611204576
2020-01-02,rb_advisor,balanced,rb_advisor:balanced,0.12661035184319228,0.0953227160102177,0.053651004878117275,0.04478554066833695,0.31397399421717254,0.2588723719117525,0.06901016043976152,0.03777386003144926
2020-02-03,rb_advisor,balanced,rb_advisor:balanced,0.09683141923157937,0.0777133177057153,0.04620670388815798,0.033855166545476906,0.35594059247240745,0.2901192426891699,0.06237785574730081,0.03695570172019235
2020-03-02,rb_advisor,balanced,rb_advisor:balanced,0.06951253139201478,0.06042653298500633,0.041640655127782006,0.04109669010980046,0.39270824696788903,0.316102734688029,0.056529963530561084,0.021982645198917357
2020-04-01,rb_advisor,balanced,rb_advisor:balanced,0.06924701139130796,0.07889352921491628,0.03193903827551396,0.03295111566007207,0.18484981791977198,0.5033218700985174,0.0801980689061185,0.018599548533781835
2020-05-01,rb_advisor,balanced,rb_advisor:balanced,0.05585974013111768,0.05752125075351363,0.02785077335806361,0.028117814235349432,0.23817577795765485,0.5324642197903211,0.04612866320971768,0.013881760564262043
2020-06-01,rb_advisor,balanced,rb_advisor:balanced,0.07654782918414389,0.08240133104311725,0.03004953391037049,0.030605579669750818,0.2468217379084781,0.46829643240760777,0.0481381795097486,0.017139376366783147
2020-07-01,rb_advisor,balanced,rb_advisor:balanced,0.059381380398801434,0.06504337029827534,0.028720222296184504,0.02946174321932459,0.2649023033808275,0.4851226103772275,0.050925720138489575,0.016442649890869514
2020-08-03,rb_advisor,balanced,rb_advisor:balanced,0.0797378756131085,0.059375830199284635,0.02963074198685267,0.02873124829373872,0.23802645466817726,0.4975461697832547,0.04420769058789828,0.022743988867685177
2020-09-01,rb_advisor,balanced,rb_advisor:balanced,0.1026585859362694,0.07114274367370815,0.03970714096981582,0.031478363737187334,0.22554484341529707,0.47281418451073015,0.02844766511981924,0.028206472637172866
2020-10-01,rb_advisor,balanced,rb_advisor:balanced,0.06033025002188869,0.04609614377550132,0.03342937235077509,0.031426313830976556,0.24234843219010727,0.5233455300586051,0.0428925146920305,0.020131443080115483
2020-11-02,rb_advisor,balanced,rb_advisor:balanced,0.06760156492702303,0.0573353842290467,0.034559927984423144,0.034042234455206946,0.24455904372107445,0.4919793044924017,0.04467148073634887,0.025251059454475245
2020-12-01,rb_advisor,balanced,rb_advisor:balanced,0.08837806776938129,0.06695539113582259,0.03584027134277489,0.03473153515306261,0.24708752640483672,0.4579152953171677,0.040198153402175606,0.028893759474778576
2021-01-04,rb_advisor,balanced,rb_advisor:balanced,0.08741211621286751,0.0717302767772288,0.0398087212737736,0.031707172285129544,0.22541429544922745,0.4803500910670374,0.039879244403214685,0.023698082531521128
2021-02-01,rb_advisor,balanced,rb_advisor:balanced,0.07795689872418925,0.06090104250077031,0.037333712437921565,0.02740455545025198,0.24723712456403377,0.48138930910444977,0.04072427138973468,0.027053085828648665
2021-03-01,rb_advisor,balanced,rb_advisor:balanced,0.0930320713320272,0.07031718415179561,0.048550074079001714,0.0337594776604154,0.24512563727514627,0.42059520857777083,0.04951148219327679,0.03910886473056622
2021-04-01,rb_advisor,balanced,rb_advisor:balanced,0.10131813653183815,0.06026154501146352,0.061445973805345964,0.03403289049005875,0.3106295073053097,0.3311924725200885,0.05859609128474776,0.042523383051147785
2021-05-03,rb_advisor,balanced,rb_advisor:balanced,0.10818727368999369,0.07776566520961221,0.0555154177877782,0.04199118826638817,0.3139939810354338,0.2883141530613485,0.060400617688496895,0.053831703260948625
2021-06-01,rb_advisor,balanced,rb_advisor:balanced,0.09425689316625359,0.06724686621380793,0.05223402107065792,0.03738513389597203,0.3325022540223084,0.3097271506247538,0.06709861239726972,0.03954906860897658
2021-07-01,rb_advisor,balanced,rb_advisor:balanced,0.11522156478389305,0.09161177339477417,0.06120433045599254,0.04802752981799648,0.3338833142023245,0.24859589427268008,0.054396706524539484,0.04705888654779957
2021-08-02,rb_advisor,balanced,rb_advisor:balanced,0.10783579855274121,0.09365293331174357,0.05748034746391752,0.0388236569716945,0.34094024857416794,0.24454250183786672,0.07167446608638392,0.04505004720148472
2021-09-01,rb_advisor,balanced,rb_advisor:balanced,0.11660697722398938,0.08739930625673534,0.06404541094396698,0.0399972090884899,0.3347330972744871,0.25832158031840025,0.050376762916047896,0.04851965597788319
2021-10-01,rb_advisor,balanced,rb_advisor:balanced,0.10254393271273417,0.08435839540082819,0.059073953235141856,0.04708157181907317,0.3530302845767528,0.24833006656348627,0.05865083793884363,0.04693095775314001
2021-11-01,rb_advisor,balanced,rb_advisor:balanced,0.11507129566611887,0.08745530473068772,0.0648395922594366,0.04652515492301722,0.33408175295498477,0.24103966366843207,0.06216304858231877,0.04882418721500415
2021-12-01,rb_advisor,balanced,rb_advisor:balanced,0.11332194153988193,0.08446445177730164,0.0664685401443282,0.05502008444497993,0.34399624174646304,0.22373668629509597,0.0649223196627974,0.04806973438915186
2022-01-03,rb_advisor,balanced,rb_advisor:balanced,0.09428799488505687,0.06802802146306519,0.05581208408813732,0.05222992485315563,0.3608555153158262,0.2605322421844289,0.06506916035499576,0.04318505685533433
2022-02-01,rb_advisor,balanced,rb_advisor:balanced,0.09346594533916937,0.06545385298375148,0.060243868788666305,0.0465060937895595,0.366523922264007,0.2646211051207239,0.0634916566040408,0.039693555110081616
2022-03-01,rb_advisor,balanced,rb_advisor:balanced,0.09582446946155927,0.0695212059596759,0.05351688243823044,0.056859551897201,0.35425935925024793,0.2495598014905507,0.07931740521208791,0.04114132429044694
2022-04-01,rb_advisor,balanced,rb_advisor:balanced,0.09865315457595668,0.07237523972654296,0.04794882141662039,0.03775088372941224,0.34904581412139,0.2684330015340588,0.08280486578490397,0.04298821911111486
2022-05-02,rb_advisor,balanced,rb_advisor:balanced,0.09034207460861977,0.06730221248214616,0.06313835768963261,0.05706730882026514,0.31940327801889473,0.25897518699510097,0.10767556521370784,0.03609601617163265
2022-06-01,rb_advisor,balanced,rb_advisor:balanced,0.08133750128361827,0.06267911631155736,0.05054494582849013,0.04908479730999394,0.33756977790724507,0.26569848533448875,0.11885100245302942,0.034234373571577076
2022-07-01,rb_advisor,balanced,rb_advisor:balanced,0.09726549728149676,0.07942337205064032,0.05842998826649867,0.060190668848873044,0.30693771244217494,0.23498957603274065,0.1277559040100842,0.03500728106749138
2022-08-01,rb_advisor,balanced,rb_advisor:balanced,0.10725315366218256,0.08195746369542323,0.05272340746635133,0.058221679128294006,0.3172277920736474,0.23735936291896198,0.1031621143989146,0.04209502665622489
2022-09-01,rb_advisor,balanced,rb_advisor:balanced,0.10298448938792805,0.08410562956118817,0.05754905070873494,0.06195311650587748,0.2963663862353193,0.2456163504260862,0.11162519953727155,0.039799777637594305
2022-10-03,rb_advisor,balanced,rb_advisor:balanced,0.11105462881547244,0.09649221713754064,0.05775489159026467,0.06730068760094905,0.2996108537971901,0.22029501295286497,0.10758846449026502,0.03990324361545305
2022-11-01,rb_advisor,balanced,rb_advisor:balanced,0.10100098545669645,0.08408300944896477,0.055747528487648086,0.05474953313328669,0.3213609176349073,0.24848153780430485,0.1021084800448323,0.032468007989359594
2022-12-01,rb_advisor,balanced,rb_advisor:balanced,0.11485381804682614,0.08916219672574655,0.055945248641390014,0.06034212542721615,0.30105860275984786,0.24952712155820567,0.09238729306114793,0.036723593779619694
2023-01-03,rb_advisor,balanced,rb_advisor:balanced,0.12193921743245625,0.10085545190474987,0.06480952224156825,0.06526847050289972,0.2880415735937448,0.22789873007166564,0.08786930781315477,0.04331772643976063
2023-02-01,rb_advisor,balanced,rb_advisor:balanced,0.12823662684639162,0.10171810264217755,0.07101414297155403,0.06330317474278305,0.2874818410843348,0.21946762634377198,0.09099147355159677,0.03778701181739016
2023-03-01,rb_advisor,balanced,rb_advisor:balanced,0.13038785989087442,0.09119051532374267,0.06842171270656087,0.0616741592228321,0.2851915034932712,0.23388893458407567,0.08423115745734425,0.0450141573212989
2023-04-03,rb_advisor,balanced,rb_advisor:balanced,0.13897019856348106,0.12315513327484966,0.06445547114830304,0.07367450320691768,0.2905524861514224,0.19658889984765066,0.07373575160960374,0.038867556197771776
2023-05-01,rb_advisor,balanced,rb_advisor:balanced,0.1431702463724463,0.11359488990844728,0.0725188625340081,0.06600830294524354,0.27723875654813096,0.20983477653258092,0.07240755151402996,0.04522661364511286
2023-06-01,rb_advisor,balanced,rb_advisor:balanced,0.1316631759995872,0.10400258317551268,0.061349801515842135,0.057311287336969635,0.29445064723451764,0.23774260750230378,0.07150926612108156,0.04197063111418531
2023-07-03,rb_advisor,balanced,rb_advisor:balanced,0.14837938989189015,0.10482501576984905,0.06226732303518827,0.061211010088834804,0.2845968497867999,0.2210878467866011,0.07339975866781759,0.04423280597301919
2023-08-01,rb_advisor,balanced,rb_advisor:balanced,0.16637381195096357,0.11742919787410057,0.061880234771799575,0.05568247897747527,0.2617666035254712,0.20911434518734592,0.07431825278760723,0.05343507492523675
2023-09-01,rb_advisor,balanced,rb_advisor:balanced,0.1348121043491498,0.10220995851936679,0.064097391895308,0.06071220553307141,0.2795106752232249,0.22345371624369859,0.0840063556226916,0.05119759261348892
2023-10-02,rb_advisor,balanced,rb_advisor:balanced,0.13315569827172108,0.10552057478048683,0.06040375555021744,0.06026336448990739,0.27914027044885326,0.24560085797076528,0.07510697274595904,0.0408085057420897
2023-11-01,rb_advisor,balanced,rb_advisor:balanced,0.14725518542290864,0.11596718792524,0.0719923205749373,0.06891718659927025,0.2551534049855677,0.20903134278204494,0.08519517463457973,0.04648819707545143
2023-12-01,rb_advisor,balanced,rb_advisor:balanced,0.16136160877807018,0.13066315768046724,0.07165263718754393,0.060764432767522324,0.2427602147974643,0.19765970394700205,0.0968315632018843,0.03830668164004565
2024-01-02,rb_advisor,balanced,rb_advisor:balanced,0.15538673762532706,0.12411316897504672,0.06938502756261011,0.05822300082355714,0.25116817309103645,0.2140387506693102,0.08473191797908308,0.04295322327402925
2024-02-01,rb_advisor,balanced,rb_advisor:balanced,0.13491588524304138,0.10912816045704196,0.06702718568945037,0.0539607442166499,0.27122516165163646,0.22427980489100788,0.09326902865996611,0.04619402919120591
2024-03-01,rb_advisor,balanced,rb_advisor:balanced,0.14236931159289784,0.11284803832480496,0.07169836115909053,0.0570770329223902,0.2583568958572376,0.21621429143023754,0.0953314254936242,0.04610464321971719
2024-04-01,rb_advisor,balanced,rb_advisor:balanced,0.13863734910922026,0.11168925284368562,0.06565257330426831,0.05940922065164469,0.2763363230396151,0.22122835153669776,0.08366006757154536,0.043386861943322974
2024-05-01,rb_advisor,balanced,rb_advisor:balanced,0.13623811610598888,0.11322256371087407,0.06846164441855657,0.060641989280557924,0.2754538755277283,0.21993494420594034,0.08262596221298293,0.043420904537370957
2024-06-03,rb_advisor,balanced,rb_advisor:balanced,0.1449349488042732,0.13420656645493592,0.06233483653143919,0.06045485522942185,0.26956713177034786,0.21380797183974606,0.07181032778946805,0.04288336158036773
2024-07-01,rb_advisor,balanced,rb_advisor:balanced,0.1731334852745181,0.13153942448410985,0.0658987323038833,0.06186729889936799,0.24866758498452618,0.18984906227924894,0.07280021087149473,0.05624420090285097
2024-08-01,rb_advisor,balanced,rb_advisor:balanced,0.11583445970596853,0.08778203757368136,0.05515747294658369,0.05378699005848417,0.3111241458968897,0.2527444352225159,0.0755375901165403,0.04803286847933651
2024-09-03,rb_advisor,balanced,rb_advisor:balanced,0.11614201984819095,0.09243889290819805,0.06086478762846487,0.05217623564469196,0.3080688505551519,0.23738798980755388,0.08028240265727374,0.052638820950474695
2024-10-01,rb_advisor,balanced,rb_advisor:balanced,0.11785974046013536,0.09241299053723764,0.049536392636268314,0.04018140536188589,0.3222595561338506,0.2562218578070596,0.07138087846105473,0.05014717860250786
2024-11-01,rb_advisor,balanced,rb_advisor:balanced,0.12209067743366889,0.1014123207586683,0.0603527926555432,0.051740464273341696,0.30194160403429215,0.2524823508415103,0.0663300012109468,0.04364978879202875
2024-12-02,rb_advisor,balanced,rb_advisor:balanced,0.14109534938031104,0.11734152046106551,0.060453491106364984,0.05533039347054884,0.28323468605737295,0.23508534268634776,0.05838695772086517,0.04907225911712361
2012-01-03,rb_advisor,growth,rb_advisor:growth,0.09333430147352488,0.08538300913150096,0.034758155479775614,0.0295424823487194,0.24853409371475998,0.43618793749883394,0.050338223745570176,0.021921796607314994
2012-02-01,rb_advisor,growth,rb_advisor:growth,0.12127744504588395,0.09917550068559546,0.03756326900892207,0.033393989095437525,0.22022519788491673,0.4085578721180936,0.05683677767233093,0.022969948488819787
2012-03-01,rb_advisor,growth,rb_advisor:growth,0.12095281775394684,0.0952031047050527,0.03918399133507525,0.035727696596208364,0.23862063638609504,0.40743471195016995,0.03995424630394922,0.022922794969502704
2012-04-02,rb_advisor,growth,rb_advisor:growth,0.11495830942354023,0.1011923463762071,0.038049410104920536,0.031888917923795224,0.24106106915861236,0.39570127784591436,0.05123023556219281,0.02591843360481732
2012-05-01,rb_advisor,growth,rb_advisor:growth,0.10573033990195632,0.08378163589352426,0.03671192023605658,0.0352795542529992,0.24799160842472984,0.4121927065798402,0.05438505659094824,0.023927178119945255
2012-06-01,rb_advisor,growth,rb_advisor:growth,0.10005204360972741,0.07883528685606868,0.0375636992784238,0.03224255035306362,0.24973691902918457,0.4364474002124525,0.04348438642449871,0.021637714236580695
2012-07-02,rb_advisor,growth,rb_advisor:growth,0.0940022865247837,0.07785273485656911,0.03600495595014828,0.030212741792320877,0.2659949215510454,0.42348716444500717,0.04937379181574476,0.02307140306438074
2012-08-01,rb_advisor,growth,rb_advisor:growth,0.09550838921956385,0.07872479773721251,0.03357588408882648,0.029702542634926086,0.25400110708797824,0.4359160000842164,0.046443006793295154,0.026128272353981217
2012-09-04,rb_advisor,growth,rb_advisor:growth,0.1231277414789163,0.0942651979212684,0.04076177986437339,0.038005456617002796,0.24642686173591796,0.3931024472023648,0.033831606358947885,0.030478908821208475
2012-10-01,rb_advisor,growth,rb_advisor:growth,0.10661210890115988,0.08544225327684227,0.03676773984534842,0.031464483210872314,0.27865071062969193,0.3973515336738573,0.034345714025849246,0.029365456436378525
2012-11-01,rb_advisor,growth,rb_advisor:growth,0.10805751138704958,0.08711450268404765,0.03928433034515834,0.03658862019951328,0.2779124449529482,0.374365988847156,0.04232067259450905,0.03435592898961803
2012-12-03,rb_advisor,growth,rb_advisor:growth,0.09179243175892028,0.08154849677850967,0.03897173031012409,0.036970986983770514,0.285821228128403,0.3900838471254334,0.04197082239221154,0.03284045652262745
2013-01-02,rb_advisor,growth,rb_advisor:growth,0.09136480299031464,0.07543361698325828,0.04425264338725543,0.04215475623092116,0.3178697993342672,0.3480953291873999,0.045304643068875564,0.035524408817707805
2013-02-01,rb_advisor,growth,rb_advisor:growth,0.11510784366541481,0.0909888997932822,0.04163535727187978,0.03953276559664086,0.29632120976208937,0.33255924922351654,0.043918348205451076,0.0399363264817253
2013-03-01,rb_advisor,growth,rb_advisor:growth,0.09575606997138866,0.08449496469144732,0.03738260227382238,0.04094911910018426,0.3168184904076094,0.3489418957755961,0.04011543371861574,0.03554142406133615
2013-04-01,rb_advisor,growth,rb_advisor:growth,0.1098388296536162,0.09020292569216196,0.0398612090795064,0.037143933732322415,0.28399671778341656,0.35031106614634633,0.0496967182664394,0.03894859964619079
2013-05-01,rb_advisor,growth,rb_advisor:growth,0.08886854624361658,0.07737526327597527,0.03858386770453428,0.03432177919445992,0.2917074315343804,0.41635740153827683,0.024707571050873667,0.02807813945788316
2013-06-03,rb_advisor,growth,rb_advisor:growth,0.1179937095758372,0.11606279569114565,0.046265459846306305,0.044745074022897395,0.2962295288645166,0.3153584493114032,0.03429706910929427,0.029047913578599427
2013-07-01,rb_advisor,growth,rb_advisor:growth,0.1274972658094978,0.13239907752994742,0.050921209619493694,0.04085763428448713,0.24321377557627705,0.3221351408279782,0.05367452448923925,0.029301371863079455
2013-08-01,rb_advisor,growth,rb_advisor:growth,0.1816668668566774,0.157287273303329,0.06537730364842831,0.045320950136177096,0.20771028578978024,0.24145066360141165,0.05999870523351947,0.04118795143067681
2013-09-03,rb_advisor,growth,rb_advisor:growth,0.156209630016261,0.13900946761884195,0.05900650854521615,0.0461809902262768,0.24325078685699789,0.253939808068211,0.06546606372302587,0.03693674494516928
2013-10-01,rb_advisor,growth,rb_advisor:growth,0.17676465946348308,0.169798245628436,0.0632381111480599,0.044419590229460695,0.21873694631440782,0.23441624018493276,0.057558853315717286,0.03506735371550236
2013-11-01,rb_advisor,growth,rb_advisor:growth,0.14611533687469153,0.13624518737525307,0.06280217270900602,0.053928470653322645,0.2486493728231301,0.24587446427148707,0.06887726429267596,0.03750773100043366
2013-12-02,rb_advisor,growth,rb_advisor:growth,0.1752623497652363,0.15400434535470342,0.0712239966938363,0.05235924880881391,0.22378005272287196,0.2046372558687495,0.07367769950346172,0.04505505128232679
2014-01-02,rb_advisor,growth,rb_advisor:growth,0.15915025943843583,0.15896327951254147,0.06358060874237705,0.045785786352007356,0.25146066708034687,0.21164750138624014,0.06719727357796476,0.042214623910086485
2014-02-03,rb_advisor,growth,rb_advisor:growth,0.14849545987598223,0.13619785076109336,0.06264780245128508,0.053304626860496127,0.24957035959479856,0.21988802097381996,0.08454189450274217,0.0453539849797824
2014-03-03,rb_advisor,growth,rb_advisor:growth,0.14984004302867387,0.14229682866330085,0.05840417582886841,0.04897929083219481,0.2451960136584661,0.21803499127429748,0.08602559052872967,0.05122306618546879
2014-04-01,rb_advisor,growth,rb_advisor:growth,0.1745093918256455,0.1429348405113775,0.06447169906666173,0.05391963690707457,0.24243002026070518,0.1964222295548471,0.08087998653789251,0.04443219533579594
2014-05-01,rb_advisor,growth,rb_advisor:growth,0.14335014527634027,0.11465506827014582,0.06797663484289146,0.061961771200495425,0.25869803216111614,0.20759657035496806,0.09319094808690856,0.0525708298071344
2014-06-02,rb_advisor,growth,rb_advisor:growth,0.16404173708261735,0.13796444385805884,0.07860201014226827,0.058497886615582195,0.23343109575285398,0.19301617315101952,0.08531073970061524,0.049135913696984584
2014-07-01,rb_advisor,growth,rb_advisor:growth,0.1699918173262549,0.15007142218070388,0.07173806162355637,0.06212112801171408,0.24119202283898308,0.19093413953708954,0.07326571743998198,0.04068569104171611
2014-08-01,rb_advisor,growth,rb_advisor:growth,0.15111588694644268,0.1316221864380387,0.06549983588542768,0.05988681180679174,0.2439468163232428,0.21391186133785256,0.08448829171654977,0.0495283095456539
2014-09-02,rb_advisor,growth,rb_advisor:growth,0.1525127310823086,0.1470740081245831,0.06514765638152392,0.05716738169977733,0.24361400847033357,0.21338296503722243,0.07858296140931494,0.042518287794936285
2014-10-01,rb_advisor,growth,rb_advisor:growth,0.1376636903759096,0.11829000290838668,0.06564105287182902,0.050257002512310724,0.2701905463830922,0.23044256003111346,0.09254610760187695,0.03496903731548135
2014-11-03,rb_advisor,growth,rb_advisor:growth,0.1084931183726967,0.09873248455206209,0.04684830798490926,0.05227939781302162,0.2924628055544519,0.2690090966922944,0.08913193908875972,0.04304284994180412
2014-12-01,rb_advisor,growth,rb_advisor:growth,0.16137022229679202,0.1273859667517798,0.058791190898646976,0.04302751572283622,0.25730567021392253,0.2516645821471821,0.05858800554630212,0.04186684642253818
2015-01-02,rb_advisor,growth,rb_advisor:growth,0.1218826561631455,0.11534661381929966,0.058044437462085714,0.05384018700186566,0.285442697691452,0.24738665951527308,0.07854410541528987,0.03951264293158856
2015-02-02,rb_advisor,growth,rb_advisor:growth,0.1156461913142572,0.1054918363109485,0.05307127963722821,0.04773281793568462,0.2938990953505984,0.2646698469468378,0.0753610001506123,0.04412793235383311
2015-03-02,rb_advisor,growth,rb_advisor:growth,0.15397158894521848,0.13718172397105993,0.05884080797057852,0.05138693715951339,0.24790006315946198,0.23337815994822245,0.08300231079525562,0.034338408050689544
2015-04-01,rb_advisor,growth,rb_advisor:growth,0.14357598488242146,0.1382484543778984,0.05604446640211164,0.05265430518393302,0.24780864820078746,0.23218086506216573,0.0928567241473073,0.036630551743375143
2015-05-01,rb_advisor,growth,rb_advisor:growth,0.14739819345587413,0.11790708138129728,0.062392577742846754,0.05094831812100496,0.2680501827727572,0.24008404540610276,0.07478822936865126,0.038431371751465555
2015-06-01,rb_advisor,growth,rb_advisor:growth,0.16402520771462933,0.13775205572967242,0.05985118724407153,0.06401766431931986,0.2377338012541697,0.20047352340677985,0.0969818719116769,0.03916468841968035
2015-07-01,rb_advisor,growth,rb_advisor:growth,0.15416489662286667,0.13586712421290306,0.05662621241089182,0.059013502001927495,0.24759693901406601,0.19950959101907287,0.10326444458394043,0.04395729013433154
2015-08-03,rb_advisor,growth,rb_advisor:growth,0.14065979369915388,0.11998559855311457,0.05074206916464776,0.0435436601404384,0.2754520446908072,0.23293100687185805,0.08701406277000635,0.049671764109973836
2015-09-01,rb_advisor,growth,rb_advisor:growth,0.0932895715115002,0.08781004649874143,0.049428943571895256,0.038734605447229974,0.3273395471762896,0.2717694914142681,0.10256521474824883,0.029062579631826617
2015-10-01,rb_advisor,growth,rb_advisor:growth,0.11340740621190354,0.10703900847597636,0.0476796369200058,0.04288628594400037,0.30470781755735354,0.25652259854813664,0.09182524255509134,0.03593200378753246
2015-11-02,rb_advisor,growth,rb_advisor:growth,0.1310094735292428,0.11223469477678819,0.05974557358050035,0.042577196552369606,0.28883730343389413,0.24688734629735587,0.08230246297761946,0.036405948852229565
2015-12-01,rb_advisor,growth,rb_advisor:growth,0.12271796940823577,0.10908007559162401,0.06044572375387812,0.04249639481650117,0.29709848912038567,0.2634371228288473,0.07607980862141799,0.028644415859110095
2016-01-04,rb_advisor,growth,rb_advisor:growth,0.11121672580888715,0.10339716978013759,0.05414545839779305,0.045600570490878796,0.32367065212750545,0.24869485997745686,0.07619001731072594,0.037084546106615185
2016-02-01,rb_advisor,growth,rb_advisor:growth,0.09988485763079055,0.09055846363581006,0.04372173048752045,0.03744221813757904,0.33516270527277753,0.272495173000831,0.09211760230538929,0.02861724952930218
2016-03-01,rb_advisor,growth,rb_advisor:growth,0.11064538815031681,0.09835936982647674,0.04967049659201384,0.041021847355041226,0.319311332284623,0.2650741097834486,0.086279185510544,0.02963827049753571
2016-04-01,rb_advisor,growth,rb_advisor:growth,0.1330395515059658,0.11405658595840809,0.052269099969394384,0.042503338464753,0.2756763121994232,0.2719371787108074,0.07923375511816191,0.03128417807308617
2016-05-02,rb_advisor,growth,rb_advisor:growth,0.12304396625719383,0.10424089198311712,0.04707356773866526,0.04158649237712236,0.28298945035660533,0.2865357178600157,0.08295177117078908,0.03157814225649124
2016-06-01,rb_advisor,growth,rb_advisor:growth,0.11618612835229987,0.10034582418653515,0.053620338273228464,0.043002266373322474,0.2752756660937127,0.3019798648621054,0.08273767320582086,0.02685223865297512
2016-07-01,rb_advisor,growth,rb_advisor:growth,0.10594428819455719,0.09950367391496667,0.03376346688087073,0.034226730436681896,0.2916410872369088,0.3068679002182008,0.08734183420592821,0.040711018911885714
2016-08-01,rb_advisor,growth,rb_advisor:growth,0.1373578908550862,0.11999003612134651,0.05453305726114466,0.0435615731935415,0.23481829188373035,0.29073424336279685,0.08507473440892534,0.03393017291342854
2016-09-01,rb_advisor,growth,rb_advisor:growth,0.14669799868084177,0.12503153243514845,0.06448678935682184,0.04497013515322826,0.2153271461084448,0.27175636039189666,0.09430197640025957,0.037428061473358636
2016-10-03,rb_advisor,growth,rb_advisor:growth,0.11907650152926194,0.11179297532669692,0.0552720664275676,0.03841409364829573,0.22817000087017686,0.2997308625134551,0.12089515449585081,0.026648345188695063
2016-11-01,rb_advisor,growth,rb_advisor:growth,0.13550558829333142,0.11400433706197448,0.06523572714811306,0.04234657916283603,0.21234474225408592,0.29430797440497125,0.10951673869913948,0.026738312975548365
2016-12-01,rb_advisor,growth,rb_advisor:growth,0.16149467546498955,0.1206612846712705,0.07505662461350805,0.03987157052895079,0.191277666066837,0.25674924429127427,0.11985427152876647,0.03503466283440342
2017-01-03,rb_advisor,growth,rb_advisor:growth,0.16180861229972163,0.1352883822112379,0.07067466664792105,0.0447458406775781,0.1941655951497114,0.230573783244227,0.1265010948577227,0.03624202491188019
2017-02-01,rb_advisor,growth,rb_advisor:growth,0.1796647913625166,0.1478913162153241,0.07533616748117371,0.05497397829202825,0.1852582137898417,0.19424392653116515,0.12005951497032089,0.04257209135762968
2017-03-01,rb_advisor,growth,rb_advisor:growth,0.17586234678901275,0.15273484247394875,0.08071602572226462,0.052578536499213624,0.1896904450381606,0.18498422738559098,0.11555777120856209,0.04787580488324652
2017-04-03,rb_advisor,growth,rb_advisor:growth,0.17965347360671632,0.153673833306304,0.07978363999503145,0.049280444541997474,0.1887229580003392,0.1854745431770615,0.11724795352626274,0.04616315384628723
2017-05-01,rb_advisor,growth,rb_advisor:growth,0.17520673788297533,0.14913620744857614,0.06991054186491812,0.055210716408723555,0.19694617894287658,0.18468321651614578,0.11423667138769554,0.054669729548088866
2017-06-01,rb_advisor,growth,rb_advisor:growth,0.1659590831724034,0.13270185454472772,0.07519883619962295,0.047996014388986666,0.21323908481345277,0.19994101091067873,0.11074860125870846,0.054215514711419284
2017-07-03,rb_advisor,growth,rb_advisor:growth,0.18985697698202253,0.11966952159096701,0.07814888315922779,0.05948916258465168,0.23094599818650285,0.16905456353949827,0.09064301354373404,0.062191880413395836
2017-08-01,rb_advisor,growth,rb_advisor:growth,0.1977350639619474,0.14491609141212666,0.08518924434172742,0.05765245903910049,0.20761093379786166,0.1656218493230359,0.08962827925277354,0.051646078871427005
2017-09-01,rb_advisor,growth,rb_advisor:growth,0.16671416918081983,0.12541914796409379,0.07701896429060559,0.0557639567111448,0.24056568968995393,0.18616377461931385,0.0914134491000475,0.05694084844402078
2017-10-02,rb_advisor,growth,rb_advisor:growth,0.20185911951641436,0.13744096452141463,0.07870071868717167,0.05438691066830381,0.22137216738662013,0.15883526346341229,0.08476721866162018,0.06263763709504282
2017-11-01,rb_advisor,growth,rb_advisor:growth,0.19776138833405754,0.11944212218665996,0.08396398248687435,0.05369035463220795,0.21732513681397947,0.1705228067826317,0.0884904338643133,0.06880377489927576
2017-12-01,rb_advisor,growth,rb_advisor:growth,0.1818079406926517,0.12955188787438046,0.0751796008240835,0.04849082116285048,0.23543659085001434,0.17930498908839632,0.08554926638126004,0.06467890312636321
2018-01-02,rb_advisor,growth,rb_advisor:growth,0.18435579420803655,0.12209230691715629,0.07696580781249786,0.051343530979506946,0.24162850680757172,0.1864924160404949,0.08430938019096204,0.052812257043773826
2018-02-01,rb_advisor,growth,rb_advisor:growth,0.16243766022831457,0.12508082608278875,0.07322041690034214,0.050982965916022444,0.2546846034585813,0.2002054532188794,0.08951981304596376,0.04386826114910775
2018-03-01,rb_advisor,growth,rb_advisor:growth,0.11156275124266052,0.10390307863047175,0.054177976831156244,0.041798751704467764,0.29848978142625077,0.2417338140577469,0.10560303233464453,0.04273081377260154
2018-04-02,rb_advisor,growth,rb_advisor:growth,0.10326376274964344,0.08375972131591643,0.061378488549040745,0.03946786793157326,0.28802598354935816,0.29121196917344555,0.08642192255823335,0.046470284172789145
2018-05-01,rb_advisor,growth,rb_advisor:growth,0.12083465652496037,0.0914175561620917,0.0751610419602848,0.04963999214816105,0.2552746502760315,0.26861855511820804,0.09298929214978315,0.04606425566047941
2018-06-01,rb_advisor,growth,rb_advisor:growth,0.15178824836551355,0.12660958060129757,0.06836634750119103,0.04820812186012946,0.22641623628414517,0.226523828599821,0.1012490703864916,0.05083856640141063
2018-07-02,rb_advisor,growth,rb_advisor:growth,0.1475146317426522,0.10488995843821088,0.06143193163100572,0.04328759389640049,0.23923031434181613,0.27680730419294464,0.08272750977521572,0.04411075598175422
2018-08-01,rb_advisor,growth,rb_advisor:growth,0.13849693635422658,0.09565184928322709,0.06341838559484814,0.04112884997239435,0.23686624186058397,0.30540752000410903,0.07839218900860775,0.04063802792200313
2018-09-04,rb_advisor,growth,rb_advisor:growth,0.1462513337223913,0.11370186052272778,0.05366097054466175,0.03439553647038894,0.2431001442927631,0.30474660046995683,0.06022537632280995,0.043918177654300325
2018-10-01,rb_advisor,growth,rb_advisor:growth,0.15820114503758956,0.10356694659467805,0.06205998315359841,0.042635311715390485,0.2187098717128981,0.3024147326785142,0.07398830680426971,0.03842370230306154
2018-11-01,rb_advisor,growth,rb_advisor:growth,0.09381958988944752,0.0720430343451009,0.05284915589744307,0.033837514179871825,0.25570079061130996,0.3698507577356035,0.0849558352302441,0.03694332211097909
2018-12-03,rb_advisor,growth,rb_advisor:growth,0.08898806317960918,0.06849565383680287,0.048670488389886975,0.032818663358142285,0.24238295124237552,0.38481961944773224,0.08547224381955311,0.04835231672589775
2019-01-02,rb_advisor,growth,rb_advisor:growth,0.07837752516796828,0.065608809646047,0.05204986010231723,0.04361602740263213,0.24942754026693398,0.38301808890602473,0.098737390741733,0.02916475776634357
2019-02-01,rb_advisor,growth,rb_advisor:growth,0.10947418698394813,0.0817136749872428,0.05548373414368852,0.04189187529149046,0.21716766959774164,0.35009091466364717,0.0962373573284406,0.04794058700380068
2019-03-01,rb_advisor,growth,rb_advisor:growth,0.13658689699693843,0.10725424771291649,0.061898301786014444,0.04500355349869811,0.19464220629991333,0.32474211411599774,0.07786744978181954,0.05200522980770201
2019-04-01,rb_advisor,growth,rb_advisor:growth,0.12635652489323243,0.10066043910545448,0.06418837527376632,0.043231908821637174,0.20342384380670292,0.3232366865036131,0.08620587653582198,0.052696345059771665
2019-05-01,rb_advisor,growth,rb_advisor:growth,0.14059368555080795,0.11150712149191408,0.06899345625165584,0.048013736269897994,0.19802467529101114,0.3169655651903227,0.07872314849361839,0.03717861146077187
2019-06-03,rb_advisor,growth,rb_advisor:growth,0.11295645776294032,0.08720155219133723,0.05256242431438255,0.04039037091023208,0.2237681767404173,0.3480521021970365,0.08854862378019795,0.0465202921034561
2019-07-01,rb_advisor,growth,rb_advisor:growth,0.13281380204437973,0.09997557709186267,0.06549014786384118,0.04761133699640295,0.20302886865360859,0.33415413556731677,0.07430842698586895,0.04261770479671903
2019-08-01,rb_advisor,growth,rb_advisor:growth,0.15492681580328832,0.11911547255818393,0.07597889443425838,0.05992663060492453,0.19105591337927355,0.2779671418278611,0.06712845448097507,0.05390067691123516
2019-09-03,rb_advisor,growth,rb_advisor:growth,0.10790467031902641,0.09190172636327766,0.060616515210413696,0.0506973643526668,0.22210295318625345,0.32396836700712384,0.09290294834860571,0.0499054552126324
2019-10-01,rb_advisor,growth,rb_advisor:growth,0.15723544426351152,0.11615424827653581,0.07577864628181441,0.060428394926251947,0.19112610317613066,0.2627058587270049,0.08317248664842329,0.05339881770032733
2019-11-01,rb_advisor,growth,rb_advisor:growth,0.13653545993171698,0.1077624726029783,0.06677974349027924,0.05546003117557028,0.2079057302489638,0.2817281083128331,0.08921945795882046,0.05460899627883783
2019-12-02,rb_advisor,growth,rb_advisor:growth,0.15548899769529254,0.11983739081698981,0.07479285984149905,0.05621206702437524,0.2079560773327344,0.2633588725918623,0.08654421907214352,0.03580951562510312
2020-01-02,rb_advisor,growth,rb_advisor:growth,0.15711152797704395,0.1203404322693188,0.06742975785988507,0.05657483386466839,0.21606292022279347,0.2374938840902125,0.10084841377389184,0.044138229942186004
2020-02-03,rb_advisor,growth,rb_advisor:growth,0.12273819223517472,0.0999183841193349,0.05919597229218106,0.04302254133127774,0.2555828870973469,0.28099300990638354,0.09416312523561048,0.04438588778269068
2020-03-02,rb_advisor,growth,rb_advisor:growth,0.08938516456275881,0.07848404971421556,0.05325708327571195,0.05174979135015973,0.290602517370591,0.32967293740687786,0.08125049988608807,0.025597956433596997
2020-04-01,rb_advisor,growth,rb_advisor:growth,0.08534541506070105,0.09555876726678646,0.04037463500352084,0.04105244256744973,0.09707514952398906,0.5255186567522818,0.09602494801599912,0.01904998580927192
2020-05-01,rb_advisor,growth,rb_advisor:growth,0.07172822832896752,0.07256518139273814,0.03665154200219494,0.03640403281152361,0.12984754286680544,0.5811575367985535,0.056854396699890265,0.014791539099326607
2020-06-01,rb_advisor,growth,rb_advisor:growth,0.09804581939045096,0.10377473858064903,0.0393611182447855,0.039432402816227244,0.13427492314383138,0.5078536646835147,0.05913109384050042,0.018126239300040824
2020-07-01,rb_advisor,growth,rb_advisor:growth,0.07704560431463557,0.08313459336062193,0.03805285998957853,0.038460860139340226,0.14557397541405478,0.5368511282419509,0.06332474498551821,0.01755623355429995
2020-08-03,rb_advisor,growth,rb_advisor:growth,0.10169004979311048,0.07456882836545267,0.03853928855727723,0.03689981255632593,0.12816117668604363,0.5426489000134989,0.05364577076242702,0.02384617326586421
2020-09-01,rb_advisor,growth,rb_advisor:growth,0.12976492143510387,0.08885174155585857,0.05108195326913547,0.0400295288239156,0.12040551719177223,0.5068587841056492,0.033779321458257745,0.02922823216030723
2020-10-01,rb_advisor,growth,rb_advisor:growth,0.07786114656874456,0.05885845062464385,0.04390165415222483,0.040754544435384135,0.13171308075094623,0.574157334616281,0.05151173558103269,0.02124205327074257
2020-11-02,rb_advisor,growth,rb_advisor:growth,0.08710785887477299,0.07323251005034936,0.0453416077209288,0.04415024848306484,0.13260715812996993,0.5378555787830898,0.05317644327644712,0.026528594681377114
2020-12-01,rb_advisor,growth,rb_advisor:growth,0.11353993800724194,0.08570802385413263,0.046764698488138266,0.04500124065266551,0.13399304707386736,0.4972506409881146,0.047639090599519936,0.030103320336319826
2021-01-04,rb_advisor,growth,rb_advisor:growth,0.11072440556410479,0.09057218437654714,0.05116914814722963,0.04053305649314035,0.12010948158048336,0.5161261520813497,0.046437212754812586,0.024328359002332264
2021-02-01,rb_advisor,growth,rb_advisor:growth,0.10095674342100315,0.07881057092434789,0.04904649630508197,0.035933138889812664,0.13513598168221608,0.5234105291912469,0.04834908021273478,0.028357459373556798
2021-03-01,rb_advisor,growth,rb_advisor:growth,0.1208784638221363,0.09157877525058401,0.0637855161917072,0.04435479323017864,0.13488945757669257,0.44474849790736204,0.058868940576732524,0.04089555544460668
2021-04-01,rb_advisor,growth,rb_advisor:growth,0.14380446527866017,0.08901300075077741,0.08425718408011164,0.048317188881596106,0.20237377925156103,0.30682029799881694,0.07702175052049433,0.04839233323798239
2021-05-03,rb_advisor,growth,rb_advisor:growth,0.15296573546336314,0.11566882942056052,0.07496023322226399,0.06011808532180902,0.21007983618871617,0.24565306204308848,0.07992408496463099,0.06063013337556769
2021-06-01,rb_advisor,growth,rb_advisor:growth,0.13977947354378406,0.10460281986678319,0.07453506342212265,0.05627883658974899,0.2278755203444959,0.25895319245704584,0.0907188726915532,0.0472562210844662
2021-07-01,rb_advisor,growth,rb_advisor:growth,0.1661805461580289,0.138341194206512,0.08419116860613433,0.0702735568350854,0.2258821412254463,0.1898390746817185,0.07018274380592714,0.05510957448114748
2021-08-02,rb_advisor,growth,rb_advisor:growth,0.15441777817727678,0.140935741317176,0.07827926412008542,0.05612113358033649,0.2346952489311871,0.19116780056663515,0.09201736393094434,0.052365669376358726
2021-09-01,rb_advisor,growth,rb_advisor:growth,0.1677564988328384,0.13220718480458737,0.08790612434979637,0.057911624012656746,0.2306465359519827,0.20132075468307548,0.06557993746194657,0.0566713399031163
2021-10-01,rb_advisor,growth,rb_advisor:growth,0.14942792771093902,0.1294853672077161,0.08209041878600219,0.06864521639974232,0.24512407973869177,0.1905012520192993,0.07877145104977286,0.05595428708783637
2021-11-01,rb_advisor,growth,rb_advisor:growth,0.16413169308052575,0.1315635233432361,0.08821323675171357,0.06597430391670821,0.23033268462245796,0.17914727357292368,0.08297092368832437,0.0576663610241104
2021-12-01,rb_advisor,growth,rb_advisor:growth,0.15880330276102117,0.12419539806907014,0.08973462290867015,0.07583129780679149,0.2381650400599945,0.17170876038351993,0.08560357421274913,0.05595800379818351
2022-01-03,rb_advisor,growth,rb_advisor:growth,0.13422955604680428,0.10072185540702494,0.07719634810435438,0.07336477942672112,0.261647256030707,0.21283180426736217,0.08861732422270775,0.05139107649431838
2022-02-01,rb_advisor,growth,rb_advisor:growth,0.1346907657915844,0.09763600484510639,0.08457014047079496,0.06629969824184327,0.26818816828322756,0.21380862365708483,0.08695249343240302,0.04785410527795558
2022-03-01,rb_advisor,growth,rb_advisor:growth,0.13312339389227976,0.09928812622140214,0.07242609340916517,0.07762362159870642,0.2547876894847787,0.20521979289671682,0.1091541533150658,0.04837712918188514
2022-04-01,rb_advisor,growth,rb_advisor:growth,0.1368917000637476,0.10273291155388231,0.06463828744838421,0.052289539329697765,0.24917828114779447,0.2272018177001021,0.11657582844470187,0.05049163431168964
2022-05-02,rb_advisor,growth,rb_advisor:growth,0.12423479775097504,0.09434551912241959,0.08415847294510537,0.07789984619263338,0.21902055865904022,0.20967558607262776,0.14878818093514135,0.0418770383220574
2022-06-01,rb_advisor,growth,rb_advisor:growth,0.11191177117272431,0.08742789552392309,0.06791083973136747,0.06675312733807537,0.23781912243353137,0.22452466906795787,0.16412751664716208,0.03952505808525855
2022-07-01,rb_advisor,growth,rb_advisor:growth,0.13263204064196574,0.10913391882768766,0.07844952480492587,0.08018202881594104,0.2034468063891478,0.18094486297871784,0.17482076876648178,0.04039004877513227
2022-08-01,rb_advisor,growth,rb_advisor:growth,0.1485466480338221,0.11397100168731693,0.07206392780408276,0.07859349759249011,0.21124556989794394,0.18294749421813647,0.1431091063595076,0.04952275440670006
2022-09-01,rb_advisor,growth,rb_advisor:growth,0.1428395855888186,0.1171558161557025,0.07916577195865344,0.08383730785829521,0.19342188244864306,0.18269830622565802,0.15423620800440171,0.04664512175982745
2022-10-03,rb_advisor,growth,rb_advisor:growth,0.15474426210006975,0.13444668483032637,0.08012215374575675,0.091766900945591,0.1897711433093208,0.15542080074275053,0.14698398550416608,0.04674406882201862
2022-11-01,rb_advisor,growth,rb_advisor:growth,0.14667089675517578,0.12174235127389797,0.08094478987271547,0.07840581576465745,0.20927677318526294,0.17896770357431901,0.14423048496867336,0.039761184605297914
2022-12-01,rb_advisor,growth,rb_advisor:growth,0.16789329879480194,0.12984380672385656,0.08203888860127943,0.08703137987261957,0.1891504348387665,0.17044920920958048,0.12834754311757052,0.045245438841525064
2023-01-03,rb_advisor,growth,rb_advisor:growth,0.17432636944968027,0.14367576730136591,0.09306952886672813,0.09204804788670372,0.1763953566217571,0.15049542322777815,0.11785495965334514,0.05213454699264155
2023-02-01,rb_advisor,growth,rb_advisor:growth,0.18198300191138259,0.14398226161035907,0.1015491733555037,0.08881969296872264,0.17411188575043554,0.14327253530509496,0.12110799814363478,0.045173450954866745
2023-03-01,rb_advisor,growth,rb_advisor:growth,0.1889860825192688,0.13176117240616805,0.10018727095047629,0.08843578548004967,0.17243854442233508,0.15135680627342823,0.11189577800553537,0.05493855994273849
2023-04-03,rb_advisor,growth,rb_advisor:growth,0.19432314824758115,0.17258602755324365,0.09127916644083729,0.10234094444102514,0.17284649610181724,0.12509751898569466,0.09605558106838158,0.045471117161419335
2023-05-01,rb_advisor,growth,rb_advisor:growth,0.1995396117014633,0.1584846889162558,0.10248783124067218,0.09119057004232717,0.16618337246535186,0.13500532426992645,0.09442273462056863,0.05268586674343447
2023-06-01,rb_advisor,growth,rb_advisor:growth,0.19059888078621492,0.15104136458986162,0.08988438763109298,0.08238923564414895,0.18149089438061525,0.15651953149786943,0.09723084344375521,0.050844862026441645
2023-07-03,rb_advisor,growth,rb_advisor:growth,0.20933105810800332,0.14851789715958677,0.08917253588249326,0.08628951045587664,0.17298073110477144,0.14382054429737007,0.09799937682471331,0.05188834616718524
2023-08-01,rb_advisor,growth,rb_advisor:growth,0.23037872896815617,0.16376445596670616,0.0872013847933706,0.07770419313185865,0.1532462275073815,0.1296919728841072,0.09685110577048137,0.061161930977938275
2023-09-01,rb_advisor,growth,rb_advisor:growth,0.19101834739926682,0.14558768880802617,0.0924347667591582,0.08670780477820926,0.16889371044546075,0.14310635198473487,0.11201618640443588,0.06023514342070811
2023-10-02,rb_advisor,growth,rb_advisor:growth,0.18879537352294434,0.1507861364975117,0.08761072053037548,0.08662294239391766,0.17324139315583223,0.1626723375436584,0.10196035092360556,0.04831074543215448
2023-11-01,rb_advisor,growth,rb_advisor:growth,0.1990948328204673,0.15853413396019203,0.09907767922434303,0.09393161049465329,0.15202670087017947,0.13292576795605665,0.11173706230942157,0.05267221236468668
2023-12-01,rb_advisor,growth,rb_advisor:growth,0.21119311470591942,0.17286669287364478,0.09563823026086056,0.08096558166312884,0.14406985022854768,0.12483575523542634,0.12771429810422494,0.04271647692824737
2024-01-02,rb_advisor,growth,rb_advisor:growth,0.2069060030605144,0.16707331024077146,0.09439059993041087,0.07921151522146158,0.15078400082938279,0.13723261626006536,0.11540008076602006,0.049001873691373335
2024-02-01,rb_advisor,growth,rb_advisor:growth,0.18363626122701351,0.1500308965346732,0.09278517910876662,0.07500044697091628,0.16660769491889313,0.14762620063145726,0.13041838733096112,0.05389493327731888
2024-03-01,rb_advisor,growth,rb_advisor:growth,0.18881441715670472,0.15075178689054547,0.09761141797480127,0.07798068523912818,0.15788629847221422,0.1421324223744476,0.13179170595834022,0.053031265933818315
2024-04-01,rb_advisor,growth,rb_advisor:growth,0.19232194076271536,0.15366103638184062,0.09463811616369158,0.0837482970245133,0.16820956382996136,0.14109949945171127,0.1138204778229983,0.05250106856256818
2024-05-01,rb_advisor,growth,rb_advisor:growth,0.1916319770715131,0.157711825754178,0.09983302653537682,0.08674933210309063,0.16499406665044616,0.13690100687122475,0.10861727200827578,0.05356149300589475
2024-06-03,rb_advisor,growth,rb_advisor:growth,0.204586233653199,0.18702280351819772,0.09151180207657324,0.08677154201620538,0.15704486550228564,0.12859783891604545,0.09138996700797733,0.05307494730951633
2024-07-01,rb_advisor,growth,rb_advisor:growth,0.23680718267768514,0.17741813448359275,0.09349035544930703,0.08609026066812557,0.13941268911118634,0.10965227852424386,0.08926796242125955,0.06786113666459989
2024-08-01,rb_advisor,growth,rb_advisor:growth,0.17418669005746906,0.12978633006794138,0.08581169944228123,0.08236725647422662,0.19644194402566126,0.16473307007457774,0.10207786950274254,0.06459514035510008
2024-09-03,rb_advisor,growth,rb_advisor:growth,0.16845498475627013,0.1321183224640613,0.09149863062950772,0.07728119455694049,0.19690021179910483,0.1592159878152954,0.10546499658982743,0.06906567138899267
2024-10-01,rb_advisor,growth,rb_advisor:growth,0.17374450394544325,0.1343190783246419,0.0753944794197628,0.06048269725880173,0.21388758896362445,0.1794850201517942,0.09504927360404489,0.06763735833188687
2024-11-01,rb_advisor,growth,rb_advisor:growth,0.17504705010453303,0.1429539061113442,0.0901053116693986,0.07578551003611508,0.1977140767179222,0.1750945157732369,0.0852587401710231,0.05804088941642693
2024-12-02,rb_advisor,growth,rb_advisor:growth,0.19414151710479524,0.15891573151024216,0.0881902170099447,0.07932866302851825,0.18196867073822817,0.16115491721752298,0.0724882311928103,0.06381205219793815
