date,allocator_id,profile,portfolio,turnover,cost_rate,cost,cost_paid,v_pre,v_post,is_inception
2012-01-03,one_over_n,,one_over_n,1.0,0.001,0.001,0.001,1.0,0.999,True
2012-02-01,one_over_n,,one_over_n,0.02695275735264524,0.001,2.695275735264524e-05,2.8355758152140797e-05,1.0520540730263304,1.0520257172681782,False
2012-03-01,one_over_n,,one_over_n,0.028362294640859764,0.001,2.8362294640859766e-05,3.0372526269959828e-05,1.070876903810316,1.070846531284046,False
2012-04-02,one_over_n,,one_over_n,0.02715592668775292,0.001,2.715592668775292e-05,2.937786225034457e-05,1.08182138610625,1.0817920082439996,False
2012-05-01,one_over_n,,one_over_n,0.01814852628544729,0.001,1.814852628544729e-05,1.956399014552988e-05,1.0779933223127656,1.07797375832262,False
2012-06-01,one_over_n,,one_over_n,0.058834907410822285,0.001,5.883490741082228e-05,5.938576256205433e-05,1.009362726576344,1.009303340813782,False
2012-07-02,one_over_n,,one_over_n,0.04082782760219732,0.001,4.082782760219732e-05,4.322963718737814e-05,1.0588277585714985,1.0587845289343112,False
2012-08-01,one_over_n,,one_over_n,0.0035852907172778947,0.001,3.585290717277895e-06,3.809563734356852e-06,1.0625536489964849,1.0625498394327504,False
2012-09-04,one_over_n,,one_over_n,0.01909105189190083,0.001,1.9091051891900828e-05,2.0729563332967253e-05,1.0858261477861022,1.0858054182227692,False
2012-10-01,one_over_n,,one_over_n,0.0253446281922831,0.001,2.53446281922831e-05,2.8085850125685718e-05,1.1081579067803118,1.1081298209301862,False
2012-11-01,one_over_n,,one_over_n,0.014329824873776167,0.001,1.4329824873776168e-05,1.5732066081617162e-05,1.0978547344571614,1.0978390023910798,False
2012-12-03,one_over_n,,one_over_n,0.0066890439896606785,0.001,6.689043989660679e-06,7.357997983000608e-06,1.1000074142693541,1.100000056271371,False
2013-01-02,one_over_n,,one_over_n,0.029303779714906553,0.001,2.9303779714906553e-05,3.3152235987389986e-05,1.1313296888635072,1.1312965366275198,False
2013-02-01,one_over_n,,one_over_n,0.018419796901940025,0.001,1.8419796901940027e-05,2.098755391330095e-05,1.1394020262563525,1.139381038702439,False
2013-03-01,one_over_n,,one_over_n,0.02011992236657191,0.001,2.011992236657191e-05,2.2727988988853995e-05,1.1296260778130653,1.1296033498240765,False
2013-04-01,one_over_n,,one_over_n,0.01354729515206736,0.001,1.354729515206736e-05,1.544741694810927e-05,1.140258389199703,1.1402429417827549,False
2013-05-01,one_over_n,,one_over_n,0.02610871925571713,0.001,2.610871925571713e-05,3.016160957790838e-05,1.155231295817154,1.155201134207576,False
2013-06-03,one_over_n,,one_over_n,0.026500822833067747,0.001,2.6500822833067748e-05,3.0247810843810806e-05,1.141391383744793,1.1413611359339493,False
2013-07-01,one_over_n,,one_over_n,0.026474150072097496,0.001,2.6474150072097498e-05,2.908499191229132e-05,1.0986185329116769,1.0985894479197647,False
2013-08-01,one_over_n,,one_over_n,0.025353222314507942,0.001,2.535322231450794e-05,2.8711100886677996e-05,1.132443857846368,1.1324151467454813,False
2013-09-03,one_over_n,,one_over_n,0.02721570070416046,0.001,2.7215700704160462e-05,3.0399965605363685e-05,1.1170010258349308,1.1169706258693253,False
2013-10-01,one_over_n,,one_over_n,0.03487454039105818,0.001,3.487454039105818e-05,4.014864313513615e-05,1.151230745550707,1.1511905969075718,False
2013-11-01,one_over_n,,one_over_n,0.01084483568224981,0.001,1.084483568224981e-05,1.2780202083832456e-05,1.178459725743041,1.1784469455409572,False
2013-12-02,one_over_n,,one_over_n,0.03005676136197881,0.001,3.0056761361978808e-05,3.4922405981225046e-05,1.1618818661348251,1.161846943728844,False
2014-01-02,one_over_n,,one_over_n,0.01162052922155965,0.001,1.162052922155965e-05,1.3549913668647085e-05,1.1660324078448883,1.1660188579312196,False
2014-02-03,one_over_n,,one_over_n,0.04026666926820195,0.001,4.026666926820195e-05,4.631363006097033e-05,1.1501728576677581,1.150126544037697,False
2014-03-03,one_over_n,,one_over_n,0.02217561987500137,0.001,2.2175619875001372e-05,2.6729071630466344e-05,1.2053359401510164,1.205309211079386,False
2014-04-01,one_over_n,,one_over_n,0.024645761165261557,0.001,2.4645761165261556e-05,2.9893308914869647e-05,1.2129188753563254,1.2128889820474105,False
2014-05-01,one_over_n,,one_over_n,0.01065179040386667,0.001,1.065179040386667e-05,1.3005028760369511e-05,1.2209242077884483,1.220911202759688,False
2014-06-02,one_over_n,,one_over_n,0.014752643841235855,0.001,1.4752643841235855e-05,1.8280044767209834e-05,1.239102967843253,1.2390846877984858,False
2014-07-01,one_over_n,,one_over_n,0.016745511969980253,0.001,1.6745511969980255e-05,2.1260894139922774e-05,1.2696473047845453,1.2696260438904055,False
2014-08-01,one_over_n,,one_over_n,0.015114401334348049,0.001,1.511440133434805e-05,1.899568863240666e-05,1.256793981594113,1.2567749859054804,False
2014-09-02,one_over_n,,one_over_n,0.018833817469349146,0.001,1.8833817469349148e-05,2.412289383345989e-05,1.2808286940615403,1.2808045711677067,False
2014-10-01,one_over_n,,one_over_n,0.026056695410169917,0.001,2.6056695410169918e-05,3.214998380797027e-05,1.2338473203099325,1.2338151703261246,False
2014-11-03,one_over_n,,one_over_n,0.030339572224691955,0.001,3.0339572224691956e-05,3.832204377924025e-05,1.2631042882025785,1.2630659661587993,False
2014-12-01,one_over_n,,one_over_n,0.012955407524047391,0.001,1.2955407524047391e-05,1.6567468185992256e-05,1.2788071818844973,1.2787906144163113,False
2015-01-02,one_over_n,,one_over_n,0.02152025793601478,0.001,2.1520257936014782e-05,2.7319300961997552e-05,1.2694690297497737,1.2694417104488118,False
2015-02-02,one_over_n,,one_over_n,0.0207851686000024,0.001,2.0785168600002403e-05,2.7038292348735312e-05,1.300845466739788,1.3008184284474391,False
2015-03-02,one_over_n,,one_over_n,0.0405524702885533,0.001,4.05524702885533e-05,5.3216346957038986e-05,1.3122837296562992,1.3122305133093422,False
2015-04-01,one_over_n,,one_over_n,0.015089099153622082,0.001,1.5089099153622083e-05,1.972558615304945e-05,1.3072739434092986,1.3072542178231457,False
2015-05-01,one_over_n,,one_over_n,0.0325162636025212,0.001,3.2516263602521205e-05,4.286448494089493e-05,1.3182475534357323,1.3182046889507912,False
2015-06-01,one_over_n,,one_over_n,0.012932003573655662,0.001,1.2932003573655663e-05,1.6954696012593792e-05,1.3110649031317103,1.3110479484356976,False
2015-07-01,one_over_n,,one_over_n,0.006886163250837449,0.001,6.8861632508374485e-06,8.834572992717475e-06,1.282945621662843,1.2829367870898503,False
2015-08-03,one_over_n,,one_over_n,0.036565999020758425,0.001,3.6565999020758425e-05,4.685731745480767e-05,1.2814450229626404,1.2813981656451856,False
2015-09-01,one_over_n,,one_over_n,0.05562381110156814,0.001,5.562381110156814e-05,6.74561587765669e-05,1.2127209092773794,1.2126534531186028,False
2015-10-01,one_over_n,,one_over_n,0.013940126751572648,0.001,1.394012675157265e-05,1.706830358770976e-05,1.2244008890223474,1.2243838207187596,False
2015-11-02,one_over_n,,one_over_n,0.038517807165058954,0.001,3.851780716505896e-05,4.98027386855468e-05,1.2929795944023743,1.2929297916636888,False
2015-12-01,one_over_n,,one_over_n,0.01765445876240633,0.001,1.765445876240633e-05,2.2531344946595923e-05,1.2762410476482298,1.276218516303283,False
2016-01-04,one_over_n,,one_over_n,0.024838710722207544,0.001,2.4838710722207546e-05,3.0830156618218585e-05,1.2412140454075287,1.2411832152509104,False
2016-02-01,one_over_n,,one_over_n,0.030877393637899417,0.001,3.087739363789942e-05,3.789233741787022e-05,1.2271870437717431,1.2271491514343251,False
2016-03-01,one_over_n,,one_over_n,0.0190730949675057,0.001,1.90730949675057e-05,2.3976543262761022e-05,1.2570871850430771,1.2570632084998143,False
2016-04-01,one_over_n,,one_over_n,0.02633315819799524,0.001,2.633315819799524e-05,3.432313406511653e-05,1.303418823030865,1.3033844998967998,False
2016-05-02,one_over_n,,one_over_n,0.02001151933045063,0.001,2.001151933045063e-05,2.62944808438279e-05,1.3139672410488477,1.3139409465680039,False
2016-06-01,one_over_n,,one_over_n,0.021700478573736887,0.001,2.1700478573736886e-05,2.8332678205891054e-05,1.3056245791823606,1.3055962465041546,False
2016-07-01,one_over_n,,one_over_n,0.03420241427904844,0.001,3.420241427904844e-05,4.6054768176185995e-05,1.3465355925004983,1.346489537732322,False
2016-08-01,one_over_n,,one_over_n,0.019918732317135618,0.001,1.9918732317135617e-05,2.758521318092821e-05,1.384887990948967,1.3848604057357863,False
2016-09-01,one_over_n,,one_over_n,0.01671997889557296,0.001,1.671997889557296e-05,2.3070093022943614e-05,1.3797919941784142,1.3797689240853914,False
2016-10-03,one_over_n,,one_over_n,0.010913260344922002,0.001,1.0913260344922002e-05,1.5070593237609498e-05,1.3809432526386969,1.3809281820454593,False
2016-11-01,one_over_n,,one_over_n,0.00935856599519605,0.001,9.35856599519605e-06,1.2615362889375408e-05,1.348001701954246,1.3479890865913569,False
2016-12-01,one_over_n,,one_over_n,0.02839181438545718,0.001,2.8391814385457182e-05,3.72902116483903e-05,1.3134141813596472,1.3133768911479988,False
2017-01-03,one_over_n,,one_over_n,0.018784691301996115,0.001,1.8784691301996115e-05,2.5275533575125457e-05,1.3455389374665745,1.3455136619329993,False
2017-02-01,one_over_n,,one_over_n,0.022437078533814783,0.001,2.2437078533814785e-05,3.083497633612057e-05,1.374286598393341,1.374255763417005,False
2017-03-01,one_over_n,,one_over_n,0.015714569175017276,0.001,1.5714569175017277e-05,2.223193088348338e-05,1.414733718492727,1.4147114865618435,False
2017-04-03,one_over_n,,one_over_n,0.011803160670477555,0.001,1.1803160670477555e-05,1.6793929581806326e-05,1.4228332605699288,1.4228164666403469,False
2017-05-01,one_over_n,,one_over_n,0.010294615660008735,0.001,1.0294615660008736e-05,1.4854544797806191e-05,1.4429431159349941,1.4429282613901964,False
2017-06-01,one_over_n,,one_over_n,0.01263125943520993,0.001,1.263125943520993e-05,1.855046461522989e-05,1.4686155969150658,1.4685970464504505,False
2017-07-03,one_over_n,,one_over_n,0.01605085853984889,0.001,1.605085853984889e-05,2.3414872528339435e-05,1.4587925293969897,1.4587691145244615,False
2017-08-01,one_over_n,,one_over_n,0.01690288645118672,0.001,1.6902886451186718e-05,2.535154931228157e-05,1.4998355094849312,1.499810157935619,False
2017-09-01,one_over_n,,one_over_n,0.013193550803321394,0.001,1.3193550803321394e-05,2.0028053003326993e-05,1.5180184092886546,1.5179983812356512,False
2017-10-02,one_over_n,,one_over_n,0.013680741801247023,0.001,1.3680741801247023e-05,2.069673118227053e-05,1.5128369121317666,1.5128162154005844,False
2017-11-01,one_over_n,,one_over_n,0.015134160141998698,0.001,1.51341601419987e-05,2.3241278555140867e-05,1.5356834034446458,1.5356601621660908,False
2017-12-01,one_over_n,,one_over_n,0.011076755607446087,0.001,1.1076755607446087e-05,1.713622871825329e-05,1.5470440375820755,1.5470269013533573,False
2018-01-02,one_over_n,,one_over_n,0.017250749351702607,0.001,1.7250749351702606e-05,2.7203816732666653e-05,1.5769643496664512,1.5769371458497186,False
2018-02-01,one_over_n,,one_over_n,0.035474261441702765,0.001,3.5474261441702766e-05,5.684193154736179e-05,1.6023429167305978,1.6022860747990504,False
2018-03-01,one_over_n,,one_over_n,0.021591567085404384,0.001,2.1591567085404385e-05,3.3417047735706584e-05,1.5476897810856938,1.5476563640379581,False
2018-04-02,one_over_n,,one_over_n,0.020334475988324302,0.001,2.0334475988324302e-05,3.1288822135197556e-05,1.5387080617746456,1.5386767729525104,False
2018-05-01,one_over_n,,one_over_n,0.024875748959893848,0.001,2.4875748959893848e-05,3.858821117999723e-05,1.5512381654201217,1.5511995772089417,False
2018-06-01,one_over_n,,one_over_n,0.020348567554893268,0.001,2.034856755489327e-05,3.201912656063398e-05,1.5735322142090666,1.573500195082506,False
2018-07-02,one_over_n,,one_over_n,0.026177565924084767,0.001,2.617756592408477e-05,4.065685557965914e-05,1.5531182577312372,1.5530776008756577,False
2018-08-01,one_over_n,,one_over_n,0.017648859646013204,0.001,1.7648859646013205e-05,2.7817310265479495e-05,1.576153407269194,1.5761255899589286,False
2018-09-04,one_over_n,,one_over_n,0.024158732659820242,0.001,2.4158732659820242e-05,3.8127699109559254e-05,1.578216028400016,1.5781779007009065,False
2018-10-01,one_over_n,,one_over_n,0.011654323048810963,0.001,1.1654323048810964e-05,1.8400475712134595e-05,1.5788540986095208,1.5788356981338085,False
2018-11-01,one_over_n,,one_over_n,0.03629020863625798,0.001,3.629020863625798e-05,5.552820208685092e-05,1.530115261761599,1.530059733559512,False
2018-12-03,one_over_n,,one_over_n,0.013216155772355895,0.001,1.3216155772355894e-05,2.0546005562752607e-05,1.5546128478394972,1.5545923018339345,False
2019-01-02,one_over_n,,one_over_n,0.055748008034847044,0.001,5.574800803484705e-05,8.306625678634366e-05,1.490030939480752,1.4899478732239657,False
2019-02-01,one_over_n,,one_over_n,0.035739893968000855,0.001,3.5739893968000854e-05,5.6500760228595744e-05,1.5808877407186155,1.5808312399583868,False
2019-03-01,one_over_n,,one_over_n,0.019108483507677854,0.001,1.9108483507677856e-05,3.054754463943673e-05,1.5986378315768814,1.5986072840322418,False
2019-04-01,one_over_n,,one_over_n,0.010719413795133872,0.001,1.0719413795133873e-05,1.7555785732594247e-05,1.6377561374264493,1.6377385816407166,False
2019-05-01,one_over_n,,one_over_n,0.011272138987289085,0.001,1.1272138987289085e-05,1.8607437997203668e-05,1.6507459691710826,1.6507273617330853,False
2019-06-03,one_over_n,,one_over_n,0.04521661864693316,0.001,4.521661864693316e-05,7.317666447913142e-05,1.618357733702289,1.6182845570378097,False
2019-07-01,one_over_n,,one_over_n,0.029539230743272207,0.001,2.953923074327221e-05,5.014555296663613e-05,1.6975917010992974,1.697541555546331,False
2019-08-01,one_over_n,,one_over_n,0.02179814285885373,0.001,2.179814285885373e-05,3.701254132456753e-05,1.6979676463370907,1.6979306337957663,False
2019-09-03,one_over_n,,one_over_n,0.030497981715398068,0.001,3.0497981715398067e-05,5.233622454471099e-05,1.716055345337395,1.7160030091128502,False
2019-10-01,one_over_n,,one_over_n,0.015137284742495732,0.001,1.5137284742495733e-05,2.599449826178642e-05,1.7172497382447085,1.7172237437464468,False
2019-11-01,one_over_n,,one_over_n,0.022385928460325957,0.001,2.238592846032596e-05,3.970949647056108e-05,1.773859705704736,1.7738199962082655,False
2019-12-02,one_over_n,,one_over_n,0.015097282355297378,0.001,1.5097282355297378e-05,2.6607258968520837e-05,1.7623873186146515,1.762360711355683,False
2020-01-02,one_over_n,,one_over_n,0.02543653816614322,0.001,2.543653816614322e-05,4.6610232247665174e-05,1.8324125690069242,1.8323659587746766,False
2020-02-03,one_over_n,,one_over_n,0.02925377355100224,0.001,2.925377355100224e-05,5.377399889094356e-05,1.8381901670631224,1.8381363930642314,False
2020-03-02,one_over_n,,one_over_n,0.02752881263369733,0.001,2.752881263369733e-05,4.964428397489265e-05,1.8033572546505083,1.8033076103665335,False
2020-04-01,one_over_n,,one_over_n,0.11697409493550408,0.001,0.00011697409493550407,0.0001846415743943096,1.5784826075902985,1.5782979660159042,False
2020-05-01,one_over_n,,one_over_n,0.041699689289124625,0.001,4.169968928912463e-05,7.154731749023614e-05,1.7157757937754188,1.7157042464579286,False
2020-06-01,one_over_n,,one_over_n,0.03530518765934279,0.001,3.530518765934279e-05,6.424114403155045e-05,1.8195950309458375,1.8195307898018058,False
2020-07-01,one_over_n,,one_over_n,0.017723615432055542,0.001,1.7723615432055543e-05,3.310373944609713e-05,1.8677757691709203,1.8677426654314742,False
2020-08-03,one_over_n,,one_over_n,0.0320251300304403,0.001,3.2025130030440306e-05,6.268645526194399e-05,1.957414542965468,1.957351856510206,False
2020-09-01,one_over_n,,one_over_n,0.03122816898487485,0.001,3.1228168984874847e-05,6.308260157224516e-05,2.0200544451645177,2.0199913625629455,False
2020-10-01,one_over_n,,one_over_n,0.017260892799513816,0.001,1.7260892799513817e-05,3.4099673012023064e-05,1.9755451475246715,1.9755110478516595,False
2020-11-02,one_over_n,,one_over_n,0.014467797371891244,0.001,1.4467797371891244e-05,2.814046604278608e-05,1.945041482088958,1.9450133416229154,False
2020-12-01,one_over_n,,one_over_n,0.055935958047207676,0.001,5.593595804720768e-05,0.00011599393260183232,2.073691711938466,2.0735757180058645,False
2021-01-04,one_over_n,,one_over_n,0.02259910074463721,0.001,2.259910074463721e-05,4.791739003674363e-05,2.1203228649756993,2.1202749475856626,False
2021-02-01,one_over_n,,one_over_n,0.028824234411934796,0.001,2.8824234411934796e-05,6.197233953109944e-05,2.1500081717847648,2.1499461994452336,False
2021-03-01,one_over_n,,one_over_n,0.026726675326653695,0.001,2.6726675326653697e-05,5.7290773102047084e-05,2.1435802396608885,2.1435229488877865,False
2021-04-01,one_over_n,,one_over_n,0.02207317972834265,0.001,2.207317972834265e-05,4.775340511418801e-05,2.1634130515809264,2.1633652981758122,False
2021-05-03,one_over_n,,one_over_n,0.016159174020886555,0.001,1.6159174020886553e-05,3.589571562441395e-05,2.221383071809049,2.2213471760934245,False
2021-06-01,one_over_n,,one_over_n,0.019166650236172186,0.001,1.9166650236172187e-05,4.3372860827411134e-05,2.262933809140831,2.2628904362800037,False
2021-07-01,one_over_n,,one_over_n,0.026417401207025848,0.001,2.641740120702585e-05,6.001790353047943e-05,2.271907939018519,2.2718479211149885,False
2021-08-02,one_over_n,,one_over_n,0.01653003871254015,0.001,1.6530038712540148e-05,3.802282996567108e-05,2.3002263108328904,2.300188288002925,False
2021-09-01,one_over_n,,one_over_n,0.016106494818097686,0.001,1.6106494818097688e-05,3.772044233966893e-05,2.341939867467951,2.341902147025611,False
2021-10-01,one_over_n,,one_over_n,0.015186240119292135,0.001,1.5186240119292136e-05,3.429051190370828e-05,2.257998795906477,2.257964505394573,False
2021-11-01,one_over_n,,one_over_n,0.025513319813303875,0.001,2.5513319813303876e-05,5.9488516254347896e-05,2.3316650553381812,2.331605566821927,False
2021-12-01,one_over_n,,one_over_n,0.022316023628335,0.001,2.2316023628335e-05,5.0991816281673724e-05,2.284986659403274,2.2849356675869923,False
2022-01-03,one_over_n,,one_over_n,0.031649290160584764,0.001,3.164929016058476e-05,7.476809247627893e-05,2.362393977776893,2.3623192096844168,False
2022-02-01,one_over_n,,one_over_n,0.029946948439256563,0.001,2.9946948439256562e-05,6.82304882145054e-05,2.278378658610307,2.2783104281220927,False
2022-03-01,one_over_n,,one_over_n,0.039951543842844675,0.001,3.995154384284468e-05,8.878320322231126e-05,2.2222721497710616,2.2221833665678394,False
2022-04-01,one_over_n,,one_over_n,0.0431964025058546,0.001,4.3196402505854606e-05,9.762621097112821e-05,2.2600542014556995,2.2599565752447286,False
2022-05-02,one_over_n,,one_over_n,0.024918628320888814,0.001,2.4918628320888815e-05,5.236971451641404e-05,2.1016291042197333,2.1015767345052168,False
2022-06-01,one_over_n,,one_over_n,0.015058421164129185,0.001,1.5058421164129185e-05,3.1404124441874156e-05,2.0854858620027334,2.0854544578782916,False
2022-07-01,one_over_n,,one_over_n,0.028132298806844522,0.001,2.8132298806844523e-05,5.6203219854500006e-05,1.9978182458671274,1.9977620426472729,False
2022-08-01,one_over_n,,one_over_n,0.03413108525754105,0.001,3.4131085257541054e-05,7.094407199778018e-05,2.0785765076750824,2.0785055636030845,False
2022-09-01,one_over_n,,one_over_n,0.01294743000238184,0.001,1.2947430002381841e-05,2.571117338709415e-05,1.9858128896904064,1.9857871785170194,False
2022-10-03,one_over_n,,one_over_n,0.03351336457419592,0.001,3.3513364574195915e-05,6.255241230367766e-05,1.8664915653333347,1.866429012921031,False
2022-11-01,one_over_n,,one_over_n,0.02643248380698808,0.001,2.643248380698808e-05,4.947868750385792e-05,1.8718894472859566,1.8718399685984528,False
2022-12-01,one_over_n,,one_over_n,0.02766549985366265,0.001,2.7665499853662652e-05,5.59131215610745e-05,2.021041436331472,2.020985523209911,False
2023-01-03,one_over_n,,one_over_n,0.028942052304992708,0.001,2.894205230499271e-05,5.666835492227239e-05,1.9579936600590242,1.957936991704102,False
2023-02-01,one_over_n,,one_over_n,0.025771478222634564,0.001,2.5771478222634565e-05,5.451827279183424e-05,2.115449968405458,2.115395450132666,False
2023-03-01,one_over_n,,one_over_n,0.014537878747965319,0.001,1.4537878747965319e-05,2.9232986406655308e-05,2.0108151205172677,2.010785887530861,False
2023-04-03,one_over_n,,one_over_n,0.02528143113320444,0.001,2.528143113320444e-05,5.30199281498569e-05,2.097188559876301,2.097135539948151,False
2023-05-01,one_over_n,,one_over_n,0.009341329694026651,0.001,9.341329694026651e-06,1.9606736975265853e-05,2.098923559865728,2.0989039531287528,False
2023-06-01,one_over_n,,one_over_n,0.023755706038073324,0.001,2.3755706038073325e-05,5.0163619598940914e-05,2.111645072495154,2.111594908875555,False
2023-07-03,one_over_n,,one_over_n,0.03069438126411192,0.001,3.069438126411192e-05,6.631359883987286e-05,2.160447486113922,2.160381172515082,False
2023-08-01,one_over_n,,one_over_n,0.01316349411341225,0.001,1.316349411341225e-05,2.8862878589583132e-05,2.192645686693081,2.1926168238144914,False
2023-09-01,one_over_n,,one_over_n,0.012369277145826807,0.001,1.2369277145826807e-05,2.6642851125255168e-05,2.1539537687733055,2.15392712592218,False
2023-10-02,one_over_n,,one_over_n,0.013090890391720095,0.001,1.3090890391720095e-05,2.679055851263312e-05,2.046503920740027,2.0464771301815143,False
2023-11-01,one_over_n,,one_over_n,0.01959187959945187,0.001,1.959187959945187e-05,4.021814863098076e-05,2.0527968450819776,2.0527566269333466,False
2023-12-01,one_over_n,,one_over_n,0.022924472624403697,0.001,2.2924472624403697e-05,5.064197799451714e-05,2.209079302465935,2.2090286604879403,False
2024-01-02,one_over_n,,one_over_n,0.014247008895354685,0.001,1.4247008895354686e-05,3.240345235758228e-05,2.274403883340566,2.274371479888208,False
2024-02-01,one_over_n,,one_over_n,0.021650447182934046,0.001,2.1650447182934045e-05,4.955699261077731e-05,2.288959308417453,2.288909751424842,False
2024-03-01,one_over_n,,one_over_n,0.023276007253810627,0.001,2.327600725381063e-05,5.439043630268828e-05,2.3367597247068117,2.336705334270509,False
2024-04-01,one_over_n,,one_over_n,0.018941941827760503,0.001,1.8941941827760503e-05,4.490234525183518e-05,2.3705249261207326,2.370480023775481,False
2024-05-01,one_over_n,,one_over_n,0.023229816765458572,0.001,2.322981676545857e-05,5.372226247805025e-05,2.312642541284795,2.312588819022317,False
2024-06-03,one_over_n,,one_over_n,0.01724911805192586,0.001,1.724911805192586e-05,4.145449590102428e-05,2.40328205629017,2.4032406017942693,False
2024-07-01,one_over_n,,one_over_n,0.020312009215728885,0.001,2.0312009215728886e-05,4.9423260284268284e-05,2.433203911998853,2.4331544887385688,False
2024-08-01,one_over_n,,one_over_n,0.03531453651208588,0.001,3.5314536512085885e-05,8.762383245474869e-05,2.4812397700522193,2.4811521462197645,False
2024-09-03,one_over_n,,one_over_n,0.010793574782234874,0.001,1.0793574782234874e-05,2.733064740985004e-05,2.5321219300609754,2.5320945994135653,False
2024-10-01,one_over_n,,one_over_n,0.02071842602950115,0.001,2.071842602950115e-05,5.439791430414874e-05,2.6255814136986597,2.6255270157843555,False
2024-11-01,one_over_n,,one_over_n,0.025621566718940406,0.001,2.5621566718940406e-05,6.60233553614349e-05,2.576866437782199,2.5768004144268373,False
2024-12-02,one_over_n,,one_over_n,0.02658853430937136,0.001,2.6588534309371358e-05,6.956272507211294e-05,2.616267758978913,2.616198196253841,False
2012-01-03,static_bucket,conservative,static_bucket:conservative,1.0,0.001,0.001,0.001,1.0,0.999,True
2012-02-01,static_bucket,conservative,static_bucket:conservative,0.025655404706613275,0.001,2.5655404706613275e-05,2.643888206907449e-05,1.0305384916519853,1.0305120527699163,False
2012-03-01,static_bucket,conservative,static_bucket:conservative,0.023122031856720356,0.001,2.3122031856720356e-05,2.4055277144212747e-05,1.0403617334875848,1.0403376782104405,False
2012-04-02,static_bucket,conservative,static_bucket:conservative,0.020199035593550553,0.001,2.0199035593550552e-05,2.111854628140552e-05,1.045522504458013,1.0455013859117315,False
2012-05-01,static_bucket,conservative,static_bucket:conservative,0.014894532162146049,0.001,1.4894532162146049e-05,1.5642883994441097e-05,1.0502433929544266,1.050227750070432,False
2012-06-01,static_bucket,conservative,static_bucket:conservative,0.05890484116961497,0.001,5.890484116961497e-05,6.053437613078531e-05,1.0276638545969106,1.0276033202207797,False
2012-07-02,static_bucket,conservative,static_bucket:conservative,0.03754902177636092,0.001,3.754902177636092e-05,3.9524647150374734e-05,1.0526145630578736,1.0525750384107233,False
2012-08-01,static_bucket,conservative,static_bucket:conservative,0.0030214638858383075,0.001,3.0214638858383076e-06,3.199593080985761e-06,1.058954600113657,1.058951400520576,False
2012-09-04,static_bucket,conservative,static_bucket:conservative,0.016441212402744078,0.001,1.644121240274408e-05,1.7636709739280444e-05,1.0727134536828218,1.0726958169730825,False
2012-10-01,static_bucket,conservative,static_bucket:conservative,0.01586451439063403,0.001,1.586451439063403e-05,1.720309763548899e-05,1.08437593561926,1.0843587325216244,False
2012-11-01,static_bucket,conservative,static_bucket:conservative,0.009172209748131342,0.001,9.172209748131342e-06,9.86210171136506e-06,1.0752154586711529,1.0752055965694414,False
2012-12-03,static_bucket,conservative,static_bucket:conservative,0.005774712546831005,0.001,5.774712546831006e-06,6.234149592357305e-06,1.0795601585014696,1.0795539243518772,False
2013-01-02,static_bucket,conservative,static_bucket:conservative,0.025557918896382877,0.001,2.5557918896382876e-05,2.788128099536665e-05,1.0909057622572154,1.09087788097622,False
2013-02-01,static_bucket,conservative,static_bucket:conservative,0.014341268797126015,0.001,1.4341268797126015e-05,1.5648248159304575e-05,1.0911341514246269,1.0911185031764674,False
2013-03-01,static_bucket,conservative,static_bucket:conservative,0.012882773966070883,0.001,1.2882773966070883e-05,1.4100138252078983e-05,1.0944955092136406,1.0944814090753885,False
2013-04-01,static_bucket,conservative,static_bucket:conservative,0.009682994927892978,0.001,9.682994927892978e-06,1.0676150345203012e-05,1.1025669665951323,1.1025562904447872,False
2013-05-01,static_bucket,conservative,static_bucket:conservative,0.01274568308431663,0.001,1.2745683084316632e-05,1.42443722877083e-05,1.1175840630492204,1.1175698186769327,False
2013-06-03,static_bucket,conservative,static_bucket:conservative,0.02204714887488754,0.001,2.204714887488754e-05,2.4295853095844418e-05,1.1019952390995205,1.1019709432464246,False
2013-07-01,static_bucket,conservative,static_bucket:conservative,0.012689694207009425,0.001,1.2689694207009425e-05,1.3607028040488883e-05,1.0722896721161925,1.072276065088152,False
2013-08-01,static_bucket,conservative,static_bucket:conservative,0.0277109918709042,0.001,2.77109918709042e-05,3.013916105585595e-05,1.087624766239467,1.087594627078411,False
2013-09-03,static_bucket,conservative,static_bucket:conservative,0.014149817407189458,0.001,1.4149817407189457e-05,1.5208498664483735e-05,1.0748194288893345,1.07480422039067,False
2013-10-01,static_bucket,conservative,static_bucket:conservative,0.02021983901627196,0.001,2.021983901627196e-05,2.2284646840574124e-05,1.1021179161041048,1.1020956314572643,False
2013-11-01,static_bucket,conservative,static_bucket:conservative,0.012638031804537084,0.001,1.2638031804537084e-05,1.4154413783150734e-05,1.11998561184735,1.1199714574335669,False
2013-12-02,static_bucket,conservative,static_bucket:conservative,0.015595530540578759,0.001,1.559553054057876e-05,1.7368113977288928e-05,1.1136597073179395,1.1136423392039623,False
2014-01-02,static_bucket,conservative,static_bucket:conservative,0.010683148605329089,0.001,1.068314860532909e-05,1.1898416715993618e-05,1.1137556122787915,1.1137437138620756,False
2014-02-03,static_bucket,conservative,static_bucket:conservative,0.0312599626691923,0.001,3.12599626691923e-05,3.492198377318881e-05,1.1171473281254283,1.117112406141655,False
2014-03-03,static_bucket,conservative,static_bucket:conservative,0.028275893250872243,0.001,2.8275893250872242e-05,3.2447421988548254e-05,1.1475295121772089,1.1474970647552203,False
2014-04-01,static_bucket,conservative,static_bucket:conservative,0.015200469460545755,0.001,1.5200469460545755e-05,1.7424294008200918e-05,1.1462997280069085,1.1462823037129002,False
2014-05-01,static_bucket,conservative,static_bucket:conservative,0.007933920559578582,0.001,7.933920559578583e-06,9.164998666138315e-06,1.1551664271547888,1.1551572621561228,False
2014-06-02,static_bucket,conservative,static_bucket:conservative,0.010214403895318254,0.001,1.0214403895318253e-05,1.196079827266165e-05,1.1709736951114544,1.1709617343131817,False
2014-07-01,static_bucket,conservative,static_bucket:conservative,0.015704780558106972,0.001,1.570478055810697e-05,1.863716828396196e-05,1.1867194332964595,1.1867007961281755,False
2014-08-01,static_bucket,conservative,static_bucket:conservative,0.010551280385275537,0.001,1.0551280385275537e-05,1.2483973045522316e-05,1.1831713867583198,1.1831589027852742,False
2014-09-02,static_bucket,conservative,static_bucket:conservative,0.01579048904064668,0.001,1.579048904064668e-05,1.8969665338470988e-05,1.2013348851730123,1.2013159155076738,False
2014-10-01,static_bucket,conservative,static_bucket:conservative,0.023147048730394942,0.001,2.3147048730394944e-05,2.737210725609729e-05,1.1825311976016328,1.1825038254943767,False
2014-11-03,static_bucket,conservative,static_bucket:conservative,0.02035227662189444,0.001,2.0352276621894442e-05,2.4454744692011707e-05,1.2015729319295876,1.2015484771848957,False
2014-12-01,static_bucket,conservative,static_bucket:conservative,0.008051342408590671,0.001,8.05134240859067e-06,9.78775057965513e-06,1.2156669140306013,1.2156571262800218,False
2015-01-02,static_bucket,conservative,static_bucket:conservative,0.013087426863644995,0.001,1.3087426863644995e-05,1.5916623290852018e-05,1.216176675268851,1.21616075864556,False
2015-02-02,static_bucket,conservative,static_bucket:conservative,0.01643588436781227,0.001,1.6435884367812273e-05,2.0430227698051365e-05,1.243025762462867,1.2430053322351688,False
2015-03-02,static_bucket,conservative,static_bucket:conservative,0.0331021699250423,0.001,3.31021699250423e-05,4.108318209566124e-05,1.241102386601586,1.2410613034194904,False
2015-04-01,static_bucket,conservative,static_bucket:conservative,0.016092497314978853,0.001,1.609249731497885e-05,2.0044275958367834e-05,1.2455665249489076,1.2455464806729493,False
2015-05-01,static_bucket,conservative,static_bucket:conservative,0.02269114973847835,0.001,2.2691149738478348e-05,2.826454658743369e-05,1.2456198523737338,1.2455915878271464,False
2015-06-01,static_bucket,conservative,static_bucket:conservative,0.006277535402556801,0.001,6.277535402556801e-06,7.794312789003839e-06,1.2416198857005671,1.2416120913877782,False
2015-07-01,static_bucket,conservative,static_bucket:conservative,0.004721327624176208,0.001,4.7213276241762085e-06,5.761068972470115e-06,1.2202222406616663,1.2202164795926937,False
2015-08-03,static_bucket,conservative,static_bucket:conservative,0.016811860437441976,0.001,1.6811860437441978e-05,2.073470760563887e-05,1.2333380759847525,1.233317341277147,False
2015-09-01,static_bucket,conservative,static_bucket:conservative,0.04611004860908899,0.001,4.611004860908899e-05,5.514739625794019e-05,1.195995188065575,1.195940040669317,False
2015-10-01,static_bucket,conservative,static_bucket:conservative,0.007437820589144266,0.001,7.437820589144266e-06,8.978983619442188e-06,1.2072062658445,1.2071972868608807,False
2015-11-02,static_bucket,conservative,static_bucket:conservative,0.043449168088530395,0.001,4.3449168088530396e-05,5.403619751675503e-05,1.2436647211898948,1.243610684992378,False
2015-12-01,static_bucket,conservative,static_bucket:conservative,0.010132397853973053,0.001,1.0132397853973054e-05,1.2556837024220813e-05,1.2392759547333707,1.2392633978963465,False
2016-01-04,static_bucket,conservative,static_bucket:conservative,0.018738306417384297,0.001,1.8738306417384297e-05,2.2800708024208027e-05,1.216796625924255,1.2167738252162308,False
2016-02-01,static_bucket,conservative,static_bucket:conservative,0.026747825790659548,0.001,2.6747825790659547e-05,3.257424673383053e-05,1.2178278335133164,1.2177952592665824,False
2016-03-01,static_bucket,conservative,static_bucket:conservative,0.01156342491759773,0.001,1.156342491759773e-05,1.4302285723842269e-05,1.2368555013555214,1.2368411990697976,False
2016-04-01,static_bucket,conservative,static_bucket:conservative,0.020745922605399446,0.001,2.0745922605399446e-05,2.627543535973119e-05,1.2665349167403432,1.2665086413049835,False
2016-05-02,static_bucket,conservative,static_bucket:conservative,0.011136947495630635,0.001,1.1136947495630635e-05,1.4126183967183e-05,1.268407162081453,1.2683930358974858,False
2016-06-01,static_bucket,conservative,static_bucket:conservative,0.01057603893193558,0.001,1.057603893193558e-05,1.3416983729834991e-05,1.2686208717822367,1.268607454798507,False
2016-07-01,static_bucket,conservative,static_bucket:conservative,0.01985939678231939,0.001,1.985939678231939e-05,2.5844738380714883e-05,1.3013858710816524,1.3013600263432716,False
2016-08-01,static_bucket,conservative,static_bucket:conservative,0.021439227843807633,0.001,2.1439227843807632e-05,2.8346370849214865e-05,1.3221731237583842,1.322144777387535,False
2016-09-01,static_bucket,conservative,static_bucket:conservative,0.008743553475419774,0.001,8.743553475419775e-06,1.1537282064302841e-05,1.3195186712973057,1.3195071340152413,False
2016-10-03,static_bucket,conservative,static_bucket:conservative,0.00627868270757051,0.001,6.27868270757051e-06,8.287837135863124e-06,1.3199961714692288,1.3199878836320929,False
2016-11-01,static_bucket,conservative,static_bucket:conservative,0.008082203227288448,0.001,8.082203227288449e-06,1.0490021026485935e-05,1.297916017635862,1.2979055276148355,False
2016-12-01,static_bucket,conservative,static_bucket:conservative,0.021132965941090293,0.001,2.1132965941090295e-05,2.6685763724432917e-05,1.2627552516206886,1.2627285658569642,False
2017-01-03,static_bucket,conservative,static_bucket:conservative,0.015526623411353177,0.001,1.5526623411353176e-05,1.9911066720792034e-05,1.2823822793456123,1.2823623682788916,False
2017-02-01,static_bucket,conservative,static_bucket:conservative,0.01662445568158892,0.001,1.662445568158892e-05,2.156712739376866e-05,1.297313295956727,1.2972917288293333,False
2017-03-01,static_bucket,conservative,static_bucket:conservative,0.018301767349109696,0.001,1.8301767349109696e-05,2.4174106332508356e-05,1.3208618529228722,1.3208376788165397,False
2017-04-03,static_bucket,conservative,static_bucket:conservative,0.007276272778339782,0.001,7.276272778339782e-06,9.679818367337645e-06,1.3303264820077674,1.3303168021894,False
2017-05-01,static_bucket,conservative,static_bucket:conservative,0.00893387876425001,0.001,8.93387876425001e-06,1.2002535280301342e-05,1.3434853546850145,1.3434733521497342,False
2017-06-01,static_bucket,conservative,static_bucket:conservative,0.008763143596239857,0.001,8.763143596239858e-06,1.1944065429388017e-05,1.3629886693301532,1.3629767252647238,False
2017-07-03,static_bucket,conservative,static_bucket:conservative,0.010023321301378306,0.001,1.0023321301378306e-05,1.3566461314515012e-05,1.3534896175232345,1.35347605106192,False
2017-08-01,static_bucket,conservative,static_bucket:conservative,0.013934707435820544,0.001,1.3934707435820543e-05,1.9227716988809335e-05,1.379843608297264,1.3798243805802752,False
2017-09-01,static_bucket,conservative,static_bucket:conservative,0.006949672803094477,0.001,6.949672803094477e-06,9.677305218565271e-06,1.39248357336424,1.3924738960590215,False
2017-10-02,static_bucket,conservative,static_bucket:conservative,0.009471966742951886,0.001,9.471966742951885e-06,1.3135291544970395e-05,1.3867543986832933,1.3867412633917484,False
2017-11-01,static_bucket,conservative,static_bucket:conservative,0.01291242662104116,0.001,1.2912426621041162e-05,1.8075836321417645e-05,1.3998791127271586,1.399861036890837,False
2017-12-01,static_bucket,conservative,static_bucket:conservative,0.00821677487819767,0.001,8.21677487819767e-06,1.1564558242775505e-05,1.4074327718848447,1.407421207326602,False
2018-01-02,static_bucket,conservative,static_bucket:conservative,0.015200445675805266,0.001,1.5200445675805267e-05,2.1586728211125843e-05,1.420137848029397,1.4201162613011857,False
2018-02-01,static_bucket,conservative,static_bucket:conservative,0.031196212051223207,0.001,3.119621205122321e-05,4.4424563507813796e-05,1.4240371053661913,1.4239926808026835,False
2018-03-01,static_bucket,conservative,static_bucket:conservative,0.019113599223212145,0.001,1.9113599223212145e-05,2.6710583582499762e-05,1.397464876738736,1.3974381661551536,False
2018-04-02,static_bucket,conservative,static_bucket:conservative,0.017101854407270217,0.001,1.7101854407270216e-05,2.381713813278228e-05,1.3926640682110656,1.3926402510729328,False
2018-05-01,static_bucket,conservative,static_bucket:conservative,0.020319999878299133,0.001,2.0319999878299135e-05,2.832439799693178e-05,1.393917232606925,1.393888908208928,False
2018-06-01,static_bucket,conservative,static_bucket:conservative,0.014776511441875584,0.001,1.4776511441875584e-05,2.0883734976929676e-05,1.4133061825233426,1.4132852987883657,False
2018-07-02,static_bucket,conservative,static_bucket:conservative,0.013196229437995338,0.001,1.3196229437995338e-05,1.8583375284234964e-05,1.4082337209694646,1.4082151375941805,False
2018-08-01,static_bucket,conservative,static_bucket:conservative,0.015382846568911458,0.001,1.5382846568911458e-05,2.181440237429687e-05,1.4180991974777613,1.418077383075387,False
2018-09-04,static_bucket,conservative,static_bucket:conservative,0.013702459370117374,0.001,1.3702459370117375e-05,1.959713749429827e-05,1.4301912499763465,1.4301716528388522,False
2018-10-01,static_bucket,conservative,static_bucket:conservative,0.008471576589826335,0.001,8.471576589826336e-06,1.2073319753705714e-05,1.4251561826407584,1.4251441093210047,False
2018-11-01,static_bucket,conservative,static_bucket:conservative,0.028764593146355794,0.001,2.8764593146355794e-05,4.017045389348574e-05,1.3965243203370308,1.3964841498831373,False
2018-12-03,static_bucket,conservative,static_bucket:conservative,0.008064204126041571,0.001,8.064204126041571e-06,1.1407055206456512e-05,1.414529571445239,1.4145181643900326,False
2019-01-02,static_bucket,conservative,static_bucket:conservative,0.05233845935256062,0.001,5.233845935256063e-05,7.29396297869493e-05,1.39361438393927,1.3935414443094831,False
2019-02-01,static_bucket,conservative,static_bucket:conservative,0.036865351384343284,0.001,3.686535138434329e-05,5.3108222608062504e-05,1.4405999295755407,1.4405468213529327,False
2019-03-01,static_bucket,conservative,static_bucket:conservative,0.01548172446873787,0.001,1.5481724468737872e-05,2.2470037871222156e-05,1.451391149390091,1.4513686793522198,False
2019-04-01,static_bucket,conservative,static_bucket:conservative,0.006791394310337505,0.001,6.791394310337505e-06,1.0088804602198436e-05,1.4855277342447613,1.485517645440159,False
2019-05-01,static_bucket,conservative,static_bucket:conservative,0.009120578291693604,0.001,9.120578291693604e-06,1.3646812236039667e-05,1.496266113791079,1.496252466978843,False
2019-06-03,static_bucket,conservative,static_bucket:conservative,0.040553832551694056,0.001,4.055383255169406e-05,6.058269066288962e-05,1.493883237439143,1.49382265474848,False
2019-07-01,static_bucket,conservative,static_bucket:conservative,0.03173246652236497,0.001,3.173246652236497e-05,4.898145434379938e-05,1.5435753886095605,1.5435264071552166,False
2019-08-01,static_bucket,conservative,static_bucket:conservative,0.01132560146051926,0.001,1.132560146051926e-05,1.7580629483003545e-05,1.5522910235089187,1.5522734428794356,False
2019-09-03,static_bucket,conservative,static_bucket:conservative,0.020405709521095744,0.001,2.0405709521095745e-05,3.214463480759297e-05,1.5752765065268295,1.5752443618920218,False
2019-10-01,static_bucket,conservative,static_bucket:conservative,0.010390774871152308,0.001,1.0390774871152308e-05,1.6329501127826233e-05,1.5715383434166672,1.5715220139155393,False
2019-11-01,static_bucket,conservative,static_bucket:conservative,0.022454597257415262,0.001,2.2454597257415263e-05,3.5920628827517796e-05,1.5997004272991624,1.599664506670335,False
2019-12-02,static_bucket,conservative,static_bucket:conservative,0.010001526803465402,0.001,1.0001526803465403e-05,1.5947681283595207e-05,1.5945246757794558,1.5945087280981722,False
2020-01-02,static_bucket,conservative,static_bucket:conservative,0.025807508627313284,0.001,2.5807508627313283e-05,4.206408933206796e-05,1.6299167013568132,1.629874637267481,False
2020-02-03,static_bucket,conservative,static_bucket:conservative,0.01643851062747244,0.001,1.643851062747244e-05,2.7171486231469226e-05,1.652916547443147,1.6528893759569157,False
2020-03-02,static_bucket,conservative,static_bucket:conservative,0.02769844994101181,0.001,2.769844994101181e-05,4.579047740894539e-05,1.6531783369272788,1.6531325464498698,False
2020-04-01,static_bucket,conservative,static_bucket:conservative,0.10349096432623162,0.001,0.00010349096432623162,0.00016096614580461325,1.5553642470390385,1.555203280893234,False
2020-05-01,static_bucket,conservative,static_bucket:conservative,0.051640576210335444,0.001,5.164057621033545e-05,8.479495101686941e-05,1.642021782861098,1.6419369879100811,False
2020-06-01,static_bucket,conservative,static_bucket:conservative,0.0373989473710905,0.001,3.73989473710905e-05,6.356558420526213e-05,1.6996623882093143,1.699598822625109,False
2020-07-01,static_bucket,conservative,static_bucket:conservative,0.015999575350316757,0.001,1.5999575350316757e-05,2.7654712334428615e-05,1.7284653954194549,1.7284377407071203,False
2020-08-03,static_bucket,conservative,static_bucket:conservative,0.0266137790133682,0.001,2.66137790133682e-05,4.745480076851484e-05,1.7830914108318896,1.783043956031121,False
2020-09-01,static_bucket,conservative,static_bucket:conservative,0.031923346848288535,0.001,3.1923346848288534e-05,5.800044709478229e-05,1.8168661127676153,1.8168081123205204,False
2020-10-01,static_bucket,conservative,static_bucket:conservative,0.01703731382630605,0.001,1.703731382630605e-05,3.0519006082892935e-05,1.7913038636273053,1.7912733446212223,False
2020-11-02,static_bucket,conservative,static_bucket:conservative,0.010095244216403357,0.001,1.0095244216403357e-05,1.783354614032744e-05,1.7665294427796436,1.7665116092335034,False
2020-12-01,static_bucket,conservative,static_bucket:conservative,0.05094676236931995,0.001,5.094676236931995e-05,9.35018443598201e-05,1.8352853059044776,1.8351918040601178,False
2021-01-04,static_bucket,conservative,static_bucket:conservative,0.01398307549163267,0.001,1.398307549163267e-05,2.5973602301809593e-05,1.8575028302859362,1.8574768566836344,False
2021-02-01,static_bucket,conservative,static_bucket:conservative,0.020488155190429645,0.001,2.0488155190429644e-05,3.8244466537185195e-05,1.8666622827539796,1.8666240382874424,False
2021-03-01,static_bucket,conservative,static_bucket:conservative,0.020201037574610697,0.001,2.02010375746107e-05,3.733541538930322e-05,1.8481929579809084,1.8481556225655191,False
2021-04-01,static_bucket,conservative,static_bucket:conservative,0.016719388206426503,0.001,1.67193882064265e-05,3.086904590903597e-05,1.8463023603441846,1.8462714912982754,False
2021-05-03,static_bucket,conservative,static_bucket:conservative,0.015371457908597709,0.001,1.537145790859771e-05,2.8881555015430486e-05,1.8789079856424145,1.8788791040873989,False
2021-06-01,static_bucket,conservative,static_bucket:conservative,0.012008360481829454,0.001,1.2008360481829455e-05,2.274244381646149e-05,1.8938841693563746,1.893861426912558,False
2021-07-01,static_bucket,conservative,static_bucket:conservative,0.014791876126147324,0.001,1.4791876126147325e-05,2.8317451722912514e-05,1.9143921623881286,1.9143638449364055,False
2021-08-02,static_bucket,conservative,static_bucket:conservative,0.009374425497096939,0.001,9.37442549709694e-06,1.825096665302162e-05,1.9468890822881422,1.946870831321489,False
2021-09-01,static_bucket,conservative,static_bucket:conservative,0.017413014167658267,0.001,1.741301416765827e-05,3.417744226726402e-05,1.9627527973154035,1.9627186198731361,False
2021-10-01,static_bucket,conservative,static_bucket:conservative,0.017250077670111642,0.001,1.7250077670111644e-05,3.3062836078198146e-05,1.9166775193994914,1.9166444565634133,False
2021-11-01,static_bucket,conservative,static_bucket:conservative,0.027008141553370446,0.001,2.7008141553370448e-05,5.2631336135432434e-05,1.9487211303091074,1.9486684989729721,False
2021-12-01,static_bucket,conservative,static_bucket:conservative,0.016732712238904435,0.001,1.6732712238904436e-05,3.244447126403814e-05,1.938984595014013,1.938952150542749,False
2022-01-03,static_bucket,conservative,static_bucket:conservative,0.030175962881714827,0.001,3.0175962881714826e-05,5.9210575571127195e-05,1.9621768426486876,1.9621176320731166,False
2022-02-01,static_bucket,conservative,static_bucket:conservative,0.023593815135059246,0.001,2.3593815135059246e-05,4.499668605891797e-05,1.9071390447598748,1.9070940480738159,False
2022-03-01,static_bucket,conservative,static_bucket:conservative,0.02944735377078403,0.001,2.944735377078403e-05,5.531435277665511e-05,1.8784150592008313,1.8783597448480547,False
2022-04-01,static_bucket,conservative,static_bucket:conservative,0.043225526240072865,0.001,4.322552624007287e-05,8.036986988948862e-05,1.8593150131502745,1.859234643280385,False
2022-05-02,static_bucket,conservative,static_bucket:conservative,0.02461625755168286,0.001,2.461625755168286e-05,4.304632368105304e-05,1.7486948855111497,1.7486518391874686,False
2022-06-01,static_bucket,conservative,static_bucket:conservative,0.013337848438374843,0.001,1.3337848438374844e-05,2.3291432129561932e-05,1.7462660666130563,1.7462427751809266,False
2022-07-01,static_bucket,conservative,static_bucket:conservative,0.03069293537405105,0.001,3.069293537405105e-05,5.237680871632463e-05,1.7064776658867866,1.7064252890780702,False
2022-08-01,static_bucket,conservative,static_bucket:conservative,0.026571116998860084,0.001,2.6571116998860084e-05,4.7028210635551946e-05,1.7698996484630092,1.7698526202523737,False
2022-09-01,static_bucket,conservative,static_bucket:conservative,0.00958603022586528,0.001,9.58603022586528e-06,1.6210462914382078e-05,1.6910506781673376,1.6910344677044233,False
2022-10-03,static_bucket,conservative,static_bucket:conservative,0.02711189873665152,0.001,2.7111898736651522e-05,4.372531010069723e-05,1.6127719613228964,1.6127282360127957,False
2022-11-01,static_bucket,conservative,static_bucket:conservative,0.021836834440609236,0.001,2.1836834440609236e-05,3.4956377926708925e-05,1.6007987797765098,1.600763823398583,False
2022-12-01,static_bucket,conservative,static_bucket:conservative,0.01763777797542205,0.001,1.763777797542205e-05,2.996579848299823e-05,1.6989554197107521,1.6989254539122691,False
2023-01-03,static_bucket,conservative,static_bucket:conservative,0.023221762932330775,0.001,2.3221762932330776e-05,3.836186797670697e-05,1.6519791407954303,1.6519407789274536,False
2023-02-01,static_bucket,conservative,static_bucket:conservative,0.028956422893333104,0.001,2.8956422893333106e-05,5.072448522771109e-05,1.7517524666138868,1.7517017421286591,False
2023-03-01,static_bucket,conservative,static_bucket:conservative,0.008697271219487684,0.001,8.697271219487685e-06,1.4550665356855183e-05,1.673015016969,1.673000466303643,False
2023-04-03,static_bucket,conservative,static_bucket:conservative,0.016152095630207843,0.001,1.6152095630207844e-05,2.8274207728708855e-05,1.7504977914958657,1.750469517288137,False
2023-05-01,static_bucket,conservative,static_bucket:conservative,0.007709604163978236,0.001,7.709604163978236e-06,1.3453648493205973e-05,1.7450504859984604,1.745037032349967,False
2023-06-01,static_bucket,conservative,static_bucket:conservative,0.01807788841843557,0.001,1.8077888418435573e-05,3.1808432112694094e-05,1.7595214317318337,1.759489623299721,False
2023-07-03,static_bucket,conservative,static_bucket:conservative,0.02932887104445863,0.001,2.9328871044458632e-05,5.200977701957346e-05,1.7733303454038043,1.7732783356267847,False
2023-08-01,static_bucket,conservative,static_bucket:conservative,0.014911533126297713,0.001,1.4911533126297713e-05,2.6592648453581672e-05,1.7833611224511419,1.7833345298026884,False
2023-09-01,static_bucket,conservative,static_bucket:conservative,0.007271133157398142,0.001,7.271133157398142e-06,1.2818725760816125e-05,1.7629612170935816,1.762948398367821,False
2023-10-02,static_bucket,conservative,static_bucket:conservative,0.011593546278119135,0.001,1.1593546278119136e-05,1.9626046625079382e-05,1.6928423930234562,1.6928227669768312,False
2023-11-01,static_bucket,conservative,static_bucket:conservative,0.008986707815547022,0.001,8.986707815547022e-06,1.522303109314484e-05,1.6939497094596718,1.6939344864285786,False
2023-12-01,static_bucket,conservative,static_bucket:conservative,0.02135043373778256,0.001,2.1350433737782558e-05,3.837736402487899e-05,1.7974980975194388,1.7974597201554139,False
2024-01-02,static_bucket,conservative,static_bucket:conservative,0.008106373175253652,0.001,8.106373175253651e-06,1.4965576070968891e-05,1.846149412002688,1.846134446426617,False
2024-02-01,static_bucket,conservative,static_bucket:conservative,0.012294399771349142,0.001,1.2294399771349142e-05,2.2960987946543012e-05,1.8675973104479064,1.86757434945996,False
2024-03-01,static_bucket,conservative,static_bucket:conservative,0.0276080776852052,0.001,2.76080776852052e-05,5.1770641875065395e-05,1.8751990799710256,1.8751473093291506,False
2024-04-01,static_bucket,conservative,static_bucket:conservative,0.013301145680769656,0.001,1.3301145680769657e-05,2.5053669818957463e-05,1.8835723192761662,1.8835472656063472,False
2024-05-01,static_bucket,conservative,static_bucket:conservative,0.015005897710904471,0.001,1.5005897710904471e-05,2.762357663169039e-05,1.8408479894952847,1.840820365918653,False
2024-06-03,static_bucket,conservative,static_bucket:conservative,0.016037679120384334,0.001,1.6037679120384334e-05,3.0471587361580336e-05,1.8999998149888224,1.8999693434014608,False
2024-07-01,static_bucket,conservative,static_bucket:conservative,0.017759785664527607,0.001,1.7759785664527608e-05,3.404518755917535e-05,1.9169818939411687,1.9169478487536096,False
2024-08-01,static_bucket,conservative,static_bucket:conservative,0.025432438038942504,0.001,2.5432438038942504e-05,4.993091345966552e-05,1.9632767170497223,1.9632267861362624,False
2024-09-03,static_bucket,conservative,static_bucket:conservative,0.00535670626451315,0.001,5.35670626451315e-06,1.0694138887691009e-05,1.9964019603869312,1.9963912662480434,False
2024-10-01,static_bucket,conservative,static_bucket:conservative,0.01594698847995485,0.001,1.594698847995485e-05,3.260849186608824e-05,2.0448056325541764,2.04477302406231,False
2024-11-01,static_bucket,conservative,static_bucket:conservative,0.019309309741460674,0.001,1.9309309741460675e-05,3.8486767365438374e-05,1.9931715778943737,1.9931330911270082,False
2024-12-02,static_bucket,conservative,static_bucket:conservative,0.01656218228143449,0.001,1.656218228143449e-05,3.366062881100919e-05,2.032378839879171,2.03234517925036,False
2012-01-03,static_bucket,balanced,static_bucket:balanced,1.0,0.001,0.001,0.001,1.0,0.999,True
2012-02-01,static_bucket,balanced,static_bucket:balanced,0.026137909926243007,0.001,2.6137909926243007e-05,2.7277078413894257e-05,1.0435829984442444,1.0435557213658306,False
2012-03-01,static_bucket,balanced,static_bucket:balanced,0.027160738882805763,0.001,2.7160738882805764e-05,2.899286554970321e-05,1.067454964123133,1.0674259712575833,False
2012-04-02,static_bucket,balanced,static_bucket:balanced,0.025864729417584144,0.001,2.5864729417584145e-05,2.7944380920110093e-05,1.0804049201114818,1.0803769757305617,False
2012-05-01,static_bucket,balanced,static_bucket:balanced,0.016647971101710693,0.001,1.6647971101710694e-05,1.7917181059357734e-05,1.0762381163381898,1.0762201991571305,False
2012-06-01,static_bucket,balanced,static_bucket:balanced,0.0644341550908396,0.001,6.443415509083961e-05,6.547722367011666e-05,1.0161881315554853,1.0161226543318151,False
2012-07-02,static_bucket,balanced,static_bucket:balanced,0.03890891658348038,0.001,3.890891658348038e-05,4.13175909894553e-05,1.0619054606880927,1.0618641430971032,False
2012-08-01,static_bucket,balanced,static_bucket:balanced,0.0034351785726535605,0.001,3.4351785726535604e-06,3.6649680166710475e-06,1.0668930127379033,1.0668893477698866,False
2012-09-04,static_bucket,balanced,static_bucket:balanced,0.018640498804603757,0.001,1.8640498804603756e-05,2.0283691872697926e-05,1.0881517756213874,1.0881314919295146,False
2012-10-01,static_bucket,balanced,static_bucket:balanced,0.020424066094096173,0.001,2.0424066094096172e-05,2.2641281152764754e-05,1.1085589445536261,1.1085363032724733,False
2012-11-01,static_bucket,balanced,static_bucket:balanced,0.012637903361694874,0.001,1.2637903361694874e-05,1.3868147497032342e-05,1.0973455881191736,1.0973317199716766,False
2012-12-03,static_bucket,balanced,static_bucket:balanced,0.00711653484169697,0.001,7.11653484169697e-06,7.824413393389126e-06,1.0994695546974036,1.0994617302840102,False
2013-01-02,static_bucket,balanced,static_bucket:balanced,0.027344716287907807,0.001,2.7344716287907806e-05,3.0823648580255217e-05,1.1272250278890565,1.1271942042404763,False
2013-02-01,static_bucket,balanced,static_bucket:balanced,0.017205049165491364,0.001,1.7205049165491365e-05,1.9519044694317567e-05,1.1344951418951736,1.1344756228504793,False
2013-03-01,static_bucket,balanced,static_bucket:balanced,0.014885949083968779,0.001,1.488594908396878e-05,1.6845749579801873e-05,1.1316543866150715,1.1316375408654917,False
2013-04-01,static_bucket,balanced,static_bucket:balanced,0.01297792294828537,0.001,1.297792294828537e-05,1.482505071902115e-05,1.1423284587292006,1.1423136336784816,False
2013-05-01,static_bucket,balanced,static_bucket:balanced,0.015438716987886576,0.001,1.5438716987886577e-05,1.7938118613059428e-05,1.1618917962635051,1.1618738581448922,False
2013-06-03,static_bucket,balanced,static_bucket:balanced,0.030837901998115445,0.001,3.0837901998115444e-05,3.570481729551206e-05,1.1578225165153595,1.157786811698064,False
2013-07-01,static_bucket,balanced,static_bucket:balanced,0.01600544016570793,0.001,1.600544016570793e-05,1.800276756244157e-05,1.1247905322224732,1.1247725294549107,False
2013-08-01,static_bucket,balanced,static_bucket:balanced,0.02879556703354748,0.001,2.8795567033547477e-05,3.336406979718976e-05,1.1586529884381118,1.1586196243683147,False
2013-09-03,static_bucket,balanced,static_bucket:balanced,0.017744944411822873,0.001,1.7744944411822873e-05,2.0237955668815757e-05,1.140491353432016,1.1404711154763472,False
2013-10-01,static_bucket,balanced,static_bucket:balanced,0.023729165320413706,0.001,2.3729165320413706e-05,2.8013684820152003e-05,1.1805592165541707,1.1805312028693504,False
2013-11-01,static_bucket,balanced,static_bucket:balanced,0.01278291600638514,0.001,1.278291600638514e-05,1.543832717019825e-05,1.2077312533765157,1.2077158150493454,False
2013-12-02,static_bucket,balanced,static_bucket:balanced,0.02137487195319971,0.001,2.137487195319971e-05,2.5788725552768857e-05,1.2064973118544655,1.2064715231289127,False
2014-01-02,static_bucket,balanced,static_bucket:balanced,0.013362086673091682,0.001,1.3362086673091683e-05,1.6193942914921367e-05,1.2119321862753984,1.2119159923324834,False
2014-02-03,static_bucket,balanced,static_bucket:balanced,0.03800490490789459,0.001,3.800490490789459e-05,4.532407333819149e-05,1.1925848373528365,1.1925395132794983,False
2014-03-03,static_bucket,balanced,static_bucket:balanced,0.025873834259566707,0.001,2.5873834259566707e-05,3.213671882186121e-05,1.2420547530553512,1.2420226163365293,False
2014-04-01,static_bucket,balanced,static_bucket:balanced,0.020930038976964473,0.001,2.0930038976964473e-05,2.6186372778228387e-05,1.2511382710299306,1.2511120846571524,False
2014-05-01,static_bucket,balanced,static_bucket:balanced,0.01014090058969426,0.001,1.014090058969426e-05,1.2738305517682988e-05,1.2561315836808769,1.2561188453753591,False
2014-06-02,static_bucket,balanced,static_bucket:balanced,0.01242439920164519,0.001,1.242439920164519e-05,1.5897668615286804e-05,1.279552303276097,1.2795364056074816,False
2014-07-01,static_bucket,balanced,static_bucket:balanced,0.01594395854753574,0.001,1.594395854753574e-05,2.0828876649799913e-05,1.3063805069299539,1.306359678053304,False
2014-08-01,static_bucket,balanced,static_bucket:balanced,0.014004530582092625,0.001,1.4004530582092625e-05,1.815463889161791e-05,1.296340408212751,1.2963222535738594,False
2014-09-02,static_bucket,balanced,static_bucket:balanced,0.019159629958299756,0.001,1.9159629958299756e-05,2.5408758341371765e-05,1.326161225277994,1.3261358165196526,False
2014-10-01,static_bucket,balanced,static_bucket:balanced,0.0233924590128258,0.001,2.33924590128258e-05,3.0159016086178752e-05,1.2892623246509882,1.289232165634902,False
2014-11-03,static_bucket,balanced,static_bucket:balanced,0.022560592880941317,0.001,2.2560592880941316e-05,2.9743699141289695e-05,1.3183917327995625,1.318361989100421,False
2014-12-01,static_bucket,balanced,static_bucket:balanced,0.011340854552538665,0.001,1.1340854552538666e-05,1.51399327258942e-05,1.3349904679365723,1.3349753280038463,False
2015-01-02,static_bucket,balanced,static_bucket:balanced,0.017727568138196557,0.001,1.7727568138196558e-05,2.3518641814489604e-05,1.326670507265763,1.3266469886239485,False
2015-02-02,static_bucket,balanced,static_bucket:balanced,0.019931824867641355,0.001,1.9931824867641357e-05,2.6858056081331916e-05,1.3474960902819821,1.347469232225901,False
2015-03-02,static_bucket,balanced,static_bucket:balanced,0.03871340349610567,0.001,3.871340349610567e-05,5.3055254777897374e-05,1.3704621652093805,1.3704091099546025,False
2015-04-01,static_bucket,balanced,static_bucket:balanced,0.018666617261522002,0.001,1.8666617261522004e-05,2.54348173627639e-05,1.3625831079310426,1.3625576731136797,False
2015-05-01,static_bucket,balanced,static_bucket:balanced,0.027588070884415436,0.001,2.7588070884415437e-05,3.808184133887081e-05,1.3803734773054874,1.3803353954641486,False
2015-06-01,static_bucket,balanced,static_bucket:balanced,0.010907434046634142,0.001,1.0907434046634142e-05,1.4993707614916893e-05,1.3746319758443746,1.3746169821367598,False
2015-07-01,static_bucket,balanced,static_bucket:balanced,0.005224121732917905,0.001,5.224121732917905e-06,7.046062425794527e-06,1.348755405410315,1.3487483593478893,False
2015-08-03,static_bucket,balanced,static_bucket:balanced,0.02438627227062544,0.001,2.438627227062544e-05,3.309851410446776e-05,1.3572600903146923,1.357226991800588,False
2015-09-01,static_bucket,balanced,static_bucket:balanced,0.05156780003802006,0.001,5.156780003802006e-05,6.617637116340888e-05,1.283288624192193,1.2832224478210297,False
2015-10-01,static_bucket,balanced,static_bucket:balanced,0.008247648565860653,0.001,8.247648565860654e-06,1.067907787619754e-05,1.2948027296411802,1.294792050563304,False
2015-11-02,static_bucket,balanced,static_bucket:balanced,0.04442748249622654,0.001,4.4427482496226546e-05,6.071819694689766e-05,1.3666810166894954,1.3666202984925484,False
2015-12-01,static_bucket,balanced,static_bucket:balanced,0.01237259859271947,0.001,1.2372598592719469e-05,1.680934399091005e-05,1.3585944670347052,1.3585776576907143,False
2016-01-04,static_bucket,balanced,static_bucket:balanced,0.0227893515761187,0.001,2.27893515761187e-05,3.005740312247556e-05,1.318923139260055,1.3188930818569327,False
2016-02-01,static_bucket,balanced,static_bucket:balanced,0.029862424482037436,0.001,2.9862424482037437e-05,3.8839577466659226e-05,1.300617017550656,1.3005781779731893,False
2016-03-01,static_bucket,balanced,static_bucket:balanced,0.013119247184639804,0.001,1.3119247184639804e-05,1.7366788063518186e-05,1.3237640711466632,1.3237467043585998,False
2016-04-01,static_bucket,balanced,static_bucket:balanced,0.02291716675867303,0.001,2.291716675867303e-05,3.1390846364832666e-05,1.369752495820748,1.3697211049743834,False
2016-05-02,static_bucket,balanced,static_bucket:balanced,0.015239919996189122,0.001,1.5239919996189122e-05,2.0915159006782563e-05,1.3723929661056347,1.372372050946628,False
2016-06-01,static_bucket,balanced,static_bucket:balanced,0.015896501751280823,0.001,1.589650175128082e-05,2.1838406551313817e-05,1.3737869433791772,1.3737651049726258,False
2016-07-01,static_bucket,balanced,static_bucket:balanced,0.02666007470750808,0.001,2.666007470750808e-05,3.7334927745104134e-05,1.40040596865206,1.4003686337243149,False
2016-08-01,static_bucket,balanced,static_bucket:balanced,0.022067887742605485,0.001,2.2067887742605484e-05,3.1767301679787186e-05,1.4395261590195365,1.4394943917178566,False
2016-09-01,static_bucket,balanced,static_bucket:balanced,0.009678281447434864,0.001,9.678281447434864e-06,1.3947594090307783e-05,1.441123009912515,1.4411090623184246,False
2016-10-03,static_bucket,balanced,static_bucket:balanced,0.009426452296541842,0.001,9.426452296541841e-06,1.3629795255939037e-05,1.4459093227405628,1.4458956929453068,False
2016-11-01,static_bucket,balanced,static_bucket:balanced,0.006883932007723845,0.001,6.883932007723845e-06,9.756978638809155e-06,1.417355463107672,1.417345706129033,False
2016-12-01,static_bucket,balanced,static_bucket:balanced,0.02674797377020939,0.001,2.674797377020939e-05,3.72127002612792e-05,1.3912343634314805,1.3911971507312193,False
2017-01-03,static_bucket,balanced,static_bucket:balanced,0.015780658400472623,0.001,1.5780658400472625e-05,2.2451227041058377e-05,1.4227053441817086,1.4226828929546675,False
2017-02-01,static_bucket,balanced,static_bucket:balanced,0.02083218084479884,0.001,2.0832180844798842e-05,3.0240593699449664e-05,1.4516288008799527,1.4515985602862533,False
2017-03-01,static_bucket,balanced,static_bucket:balanced,0.018850192312689876,0.001,1.8850192312689876e-05,2.8119781289650173e-05,1.4917503664257072,1.4917222466444175,False
2017-04-03,static_bucket,balanced,static_bucket:balanced,0.010117508169072087,0.001,1.0117508169072087e-05,1.5190891997468207e-05,1.5014459829056326,1.5014307920136352,False
2017-05-01,static_bucket,balanced,static_bucket:balanced,0.010768414097764627,0.001,1.0768414097764628e-05,1.6414741826671305e-05,1.524341623348119,1.5243252086062924,False
2017-06-01,static_bucket,balanced,static_bucket:balanced,0.010747278333848732,0.001,1.0747278333848733e-05,1.670387506211664e-05,1.554242343338918,1.554225639463856,False
2017-07-03,static_bucket,balanced,static_bucket:balanced,0.013177660759905188,0.001,1.3177660759905188e-05,2.0308330887362316e-05,1.5411180525418557,1.5410977442109683,False
2017-08-01,static_bucket,balanced,static_bucket:balanced,0.01692174201102413,0.001,1.692174201102413e-05,2.679073343604371e-05,1.5832136796903153,1.5831868889568792,False
2017-09-01,static_bucket,balanced,static_bucket:balanced,0.009376314899603853,0.001,9.376314899603854e-06,1.4994311076632782e-05,1.599168888543439,1.5991538942323624,False
2017-10-02,static_bucket,balanced,static_bucket:balanced,0.01225155473343361,0.001,1.225155473343361e-05,1.9596050227205363e-05,1.5994745690299332,1.599454972979706,False
2017-11-01,static_bucket,balanced,static_bucket:balanced,0.015084528000311369,0.001,1.5084528000311369e-05,2.45400689877107e-05,1.626837047019579,1.6268125069505912,False
2017-12-01,static_bucket,balanced,static_bucket:balanced,0.011034494876989064,0.001,1.1034494876989063e-05,1.8091569466418625e-05,1.6395466822995342,1.6395285907300678,False
2018-01-02,static_bucket,balanced,static_bucket:balanced,0.01632450514252968,0.001,1.6324505142529678e-05,2.7239706716825016e-05,1.6686390477992705,1.6686118080925536,False
2018-02-01,static_bucket,balanced,static_bucket:balanced,0.033992587674495284,0.001,3.3992587674495285e-05,5.785731074442084e-05,1.7020566747800525,1.7019988174693081,False
2018-03-01,static_bucket,balanced,static_bucket:balanced,0.02186990620655252,0.001,2.186990620655252e-05,3.61478117365614e-05,1.6528562763442958,1.6528201285325592,False
2018-04-02,static_bucket,balanced,static_bucket:balanced,0.022164675838431534,0.001,2.2164675838431534e-05,3.617954991550747e-05,1.632306746971477,1.6322705674215614,False
2018-05-01,static_bucket,balanced,static_bucket:balanced,0.02439155192622639,0.001,2.4391551926226392e-05,4.02201681041924e-05,1.6489384613919007,1.6488982412237965,False
2018-06-01,static_bucket,balanced,static_bucket:balanced,0.020833502400348057,0.001,2.0833502400348058e-05,3.4987267997144776e-05,1.6793752353689824,1.6793402481009851,False
2018-07-02,static_bucket,balanced,static_bucket:balanced,0.019834126667483,0.001,1.9834126667483e-05,3.299594109812251e-05,1.6635943518611085,1.6635613559200104,False
2018-08-01,static_bucket,balanced,static_bucket:balanced,0.016866906505798543,0.001,1.6866906505798544e-05,2.8500918613265646e-05,1.6897537555844953,1.6897252546658819,False
2018-09-04,static_bucket,balanced,static_bucket:balanced,0.022358922972541592,0.001,2.2358922972541594e-05,3.8119421166437736e-05,1.7048862869312265,1.70484816751006,False
2018-10-01,static_bucket,balanced,static_bucket:balanced,0.01022742828068119,0.001,1.022742828068119e-05,1.7462107799027266e-05,1.7073801272223845,1.7073626651145855,False
2018-11-01,static_bucket,balanced,static_bucket:balanced,0.03486272610131081,0.001,3.486272610131081e-05,5.736078794910156e-05,1.6453328343403657,1.6452754735524167,False
2018-12-03,static_bucket,balanced,static_bucket:balanced,0.009917638348014825,0.001,9.917638348014825e-06,1.654368522084917e-05,1.6681073296205295,1.6680907859353087,False
2019-01-02,static_bucket,balanced,static_bucket:balanced,0.05610540456508729,0.001,5.610540456508729e-05,8.97111893066091e-05,1.598975891930983,1.5988861807416763,False
2019-02-01,static_bucket,balanced,static_bucket:balanced,0.03614084274573901,0.001,3.6140842745739014e-05,6.085694089525113e-05,1.6838827285627183,1.683821871621823,False
2019-03-01,static_bucket,balanced,static_bucket:balanced,0.02015993529272895,0.001,2.015993529272895e-05,3.446326953275289e-05,1.7094930629654699,1.7094585996959373,False
2019-04-01,static_bucket,balanced,static_bucket:balanced,0.00887197445643998,0.001,8.871974456439982e-06,1.555741217918779e-05,1.7535456459632828,1.7535300885511036,False
2019-05-01,static_bucket,balanced,static_bucket:balanced,0.012324951236749072,0.001,1.2324951236749072e-05,2.1862311985422917e-05,1.7738254347194882,1.7738035724075027,False
2019-06-03,static_bucket,balanced,static_bucket:balanced,0.048196409763057946,0.001,4.819640976305795e-05,8.331663577657859e-05,1.728689671827795,1.7286063551920186,False
2019-07-01,static_bucket,balanced,static_bucket:balanced,0.03422332892206323,0.001,3.422332892206323e-05,6.225288649210696e-05,1.8190190274556701,1.818956774569178,False
2019-08-01,static_bucket,balanced,static_bucket:balanced,0.01690029182143908,0.001,1.690029182143908e-05,3.070702046081707e-05,1.8169520849257341,1.8169213779052733,False
2019-09-03,static_bucket,balanced,static_bucket:balanced,0.02566121059930744,0.001,2.566121059930744e-05,4.6793929752196305e-05,1.8235277549009792,1.823480960971227,False
2019-10-01,static_bucket,balanced,static_bucket:balanced,0.012580992989606452,0.001,1.2580992989606451e-05,2.3017933893768656e-05,1.8295800588065254,1.8295570408726316,False
2019-11-01,static_bucket,balanced,static_bucket:balanced,0.024694975505200757,0.001,2.4694975505200758e-05,4.663023879535233e-05,1.8882480278440452,1.8882013976052499,False
2019-12-02,static_bucket,balanced,static_bucket:balanced,0.0135279858708897,0.001,1.35279858708897e-05,2.5544577057372404e-05,1.888276444192679,1.8882508996156215,False
2020-01-02,static_bucket,balanced,static_bucket:balanced,0.027276977481197798,0.001,2.7276977481197798e-05,5.345166823072638e-05,1.9595891175102143,1.9595356658419836,False
2020-02-03,static_bucket,balanced,static_bucket:balanced,0.025592121463404123,0.001,2.5592121463404125e-05,5.040312089912628e-05,1.9694780274937758,1.9694276243728768,False
2020-03-02,static_bucket,balanced,static_bucket:balanced,0.02963703323127495,0.001,2.963703323127495e-05,5.7445775598496794e-05,1.9383105977651036,1.9382531519895052,False
2020-04-01,static_bucket,balanced,static_bucket:balanced,0.1123857396213163,0.001,0.0001123857396213163,0.0001938698068260565,1.7250392040778548,1.7248453342710286,False
2020-05-01,static_bucket,balanced,static_bucket:balanced,0.05078296566436656,0.001,5.078296566436656e-05,9.504908966095518e-05,1.8716726842845515,1.8715776351948905,False
2020-06-01,static_bucket,balanced,static_bucket:balanced,0.03867819724647928,0.001,3.867819724647928e-05,7.655083282318435e-05,1.9791727193322708,1.9790961684994477,False
2020-07-01,static_bucket,balanced,static_bucket:balanced,0.02079765486979604,0.001,2.079765486979604e-05,4.225460455371341e-05,2.031700440181783,2.031658185577229,False
2020-08-03,static_bucket,balanced,static_bucket:balanced,0.028225496615185773,0.001,2.8225496615185774e-05,5.9896362912066884e-05,2.1220658657903533,2.122005969427441,False
2020-09-01,static_bucket,balanced,static_bucket:balanced,0.03739473044480204,0.001,3.7394730444802044e-05,8.235501839837583e-05,2.202316139701533,2.2022337846831346,False
2020-10-01,static_bucket,balanced,static_bucket:balanced,0.020210297648226523,0.001,2.0210297648226522e-05,4.348339966520409e-05,2.1515467224709486,2.1515032390712836,False
2020-11-02,static_bucket,balanced,static_bucket:balanced,0.013982980967809526,0.001,1.3982980967809527e-05,2.9575370989453158e-05,2.115097707530258,2.1150681321592684,False
2020-12-01,static_bucket,balanced,static_bucket:balanced,0.054276697995608005,0.001,5.427669799560801e-05,0.00012266751874124372,2.2600401879858243,2.259917520467083,False
2021-01-04,static_bucket,balanced,static_bucket:balanced,0.01639539307234906,0.001,1.6395393072349058e-05,3.773103089056659e-05,2.301319079333342,2.3012813483024517,False
2021-02-01,static_bucket,balanced,static_bucket:balanced,0.023777209133982874,0.001,2.3777209133982873e-05,5.549044466594755e-05,2.3337661015328948,2.333710611088229,False
2021-03-01,static_bucket,balanced,static_bucket:balanced,0.022373865660205362,0.001,2.2373865660205364e-05,5.222630200151903e-05,2.3342547414329857,2.3342025151309844,False
2021-04-01,static_bucket,balanced,static_bucket:balanced,0.018387901220082048,0.001,1.838790122008205e-05,4.31242297310341e-05,2.3452502389960994,2.3452071147663682,False
2021-05-03,static_bucket,balanced,static_bucket:balanced,0.016310042715118635,0.001,1.6310042715118634e-05,3.915532133778588e-05,2.400687847462886,2.4006486921415484,False
2021-06-01,static_bucket,balanced,static_bucket:balanced,0.015413072563381904,0.001,1.5413072563381905e-05,3.7383183060179995e-05,2.425420558195144,2.4253831750120836,False
2021-07-01,static_bucket,balanced,static_bucket:balanced,0.023072161723756174,0.001,2.3072161723756174e-05,5.676223286666231e-05,2.460204359967591,2.4601475977347245,False
2021-08-02,static_bucket,balanced,static_bucket:balanced,0.013566025703262118,0.001,1.3566025703262119e-05,3.382122169912349e-05,2.4930825312376315,2.493048710015932,False
2021-09-01,static_bucket,balanced,static_bucket:balanced,0.017593959511627615,0.001,1.7593959511627615e-05,4.4622891875701114e-05,2.5362620532467655,2.5362174303548897,False
2021-10-01,static_bucket,balanced,static_bucket:balanced,0.016748613252109412,0.001,1.6748613252109412e-05,4.1107495868403296e-05,2.454382058360921,2.4543409508650527,False
2021-11-01,static_bucket,balanced,static_bucket:balanced,0.029028592400500403,0.001,2.9028592400500403e-05,7.347959155587601e-05,2.5312833134344244,2.5312098338428686,False
2021-12-01,static_bucket,balanced,static_bucket:balanced,0.020900848895867803,0.001,2.0900848895867805e-05,5.217041682780102e-05,2.496090808929553,2.496038638512725,False
2022-01-03,static_bucket,balanced,static_bucket:balanced,0.030429158425502506,0.001,3.0429158425502507e-05,7.799098224933842e-05,2.563034480242957,2.5629564892607077,False
2022-02-01,static_bucket,balanced,static_bucket:balanced,0.029126095605552405,0.001,2.9126095605552404e-05,7.188421254599703e-05,2.4680346284482257,2.4679627442356797,False
2022-03-01,static_bucket,balanced,static_bucket:balanced,0.03417467772858314,0.001,3.417467772858314e-05,8.17794645387674e-05,2.3929842203125853,2.3929024408480464,False
2022-04-01,static_bucket,balanced,static_bucket:balanced,0.04524514770858674,0.001,4.524514770858674e-05,0.00010953727276625888,2.420972818384028,2.420863281111262,False
2022-05-02,static_bucket,balanced,static_bucket:balanced,0.026595229117102465,0.001,2.6595229117102466e-05,5.9745978268641385e-05,2.2464923315972047,2.246432585618936,False
2022-06-01,static_bucket,balanced,static_bucket:balanced,0.01585850111061035,0.001,1.5858501110610353e-05,3.5386221355832017e-05,2.2313723793326448,2.231336993111289,False
2022-07-01,static_bucket,balanced,static_bucket:balanced,0.03281027763524858,0.001,3.2810277635248585e-05,7.02633744934221e-05,2.1415050270082774,2.141434763633784,False
2022-08-01,static_bucket,balanced,static_bucket:balanced,0.0341023672884912,0.001,3.41023672884912e-05,7.656423095835297e-05,2.245129504079669,2.2450529398487107,False
2022-09-01,static_bucket,balanced,static_bucket:balanced,0.012256661907289051,0.001,1.2256661907289052e-05,2.6303557482140612e-05,2.1460620910574235,2.146035787499941,False
2022-10-03,static_bucket,balanced,static_bucket:balanced,0.02864603579387811,0.001,2.864603579387811e-05,5.787647823275402e-05,2.02040096050996,2.0203430840317274,False
2022-11-01,static_bucket,balanced,static_bucket:balanced,0.026199663055273076,0.001,2.6199663055273075e-05,5.313288679183726e-05,2.0279988593648524,2.0279457264780607,False
2022-12-01,static_bucket,balanced,static_bucket:balanced,0.024304071708803048,0.001,2.430407170880305e-05,5.286395880126116e-05,2.175107094590804,2.1750542306320026,False
2023-01-03,static_bucket,balanced,static_bucket:balanced,0.03125700633056018,0.001,3.125700633056018e-05,6.543122124203971e-05,2.0933297498189125,2.0932643185976705,False
2023-02-01,static_bucket,balanced,static_bucket:balanced,0.02896433415854581,0.001,2.896433415854581e-05,6.531266129089516e-05,2.2549339796104,2.2548686669491094,False
2023-03-01,static_bucket,balanced,static_bucket:balanced,0.010699335356491056,0.001,1.0699335356491056e-05,2.305042703046047e-05,2.154379338757362,2.154356288330332,False
2023-04-03,static_bucket,balanced,static_bucket:balanced,0.021146397768045937,0.001,2.1146397768045935e-05,4.777539423613927e-05,2.2592686830251574,2.259220907630921,False
2023-05-01,static_bucket,balanced,static_bucket:balanced,0.009739557460124594,0.001,9.739557460124594e-06,2.201858717184451e-05,2.2607379505683247,2.260715931981153,False
2023-06-01,static_bucket,balanced,static_bucket:balanced,0.0269831539984876,0.001,2.6983153998487603e-05,6.190126446758728e-05,2.2940707550739554,2.294008853809488,False
2023-07-03,static_bucket,balanced,static_bucket:balanced,0.03000761856141841,0.001,3.000761856141841e-05,7.040496543538921e-05,2.346236349655242,2.3461659446898064,False
2023-08-01,static_bucket,balanced,static_bucket:balanced,0.015692255723086662,0.001,1.5692255723086663e-05,3.73543960333722e-05,2.380435081644502,2.380397727248469,False
2023-09-01,static_bucket,balanced,static_bucket:balanced,0.009743484388665936,0.001,9.743484388665937e-06,2.283841494449121e-05,2.3439679311292263,2.3439450927142818,False
2023-10-02,static_bucket,balanced,static_bucket:balanced,0.010526423423462244,0.001,1.0526423423462244e-05,2.3591040512377753e-05,2.2411259326502018,2.2411023416096896,False
2023-11-01,static_bucket,balanced,static_bucket:balanced,0.011032653133126437,0.001,1.1032653133126437e-05,2.466234256074475e-05,2.235395445062445,2.235370782719884,False
2023-12-01,static_bucket,balanced,static_bucket:balanced,0.02061670328912691,0.001,2.061670328912691e-05,4.937922019774342e-05,2.3951074769449505,2.395058097724753,False
2024-01-02,static_bucket,balanced,static_bucket:balanced,0.008885250200920514,0.001,8.885250200920514e-06,2.18944718230492e-05,2.4641367803892487,2.4641148859174256,False
2024-02-01,static_bucket,balanced,static_bucket:balanced,0.018586379858402308,0.001,1.858637985840231e-05,4.648540255373815e-05,2.5010466216595475,2.5010001362569936,False
2024-03-01,static_bucket,balanced,static_bucket:balanced,0.02841960572797087,0.001,2.841960572797087e-05,7.252638984119328e-05,2.5519843778062006,2.5519118514163592,False
2024-04-01,static_bucket,balanced,static_bucket:balanced,0.01457685881900174,0.001,1.457685881900174e-05,3.753583164174571e-05,2.575028825333458,2.5749912895018165,False
2024-05-01,static_bucket,balanced,static_bucket:balanced,0.01865988797040389,0.001,1.865988797040389e-05,4.6736123061873084e-05,2.5046304209328802,2.5045836848098184,False
2024-06-03,static_bucket,balanced,static_bucket:balanced,0.01896921894455709,0.001,1.896921894455709e-05,4.946552024828776e-05,2.6076730092506573,2.607623543730409,False
2024-07-01,static_bucket,balanced,static_bucket:balanced,0.023430553423574536,0.001,2.3430553423574536e-05,6.214155100189063e-05,2.6521589088615896,2.6520967673105877,False
2024-08-01,static_bucket,balanced,static_bucket:balanced,0.031535452964982544,0.001,3.153545296498254e-05,8.44934522893356e-05,2.6793162724873003,2.679231779035011,False
2024-09-03,static_bucket,balanced,static_bucket:balanced,0.007873414470423619,0.001,7.87341447042362e-06,2.1458832890993638e-05,2.725479900950657,2.725458442117766,False
2024-10-01,static_bucket,balanced,static_bucket:balanced,0.017909052249947016,0.001,1.7909052249947015e-05,5.038844360853692e-05,2.8135739906999264,2.8135236022563177,False
2024-11-01,static_bucket,balanced,static_bucket:balanced,0.024128977087410526,0.001,2.4128977087410527e-05,6.66216320651912e-05,2.7610632570060973,2.760996635374032,False
2024-12-02,static_bucket,balanced,static_bucket:balanced,0.024878748775609374,0.001,2.4878748775609375e-05,7.027141516055455e-05,2.8245558405833995,2.824485569168239,False
2012-01-03,static_bucket,growth,static_bucket:growth,1.0,0.001,0.001,0.001,1.0,0.999,True
2012-02-01,static_bucket,growth,static_bucket:growth,0.022107697026541778,0.001,2.2107697026541778e-05,2.3342893023045104e-05,1.055871762446373,1.0558484195533497,False
2012-03-01,static_bucket,growth,static_bucket:growth,0.01840336410405305,0.001,1.840336410405305e-05,2.0145210136745266e-05,1.094648240552313,1.0946280953421763,False
2012-04-02,static_bucket,growth,static_bucket:growth,0.026312216713601275,0.001,2.6312216713601276e-05,2.94381326116598e-05,1.1188009331210274,1.1187714949884158,False
2012-05-01,static_bucket,growth,static_bucket:growth,0.012078420879269934,0.001,1.2078420879269934e-05,1.3356277430344384e-05,1.105796657017278,1.1057833007398477,False
2012-06-01,static_bucket,growth,static_bucket:growth,0.0331618594383627,0.001,3.3161859438362704e-05,3.3447609001776e-05,1.0086168136604163,1.0085833660514145,False
2012-07-02,static_bucket,growth,static_bucket:growth,0.02047299468419684,0.001,2.047299468419684e-05,2.19828849966766e-05,1.0737503396923778,1.073728356807381,False
2012-08-01,static_bucket,growth,static_bucket:growth,0.0032504663413235532,0.001,3.2504663413235533e-06,3.503417142406841e-06,1.0778198493759172,1.0778163459587748,False
2012-09-04,static_bucket,growth,static_bucket:growth,0.016805200164472373,0.001,1.680520016447237e-05,1.862465352842625e-05,1.1082672831115905,1.1082486584580622,False
2012-10-01,static_bucket,growth,static_bucket:growth,0.0189702883255835,0.001,1.89702883255835e-05,2.154646237080738e-05,1.1358004686597,1.1357789221973293,False
2012-11-01,static_bucket,growth,static_bucket:growth,0.016010194308238475,0.001,1.6010194308238476e-05,1.7940673685431823e-05,1.1205781354071367,1.1205601947334514,False
2012-12-03,static_bucket,growth,static_bucket:growth,0.006366906683218043,0.001,6.366906683218043e-06,7.128295203863091e-06,1.1195853117577368,1.119578183462533,False
2013-01-02,static_bucket,growth,static_bucket:growth,0.019141070132012564,0.001,1.9141070132012565e-05,2.224442685389695e-05,1.1621307847722768,1.162108540345423,False
2013-02-01,static_bucket,growth,static_bucket:growth,0.017648292461694498,0.001,1.7648292461694498e-05,2.0784652596357375e-05,1.1777146509482617,1.1776938662956653,False
2013-03-01,static_bucket,growth,static_bucket:growth,0.014021103662219717,0.001,1.4021103662219716e-05,1.6400504405568087e-05,1.1697013873279989,1.1696849868235932,False
2013-04-01,static_bucket,growth,static_bucket:growth,0.014038678140759243,0.001,1.4038678140759244e-05,1.663892497477992e-05,1.185220204348958,1.1852035654239832,False
2013-05-01,static_bucket,growth,static_bucket:growth,0.01698004954871595,0.001,1.6980049548715954e-05,2.0526138196950055e-05,1.2088385336014675,1.2088180074632706,False
2013-06-03,static_bucket,growth,static_bucket:growth,0.03302466235838646,0.001,3.302466235838646e-05,4.032354095908854e-05,1.221012966657888,1.2209726431169288,False
2013-07-01,static_bucket,growth,static_bucket:growth,0.017757677302438254,0.001,1.7757677302438255e-05,2.1058446305662445e-05,1.185878420190177,1.1858573617438715,False
2013-08-01,static_bucket,growth,static_bucket:growth,0.018930122003987804,0.001,1.8930122003987804e-05,2.3501330541704018e-05,1.2414780283377596,1.241454527007218,False
2013-09-03,static_bucket,growth,static_bucket:growth,0.019742997802573978,0.001,1.974299780257398e-05,2.4034448047930494e-05,1.2173656852049601,1.2173416507569121,False
2013-10-01,static_bucket,growth,static_bucket:growth,0.021749473122365394,0.001,2.1749473122365393e-05,2.7624031297468637e-05,1.2701011717411363,1.2700735477098388,False
2013-11-01,static_bucket,growth,static_bucket:growth,0.010271672510564461,0.001,1.0271672510564461e-05,1.3446857483429776e-05,1.3091205419175527,1.3091070950600692,False
2013-12-02,static_bucket,growth,static_bucket:growth,0.024957502339965125,0.001,2.4957502339965125e-05,3.2853849523594834e-05,1.3163917236615892,1.3163588698120656,False
2014-01-02,static_bucket,growth,static_bucket:growth,0.012365711200170618,0.001,1.2365711200170619e-05,1.644525039831147e-05,1.3299073649791013,1.329890919728703,False
2014-02-03,static_bucket,growth,static_bucket:growth,0.024777897623710576,0.001,2.4777897623710577e-05,3.184056600444782e-05,1.2850390492363162,1.2850072086703117,False
2014-03-03,static_bucket,growth,static_bucket:growth,0.012816750226994175,0.001,1.2816750226994175e-05,1.739905349062634e-05,1.3575245816978694,1.3575071826443788,False
2014-04-01,static_bucket,growth,static_bucket:growth,0.02067575866653837,0.001,2.067575866653837e-05,2.845683170191934e-05,1.3763379695456521,1.3763095127139502,False
2014-05-01,static_bucket,growth,static_bucket:growth,0.009954997351090615,0.001,9.954997351090615e-06,1.3695514132885539e-05,1.3757426194980487,1.3757289239839157,False
2014-06-02,static_bucket,growth,static_bucket:growth,0.010834406899747774,0.001,1.0834406899747774e-05,1.5264107637414696e-05,1.4088549358221025,1.4088396717144651,False
2014-07-01,static_bucket,growth,static_bucket:growth,0.011777839173805198,0.001,1.1777839173805199e-05,1.7075683157018123e-05,1.4498145971457759,1.4497975214626189,False
2014-08-01,static_bucket,growth,static_bucket:growth,0.014719529106381357,0.001,1.4719529106381358e-05,2.1079512485101075e-05,1.4320779104246257,1.4320568309121406,False
2014-09-02,static_bucket,growth,static_bucket:growth,0.018424342441699916,0.001,1.8424342441699917e-05,2.7238442103232013e-05,1.4783942596281263,1.4783670211860231,False
2014-10-01,static_bucket,growth,static_bucket:growth,0.02125229700555483,0.001,2.125229700555483e-05,3.0236806693495904e-05,1.4227547584899995,1.422724521683306,False
2014-11-03,static_bucket,growth,static_bucket:growth,0.019957551574525972,0.001,1.9957551574525974e-05,2.926107044902196e-05,1.466165342965772,1.4661360818953229,False
2014-12-01,static_bucket,growth,static_bucket:growth,0.013288557061801716,0.001,1.3288557061801717e-05,1.977760265880347e-05,1.4883183002355218,1.4882985226328629,False
2015-01-02,static_bucket,growth,static_bucket:growth,0.01705666289245237,0.001,1.705666289245237e-05,2.5102319028367473e-05,1.4717016562176024,1.471676553898574,False
2015-02-02,static_bucket,growth,static_bucket:growth,0.022605734281301644,0.001,2.2605734281301643e-05,3.3517804597279784e-05,1.48271249144975,1.4826789736451529,False
2015-03-02,static_bucket,growth,static_bucket:growth,0.029630565074840368,0.001,2.9630565074840367e-05,4.554968012160317e-05,1.5372531710601731,1.5372076213800514,False
2015-04-01,static_bucket,growth,static_bucket:growth,0.016761863013981505,0.001,1.6761863013981507e-05,2.5344661364897594e-05,1.512043222388642,1.512017877727277,False
2015-05-01,static_bucket,growth,static_bucket:growth,0.019676799661664912,0.001,1.967679966166491e-05,3.0498314364228173e-05,1.549963148918274,1.5499326506039097,False
2015-06-01,static_bucket,growth,static_bucket:growth,0.014182594650755914,0.001,1.4182594650755915e-05,2.1913850003690547e-05,1.545122775015118,1.5451008611651142,False
2015-07-01,static_bucket,growth,static_bucket:growth,0.004649779513361554,0.001,4.649779513361555e-06,7.040275180568672e-06,1.5141094669839323,1.514102426708752,False
2015-08-03,static_bucket,growth,static_bucket:growth,0.028052908955042706,0.001,2.8052908955042708e-05,4.267333713164662e-05,1.5211733371407026,1.5211306638035709,False
2015-09-01,static_bucket,growth,static_bucket:growth,0.030747540940158587,0.001,3.074754094015859e-05,4.312700889702544e-05,1.4026165208125096,1.4025733938036127,False
2015-10-01,static_bucket,growth,static_bucket:growth,0.008702699155547167,0.001,8.702699155547166e-06,1.2316328351531178e-05,1.4152308532555278,1.4152185369271764,False
2015-11-02,static_bucket,growth,static_bucket:growth,0.026093412189813946,0.001,2.6093412189813947e-05,3.9972485111109516e-05,1.5318995009289558,1.5318595284438445,False
2015-12-01,static_bucket,growth,static_bucket:growth,0.013302103011157466,0.001,1.3302103011157466e-05,2.02338577243941e-05,1.5211021676363847,1.5210819337786603,False
2016-01-04,static_bucket,growth,static_bucket:growth,0.01504860906801117,0.001,1.504860906801117e-05,2.1988072404139352e-05,1.4611365279519022,1.461114539879498,False
2016-02-01,static_bucket,growth,static_bucket:growth,0.01879488676857243,0.001,1.879488676857243e-05,2.667061795384055e-05,1.4190358410904287,1.4190091704724748,False
2016-03-01,static_bucket,growth,static_bucket:growth,0.01276133276625703,0.001,1.2761332766257031e-05,1.8473528031843955e-05,1.4476174526763275,1.4475989791482955,False
2016-04-01,static_bucket,growth,static_bucket:growth,0.01606806632575443,0.001,1.606806632575443e-05,2.430739162708931e-05,1.512776405965453,1.5127520985738259,False
2016-05-02,static_bucket,growth,static_bucket:growth,0.019643017048939664,0.001,1.9643017048939664e-05,2.9730481615644912e-05,1.513539470111582,1.5135097396299664,False
2016-06-01,static_bucket,growth,static_bucket:growth,0.020484234755406727,0.001,2.0484234755406726e-05,3.113204134395065e-05,1.5198049483265896,1.5197738162852457,False
2016-07-01,static_bucket,growth,static_bucket:growth,0.02931432909679848,0.001,2.931432909679848e-05,4.507522118539352e-05,1.5376514685548899,1.5376063933337045,False
2016-08-01,static_bucket,growth,static_bucket:growth,0.01707358920150682,0.001,1.707358920150682e-05,2.7320756533227942e-05,1.6001765188784538,1.6001491981219205,False
2016-09-01,static_bucket,growth,static_bucket:growth,0.009861536293073243,0.001,9.861536293073244e-06,1.583609053284829e-05,1.6058441668943186,1.6058283308037857,False
2016-10-03,static_bucket,growth,static_bucket:growth,0.011190286143312307,0.001,1.1190286143312307e-05,1.807709836393079e-05,1.615427714038776,1.6154096369404123,False
2016-11-01,static_bucket,growth,static_bucket:growth,0.004245696001230807,0.001,4.245696001230807e-06,6.7031701955940064e-06,1.5788153917875394,1.5788086886173438,False
2016-12-01,static_bucket,growth,static_bucket:growth,0.027463603286386584,0.001,2.7463603286386584e-05,4.3045065241661275e-05,1.5673495132009228,1.567306468135681,False
2017-01-03,static_bucket,growth,static_bucket:growth,0.010854308480531143,0.001,1.0854308480531143e-05,1.7522579256165545e-05,1.614343215654407,1.6143256930751508,False
2017-02-01,static_bucket,growth,static_bucket:growth,0.01944669551690758,0.001,1.944669551690758e-05,3.228490744416659e-05,1.660174471086723,1.660142186179279,False
2017-03-01,static_bucket,growth,static_bucket:growth,0.013570705968046437,0.001,1.3570705968046438e-05,2.3394647691729653e-05,1.7239079342529897,1.723884539605298,False
2017-04-03,static_bucket,growth,static_bucket:growth,0.01280287846712267,0.001,1.280287846712267e-05,2.217088292736963e-05,1.7317108011533233,1.7316886302703958,False
2017-05-01,static_bucket,growth,static_bucket:growth,0.011037654068427202,0.001,1.1037654068427203e-05,1.9509911061087533e-05,1.7675776881697085,1.7675581782586474,False
2017-06-01,static_bucket,growth,static_bucket:growth,0.010107257264345408,0.001,1.0107257264345408e-05,1.829986859850158e-05,1.8105672112509312,1.8105489113823328,False
2017-07-03,static_bucket,growth,static_bucket:growth,0.017423287728625482,0.001,1.7423287728625484e-05,3.120252332411254e-05,1.7908516354722503,1.7908204329489263,False
2017-08-01,static_bucket,growth,static_bucket:growth,0.01560584844565975,0.001,1.560584844565975e-05,2.89208965139322e-05,1.8532088540162384,1.8531799331197245,False
2017-09-01,static_bucket,growth,static_bucket:growth,0.01089595842823679,0.001,1.089595842823679e-05,2.0412423685277773e-05,1.8733940497037083,1.873373637280023,False
2017-10-02,static_bucket,growth,static_bucket:growth,0.014211093811625636,0.001,1.4211093811625636e-05,2.6748451317330132e-05,1.8822232596514203,1.8821965112001031,False
2017-11-01,static_bucket,growth,static_bucket:growth,0.0137856673491491,0.001,1.37856673491491e-05,2.6595534049429966e-05,1.9292162922436638,1.9291896967096145,False
2017-12-01,static_bucket,growth,static_bucket:growth,0.01183994284050062,0.001,1.183994284050062e-05,2.3107252176620793e-05,1.951635450264029,1.9516123430118524,False
2018-01-02,static_bucket,growth,static_bucket:growth,0.010916524917737758,0.001,1.0916524917737757e-05,2.1848233753497754e-05,2.001390911314421,2.0013690630806678,False
2018-02-01,static_bucket,growth,static_bucket:growth,0.02150653683612215,0.001,2.150653683612215e-05,4.466356863756708e-05,2.07674387456704,2.076699210998403,False
2018-03-01,static_bucket,growth,static_bucket:growth,0.01838478976682826,0.001,1.838478976682826e-05,3.672898048133598e-05,1.997791704292763,1.9977549753122819,False
2018-04-02,static_bucket,growth,static_bucket:growth,0.023081884122067332,0.001,2.3081884122067334e-05,4.504284564786322e-05,1.9514371274743643,1.9513920846287165,False
2018-05-01,static_bucket,growth,static_bucket:growth,0.02024295945372276,0.001,2.024295945372276e-05,4.033701039897868e-05,1.9926439358431134,1.9926035988327144,False
2018-06-01,static_bucket,growth,static_bucket:growth,0.023255184357999947,0.001,2.325518435799995e-05,4.7531377348026154e-05,2.0439045597879777,2.04385702841063,False
2018-07-02,static_bucket,growth,static_bucket:growth,0.02209207321715064,0.001,2.2092073217150643e-05,4.4582546718030136e-05,2.0180336304253945,2.0179890478786766,False
2018-08-01,static_bucket,growth,static_bucket:growth,0.010260843435164396,0.001,1.0260843435164396e-05,2.1207293572738167e-05,2.066817772509789,2.066796565216216,False
2018-09-04,static_bucket,growth,static_bucket:growth,0.02964358686224834,0.001,2.9643586862248343e-05,6.208034976406773e-05,2.0942253058832163,2.0941632255334524,False
2018-10-01,static_bucket,growth,static_bucket:growth,0.008208126233244371,0.001,8.20812623324437e-06,1.7292356027181914e-05,2.1067361217161595,2.1067188293601324,False
2018-11-01,static_bucket,growth,static_bucket:growth,0.024158043152730395,0.001,2.4158043152730397e-05,4.8202461720883176e-05,1.9952966147191944,1.9952484122574736,False
2018-12-03,static_bucket,growth,static_bucket:growth,0.011567411145141267,0.001,1.1567411145141268e-05,2.3413002534980697e-05,2.024048617379266,2.024025204376731,False
2019-01-02,static_bucket,growth,static_bucket:growth,0.03776410287838356,0.001,3.776410287838356e-05,7.108130048908184e-05,1.8822451765369297,1.8821740952364405,False
2019-02-01,static_bucket,growth,static_bucket:growth,0.018386106978610144,0.001,1.8386106978610144e-05,3.7116967964112505e-05,2.0187507886956872,2.018713671727723,False
2019-03-01,static_bucket,growth,static_bucket:growth,0.01841400886339594,0.001,1.8414008863395942e-05,3.807719523313047e-05,2.0678384329890136,2.0678003557937803,False
2019-04-01,static_bucket,growth,static_bucket:growth,0.0106910889306285,0.001,1.06910889306285e-05,2.2741474161176277e-05,2.1271429233017676,2.1271201818276064,False
2019-05-01,static_bucket,growth,static_bucket:growth,0.01324639085839608,0.001,1.324639085839608e-05,2.8659509656696523e-05,2.1635711918111644,2.163542532301508,False
2019-06-03,static_bucket,growth,static_bucket:growth,0.03486427958619502,0.001,3.486427958619502e-05,7.159687033779041e-05,2.0535881190598344,2.0535165221894967,False
2019-07-01,static_bucket,growth,static_bucket:growth,0.02598920081704225,0.001,2.598920081704225e-05,5.7273395203247595e-05,2.203738222134593,2.2036809487393896,False
2019-08-01,static_bucket,growth,static_bucket:growth,0.01815530564626535,0.001,1.8155305646265352e-05,3.9778769256938826e-05,2.191027241952357,2.1909874631830997,False
2019-09-03,static_bucket,growth,static_bucket:growth,0.019709539065486226,0.001,1.9709539065486226e-05,4.286333947782559e-05,2.174750984049366,2.174708120709888,False
2019-10-01,static_bucket,growth,static_bucket:growth,0.009151692071752822,0.001,9.151692071752822e-06,2.0074523268892275e-05,2.1935313285783886,2.1935112540551196,False
2019-11-01,static_bucket,growth,static_bucket:growth,0.014800593526176409,0.001,1.4800593526176409e-05,3.39558858851146e-05,2.2942246082942575,2.294190652408372,False
2019-12-02,static_bucket,growth,static_bucket:growth,0.016024226815710592,0.001,1.6024226815710593e-05,3.693651224590043e-05,2.3050417764735367,2.305004839961291,False
2020-01-02,static_bucket,growth,static_bucket:growth,0.018717811854559466,0.001,1.8717811854559468e-05,4.541379243837989e-05,2.4262340486832894,2.426188634890851,False
2020-02-03,static_bucket,growth,static_bucket:growth,0.026950257387227186,0.001,2.6950257387227188e-05,6.53413358387992e-05,2.4245162077660565,2.4244508664302176,False
2020-03-02,static_bucket,growth,static_bucket:growth,0.018363661578713678,0.001,1.8363661578713677e-05,4.313221499579893e-05,2.348780759812947,2.3487376275979512,False
2020-04-01,static_bucket,growth,static_bucket:growth,0.06381303078945155,0.001,6.381303078945155e-05,0.0001259407253875374,1.9735894664378755,1.9734635257124877,False
2020-05-01,static_bucket,growth,static_bucket:growth,0.03979983688484604,0.001,3.979983688484604e-05,8.782831095386936e-05,2.2067505253346997,2.206662697023746,False
2020-06-01,static_bucket,growth,static_bucket:growth,0.019340071540878932,0.001,1.934007154087893e-05,4.606870867367481e-05,2.3820340362392045,2.381987967530531,False
2020-07-01,static_bucket,growth,static_bucket:growth,0.022834939302462116,0.001,2.2834939302462117e-05,5.6391085206726775e-05,2.469508872337863,2.4694524812526564,False
2020-08-03,static_bucket,growth,static_bucket:growth,0.019628447759879347,0.001,1.9628447759879347e-05,5.1278201246384736e-05,2.61244301504053,2.6123917368392835,False
2020-09-01,static_bucket,growth,static_bucket:growth,0.0344773153356326,0.001,3.44773153356326e-05,9.544357099359626e-05,2.7683005496357342,2.7682051060647406,False
2020-10-01,static_bucket,growth,static_bucket:growth,0.01825067659382308,0.001,1.8250676593823082e-05,4.882219134551328e-05,2.6750893915920404,2.675040569400695,False
2020-11-02,static_bucket,growth,static_bucket:growth,0.01479235598151362,0.001,1.479235598151362e-05,3.872548358911649e-05,2.6179388623092024,2.617900136825613,False
2020-12-01,static_bucket,growth,static_bucket:growth,0.03156668607107413,0.001,3.156668607107413e-05,9.070950279223217e-05,2.873583327308883,2.873492617806091,False
2021-01-04,static_bucket,growth,static_bucket:growth,0.015104436868358835,0.001,1.5104436868358835e-05,4.440467166600907e-05,2.939842911921405,2.9397985072497392,False
2021-02-01,static_bucket,growth,static_bucket:growth,0.02060051829048972,0.001,2.0600518290489722e-05,6.198815600664494e-05,3.0090580796339443,3.008996091477938,False
2021-03-01,static_bucket,growth,static_bucket:growth,0.018869580465526677,0.001,1.8869580465526677e-05,5.736856916101346e-05,3.04026733746527,3.040209968896109,False
2021-04-01,static_bucket,growth,static_bucket:growth,0.018315495339330086,0.001,1.8315495339330087e-05,5.632206081099927e-05,3.0751044275638644,3.075048105503053,False
2021-05-03,static_bucket,growth,static_bucket:growth,0.012625718207893745,0.001,1.2625718207893745e-05,4.002390324104246e-05,3.1700298218297833,3.1699897979265423,False
2021-06-01,static_bucket,growth,static_bucket:growth,0.017197960008860327,0.001,1.7197960008860328e-05,5.511010186653589e-05,3.2044557516207366,3.20440064151887,False
2021-07-01,static_bucket,growth,static_bucket:growth,0.028894264917250882,0.001,2.889426491725088e-05,9.453057586523627e-05,3.271603418047096,3.2715088874712306,False
2021-08-02,static_bucket,growth,static_bucket:growth,0.01627466803444983,0.001,1.627466803444983e-05,5.387933395513189e-05,3.3106256816471706,3.3105718023132154,False
2021-09-01,static_bucket,growth,static_bucket:growth,0.01272996544298937,0.001,1.272996544298937e-05,4.3299031501421514e-05,3.401347136041685,3.4013038370101834,False
2021-10-01,static_bucket,growth,static_bucket:growth,0.011260506701131712,0.001,1.1260506701131712e-05,3.672951581726481e-05,3.2617995612553914,3.261762831739574,False
2021-11-01,static_bucket,growth,static_bucket:growth,0.021959441609559587,0.001,2.1959441609559587e-05,7.505501499116176e-05,3.417892691701601,3.41781763668661,False
2021-12-01,static_bucket,growth,static_bucket:growth,0.018364655521595184,0.001,1.8364655521595185e-05,6.146781415829575e-05,3.347071448523231,3.3470099807090725,False
2022-01-03,static_bucket,growth,static_bucket:growth,0.02106943855990325,0.001,2.106943855990325e-05,7.350946991006902e-05,3.4889145100412473,3.488841000571337,False
2022-02-01,static_bucket,growth,static_bucket:growth,0.028981451684441495,0.001,2.8981451684441496e-05,9.618436704839772e-05,3.3188250228346456,3.3187288384675973,False
2022-03-01,static_bucket,growth,static_bucket:growth,0.023841261245318525,0.001,2.3841261245318524e-05,7.55236868705993e-05,3.167772295831419,3.1676967721445486,False
2022-04-01,static_bucket,growth,static_bucket:growth,0.030013794271068622,0.001,3.0013794271068623e-05,9.84707704025241e-05,3.2808504487366204,3.2807519779662178,False
2022-05-02,static_bucket,growth,static_bucket:growth,0.0204819115396338,0.001,2.0481911539633803e-05,6.142983152968889e-05,2.9992235544430637,2.999162124611534,False
2022-06-01,static_bucket,growth,static_bucket:growth,0.01605170302741104,0.001,1.605170302741104e-05,4.748586140281892e-05,2.958306749242037,2.958259263380634,False
2022-07-01,static_bucket,growth,static_bucket:growth,0.01937770223513255,0.001,1.937770223513255e-05,5.3992610481867844e-05,2.7863267701563235,2.7862727775458414,False
2022-08-01,static_bucket,growth,static_bucket:growth,0.035232011194461656,0.001,3.5232011194461656e-05,0.00010438980966492333,2.96292508221424,2.9628206924045752,False
2022-09-01,static_bucket,growth,static_bucket:growth,0.013694298948549573,0.001,1.3694298948549573e-05,3.8804701043311655e-05,2.833639106981934,2.8336003022808907,False
2022-10-03,static_bucket,growth,static_bucket:growth,0.019510475793359544,0.001,1.9510475793359543e-05,5.136943647387945e-05,2.6329156202004675,2.6328642507639937,False
2022-11-01,static_bucket,growth,static_bucket:growth,0.025704629164854026,0.001,2.5704629164854025e-05,6.873401570262634e-05,2.673993671015743,2.67392493700004,False
2022-12-01,static_bucket,growth,static_bucket:growth,0.02535068426985456,0.001,2.535068426985456e-05,7.323226980639625e-05,2.8887689589302115,2.888695726660405,False
2023-01-03,static_bucket,growth,static_bucket:growth,0.033050212912319014,0.001,3.305021291231902e-05,9.063874689751224e-05,2.7424557638395086,2.742365125092611,False
2023-02-01,static_bucket,growth,static_bucket:growth,0.02310201060448608,0.001,2.310201060448608e-05,6.936119472910585e-05,3.002387797174541,3.002318435979812,False
2023-03-01,static_bucket,growth,static_bucket:growth,0.011802780490687219,0.001,1.180278049068722e-05,3.3895792546283985e-05,2.8718480846974046,2.871814188904858,False
2023-04-03,static_bucket,growth,static_bucket:growth,0.027400788471526945,0.001,2.7400788471526946e-05,8.290489259372574e-05,3.025638940276296,3.0255560353837025,False
2023-05-01,static_bucket,growth,static_bucket:growth,0.008115637582920422,0.001,8.115637582920422e-06,2.4670321371673487e-05,3.0398500573254825,3.0398253870041105,False
2023-06-01,static_bucket,growth,static_bucket:growth,0.036481180439754006,0.001,3.6481180439754005e-05,0.00011362374477555947,3.114585202723929,3.1144715789791535,False
2023-07-03,static_bucket,growth,static_bucket:growth,0.019526653550527455,0.001,1.9526653550527457e-05,6.317280292702071e-05,3.2352088781395048,3.2351457053365777,False
2023-08-01,static_bucket,growth,static_bucket:growth,0.010761867756673822,0.001,1.0761867756673823e-05,3.564535979827276e-05,3.3121908393798822,3.3121551940200837,False
2023-09-01,static_bucket,growth,static_bucket:growth,0.010154027301978244,0.001,1.0154027301978244e-05,3.302502449578525e-05,3.252406509617243,3.252373484592747,False
2023-10-02,static_bucket,growth,static_bucket:growth,0.007247527131045962,0.001,7.2475271310459625e-06,2.2444467717764716e-05,3.0968449392373,3.096822494769582,False
2023-11-01,static_bucket,growth,static_bucket:growth,0.010276606635350377,0.001,1.0276606635350376e-05,3.164281861059691e-05,3.079111591344672,3.0790799485260614,False
2023-12-01,static_bucket,growth,static_bucket:growth,0.012753244086575306,0.001,1.2753244086575306e-05,4.250182002186601e-05,3.3326281323671614,3.3325856305471397,False
2024-01-02,static_bucket,growth,static_bucket:growth,0.00801823003707628,0.001,8.018230037076281e-06,2.7551454419356965e-05,3.436101769587439,3.4360742181330197,False
2024-02-01,static_bucket,growth,static_bucket:growth,0.02246245741262394,0.001,2.246245741262394e-05,7.877444980665044e-05,3.5069381928968757,3.506859418447069,False
2024-03-01,static_bucket,growth,static_bucket:growth,0.017408608041189953,0.001,1.7408608041189955e-05,6.333592200908055e-05,3.6381956477636486,3.6381323118416393,False
2024-04-01,static_bucket,growth,static_bucket:growth,0.013060825585825574,0.001,1.3060825585825575e-05,4.8146722774738676e-05,3.6863460474497503,3.6862979007269754,False
2024-05-01,static_bucket,growth,static_bucket:growth,0.01869170529026467,0.001,1.869170529026467e-05,6.659447263147499e-05,3.5627820788593247,3.5627154843866933,False
2024-06-03,static_bucket,growth,static_bucket:growth,0.015364814520548123,0.001,1.5364814520548123e-05,5.754808498471148e-05,3.7454461235278558,3.745388575442871,False
2024-07-01,static_bucket,growth,static_bucket:growth,0.02473600082801195,0.001,2.4736000828011953e-05,9.522000642770204e-05,3.8494503250449204,3.8493551050384927,False
2024-08-01,static_bucket,growth,static_bucket:growth,0.024754977885275455,0.001,2.4754977885275455e-05,9.485813635562185e-05,3.8318812804128806,3.831786422276525,False
2024-09-03,static_bucket,growth,static_bucket:growth,0.009360183586434215,0.001,9.360183586434215e-06,3.647152686023764e-05,3.8964542226603434,3.896417751133483,False
2024-10-01,static_bucket,growth,static_bucket:growth,0.01586690036811149,0.001,1.586690036811149e-05,6.428181396954724e-05,4.051315157857653,4.051250876043683,False
2024-11-01,static_bucket,growth,static_bucket:growth,0.02394302289326576,0.001,2.3943022893265762e-05,9.606644418651657e-05,4.012293878461617,4.012197812017431,False
2024-12-02,static_bucket,growth,static_bucket:growth,0.029984276114828075,0.001,2.9984276114828077e-05,0.0001238952675783183,4.132007959900308,4.131884064632731,False
2012-01-03,rb_classical,conservative,rb_classical:conservative,1.0000000000000002,0.001,0.0010000000000000002,0.0010000000000000002,1.0,0.999,True
2012-02-01,rb_classical,conservative,rb_classical:conservative,0.24204073454879507,0.001,0.0002420407345487951,0.0002464358331545807,1.0181585079634583,1.0179120721303037,False
2012-03-01,rb_classical,conservative,rb_classical:conservative,0.15439188223382908,0.001,0.00015439188223382908,0.00015834605938179063,1.0256113021666053,1.0254529561072234,False
2012-04-02,rb_classical,conservative,rb_classical:conservative,0.13116887786884202,0.001,0.00013116887786884202,0.00013495351267749987,1.0288531461894654,1.028718192676788,False
2012-05-01,rb_classical,conservative,rb_classical:conservative,0.13249623890780404,0.001,0.00013249623890780404,0.0001372805809509225,1.036109266818114,1.035971986237163,False
2012-06-01,rb_classical,conservative,rb_classical:conservative,0.0745726859504342,0.001,7.457268595043421e-05,7.71528739181912e-05,1.0345996383913536,1.0345224855174353,False
2012-07-02,rb_classical,conservative,rb_classical:conservative,0.03225436842937248,0.001,3.225436842937248e-05,3.366381957008386e-05,1.0436979922207332,1.043664328401163,False
2012-08-01,rb_classical,conservative,rb_classical:conservative,0.04088744403776196,0.001,4.088744403776196e-05,4.299782186767469e-05,1.051614325120535,1.0515713272986673,False
2012-09-04,rb_classical,conservative,rb_classical:conservative,0.3427830740650473,0.001,0.0003427830740650473,0.0003629563425034795,1.0588514135170048,1.0584884571745012,False
2012-10-01,rb_classical,conservative,rb_classical:conservative,0.26139840201077036,0.001,0.00026139840201077036,0.00027903576175670775,1.067473097043687,1.0671940612819302,False
2012-11-01,rb_classical,conservative,rb_classical:conservative,0.060915844842406114,0.001,6.091584484240611e-05,6.458958785182297e-05,1.060308496400585,1.0602439068127334,False
2012-12-03,rb_classical,conservative,rb_classical:conservative,0.11940699684328711,0.001,0.00011940699684328712,0.00012717039803559436,1.0650163005313342,1.0648891301332986,False
2013-01-02,rb_classical,conservative,rb_classical:conservative,0.05860303573814793,0.001,5.860303573814793e-05,6.246334578141977e-05,1.0658721855386573,1.065809722192876,False
2013-02-01,rb_classical,conservative,rb_classical:conservative,0.15678625273920033,0.001,0.00015678625273920032,0.00016652569867002155,1.0621192595694082,1.0619527338707382,False
2013-03-01,rb_classical,conservative,rb_classical:conservative,0.14506011321121526,0.001,0.00014506011321121527,0.00015493813903281274,1.0680960851534325,1.0679411470143996,False
2013-04-01,rb_classical,conservative,rb_classical:conservative,0.14070312611661467,0.001,0.00014070312611661468,0.0001510915223006284,1.07383202115498,1.0736809296326795,False
2013-05-01,rb_classical,conservative,rb_classical:conservative,0.2527208040594519,0.001,0.0002527208040594519,0.0002743977778685428,1.0857743939592384,1.0854999961813698,False
2013-06-03,rb_classical,conservative,rb_classical:conservative,0.29238345661316245,0.001,0.00029238345661316244,0.0003110265461952729,1.0637624638482066,1.0634514373020112,False
2013-07-01,rb_classical,conservative,rb_classical:conservative,0.17908080354016234,0.001,0.00017908080354016233,0.0001861999389476897,1.0397537606867548,1.0395675607478072,False
2013-08-01,rb_classical,conservative,rb_classical:conservative,0.29271337160388067,0.001,0.0002927133716038807,0.0003069815001486565,1.0487443688226323,1.0484373873224837,False
2013-09-03,rb_classical,conservative,rb_classical:conservative,0.23445847441669776,0.001,0.00023445847441669776,0.00024278605391534573,1.0355183557317171,1.0352755696778018,False
2013-10-01,rb_classical,conservative,rb_classical:conservative,0.13996549117222035,0.001,0.00013996549117222036,0.00014791294953068288,1.0567815558813964,1.0566336429318657,False
2013-11-01,rb_classical,conservative,rb_classical:conservative,0.2861190251275777,0.001,0.0002861190251275777,0.0003073453111123205,1.0741869086659939,1.0738795633548817,False
2013-12-02,rb_classical,conservative,rb_classical:conservative,0.20105768170471172,0.001,0.00020105768170471173,0.00021483059084855368,1.0685022776899908,1.0682874470991421,False
2014-01-02,rb_classical,conservative,rb_classical:conservative,0.21608468313552937,0.001,0.00021608468313552936,0.00023101226625236266,1.0690820973528727,1.0688510850866204,False
2014-02-03,rb_classical,conservative,rb_classical:conservative,0.1309130423333207,0.001,0.0001309130423333207,0.00014145224892375626,1.0805053981069466,1.0803639458580228,False
2014-03-03,rb_classical,conservative,rb_classical:conservative,0.03482559171440079,0.001,3.482559171440079e-05,3.832356402771987e-05,1.1004425809044511,1.1004042573404234,False
2014-04-01,rb_classical,conservative,rb_classical:conservative,0.09058691234254215,0.001,9.058691234254216e-05,9.908020544234079e-05,1.0937585008713222,1.0936594206658798,False
2014-05-01,rb_classical,conservative,rb_classical:conservative,0.15662785439238888,0.001,0.00015662785439238887,0.00017278077565804234,1.103129301798304,1.102956521022646,False
2014-06-02,rb_classical,conservative,rb_classical:conservative,0.14798687045503084,0.001,0.00014798687045503085,0.00016480493228644328,1.1136456347762484,1.113480829843962,False
2014-07-01,rb_classical,conservative,rb_classical:conservative,0.12587595943456364,0.001,0.00012587595943456365,0.00014157777014595785,1.1247403458287581,1.1245987680586123,False
2014-08-01,rb_classical,conservative,rb_classical:conservative,0.11007200590078861,0.001,0.00011007200590078862,0.00012351997510211615,1.122174290286384,1.122050770311282,False
2014-09-02,rb_classical,conservative,rb_classical:conservative,0.07235531917398583,0.001,7.235531917398583e-05,8.221980212518086e-05,1.1363339014160778,1.1362516816139527,False
2014-10-01,rb_classical,conservative,rb_classical:conservative,0.11254936282969358,0.001,0.00011254936282969359,0.00012652021686624713,1.124130902968272,1.1240043827514057,False
2014-11-03,rb_classical,conservative,rb_classical:conservative,0.14820403263827872,0.001,0.00014820403263827872,0.00016821130795489046,1.1349981843304051,1.1348299730224503,False
2014-12-01,rb_classical,conservative,rb_classical:conservative,0.30423119226974693,0.001,0.0003042311922697469,0.0003489759229846645,1.1470747637055068,1.146725787782522,False
2015-01-02,rb_classical,conservative,rb_classical:conservative,0.22718423524244474,0.001,0.00022718423524244476,0.0002613184977293211,1.150249256734074,1.1499879382363447,False
2015-02-02,rb_classical,conservative,rb_classical:conservative,0.08288101405786535,0.001,8.288101405786535e-05,9.741237979241255e-05,1.175328039837951,1.1752306274581588,False
2015-03-02,rb_classical,conservative,rb_classical:conservative,0.2753226842900941,0.001,0.0002753226842900941,0.0003210386577709717,1.1660450667141866,1.1657240280564156,False
2015-04-01,rb_classical,conservative,rb_classical:conservative,0.13861038217299942,0.001,0.00013861038217299944,0.00016177419269418347,1.1671145419126925,1.1669527677199982,False
2015-05-01,rb_classical,conservative,rb_classical:conservative,0.13321720230440237,0.001,0.00013321720230440238,0.0001550605727589732,1.163968091783361,1.163813031210602,False
2015-06-01,rb_classical,conservative,rb_classical:conservative,0.21125964754196458,0.001,0.0002112596475419646,0.0002452174573907162,1.1607396880751033,1.1604944706177125,False
2015-07-01,rb_classical,conservative,rb_classical:conservative,0.06515377529551342,0.001,6.515377529551342e-05,7.439914380713091e-05,1.1419007336057492,1.1418263344619421,False
2015-08-03,rb_classical,conservative,rb_classical:conservative,0.17706705318617758,0.001,0.00017706705318617757,0.00020375303222390934,1.1507111490112887,1.1505073959790648,False
2015-09-01,rb_classical,conservative,rb_classical:conservative,0.1833007820688051,0.001,0.0001833007820688051,0.00020690301646116474,1.1287623223751448,1.1285554193586835,False
2015-10-01,rb_classical,conservative,rb_classical:conservative,0.11259734936538437,0.001,0.00011259734936538438,0.00012797288744929562,1.1365532862946606,1.1364253134072113,False
2015-11-02,rb_classical,conservative,rb_classical:conservative,0.07889327351683284,0.001,7.889327351683285e-05,9.09966291861715e-05,1.15341429160949,1.1533232949803038,False
2015-12-01,rb_classical,conservative,rb_classical:conservative,0.09414338696470331,0.001,9.414338696470332e-05,0.00010832040884837736,1.1505896732713616,1.1504813528625133,False
2016-01-04,rb_classical,conservative,rb_classical:conservative,0.15514991139051634,0.001,0.00015514991139051635,0.0001762945927531915,1.1362854878431314,1.1361091932503782,False
2016-02-01,rb_classical,conservative,rb_classical:conservative,0.10713221839244344,0.001,0.00010713221839244344,0.00012279672480326485,1.1462165784100509,1.1460937816852477,False
2016-03-01,rb_classical,conservative,rb_classical:conservative,0.08887306902636564,0.001,8.887306902636565e-05,0.00010317754632508588,1.1609540151525157,1.1608508376061906,False
2016-04-01,rb_classical,conservative,rb_classical:conservative,0.1715217005908815,0.001,0.0001715217005908815,0.00020224629464244643,1.1791294859234758,1.1789272396288333,False
2016-05-02,rb_classical,conservative,rb_classical:conservative,0.09224069867888757,0.001,9.224069867888757e-05,0.00010887006652128812,1.1802823274386878,1.1801734573721665,False
2016-06-01,rb_classical,conservative,rb_classical:conservative,0.05149948023378237,0.001,5.149948023378237e-05,6.0794796853926927e-05,1.1804934064955293,1.1804326116986754,False
2016-07-01,rb_classical,conservative,rb_classical:conservative,0.14116680720501573,0.001,0.00014116680720501574,0.00017102311601402566,1.2114966641248022,1.2113256410087883,False
2016-08-01,rb_classical,conservative,rb_classical:conservative,0.2856293820660938,0.001,0.0002856293820660938,0.00034890975100414803,1.2215471268407931,1.221198217089789,False
2016-09-01,rb_classical,conservative,rb_classical:conservative,0.14807910666621985,0.001,0.00014807910666621985,0.0001805204321312011,1.2190810452287921,1.218900524796661,False
2016-10-03,rb_classical,conservative,rb_classical:conservative,0.38203881577510335,0.001,0.00038203881577510336,0.00046595104115979274,1.2196431930992226,1.2191772420580629,False
2016-11-01,rb_classical,conservative,rb_classical:conservative,0.07565348561335881,0.001,7.565348561335881e-05,9.099070131421176e-05,1.202729795944058,1.2026388052427437,False
2016-12-01,rb_classical,conservative,rb_classical:conservative,0.19733297747660972,0.001,0.00019733297747660973,0.0002299238134908357,1.1651565614170547,1.1649266376035639,False
2017-01-03,rb_classical,conservative,rb_classical:conservative,0.08218959301246531,0.001,8.218959301246531e-05,9.706226409014693e-05,1.1809556481856036,1.1808585859215135,False
2017-02-01,rb_classical,conservative,rb_classical:conservative,0.19756446446439457,0.001,0.00019756446446439458,0.00023570534052508676,1.1930553460820683,1.1928196407415432,False
2017-03-01,rb_classical,conservative,rb_classical:conservative,0.05690725900164897,0.001,5.690725900164897e-05,6.931763061893244e-05,1.2180806426983923,1.2180113250677733,False
2017-04-03,rb_classical,conservative,rb_classical:conservative,0.09217817356562057,0.001,9.217817356562057e-05,0.00011293775021494654,1.2252114122715554,1.2250984745213405,False
2017-05-01,rb_classical,conservative,rb_classical:conservative,0.09773586598086259,0.001,9.773586598086259e-05,0.00012098110014224534,1.2378372967599667,1.2377163156598245,False
2017-06-01,rb_classical,conservative,rb_classical:conservative,0.15431397569007008,0.001,0.00015431397569007008,0.00019366906027094998,1.2550325361321915,1.2548388670719204,False
2017-07-03,rb_classical,conservative,rb_classical:conservative,0.11985363637490297,0.001,0.00011985363637490297,0.00014943324930618223,1.2467977929243133,1.246648359675007,False
2017-08-01,rb_classical,conservative,rb_classical:conservative,0.17742046977580395,0.001,0.00017742046977580394,0.00022447539106307151,1.2652169805813736,1.2649925051903106,False
2017-09-01,rb_classical,conservative,rb_classical:conservative,0.2524220946102597,0.001,0.0002524220946102597,0.0003219815979207419,1.2755682041933858,1.275246222595465,False
2017-10-02,rb_classical,conservative,rb_classical:conservative,0.30592917973795236,0.001,0.00030592917973795236,0.0003882579456849387,1.2691105373390865,1.2687222793934017,False
2017-11-01,rb_classical,conservative,rb_classical:conservative,0.14208771235571946,0.001,0.00014208771235571947,0.00018180770264575677,1.2795455682374384,1.2793637605347927,False
2017-12-01,rb_classical,conservative,rb_classical:conservative,0.11206894064029052,0.001,0.00011206894064029052,0.00014432906658540942,1.287859649255227,1.2877153201886415,False
2018-01-02,rb_classical,conservative,rb_classical:conservative,0.04266237737877873,0.001,4.266237737877873e-05,5.526077132053441e-05,1.2953045450304046,1.295249284259084,False
2018-02-01,rb_classical,conservative,rb_classical:conservative,0.14620829900545673,0.001,0.00014620829900545673,0.0001894859156812959,1.2959997275819752,1.295810241666294,False
2018-03-01,rb_classical,conservative,rb_classical:conservative,0.17344337800890497,0.001,0.00017344337800890498,0.00022160012483528257,1.2776511123065484,1.277429512181713,False
2018-04-02,rb_classical,conservative,rb_classical:conservative,0.0830293629348878,0.001,8.30293629348878e-05,0.00010638403899846425,1.2812821300567048,1.2811757460177062,False
2018-05-01,rb_classical,conservative,rb_classical:conservative,0.11763503727197737,0.001,0.00011763503727197737,0.00014957095863689748,1.2714830726077202,1.2713335016490832,False
2018-06-01,rb_classical,conservative,rb_classical:conservative,0.2667091509024767,0.001,0.0002667091509024767,0.0003421246125574456,1.2827629325794856,1.2824208079669281,False
2018-07-02,rb_classical,conservative,rb_classical:conservative,0.18297172811839535,0.001,0.00018297172811839536,0.0002339636128951377,1.2786872338208832,1.278453270207988,False
2018-08-01,rb_classical,conservative,rb_classical:conservative,0.07664279169262679,0.001,7.66427916926268e-05,9.824991363613574e-05,1.2819198187634337,1.2818215688497976,False
2018-09-04,rb_classical,conservative,rb_classical:conservative,0.08786210317897991,0.001,8.78621031789799e-05,0.00011351831632745739,1.292005451954802,1.2918919336384747,False
2018-10-01,rb_classical,conservative,rb_classical:conservative,0.1630635807148187,0.001,0.0001630635807148187,0.00020950363525226197,1.2847972204085356,1.2845877167732833,False
2018-11-01,rb_classical,conservative,rb_classical:conservative,0.25103154915910053,0.001,0.00025103154915910055,0.00031813645057190385,1.2673166047757332,1.2669984683251614,False
2018-12-03,rb_classical,conservative,rb_classical:conservative,0.045981597754553544,0.001,4.598159775455354e-05,5.889063901398653e-05,1.2807436428881944,1.2806847522491804,False
2019-01-02,rb_classical,conservative,rb_classical:conservative,0.08400483787042017,0.001,8.400483787042017e-05,0.00010901947707341323,1.29777617381488,1.2976671543378067,False
2019-02-01,rb_classical,conservative,rb_classical:conservative,0.15772328647446576,0.001,0.00015772328647446575,0.00020739287208385138,1.3149159944586037,1.31470860158652,False
2019-03-01,rb_classical,conservative,rb_classical:conservative,0.16227538424908988,0.001,0.00016227538424908988,0.00021375162361726084,1.3172153287842834,1.3170015771606662,False
2019-04-01,rb_classical,conservative,rb_classical:conservative,0.08464206247033479,0.001,8.46420624703348e-05,0.0001139738843477269,1.3465395457213991,1.3464255718370512,False
2019-05-01,rb_classical,conservative,rb_classical:conservative,0.12850717345870483,0.001,0.00012850717345870482,0.00017391491967552283,1.3533479493377043,1.3531740344180287,False
2019-06-03,rb_classical,conservative,rb_classical:conservative,0.21058146883934273,0.001,0.00021058146883934272,0.0002857490635180936,1.356952561367581,1.3566668123040628,False
2019-07-01,rb_classical,conservative,rb_classical:conservative,0.1848753128133261,0.001,0.00018487531281332609,0.0002559835813372323,1.3846282526413154,1.3843722690599782,False
2019-08-01,rb_classical,conservative,rb_classical:conservative,0.2440997253011683,0.001,0.0002440997253011683,0.0003406318546474847,1.3954618516150143,1.3951212197603668,False
2019-09-03,rb_classical,conservative,rb_classical:conservative,0.2745752367211648,0.001,0.0002745752367211648,0.00038861024906666606,1.4153142639782388,1.4149256537291721,False
2019-10-01,rb_classical,conservative,rb_classical:conservative,0.30763601388308576,0.001,0.0003076360138830858,0.0004330010127370369,1.407510802365275,1.407077801352538,False
2019-11-01,rb_classical,conservative,rb_classical:conservative,0.1423155695225541,0.001,0.0001423155695225541,0.00020377446427187874,1.431849410120828,1.431645635656556,False
2019-12-02,rb_classical,conservative,rb_classical:conservative,0.17342957573333073,0.001,0.00017342957573333073,0.00024726836886381474,1.4257566382104296,1.425509369841566,False
2020-01-02,rb_classical,conservative,rb_classical:conservative,0.08475129634476997,0.001,8.475129634476997e-05,0.00012355220721541168,1.4578208540055697,1.4576973017983543,False
2020-02-03,rb_classical,conservative,rb_classical:conservative,0.2905309170626387,0.001,0.0002905309170626387,0.00042977151127509205,1.4792625708142206,1.4788327993029455,False
2020-03-02,rb_classical,conservative,rb_classical:conservative,0.12479324414029376,0.001,0.00012479324414029375,0.000186007499564314,1.4905253953908162,1.4903393878912519,False
2020-04-01,rb_classical,conservative,rb_classical:conservative,0.555618051822757,0.001,0.000555618051822757,0.0008117437179165658,1.4609743424526336,1.4601625987347169,False
2020-05-01,rb_classical,conservative,rb_classical:conservative,0.23633479937316376,0.001,0.00023633479937316376,0.00035635933160052665,1.5078580579149017,1.5075016985833012,False
2020-06-01,rb_classical,conservative,rb_classical:conservative,0.19041301804667438,0.001,0.00019041301804667438,0.00029086803510995976,1.5275638088917938,1.5272729408566839,False
2020-07-01,rb_classical,conservative,rb_classical:conservative,0.14290510252984398,0.001,0.000142905102529844,0.00022031524805144094,1.5416891640060983,1.541468848758047,False
2020-08-03,rb_classical,conservative,rb_classical:conservative,0.0885826888542548,0.001,8.85826888542548e-05,0.0001392546116736299,1.5720296310122812,1.5718903764006076,False
2020-09-01,rb_classical,conservative,rb_classical:conservative,0.22746340433769474,0.001,0.00022746340433769474,0.000357652058402926,1.5723498883009406,1.5719922362425378,False
2020-10-01,rb_classical,conservative,rb_classical:conservative,0.2034026227457665,0.001,0.0002034026227457665,0.0003173940716654042,1.5604227093085026,1.5601053152368372,False
2020-11-02,rb_classical,conservative,rb_classical:conservative,0.13312604567836023,0.001,0.00013312604567836022,0.0002054913865535556,1.5435851452392269,1.5433796538526732,False
2020-12-01,rb_classical,conservative,rb_classical:conservative,0.10816247723748776,0.001,0.00010816247723748777,0.00016896336272007238,1.5621254896842525,1.5619565263215325,False
2021-01-04,rb_classical,conservative,rb_classical:conservative,0.09136698954803908,0.001,9.136698954803908e-05,0.00014376658225381459,1.5735068317887912,1.5733630652065373,False
2021-02-01,rb_classical,conservative,rb_classical:conservative,0.04580707459190496,0.001,4.580707459190496e-05,7.183906861069834e-05,1.568296365806206,1.5682245267375952,False
2021-03-01,rb_classical,conservative,rb_classical:conservative,0.22484071634620564,0.001,0.00022484071634620566,0.0003463239113020553,1.5403078095908218,1.5399614856795198,False
2021-04-01,rb_classical,conservative,rb_classical:conservative,0.17220408871783732,0.001,0.00017220408871783732,0.00026418870766048826,1.5341604814817789,1.5338962927741182,False
2021-05-03,rb_classical,conservative,rb_classical:conservative,0.11920433344253079,0.001,0.0001192043334425308,0.00018544617223820775,1.5556999219966494,1.5555144758244113,False
2021-06-01,rb_classical,conservative,rb_classical:conservative,0.1919489736660956,0.001,0.00019194897366609558,0.000300822081781234,1.5671981779101793,1.566897355828398,False
2021-07-01,rb_classical,conservative,rb_classical:conservative,0.23229402565543428,0.001,0.0002322940256554343,0.00036638450380456847,1.5772446268077203,1.5768782423039158,False
2021-08-02,rb_classical,conservative,rb_classical:conservative,0.09670161866600417,0.001,9.670161866600418e-05,0.000155137539634708,1.6042910322994128,1.6041358947597781,False
2021-09-01,rb_classical,conservative,rb_classical:conservative,0.13161632353481972,0.001,0.00013161632353481974,0.0002121719751382163,1.6120490942150134,1.6118369222398752,False
2021-10-01,rb_classical,conservative,rb_classical:conservative,0.0773683767214496,0.001,7.73683767214496e-05,0.00012230303079408135,1.580788378621547,1.580666075590753,False
2021-11-01,rb_classical,conservative,rb_classical:conservative,0.07490951191345213,0.001,7.490951191345214e-05,0.00011953820812786285,1.5957680817086777,1.5956485435005499,False
2021-12-01,rb_classical,conservative,rb_classical:conservative,0.1068798207648346,0.001,0.0001068798207648346,0.00017000547198200346,1.5906227271475584,1.5904527216755764,False
2022-01-03,rb_classical,conservative,rb_classical:conservative,0.21526510378177377,0.001,0.00021526510378177378,0.0003460034208459837,1.6073363251516448,1.6069903217307988,False
2022-02-01,rb_classical,conservative,rb_classical:conservative,0.06783105102977452,0.001,6.783105102977452e-05,0.00010672316693840581,1.5733674374522009,1.5732607142852624,False
2022-03-01,rb_classical,conservative,rb_classical:conservative,0.15870182095102953,0.001,0.00015870182095102954,0.00024819899891011205,1.5639328989596066,1.5636846999606966,False
2022-04-01,rb_classical,conservative,rb_classical:conservative,0.11176882901645652,0.001,0.00011176882901645652,0.00017155689188193073,1.5349260915730913,1.5347545346812095,False
2022-05-02,rb_classical,conservative,rb_classical:conservative,0.1629217934957514,0.001,0.0001629217934957514,0.00023687299875040722,1.453906157475392,1.4536692844766417,False
2022-06-01,rb_classical,conservative,rb_classical:conservative,0.07636061060399305,0.001,7.636061060399305e-05,0.00011117690904959488,1.4559457836993936,1.455834606790344,False
2022-07-01,rb_classical,conservative,rb_classical:conservative,0.1588828748274741,0.001,0.0001588828748274741,0.00022799364776513129,1.4349793708900496,1.4347513772422844,False
2022-08-01,rb_classical,conservative,rb_classical:conservative,0.10483047577950734,0.001,0.00010483047577950734,0.00015452259603324957,1.4740236070115809,1.4738690844155478,False
2022-09-01,rb_classical,conservative,rb_classical:conservative,0.10492510641154282,0.001,0.00010492510641154281,0.00014790203731126329,1.4095962574596215,1.40944835542231,False
2022-10-03,rb_classical,conservative,rb_classical:conservative,0.09069630585516794,0.001,9.069630585516795e-05,0.00012277149559663904,1.3536548643192994,1.353532092823703,False
2022-11-01,rb_classical,conservative,rb_classical:conservative,0.16312228703936582,0.001,0.00016312228703936583,0.00021834184681567852,1.3385163411973664,1.3382979993505506,False
2022-12-01,rb_classical,conservative,rb_classical:conservative,0.08842982347325848,0.001,8.842982347325848e-05,0.00012530271005546848,1.4169734274473647,1.4168481247373093,False
2023-01-03,rb_classical,conservative,rb_classical:conservative,0.11671269620549858,0.001,0.00011671269620549858,0.00016182388976782668,1.3865148782348395,1.3863530543450717,False
2023-02-01,rb_classical,conservative,rb_classical:conservative,0.05981924233411146,0.001,5.981924233411146e-05,8.760944019004215e-05,1.4645695393584675,1.4644819299182774,False
2023-03-01,rb_classical,conservative,rb_classical:conservative,0.07973771438530264,0.001,7.973771438530264e-05,0.00011150113846946715,1.3983488156016068,1.3982373144631375,False
2023-04-03,rb_classical,conservative,rb_classical:conservative,0.1727961330362325,0.001,0.00017279613303623252,0.000252550025132464,1.4615490560747006,1.4612965060495682,False
2023-05-01,rb_classical,conservative,rb_classical:conservative,0.09136644985874515,0.001,9.136644985874515e-05,0.00013303947280666418,1.4561085936068063,1.4559755541339996,False
2023-06-01,rb_classical,conservative,rb_classical:conservative,0.16940924226115903,0.001,0.00016940924226115903,0.0002484141015996848,1.466355071801413,1.4661066576998132,False
2023-07-03,rb_classical,conservative,rb_classical:conservative,0.09039421621388048,0.001,9.039421621388049e-05,0.00013296180653421088,1.470910552723991,1.4707775909174567,False
2023-08-01,rb_classical,conservative,rb_classical:conservative,0.11880239810165392,0.001,0.00011880239810165393,0.00017563740583798198,1.4783994990378635,1.4782238616320253,False
2023-09-01,rb_classical,conservative,rb_classical:conservative,0.17237309647567042,0.001,0.00017237309647567041,0.00025205835564780276,1.4622836208281464,1.4620315624724987,False
2023-10-02,rb_classical,conservative,rb_classical:conservative,0.10613485479347627,0.001,0.00010613485479347627,0.00014884553451381568,1.4024189772855342,1.4022701317510204,False
2023-11-01,rb_classical,conservative,rb_classical:conservative,0.15091419129725597,0.001,0.000150914191297256,0.00021242506480512576,1.4075883982753594,1.4073759732105544,False
2023-12-01,rb_classical,conservative,rb_classical:conservative,0.135798536768371,0.001,0.000135798536768371,0.0002028257446775064,1.49357827782388,1.4933754520792024,False
2024-01-02,rb_classical,conservative,rb_classical:conservative,0.10017089849228877,0.001,0.00010017089849228877,0.00015346003052433524,1.531982170811303,1.5318287107807789,False
2024-02-01,rb_classical,conservative,rb_classical:conservative,0.14511846842114873,0.001,0.00014511846842114873,0.00022524878140325078,1.5521717108366637,1.5519464620552605,False
2024-03-01,rb_classical,conservative,rb_classical:conservative,0.04028308366426465,0.001,4.028308366426465e-05,6.268797257672047e-05,1.5561860432331134,1.5561233552605367,False
2024-04-01,rb_classical,conservative,rb_classical:conservative,0.11325125679733125,0.001,0.00011325125679733126,0.00017764221589192081,1.5685672805364126,1.5683896383205207,False
2024-05-01,rb_classical,conservative,rb_classical:conservative,0.054322540629660854,0.001,5.432254062966086e-05,8.344510706160926e-05,1.5361046463288406,1.536021201221779,False
2024-06-03,rb_classical,conservative,rb_classical:conservative,0.09382744955535671,0.001,9.382744955535671e-05,0.00014846876315303172,1.5823595744807868,1.5822111057176338,False
2024-07-01,rb_classical,conservative,rb_classical:conservative,0.17973364164850558,0.001,0.00017973364164850558,0.00028728802139947406,1.5984098400526832,1.5981225520312838,False
2024-08-01,rb_classical,conservative,rb_classical:conservative,0.4135364613963861,0.001,0.0004135364613963861,0.0006756519570822347,1.6338388997206312,1.633163247763549,False
2024-09-03,rb_classical,conservative,rb_classical:conservative,0.09811813563218955,0.001,9.811813563218955e-05,0.00016290494194557588,1.660293898737022,1.6601309937950763,False
2024-10-01,rb_classical,conservative,rb_classical:conservative,0.10224983196731124,0.001,0.00010224983196731125,0.00017339490462511665,1.6957964750548453,1.6956230801502203,False
2024-11-01,rb_classical,conservative,rb_classical:conservative,0.09607800222642715,0.001,9.607800222642716e-05,0.0001583606314957745,1.648250669519187,1.648092308887691,False
2024-12-02,rb_classical,conservative,rb_classical:conservative,0.1271604354814943,0.001,0.0001271604354814943,0.00021334201768184253,1.6777389671089185,1.6775256250912367,False
2012-01-03,rb_classical,balanced,rb_classical:balanced,1.0000000000000002,0.001,0.0010000000000000002,0.0010000000000000002,1.0,0.999,True
2012-02-01,rb_classical,balanced,rb_classical:balanced,0.2643800119074244,0.001,0.0002643800119074244,0.0002698913757878426,1.0208463712542235,1.0205764798784356,False
2012-03-01,rb_classical,balanced,rb_classical:balanced,0.151034637850394,0.001,0.000151034637850394,0.00015571638266376298,1.0309978219566192,1.0308421055739554,False
2012-04-02,rb_classical,balanced,rb_classical:balanced,0.12514757280800567,0.001,0.00012514757280800569,0.00012957856393988411,1.0354061291997745,1.0352765506358346,False
2012-05-01,rb_classical,balanced,rb_classical:balanced,0.14770165105167643,0.001,0.00014770165105167644,0.00015378738003166988,1.0412028500471144,1.0410490626670827,False
2012-06-01,rb_classical,balanced,rb_classical:balanced,0.0802030654515942,0.001,8.02030654515942e-05,8.296961536245977e-05,1.0344943163367653,1.0344113467214027,False
2012-07-02,rb_classical,balanced,rb_classical:balanced,0.03849431535100785,0.001,3.849431535100785e-05,4.028534980658319e-05,1.0465272453671124,1.046486960017306,False
2012-08-01,rb_classical,balanced,rb_classical:balanced,0.04514568247906968,0.001,4.514568247906968e-05,4.757872450483307e-05,1.0538931275851549,1.05384554886065,False
2012-09-04,rb_classical,balanced,rb_classical:balanced,0.38113464491032234,0.001,0.00038113464491032234,0.0004049304572897291,1.0624341363273488,1.0620292058700591,False
2012-10-01,rb_classical,balanced,rb_classical:balanced,0.2791898931609975,0.001,0.0002791898931609975,0.00029974991936748284,1.0736417281216881,1.0733419782023206,False
2012-11-01,rb_classical,balanced,rb_classical:balanced,0.07056157486808676,0.001,7.056157486808676e-05,7.51939965411514e-05,1.065650769299365,1.065575575302824,False
2012-12-03,rb_classical,balanced,rb_classical:balanced,0.1306990972926838,0.001,0.0001306990972926838,0.00013988796950425585,1.0703055522334233,1.070165664263919,False
2013-01-02,rb_classical,balanced,rb_classical:balanced,0.07152605038775126,0.001,7.152605038775126e-05,7.67919419500055e-05,1.0736220095155151,1.0735452175735651,False
2013-02-01,rb_classical,balanced,rb_classical:balanced,0.1801990674427018,0.001,0.00018019906744270181,0.00019294888737738088,1.070754083889658,1.0705611350022808,False
2013-03-01,rb_classical,balanced,rb_classical:balanced,0.16507780393742105,0.001,0.00016507780393742105,0.0001775331977374767,1.0754516567519723,1.075274123554235,False
2013-04-01,rb_classical,balanced,rb_classical:balanced,0.15575093686654473,0.001,0.00015575093686654473,0.00016842684903245253,1.0813857843870895,1.081217357538057,False
2013-05-01,rb_classical,balanced,rb_classical:balanced,0.2768132232797577,0.001,0.00027681322327975774,0.0003028060062195784,1.093900076852728,1.0935972708465085,False
2013-06-03,rb_classical,balanced,rb_classical:balanced,0.3544510132887265,0.001,0.00035445101328872655,0.0003802889122549682,1.0728955426774158,1.072515253765161,False
2013-07-01,rb_classical,balanced,rb_classical:balanced,0.16778453447141628,0.001,0.0001677845344714163,0.0001757803492880168,1.047655255246202,1.0474794748969138,False
2013-08-01,rb_classical,balanced,rb_classical:balanced,0.3387019839714181,0.001,0.0003387019839714181,0.0003598986694353391,1.0625821119067012,1.0622222132372658,False
2013-09-03,rb_classical,balanced,rb_classical:balanced,0.24728894955279584,0.001,0.00024728894955279584,0.00025898402779216313,1.0472931696321934,1.0470341856044012,False
2013-10-01,rb_classical,balanced,rb_classical:balanced,0.17203563723802578,0.001,0.0001720356372380258,0.00018455368762177975,1.0727642864276672,1.0725797327400455,False
2013-11-01,rb_classical,balanced,rb_classical:balanced,0.3335767412534705,0.001,0.0003335767412534705,0.00036505383819300383,1.094362385162865,1.093997331324672,False
2013-12-02,rb_classical,balanced,rb_classical:balanced,0.2460540014717044,0.001,0.0002460540014717044,0.0002681322554726323,1.0897293027907407,1.089461170535268,False
2014-01-02,rb_classical,balanced,rb_classical:balanced,0.23619582662472854,0.001,0.00023619582662472854,0.00025812724102022936,1.0928526752944951,1.092594548053475,False
2014-02-03,rb_classical,balanced,rb_classical:balanced,0.1431024211700279,0.001,0.0001431024211700279,0.00015683036477771793,1.0959308968740584,1.0957740665092808,False
2014-03-03,rb_classical,balanced,rb_classical:balanced,0.0450380619169565,0.001,4.5038061916956505e-05,5.0638397009691254e-05,1.1243467159635097,1.1242960775665,False
2014-04-01,rb_classical,balanced,rb_classical:balanced,0.12396807635052787,0.001,0.00012396807635052786,0.00013885513116432976,1.1200878101206295,1.1199489549894652,False
2014-05-01,rb_classical,balanced,rb_classical:balanced,0.2107928440576282,0.001,0.0002107928440576282,0.00023772057991204291,1.1277450189298315,1.1275072983499195,False
2014-06-02,rb_classical,balanced,rb_classical:balanced,0.20735576939440517,0.001,0.00020735576939440517,0.00023632323176346013,1.1396993315095894,1.1394630082778259,False
2014-07-01,rb_classical,balanced,rb_classical:balanced,0.14610905853265044,0.001,0.00014610905853265044,0.00016891184239735453,1.156066872880496,1.1558979610380986,False
2014-08-01,rb_classical,balanced,rb_classical:balanced,0.153427151527538,0.001,0.000153427151527538,0.00017647798671967702,1.1502396085871522,1.1500631306004325,False
2014-09-02,rb_classical,balanced,rb_classical:balanced,0.08551933703162572,0.001,8.551933703162572e-05,9.9877465466891e-05,1.1678933552765445,1.1677934778110777,False
2014-10-01,rb_classical,balanced,rb_classical:balanced,0.15963956922752331,0.001,0.00015963956922752332,0.00018335034494160274,1.148526933697034,1.1483435833520925,False
2014-11-03,rb_classical,balanced,rb_classical:balanced,0.19884753247910197,0.001,0.00019884753247910198,0.0002308484107307391,1.160931734242165,1.1607008858314343,False
2014-12-01,rb_classical,balanced,rb_classical:balanced,0.3741239051608416,0.001,0.0003741239051608416,0.00043925068904478794,1.1740781141903973,1.1736388635013524,False
2015-01-02,rb_classical,balanced,rb_classical:balanced,0.25123965161737327,0.001,0.0002512396516173733,0.0002951056876071415,1.1745983793058838,1.1743032736182768,False
2015-02-02,rb_classical,balanced,rb_classical:balanced,0.08300143351935675,0.001,8.300143351935675e-05,9.95594033413599e-05,1.1994901668552709,1.1993906074519296,False
2015-03-02,rb_classical,balanced,rb_classical:balanced,0.30735425609713984,0.001,0.00030735425609713983,0.00036721453840123715,1.19475989388993,1.1943926793515287,False
2015-04-01,rb_classical,balanced,rb_classical:balanced,0.12542467198624926,0.001,0.00012542467198624926,0.0001495115265971117,1.1920423966785672,1.19189288515197,False
2015-05-01,rb_classical,balanced,rb_classical:balanced,0.1516039995519383,0.001,0.00015160399955193828,0.0001810174933473431,1.1940152890579117,1.1938342715645642,False
2015-06-01,rb_classical,balanced,rb_classical:balanced,0.25511753563592304,0.001,0.00025511753563592306,0.0003037059450861788,1.190454996866997,1.190151290921911,False
2015-07-01,rb_classical,balanced,rb_classical:balanced,0.08097580230816048,0.001,8.097580230816049e-05,9.473780567697167e-05,1.1699520471120333,1.1698573093063562,False
2015-08-03,rb_classical,balanced,rb_classical:balanced,0.2173468568743765,0.001,0.0002173468568743765,0.0002553379392854273,1.1747947173351998,1.1745393793959145,False
2015-09-01,rb_classical,balanced,rb_classical:balanced,0.2279016320874293,0.001,0.0002279016320874293,0.0002607643644574726,1.1441970031940634,1.143936238829606,False
2015-10-01,rb_classical,balanced,rb_classical:balanced,0.1368982584135233,0.001,0.0001368982584135233,0.00015761751384342574,1.1513478379492352,1.1511902204353917,False
2015-11-02,rb_classical,balanced,rb_classical:balanced,0.08547528796724492,0.001,8.547528796724492e-05,0.00010056168524919043,1.1765001047756258,1.1763995430903766,False
2015-12-01,rb_classical,balanced,rb_classical:balanced,0.10403427804957242,0.001,0.00010403427804957242,0.00012191043069406719,1.171829448712825,1.1717075382821307,False
2016-01-04,rb_classical,balanced,rb_classical:balanced,0.1550733581270971,0.001,0.0001550733581270971,0.00017891130394878888,1.153720446307446,1.1535415350034972,False
2016-02-01,rb_classical,balanced,rb_classical:balanced,0.13547209061198337,0.001,0.00013547209061198336,0.00015714519623221833,1.1599820710105573,1.1598249258143252,False
2016-03-01,rb_classical,balanced,rb_classical:balanced,0.11106850928112588,0.001,0.00011106850928112588,0.0001307448240558191,1.1771547570237972,1.1770240121997415,False
2016-04-01,rb_classical,balanced,rb_classical:balanced,0.18472465215239242,0.001,0.00018472465215239243,0.0002213803622873298,1.1984343167402338,1.1982129363779466,False
2016-05-02,rb_classical,balanced,rb_classical:balanced,0.11132100013688208,0.001,0.00011132100013688208,0.00013360037044167635,1.20013627507298,1.2000026747025383,False
2016-06-01,rb_classical,balanced,rb_classical:balanced,0.06595421965024756,0.001,6.595421965024756e-05,7.913358310145706e-05,1.1998259326105154,1.199746799027414,False
2016-07-01,rb_classical,balanced,rb_classical:balanced,0.1402368522683174,0.001,0.0001402368522683174,0.0001726548730899468,1.231166204155834,1.2309935492827442,False
2016-08-01,rb_classical,balanced,rb_classical:balanced,0.3065627461418888,0.001,0.0003065627461418888,0.0003814887999266017,1.2444069109102849,1.2440254221103582,False
2016-09-01,rb_classical,balanced,rb_classical:balanced,0.17090932220699448,0.001,0.00017090932220699447,0.0002123142167114088,1.2422623527478938,1.2420500385311823,False
2016-10-03,rb_classical,balanced,rb_classical:balanced,0.4214431620592555,0.001,0.0004214431620592555,0.0005243102729077316,1.2440829988695197,1.243558688596612,False
2016-11-01,rb_classical,balanced,rb_classical:balanced,0.10451764906659833,0.001,0.00010451764906659834,0.0001280469927944328,1.2251231628147476,1.2249951158219532,False
2016-12-01,rb_classical,balanced,rb_classical:balanced,0.21458548984444162,0.001,0.0002145854898444416,0.0002549265032423767,1.1879950663354697,1.1877401398322274,False
2017-01-03,rb_classical,balanced,rb_classical:balanced,0.09300814314883482,0.001,9.300814314883483e-05,0.00011222241928168788,1.2065870307947737,1.206474808375492,False
2017-02-01,rb_classical,balanced,rb_classical:balanced,0.2220333136584645,0.001,0.0002220333136584645,0.0002718653954583296,1.2244351578543644,1.224163292458906,False
2017-03-01,rb_classical,balanced,rb_classical:balanced,0.07861396751342241,0.001,7.861396751342241e-05,9.874985142361779e-05,1.256136212776151,1.2560374629247275,False
2017-04-03,rb_classical,balanced,rb_classical:balanced,0.0956808746571792,0.001,9.56808746571792e-05,0.00012085014468022945,1.2630543472060718,1.2629334970613917,False
2017-05-01,rb_classical,balanced,rb_classical:balanced,0.11474792251301166,0.001,0.00011474792251301166,0.00014680316479206073,1.279353574139124,1.279206770974332,False
2017-06-01,rb_classical,balanced,rb_classical:balanced,0.1816360579411067,0.001,0.0001816360579411067,0.0002361094880492149,1.2999042741049276,1.2996681646168784,False
2017-07-03,rb_classical,balanced,rb_classical:balanced,0.14370343118718057,0.001,0.00014370343118718057,0.00018531101325272697,1.289537846951967,1.2893525359387141,False
2017-08-01,rb_classical,balanced,rb_classical:balanced,0.18282043697507025,0.001,0.00018282043697507027,0.00024014421958824326,1.3135523771939663,1.313312232974378,False
2017-09-01,rb_classical,balanced,rb_classical:balanced,0.3122862787541383,0.001,0.00031228627875413826,0.0004139178096662984,1.3254434723088626,1.3250295544991963,False
2017-10-02,rb_classical,balanced,rb_classical:balanced,0.33257873826936324,0.001,0.00033257873826936327,0.00043904322004949405,1.3201181240091864,1.3196790807891368,False
2017-11-01,rb_classical,balanced,rb_classical:balanced,0.14817547023146996,0.001,0.00014817547023146996,0.00019788615111482335,1.3354852244146662,1.3352873382635513,False
2017-12-01,rb_classical,balanced,rb_classical:balanced,0.14247914316338128,0.001,0.00014247914316338129,0.00019176105698026023,1.3458886172579465,1.3456968562009664,False
2018-01-02,rb_classical,balanced,rb_classical:balanced,0.05272887232135681,0.001,5.272887232135681e-05,7.164747078932617e-05,1.3587901207647626,1.3587184732939732,False
2018-02-01,rb_classical,balanced,rb_classical:balanced,0.165338627339166,0.001,0.000165338627339166,0.00022645720255259417,1.3696569652054331,1.3694305080028806,False
2018-03-01,rb_classical,balanced,rb_classical:balanced,0.230492082219315,0.001,0.000230492082219315,0.0003097290015093312,1.343772846889472,1.3434631178879626,False
2018-04-02,rb_classical,balanced,rb_classical:balanced,0.12565850570272688,0.001,0.00012565850570272688,0.0001690247041590087,1.3451115243951268,1.3449424996909678,False
2018-05-01,rb_classical,balanced,rb_classical:balanced,0.1660523970246748,0.001,0.0001660523970246748,0.00022205243291751497,1.3372431647856233,1.3370211123527058,False
2018-06-01,rb_classical,balanced,rb_classical:balanced,0.312303843122992,0.001,0.000312303843122992,0.0004214946896283812,1.349630172377954,1.3492086776883256,False
2018-07-02,rb_classical,balanced,rb_classical:balanced,0.21880075695862686,0.001,0.00021880075695862686,0.000293512144349094,1.3414585416840872,1.341165029539738,False
2018-08-01,rb_classical,balanced,rb_classical:balanced,0.09095152436125575,0.001,9.095152436125575e-05,0.00012261000655900607,1.3480808311909553,1.3479582211843963,False
2018-09-04,rb_classical,balanced,rb_classical:balanced,0.11444254593109185,0.001,0.00011444254593109185,0.0001554652564967582,1.3584568154431564,1.3583013501866597,False
2018-10-01,rb_classical,balanced,rb_classical:balanced,0.17797107990666322,0.001,0.00017797107990666323,0.00024071353880344032,1.3525430026590968,1.3523022891202934,False
2018-11-01,rb_classical,balanced,rb_classical:balanced,0.31488954710310224,0.001,0.00031488954710310224,0.0004178704439806013,1.3270381561563258,1.3266202857123452,False
2018-12-03,rb_classical,balanced,rb_classical:balanced,0.06349583000966236,0.001,6.349583000966236e-05,8.518821127469747e-05,1.3416347382455527,1.341549550034278,False
2019-01-02,rb_classical,balanced,rb_classical:balanced,0.1157402096234336,0.001,0.0001157402096234336,0.00015671745667984125,1.3540450392281915,1.3538883217715116,False
2019-02-01,rb_classical,balanced,rb_classical:balanced,0.18034159202934805,0.001,0.00018034159202934806,0.00024838995069739766,1.3773303645726698,1.3770819746219722,False
2019-03-01,rb_classical,balanced,rb_classical:balanced,0.20458789973439834,0.001,0.00020458789973439834,0.00028265616573341923,1.3815878949848512,1.3813052388191178,False
2019-04-01,rb_classical,balanced,rb_classical:balanced,0.09150778850192265,0.001,9.150778850192265e-05,0.00012932455975046112,1.413262869397657,1.4131335448379065,False
2019-05-01,rb_classical,balanced,rb_classical:balanced,0.15888583389240873,0.001,0.00015888583389240873,0.0002259026156868601,1.4217920512651399,1.4215661486494529,False
2019-06-03,rb_classical,balanced,rb_classical:balanced,0.26528085403295487,0.001,0.0002652808540329549,0.00037520952063142815,1.4143859797164904,1.4140107701958589,False
2019-07-01,rb_classical,balanced,rb_classical:balanced,0.1911717994822647,0.001,0.0001911717994822647,0.00027721262096950145,1.4500706784172888,1.4497934657963192,False
2019-08-01,rb_classical,balanced,rb_classical:balanced,0.2878686739466801,0.001,0.0002878686739466801,0.00041993455744449297,1.458771292086733,1.4583513575292886,False
2019-09-03,rb_classical,balanced,rb_classical:balanced,0.3358948228492924,0.001,0.0003358948228492924,0.0004950422067342303,1.4738012409210113,1.473306198714277,False
2019-10-01,rb_classical,balanced,rb_classical:balanced,0.35319241007233676,0.001,0.00035319241007233677,0.0005179763845027149,1.4665558198054964,1.4660378434209937,False
2019-11-01,rb_classical,balanced,rb_classical:balanced,0.1745533019099635,0.001,0.00017455330190996348,0.0002618575222968176,1.5001579427691756,1.4998960852468788,False
2019-12-02,rb_classical,balanced,rb_classical:balanced,0.1952141820777129,0.001,0.0001952141820777129,0.0002916020257510499,1.4937543094843688,1.4934627074586178,False
2020-01-02,rb_classical,balanced,rb_classical:balanced,0.1022461428892042,0.001,0.0001022461428892042,0.00015710049423577334,1.5364931115886722,1.5363360110944364,False
2020-02-03,rb_classical,balanced,rb_classical:balanced,0.3358991694897142,0.001,0.0003358991694897142,0.00052218936112915,1.5546015249827532,1.554079335621624,False
2020-03-02,rb_classical,balanced,rb_classical:balanced,0.16650992887865712,0.001,0.0001665099288786571,0.00025967026595076194,1.5594881800712,1.5592285098052492,False
2020-04-01,rb_classical,balanced,rb_classical:balanced,0.556364127291084,0.001,0.000556364127291084,0.0008418898630611939,1.5131993990344488,1.5123575091713877,False
2020-05-01,rb_classical,balanced,rb_classical:balanced,0.2750178214286287,0.001,0.0002750178214286287,0.0004320656267104578,1.5710459215552524,1.570613855928542,False
2020-06-01,rb_classical,balanced,rb_classical:balanced,0.1868588338684103,0.001,0.00018685883386841028,0.00029853065262769763,1.5976266492058324,1.5973281185532047,False
2020-07-01,rb_classical,balanced,rb_classical:balanced,0.13198161970456312,0.001,0.00013198161970456312,0.00021321702923691614,1.6155054750365698,1.615292258007333,False
2020-08-03,rb_classical,balanced,rb_classical:balanced,0.114711409620827,0.001,0.000114711409620827,0.00018958178690636502,1.6526846591199464,1.65249507733304,False
2020-09-01,rb_classical,balanced,rb_classical:balanced,0.24016753233515026,0.001,0.00024016753233515025,0.0003982256579137769,1.6581161243646325,1.6577178987067187,False
2020-10-01,rb_classical,balanced,rb_classical:balanced,0.2628434072055464,0.001,0.00026284340720554637,0.0004314596255261308,1.6415082657512683,1.6410768061257421,False
2020-11-02,rb_classical,balanced,rb_classical:balanced,0.14502055331054747,0.001,0.0001450205533105475,0.00023526086805425277,1.6222587949341523,1.622023534066098,False
2020-12-01,rb_classical,balanced,rb_classical:balanced,0.13675934786853175,0.001,0.00013675934786853175,0.000225640958438253,1.6499125065671132,1.649686865608675,False
2021-01-04,rb_classical,balanced,rb_classical:balanced,0.11070407108785932,0.001,0.00011070407108785932,0.00018439618447027142,1.6656676006425002,1.6654832044580299,False
2021-02-01,rb_classical,balanced,rb_classical:balanced,0.06096166790354621,0.001,6.0961667903546205e-05,0.0001013701741501852,1.662851060941664,1.6627496907675137,False
2021-03-01,rb_classical,balanced,rb_classical:balanced,0.27669442663694743,0.001,0.0002766944266369474,0.000452570124313967,1.6356315152953451,1.6351789451710312,False
2021-04-01,rb_classical,balanced,rb_classical:balanced,0.21878685328487504,0.001,0.00021878685328487505,0.00035687805057934874,1.6311677105875724,1.630810832536993,False
2021-05-03,rb_classical,balanced,rb_classical:balanced,0.16226086526550743,0.001,0.00016226086526550742,0.00026917161681435276,1.6588819267905868,1.6586127551737724,False
2021-06-01,rb_classical,balanced,rb_classical:balanced,0.22464509276122457,0.001,0.00022464509276122458,0.00037604047284520793,1.6739313920598373,1.673555351586992,False
2021-07-01,rb_classical,balanced,rb_classical:balanced,0.3291746592561299,0.001,0.0003291746592561299,0.0005544985447609624,1.6845116389397052,1.6839571403949443,False
2021-08-02,rb_classical,balanced,rb_classical:balanced,0.11795199178630228,0.001,0.00011795199178630228,0.00020169782328667725,1.7099992991394346,1.709797601316148,False
2021-09-01,rb_classical,balanced,rb_classical:balanced,0.16185987688205694,0.001,0.00016185987688205694,0.0002794550579243892,1.7265245921817969,1.7262451371238725,False
2021-10-01,rb_classical,balanced,rb_classical:balanced,0.10218154616926407,0.001,0.00010218154616926407,0.0001721357956858329,1.684607467190694,1.6844353313950082,False
2021-11-01,rb_classical,balanced,rb_classical:balanced,0.08404142036059244,0.001,8.404142036059244e-05,0.00014400218660279648,1.7134668355786147,1.7133228333920119,False
2021-12-01,rb_classical,balanced,rb_classical:balanced,0.11728288798722616,0.001,0.00011728288798722617,0.00019930412539679424,1.6993453078892582,1.6991460037638615,False
2022-01-03,rb_classical,balanced,rb_classical:balanced,0.2690017202066821,0.001,0.0002690017202066821,0.00046568869168226676,1.7311736568987892,1.730707968207107,False
2022-02-01,rb_classical,balanced,rb_classical:balanced,0.07467089065469812,0.001,7.467089065469812e-05,0.00012615150151868188,1.6894334648028566,1.6893073133013379,False
2022-03-01,rb_classical,balanced,rb_classical:balanced,0.18512473960168346,0.001,0.00018512473960168347,0.0003092429298488508,1.6704570686458302,1.6701478257159814,False
2022-04-01,rb_classical,balanced,rb_classical:balanced,0.13733654242911927,0.001,0.00013733654242911928,0.00022724454935723915,1.6546546559122985,1.6544274113629414,False
2022-05-02,rb_classical,balanced,rb_classical:balanced,0.22774916940497297,0.001,0.00022774916940497298,0.0003552486098162626,1.5598239534501925,1.5594687048403764,False
2022-06-01,rb_classical,balanced,rb_classical:balanced,0.11127102113814749,0.001,0.00011127102113814749,0.0001734242044070847,1.5585747540841879,1.5584013298797808,False
2022-07-01,rb_classical,balanced,rb_classical:balanced,0.2044995199746959,0.001,0.0002044995199746959,0.00031198900228839016,1.5256221742085,1.5253101852062116,False
2022-08-01,rb_classical,balanced,rb_classical:balanced,0.11912218420444122,0.001,0.00011912218420444123,0.0001870864341210179,1.570542341634152,1.570355255200031,False
2022-09-01,rb_classical,balanced,rb_classical:balanced,0.10583823197057213,0.001,0.00010583823197057213,0.00015898925467255565,1.502191143147232,1.5020321538925594,False
2022-10-03,rb_classical,balanced,rb_classical:balanced,0.11172860109099911,0.001,0.00011172860109099912,0.00016036377349933873,1.435297425488465,1.4351370617149657,False
2022-11-01,rb_classical,balanced,rb_classical:balanced,0.18294195471861097,0.001,0.00018294195471861097,0.00026105904347698873,1.4270047779828976,1.4267437189394208,False
2022-12-01,rb_classical,balanced,rb_classical:balanced,0.1041920873840003,0.001,0.00010419208738400031,0.00015854526536682601,1.5216632025281043,1.5215046572627375,False
2023-01-03,rb_classical,balanced,rb_classical:balanced,0.15167238812221062,0.001,0.00015167238812221063,0.00022481116802453336,1.482215522599874,1.4819907114318496,False
2023-02-01,rb_classical,balanced,rb_classical:balanced,0.07194728598092526,0.001,7.194728598092525e-05,0.00011380145689122775,1.5817338394307037,1.5816200379738123,False
2023-03-01,rb_classical,balanced,rb_classical:balanced,0.08054462757332848,0.001,8.054462757332848e-05,0.00012159006474955537,1.5095986959385814,1.5094771058738319,False
2023-04-03,rb_classical,balanced,rb_classical:balanced,0.19071764991275247,0.001,0.0001907176499127525,0.0003011898561832213,1.5792447962787213,1.5789436064225382,False
2023-05-01,rb_classical,balanced,rb_classical:balanced,0.10382015139454154,0.001,0.00010382015139454153,0.00016375948773382143,1.5773381711946846,1.5771744117069508,False
2023-06-01,rb_classical,balanced,rb_classical:balanced,0.18931113352924175,0.001,0.00018931113352924176,0.00030160364169818293,1.593163783215085,1.5928621795733866,False
2023-07-03,rb_classical,balanced,rb_classical:balanced,0.1045962537707083,0.001,0.0001045962537707083,0.0001687133524018097,1.612996128634361,1.6128274152819593,False
2023-08-01,rb_classical,balanced,rb_classical:balanced,0.14792141512197954,0.001,0.00014792141512197954,0.0002412669110942841,1.6310478837383324,1.6308066168272382,False
2023-09-01,rb_classical,balanced,rb_classical:balanced,0.22915908295975784,0.001,0.00022915908295975784,0.0003688369030933493,1.6095233858049605,1.6091545489018673,False
2023-10-02,rb_classical,balanced,rb_classical:balanced,0.10890538877555109,0.001,0.00010890538877555109,0.00016751081342123095,1.5381315406390303,1.5379640298256092,False
2023-11-01,rb_classical,balanced,rb_classical:balanced,0.1682551131786235,0.001,0.0001682551131786235,0.0002595912838154908,1.542843357989975,1.5425837667061595,False
2023-12-01,rb_classical,balanced,rb_classical:balanced,0.14816208430588618,0.001,0.0001481620843058862,0.00024406868640247805,1.6473086724305868,1.6470646037441843,False
2024-01-02,rb_classical,balanced,rb_classical:balanced,0.09542410712146678,0.001,9.542410712146678e-05,0.00016131257436186072,1.6904803118201936,1.6903189992458318,False
2024-02-01,rb_classical,balanced,rb_classical:balanced,0.17694890432282892,0.001,0.00017694890432282893,0.000303674035810587,1.7161679354428685,1.7158642614070578,False
2024-03-01,rb_classical,balanced,rb_classical:balanced,0.04096436873498252,0.001,4.096436873498252e-05,7.119285314722523e-05,1.7379214020800562,1.7378502092269088,False
2024-04-01,rb_classical,balanced,rb_classical:balanced,0.10096844695920763,0.001,0.00010096844695920764,0.00017772608522859668,1.7602141122404305,1.760036386155202,False
2024-05-01,rb_classical,balanced,rb_classical:balanced,0.06318344521614572,0.001,6.318344521614572e-05,0.00010869660958695394,1.7203336920788534,1.7202249954692665,False
2024-06-03,rb_classical,balanced,rb_classical:balanced,0.1405478043932265,0.001,0.00014054780439322652,0.00025050287652632976,1.7823321937173024,1.7820816908407762,False
2024-07-01,rb_classical,balanced,rb_classical:balanced,0.20954701937628523,0.001,0.00020954701937628522,0.0003795670493251125,1.8113693549776577,1.8109897879283328,False
2024-08-01,rb_classical,balanced,rb_classical:balanced,0.4863554029376156,0.001,0.0004863554029376156,0.0008921440974480653,1.8343460195146633,1.8334538754172152,False
2024-09-03,rb_classical,balanced,rb_classical:balanced,0.09461138867069804,0.001,9.461138867069805e-05,0.00017647765121889066,1.8652897256707033,1.8651132480194843,False
2024-10-01,rb_classical,balanced,rb_classical:balanced,0.14944537559992815,0.001,0.00014944537559992817,0.00028623043831500143,1.915284679542396,1.914998449104081,False
2024-11-01,rb_classical,balanced,rb_classical:balanced,0.1312574496926161,0.001,0.0001312574496926161,0.00024538510011480575,1.86949465108044,1.869249265980325,False
2024-12-02,rb_classical,balanced,rb_classical:balanced,0.14685077394497204,0.001,0.00014685077394497204,0.0002797606149855,1.9050673515029073,1.904787590887922,False
2012-01-03,rb_classical,growth,rb_classical:growth,1.0,0.001,0.001,0.001,1.0,0.999,True
2012-02-01,rb_classical,growth,rb_classical:growth,0.2755880474829472,0.001,0.0002755880474829472,0.0002822114968735706,1.0240338775615194,1.0237516660646457,False
2012-03-01,rb_classical,growth,rb_classical:growth,0.1470453779380615,0.001,0.0001470453779380615,0.00015238358619301334,1.0363031353301049,1.036150751743912,False
2012-04-02,rb_classical,growth,rb_classical:growth,0.11532827763827429,0.001,0.00011532827763827429,0.00012020545002279605,1.0422894756116878,1.042169270161665,False
2012-05-01,rb_classical,growth,rb_classical:growth,0.1622321233881837,0.001,0.0001622321233881837,0.00016991014634793042,1.0473273899113986,1.0471574797650507,False
2012-06-01,rb_classical,growth,rb_classical:growth,0.08536938055475887,0.001,8.536938055475888e-05,8.848106149985855e-05,1.0364496137242525,1.0363611326627526,False
2012-07-02,rb_classical,growth,rb_classical:growth,0.05079704344469785,0.001,5.0797043444697846e-05,5.3401831800482645e-05,1.0512783457293258,1.0512249438975254,False
2012-08-01,rb_classical,growth,rb_classical:growth,0.04976885297589151,0.001,4.976885297589151e-05,5.265120745711866e-05,1.0579148264201184,1.0578621752126611,False
2012-09-04,rb_classical,growth,rb_classical:growth,0.4029833988850733,0.001,0.0004029833988850733,0.00043038929491534387,1.0680075062796481,1.0675771169847328,False
2012-10-01,rb_classical,growth,rb_classical:growth,0.28188795651284726,0.001,0.00028188795651284726,0.0003046629120503905,1.080794354676537,1.0804896917644866,False
2012-11-01,rb_classical,growth,rb_classical:growth,0.08356578183361948,0.001,8.356578183361948e-05,8.954491903726474e-05,1.0715500659773614,1.0714605210583241,False
2012-12-03,rb_classical,growth,rb_classical:growth,0.14462824856250323,0.001,0.00014462824856250323,0.00015565044655295373,1.0762105473861636,1.0760548969396107,False
2013-01-02,rb_classical,growth,rb_classical:growth,0.11048594071762215,0.001,0.00011048594071762215,0.00011948395087119506,1.081440318063362,1.081320834112491,False
2013-02-01,rb_classical,growth,rb_classical:growth,0.20780288216115633,0.001,0.00020780288216115634,0.0002243181677015717,1.0794757289632169,1.0792514107955153,False
2013-03-01,rb_classical,growth,rb_classical:growth,0.18538503866089037,0.001,0.00018538503866089037,0.00020082132603855667,1.083266090344554,1.0830652690185152,False
2013-04-01,rb_classical,growth,rb_classical:growth,0.17365024631551215,0.001,0.00017365024631551217,0.00018926096310840955,1.0898974641506332,1.0897082031875247,False
2013-05-01,rb_classical,growth,rb_classical:growth,0.31099908041605345,0.001,0.00031099908041605344,0.0003430233983962399,1.1029723880126734,1.102629364614277,False
2013-06-03,rb_classical,growth,rb_classical:growth,0.40930054866603305,0.001,0.00040930054866603305,0.0004430670128912428,1.0824979696100074,1.0820549025971162,False
2013-07-01,rb_classical,growth,rb_classical:growth,0.15551663164688437,0.001,0.00015551663164688437,0.00016419871316935116,1.055827350621767,1.0556631519085977,False
2013-08-01,rb_classical,growth,rb_classical:growth,0.36422192835941225,0.001,0.00036422192835941226,0.00039214967581583743,1.0766778309648237,1.0762856812890078,False
2013-09-03,rb_classical,growth,rb_classical:growth,0.23535249602529434,0.001,0.00023535249602529436,0.0002493685169851197,1.0595533134193698,1.0593039449023847,False
2013-10-01,rb_classical,growth,rb_classical:growth,0.20280150340123138,0.001,0.00020280150340123138,0.00022078958892957694,1.0886979890516746,1.088477199462745,False
2013-11-01,rb_classical,growth,rb_classical:growth,0.350917940132771,0.001,0.000350917940132771,0.0003911645160554669,1.1146894225683317,1.1142982580522762,False
2013-12-02,rb_classical,growth,rb_classical:growth,0.26760411763946246,0.001,0.00026760411763946247,0.0002973161758229371,1.1110298991120349,1.1107325829362118,False
2014-01-02,rb_classical,growth,rb_classical:growth,0.22853854858844813,0.001,0.00022853854858844813,0.0002553044119190652,1.11711749941502,1.116862195003101,False
2014-02-03,rb_classical,growth,rb_classical:growth,0.1615273550057727,0.001,0.0001615273550057727,0.00017931732842912262,1.1101359792755483,1.1099566619471193,False
2014-03-03,rb_classical,growth,rb_classical:growth,0.05936926723225035,0.001,5.9369267232250346e-05,6.82292707848355e-05,1.1492355214344343,1.1491672921636495,False
2014-04-01,rb_classical,growth,rb_classical:growth,0.14681704775737453,0.001,0.00014681704775737454,0.00016845773976383114,1.1473990407586683,1.1472305830189045,False
2014-05-01,rb_classical,growth,rb_classical:growth,0.25906461306893525,0.001,0.00025906461306893523,0.00029871454962015305,1.1530503764351145,1.1527516618854945,False
2014-06-02,rb_classical,growth,rb_classical:growth,0.24814768478507454,0.001,0.00024814768478507456,0.0002894513923051768,1.1664480873794014,1.1661586359870961,False
2014-07-01,rb_classical,growth,rb_classical:growth,0.16050873583642986,0.001,0.00016050873583642986,0.00019090587226369,1.189379950373773,1.1891890445015094,False
2014-08-01,rb_classical,growth,rb_classical:growth,0.19492782072492706,0.001,0.00019492782072492708,0.00023000681378823558,1.179958883923554,1.1797288771097658,False
2014-09-02,rb_classical,growth,rb_classical:growth,0.10309155455181288,0.001,0.00010309155455181288,0.00012388096181184353,1.201659654376267,1.2015357734144552,False
2014-10-01,rb_classical,growth,rb_classical:growth,0.213086381731657,0.001,0.000213086381731657,0.0002502821519546447,1.1745572378709257,1.174306955718971,False
2014-11-03,rb_classical,growth,rb_classical:growth,0.24488028419794472,0.001,0.00024488028419794475,0.0002910859728071536,1.1886868465566598,1.1883957605838527,False
2014-12-01,rb_classical,growth,rb_classical:growth,0.4355248273527455,0.001,0.0004355248273527455,0.0005242062725917418,1.2036197242256645,1.2030955179530727,False
2015-01-02,rb_classical,growth,rb_classical:growth,0.2700170736519648,0.001,0.00027001707365196484,0.00032454381038940163,1.2019381070980657,1.2016135632876763,False
2015-02-02,rb_classical,growth,rb_classical:growth,0.09056536396531382,0.001,9.056536396531383e-05,0.00011112647359937111,1.2270306078815307,1.2269194814079314,False
2015-03-02,rb_classical,growth,rb_classical:growth,0.32251564695950835,0.001,0.00032251564695950837,0.00039556455298842165,1.2264972466222221,1.2261016820692336,False
2015-04-01,rb_classical,growth,rb_classical:growth,0.10507841067398796,0.001,0.00010507841067398797,0.00012819299012723376,1.2199745818859038,1.2198463888957767,False
2015-05-01,rb_classical,growth,rb_classical:growth,0.17118852103925047,0.001,0.00017118852103925047,0.00020997224154842035,1.2265556140897873,1.2263456418482388,False
2015-06-01,rb_classical,growth,rb_classical:growth,0.28154446015421164,0.001,0.00028154446015421166,0.00034436193996901035,1.2231174421986188,1.2227730802586498,False
2015-07-01,rb_classical,growth,rb_classical:growth,0.09729209134772321,0.001,9.729209134772321e-05,0.00011683439644976904,1.200862216356326,1.2007453819598763,False
2015-08-03,rb_classical,growth,rb_classical:growth,0.24082984419430348,0.001,0.00024082984419430349,0.00028938007222850806,1.2015955630276198,1.2013061829553913,False
2015-09-01,rb_classical,growth,rb_classical:growth,0.2755343973077301,0.001,0.0002755343973077301,0.0003201409557930181,1.1618910703024468,1.1615709293466536,False
2015-10-01,rb_classical,growth,rb_classical:growth,0.15789953646699548,0.001,0.00015789953646699547,0.00018446657782028288,1.1682528140849895,1.1680683475071694,False
2015-11-02,rb_classical,growth,rb_classical:growth,0.09741389816079836,0.001,9.741389816079836e-05,0.00011717374852370905,1.202844262841157,1.2027270890926334,False
2015-12-01,rb_classical,growth,rb_classical:growth,0.10905895936825541,0.001,0.00010905895936825541,0.00013042931643548753,1.1959523288230876,1.195821899506652,False
2016-01-04,rb_classical,growth,rb_classical:growth,0.15186591017627699,0.001,0.00015186591017627698,0.00017829515168593367,1.1740301130054742,1.1738518178537882,False
2016-02-01,rb_classical,growth,rb_classical:growth,0.15787871377031787,0.001,0.00015787871377031788,0.00018573449289189788,1.1764378392523809,1.176252104759489,False
2016-03-01,rb_classical,growth,rb_classical:growth,0.13419197863313326,0.001,0.00013419197863313325,0.00016067474170391487,1.1973498218040493,1.1971891470623452,False
2016-04-01,rb_classical,growth,rb_classical:growth,0.19049225542546172,0.001,0.0001904922554254617,0.00023283134681261305,1.2222614840303485,1.222028652683536,False
2016-05-02,rb_classical,growth,rb_classical:growth,0.12642817968791042,0.001,0.00012642817968791043,0.0001547856032829761,1.2242967008230785,1.2241419152197957,False
2016-06-01,rb_classical,growth,rb_classical:growth,0.08479056530219206,0.001,8.479056530219207e-05,0.00010374360391366173,1.2235276831086261,1.2234239395047124,False
2016-07-01,rb_classical,growth,rb_classical:growth,0.1259896762500634,0.001,0.00012598967625006342,0.00015824528354001482,1.2560178599548957,1.2558596146713557,False
2016-08-01,rb_classical,growth,rb_classical:growth,0.3325224908014409,0.001,0.0003325224908014409,0.00042337174451856347,1.2732123577510772,1.2727889860065587,False
2016-09-01,rb_classical,growth,rb_classical:growth,0.18224272231539623,0.001,0.00018224272231539624,0.00023158812071073066,1.2707674565458662,1.2705358684251555,False
2016-10-03,rb_classical,growth,rb_classical:growth,0.4379098740834205,0.001,0.00043790987408342055,0.0005577051242820371,1.273561427335607,1.273003722211325,False
2016-11-01,rb_classical,growth,rb_classical:growth,0.13030027755135007,0.001,0.00013030027755135006,0.00016314742583598173,1.2520880914600272,1.2519249440341913,False
2016-12-01,rb_classical,growth,rb_classical:growth,0.21065481864585497,0.001,0.00021065481864585497,0.00025594816909602146,1.2150121736655453,1.2147562254964492,False
2017-01-03,rb_classical,growth,rb_classical:growth,0.11684081000705188,0.001,0.00011684081000705188,0.00014445462949422467,1.2363371110274413,1.236192656397947,False
2017-02-01,rb_classical,growth,rb_classical:growth,0.22774947467937612,0.001,0.00022774947467937612,0.00028704516029678554,1.2603548732697865,1.2600678281094897,False
2017-03-01,rb_classical,growth,rb_classical:growth,0.09864208542535108,0.001,9.864208542535107e-05,0.00012816663811975935,1.2993098996954138,1.2991817330572941,False
2017-04-03,rb_classical,growth,rb_classical:growth,0.0852848113745452,0.001,8.52848113745452e-05,0.0001113339302064318,1.3054367877708812,1.3053254538406747,False
2017-05-01,rb_classical,growth,rb_classical:growth,0.11640425289032322,0.001,0.00011640425289032322,0.00015427131349971985,1.3253065044373868,1.3251522331238872,False
2017-06-01,rb_classical,growth,rb_classical:growth,0.18841131275675893,0.001,0.00018841131275675892,0.00025417851402886963,1.3490618493647295,1.3488076708507006,False
2017-07-03,rb_classical,growth,rb_classical:growth,0.1799647859944148,0.001,0.0001799647859944148,0.0002403978006207026,1.3358046647423754,1.3355642669417547,False
2017-08-01,rb_classical,growth,rb_classical:growth,0.19207623757980122,0.001,0.00019207623757980122,0.00026246750711626674,1.3664756787378256,1.3662132112307093,False
2017-09-01,rb_classical,growth,rb_classical:growth,0.3166546884215558,0.001,0.0003166546884215558,0.0004371597743231192,1.3805567714858449,1.3801196117115218,False
2017-10-02,rb_classical,growth,rb_classical:growth,0.31175790560588534,0.001,0.00031175790560588533,0.00042909754841648164,1.3763806488966264,1.37595155134821,False
2017-11-01,rb_classical,growth,rb_classical:growth,0.15597822265695918,0.001,0.00015597822265695917,0.0002179156420102569,1.3970901725782314,1.396872256936221,False
2017-12-01,rb_classical,growth,rb_classical:growth,0.16121566460006576,0.001,0.00016121566460006577,0.0002273795259613142,1.4104059089132797,1.4101785293873184,False
2018-01-02,rb_classical,growth,rb_classical:growth,0.0705565571750514,0.001,7.05565571750514e-05,0.00010087844004248501,1.42975286892478,1.4296519904847376,False
2018-02-01,rb_classical,growth,rb_classical:growth,0.17715522548150275,0.001,0.00017715522548150277,0.00025731052273316536,1.4524579900694592,1.4522006795467262,False
2018-03-01,rb_classical,growth,rb_classical:growth,0.28209939695580577,0.001,0.0002820993969558058,0.0003998176707377183,1.4172936030783307,1.4168937854075931,False
2018-04-02,rb_classical,growth,rb_classical:growth,0.18609946317558484,0.001,0.00018609946317558484,0.000263474998706169,1.4157751678068,1.4155116928080937,False
2018-05-01,rb_classical,growth,rb_classical:growth,0.20533311575142665,0.001,0.00020533311575142665,0.0002896605406006809,1.4106859458137273,1.4103962852731267,False
2018-06-01,rb_classical,growth,rb_classical:growth,0.34227111957622713,0.001,0.0003422711195762271,0.0004876669828086045,1.4247973460699663,1.4243096790871579,False
2018-07-02,rb_classical,growth,rb_classical:growth,0.2394483544418035,0.001,0.0002394483544418035,0.00033820014020749745,1.4124137165022572,1.4120755163620498,False
2018-08-01,rb_classical,growth,rb_classical:growth,0.11549463699954059,0.001,0.00011549463699954059,0.00016432723429330703,1.422812682583354,1.4226483553490608,False
2018-09-04,rb_classical,growth,rb_classical:growth,0.14387243038673192,0.001,0.00014387243038673192,0.0002063118579519481,1.433991609076025,1.4337852972180731,False
2018-10-01,rb_classical,growth,rb_classical:growth,0.20126925458518952,0.001,0.00020126925458518953,0.00028771044237554494,1.4294803395009752,1.4291926290585997,False
2018-11-01,rb_classical,growth,rb_classical:growth,0.3645228549552631,0.001,0.0003645228549552631,0.0005086624939267183,1.3954200320008607,1.394911369506934,False
2018-12-03,rb_classical,growth,rb_classical:growth,0.0809998488856376,0.001,8.09998488856376e-05,0.00011433964969842954,1.4116032470611626,1.411488907411464,False
2019-01-02,rb_classical,growth,rb_classical:growth,0.1423367840320007,0.001,0.0001423367840320007,0.00020178330645027534,1.417646940828097,1.4174451575216467,False
2019-02-01,rb_classical,growth,rb_classical:growth,0.19741448311475346,0.001,0.00019741448311475347,0.00028594227357529444,1.4484361484718493,1.448150206198274,False
2019-03-01,rb_classical,growth,rb_classical:growth,0.23969089532173826,0.001,0.00023969089532173827,0.00034869450958046743,1.4547674375049293,1.4544187429953488,False
2019-04-01,rb_classical,growth,rb_classical:growth,0.102902437773157,0.001,0.000102902437773157,0.00015324658845329095,1.4892415745399052,1.489088327951452,False
2019-05-01,rb_classical,growth,rb_classical:growth,0.18419488737946033,0.001,0.00018419488737946032,0.0002762169345779198,1.4995906700107515,1.4993144530761737,False
2019-06-03,rb_classical,growth,rb_classical:growth,0.30202627777598673,0.001,0.0003020262777759867,0.0004473346621984319,1.4811117280669883,1.4806643934047898,False
2019-07-01,rb_classical,growth,rb_classical:growth,0.180516926879829,0.001,0.00018051692687982902,0.0002755448034964291,1.526420864010501,1.5261453192070047,False
2019-08-01,rb_classical,growth,rb_classical:growth,0.31242148260966884,0.001,0.00031242148260966887,0.0004792154260465337,1.533874758046817,1.5333955426207706,False
2019-09-03,rb_classical,growth,rb_classical:growth,0.37481039086858636,0.001,0.00037481039086858636,0.0005791902524419706,1.5452886754280049,1.5447094851755627,False
2019-10-01,rb_classical,growth,rb_classical:growth,0.37419528883930353,0.001,0.0003741952888393035,0.0005754588106638425,1.5378569100878519,1.537281451277188,False
2019-11-01,rb_classical,growth,rb_classical:growth,0.19356329593448987,0.001,0.00019356329593448986,0.0003059417253170739,1.5805771638679769,1.5802712221426598,False
2019-12-02,rb_classical,growth,rb_classical:growth,0.21682287475588635,0.001,0.00021682287475588636,0.00034115228157135104,1.573414622213837,1.5730734699322657,False
2020-01-02,rb_classical,growth,rb_classical:growth,0.12383205029476092,0.001,0.0001238320502947609,0.00020149837875800127,1.6271908466214442,1.6269893482426863,False
2020-02-03,rb_classical,growth,rb_classical:growth,0.3548290410898159,0.001,0.0003548290410898159,0.0005831861892842978,1.6435694989708556,1.6429863127815711,False
2020-03-02,rb_classical,growth,rb_classical:growth,0.22593700332604383,0.001,0.00022593700332604384,0.0003707406918483982,1.6409029348476927,1.6405321941558442,False
2020-04-01,rb_classical,growth,rb_classical:growth,0.4971721081040848,0.001,0.0004971721081040848,0.0007837293885150823,1.576374409867349,1.5755906804788338,False
2020-05-01,rb_classical,growth,rb_classical:growth,0.2991081700272108,0.001,0.0002991081700272108,0.0004919427139835512,1.6446983508969266,1.644206408182943,False
2020-06-01,rb_classical,growth,rb_classical:growth,0.1804908953960408,0.001,0.0001804908953960408,0.000302808690762081,1.6776950997868636,1.6773922910961014,False
2020-07-01,rb_classical,growth,rb_classical:growth,0.15103572441956895,0.001,0.00015103572441956895,0.0002566631897536902,1.6993541808737511,1.6990975176839975,False
2020-08-03,rb_classical,growth,rb_classical:growth,0.1440502001699273,0.001,0.00014405020016992732,0.0002512490610058194,1.7441771042972245,1.7439258552362187,False
2020-09-01,rb_classical,growth,rb_classical:growth,0.2731585790565696,0.001,0.0002731585790565696,0.0004794814058589525,1.7553225218661523,1.7548430404602935,False
2020-10-01,rb_classical,growth,rb_classical:growth,0.3109427441759015,0.001,0.0003109427441759015,0.0005391571285282027,1.733943430508864,1.7334042733803356,False
2020-11-02,rb_classical,growth,rb_classical:growth,0.1559127800473873,0.001,0.0001559127800473873,0.0002669015649711596,1.7118645751171837,1.7115976735522127,False
2020-12-01,rb_classical,growth,rb_classical:growth,0.15943525845590706,0.001,0.00015943525845590707,0.00027873183176314376,1.7482446132843883,1.7479658814526253,False
2021-01-04,rb_classical,growth,rb_classical:growth,0.1273242356271127,0.001,0.0001273242356271127,0.00022511755688875038,1.7680652530916379,1.767840135534749,False
2021-02-01,rb_classical,growth,rb_classical:growth,0.0700816025488895,0.001,7.00816025488895e-05,0.00012387312597761724,1.7675555562703111,1.7674316831443335,False
2021-03-01,rb_classical,growth,rb_classical:growth,0.3160399041404203,0.001,0.00031603990414042036,0.0005501314914957099,1.7407026273849262,1.7401524958934305,False
2021-04-01,rb_classical,growth,rb_classical:growth,0.27631323159465615,0.001,0.00027631323159465614,0.0004803969323386113,1.7385954685056135,1.738115071573275,False
2021-05-03,rb_classical,growth,rb_classical:growth,0.21042466525710044,0.001,0.00021042466525710043,0.0003734279922996205,1.7746398305700517,1.7742664025777521,False
2021-06-01,rb_classical,growth,rb_classical:growth,0.23487874497926498,0.001,0.000234878744979265,0.0004214688652512887,1.7944104107355299,1.7939889418702786,False
2021-07-01,rb_classical,growth,rb_classical:growth,0.3926547673795346,0.001,0.0003926547673795346,0.0007088494176355382,1.8052739366089865,1.804565087191351,False
2021-08-02,rb_classical,growth,rb_classical:growth,0.1508169154655276,0.001,0.00015081691546552762,0.00027598157330546464,1.8299112699234725,1.8296352883501672,False
2021-09-01,rb_classical,growth,rb_classical:growth,0.19800639959301256,0.001,0.00019800639959301257,0.0003677981357759938,1.8575063055132337,1.8571385073774578,False
2021-10-01,rb_classical,growth,rb_classical:growth,0.12837188354925932,0.001,0.00012837188354925932,0.00023132353795309355,1.8019797759244474,1.8017484523864942,False
2021-11-01,rb_classical,growth,rb_classical:growth,0.09156171656573583,0.001,9.156171656573584e-05,0.00016935808842044053,1.8496604779012802,1.8494911198128596,False
2021-12-01,rb_classical,growth,rb_classical:growth,0.12038745550495308,0.001,0.00012038745550495309,0.0002197160003647975,1.8250738786962546,1.8248541626958898,False
2022-01-03,rb_classical,growth,rb_classical:growth,0.2941161752353204,0.001,0.0002941161752353204,0.0005515703822312931,1.8753486842061142,1.8747971138238828,False
2022-02-01,rb_classical,growth,rb_classical:growth,0.08001142940550654,0.001,8.001142940550654e-05,0.00014585629496387953,1.8229432475785943,1.8227973912836304,False
2022-03-01,rb_classical,growth,rb_classical:growth,0.1905240245331439,0.001,0.0001905240245331439,0.00034170559590633126,1.7935039780082305,1.7931622724123242,False
2022-04-01,rb_classical,growth,rb_classical:growth,0.15737105954682054,0.001,0.00015737105954682055,0.0002824567651940965,1.7948456724348407,1.7945632156696467,False
2022-05-02,rb_classical,growth,rb_classical:growth,0.27772928679531084,0.001,0.00027772928679531086,0.0004674540706024957,1.6831284737609031,1.6826610196903007,False
2022-06-01,rb_classical,growth,rb_classical:growth,0.1408975766965114,0.001,0.00014089757669651142,0.00023631754120817574,1.677229280651119,1.6769929631099108,False
2022-07-01,rb_classical,growth,rb_classical:growth,0.22260719381337346,0.001,0.00022260719381337346,0.00036287315027562874,1.6301052273263443,1.6297423541760687,False
2022-08-01,rb_classical,growth,rb_classical:growth,0.1332732461619554,0.001,0.0001332732461619554,0.00022405944398182987,1.6812034705716548,1.6809794111276728,False
2022-09-01,rb_classical,growth,rb_classical:growth,0.10505089768348577,0.001,0.00010505089768348578,0.00016895521072733146,1.6083176293874886,1.6081486741767612,False
2022-10-03,rb_classical,growth,rb_classical:growth,0.14313337912911572,0.001,0.00014313337912911573,0.00021902116517348593,1.5301892997014654,1.529970278536292,False
2022-11-01,rb_classical,growth,rb_classical:growth,0.17403854338768404,0.001,0.00017403854338768405,0.00026610749594898535,1.5290147272504502,1.528748619754501,False
2022-12-01,rb_classical,growth,rb_classical:growth,0.12438375664864781,0.001,0.0001243837566486478,0.00020430335634326452,1.6425244087165582,1.642320105360215,False
2023-01-03,rb_classical,growth,rb_classical:growth,0.15730311891385643,0.001,0.00015730311891385643,0.0002504662043414966,1.5922519913839652,1.5920015251796238,False
2023-02-01,rb_classical,growth,rb_classical:growth,0.08366519095917403,0.001,8.366519095917403e-05,0.00014357868016482716,1.716110111251512,1.7159665325713473,False
2023-03-01,rb_classical,growth,rb_classical:growth,0.0840773587523782,0.001,8.40773587523782e-05,0.00013763628464339892,1.6370196053465553,1.6368819690619119,False
2023-04-03,rb_classical,growth,rb_classical:growth,0.20197346614866735,0.001,0.00020197346614866734,0.00034632251495092357,1.7146931305125235,1.7143468079975726,False
2023-05-01,rb_classical,growth,rb_classical:growth,0.1134837552474022,0.001,0.0001134837552474022,0.00019481593732138732,1.7166856780221584,1.716490862084837,False
2023-06-01,rb_classical,growth,rb_classical:growth,0.16469897123348504,0.001,0.00016469897123348504,0.00028643520341144386,1.7391438529714907,1.7388574177680791,False
2023-07-03,rb_classical,growth,rb_classical:growth,0.10985095516122628,0.001,0.00010985095516122629,0.00019524203928789313,1.777335836555448,1.77714059451616,False
2023-08-01,rb_classical,growth,rb_classical:growth,0.1631949128707059,0.001,0.0001631949128707059,0.00029493580652159817,1.8072610312017898,1.8069660953952682,False
2023-09-01,rb_classical,growth,rb_classical:growth,0.2694012389690734,0.001,0.00026940123896907343,0.000479596552698697,1.780231429276216,1.7797518327235173,False
2023-10-02,rb_classical,growth,rb_classical:growth,0.12339502315015305,0.001,0.00012339502315015304,0.00020913073126999332,1.6948068563147227,1.6945977255834528,False
2023-11-01,rb_classical,growth,rb_classical:growth,0.1510372412444144,0.001,0.0001510372412444144,0.00025684243853039106,1.7005239000277987,1.7002670575892682,False
2023-12-01,rb_classical,growth,rb_classical:growth,0.15312781956892885,0.001,0.00015312781956892886,0.00027960272197179696,1.8259433377874015,1.8256637350654297,False
2024-01-02,rb_classical,growth,rb_classical:growth,0.07521035060031642,0.001,7.521035060031642e-05,0.00014096807546598388,1.8743174887605274,1.8741765206850614,False
2024-02-01,rb_classical,growth,rb_classical:growth,0.18993676441545065,0.001,0.00018993676441545065,0.000362058341223604,1.906204637832358,1.9058425794911344,False
2024-03-01,rb_classical,growth,rb_classical:growth,0.03890870118611897,0.001,3.8908701186118975e-05,7.581769993525095e-05,1.9486052637064015,1.9485294460064662,False
2024-04-01,rb_classical,growth,rb_classical:growth,0.0996021856304386,0.001,9.96021856304386e-05,0.00019757967966122904,1.9836881932925008,1.9834906136128396,False
2024-05-01,rb_classical,growth,rb_classical:growth,0.06989312092875131,0.001,6.989312092875132e-05,0.00013525952589253496,1.9352337411061928,1.9350984815803003,False
2024-06-03,rb_classical,growth,rb_classical:growth,0.17007072142533788,0.001,0.00017007072142533787,0.0003428671546759221,2.0160269316341024,2.0156840644794265,False
2024-07-01,rb_classical,growth,rb_classical:growth,0.22265160530407677,0.001,0.00022265160530407678,0.000458808189356551,2.0606552049330773,2.060196396743721,False
2024-08-01,rb_classical,growth,rb_classical:growth,0.4369080426287083,0.001,0.0004369080426287083,0.0009053836936182914,2.0722522940318164,2.071346910338198,False
2024-09-03,rb_classical,growth,rb_classical:growth,0.0853409167113877,0.001,8.53409167113877e-05,0.0001800056135235557,2.109253338961804,2.10907333334828,False
2024-10-01,rb_classical,growth,rb_classical:growth,0.17649029919909437,0.001,0.00017649029919909436,0.0003844884356085572,2.1785244704856286,2.1781399820500202,False
2024-11-01,rb_classical,growth,rb_classical:growth,0.1528915008378638,0.001,0.0001528915008378638,0.00032698052451751963,2.1386442197612494,2.138317239236732,False
2024-12-02,rb_classical,growth,rb_classical:growth,0.14783761329615536,0.001,0.00014783761329615537,0.00032268209593091,2.18267928395528,2.182356601859349,False
2012-01-03,rb_advisor,conservative,rb_advisor:conservative,1.0,0.001,0.001,0.001,1.0,0.999,True
2012-02-01,rb_advisor,conservative,rb_advisor:conservative,0.07899141130113452,0.001,7.899141130113452e-05,8.056390776847128e-05,1.019907182837157,1.0198266189293885,False
2012-03-01,rb_advisor,conservative,rb_advisor:conservative,0.04769822171303295,0.001,4.769822171303295e-05,4.886889950201482e-05,1.024543426294276,1.0244945573947741,False
2012-04-02,rb_advisor,conservative,rb_advisor:conservative,0.025347256725090594,0.001,2.5347256725090594e-05,2.601437976584745e-05,1.0263193389325043,1.0262933245527384,False
2012-05-01,rb_advisor,conservative,rb_advisor:conservative,0.03957258566444184,0.001,3.957258566444184e-05,4.0927373025319024e-05,1.0342355026372343,1.034194575264209,False
2012-06-01,rb_advisor,conservative,rb_advisor:conservative,0.017755282545960115,0.001,1.7755282545960114e-05,1.8328583240987958e-05,1.0322890212275606,1.0322706926443195,False
2012-07-02,rb_advisor,conservative,rb_advisor:conservative,0.04164957990459148,0.001,4.1649579904591476e-05,4.34550918986802e-05,1.043350064952028,1.0433066098601294,False
2012-08-01,rb_advisor,conservative,rb_advisor:conservative,0.03258978936406366,0.001,3.2589789364063666e-05,3.4254485878988235e-05,1.0510803091216112,1.0510460546357323,False
2012-09-04,rb_advisor,conservative,rb_advisor:conservative,0.09784264048425473,0.001,9.784264048425473e-05,0.00010364987925479827,1.0593528418877662,1.0592491920085114,False
2012-10-01,rb_advisor,conservative,rb_advisor:conservative,0.07889185010501143,0.001,7.889185010501144e-05,8.415181772535619e-05,1.066673143212427,1.0665889913947018,False
2012-11-01,rb_advisor,conservative,rb_advisor:conservative,0.025783664126095625,0.001,2.5783664126095626e-05,2.7319301441333118e-05,1.0595585370538267,1.0595312177523855,False
2012-12-03,rb_advisor,conservative,rb_advisor:conservative,0.03447047307042353,0.001,3.447047307042353e-05,3.669485398695822e-05,1.0645300374030335,1.0644933425490466,False
2013-01-02,rb_advisor,conservative,rb_advisor:conservative,0.029740039024261623,0.001,2.9740039024261626e-05,3.1710358161062345e-05,1.0662513971549719,1.0662196867968108,False
2013-02-01,rb_advisor,conservative,rb_advisor:conservative,0.05907634603176215,0.001,5.907634603176215e-05,6.278079052732629e-05,1.0627060531735064,1.062643272382979,False
2013-03-01,rb_advisor,conservative,rb_advisor:conservative,0.05105018518816837,0.001,5.105018518816837e-05,5.4589748561041815e-05,1.0693349761578101,1.069280386409249,False
2013-04-01,rb_advisor,conservative,rb_advisor:conservative,0.04991764561856788,0.001,4.991764561856788e-05,5.368390614472541e-05,1.0754494824322522,1.0753957985261076,False
2013-05-01,rb_advisor,conservative,rb_advisor:conservative,0.11889596159447306,0.001,0.00011889596159447307,0.00012935678443435405,1.087982995381798,1.0878536385973638,False
2013-06-03,rb_advisor,conservative,rb_advisor:conservative,0.11256656277659674,0.001,0.00011256656277659675,0.00012014347383301585,1.0673104949598264,1.0671903514859935,False
2013-07-01,rb_advisor,conservative,rb_advisor:conservative,0.09748344945350622,0.001,9.748344945350622e-05,0.0001016551880967746,1.042794327310484,1.0426926721223873,False
2013-08-01,rb_advisor,conservative,rb_advisor:conservative,0.12431410752719334,0.001,0.00012431410752719333,0.00013056302326262337,1.0502671487551252,1.0501365857318625,False
2013-09-03,rb_advisor,conservative,rb_advisor:conservative,0.10112318490606986,0.001,0.00010112318490606987,0.00010515121300872817,1.0398328840848892,1.0397277328718804,False
2013-10-01,rb_advisor,conservative,rb_advisor:conservative,0.056599478830997,0.001,5.6599478830997006e-05,5.9988987000409566e-05,1.059885854771445,1.0598258657844446,False
2013-11-01,rb_advisor,conservative,rb_advisor:conservative,0.11477910126915819,0.001,0.00011477910126915819,0.00012335334546228948,1.0747021373954184,1.074578784049956,False
2013-12-02,rb_advisor,conservative,rb_advisor:conservative,0.08440714059972897,0.001,8.440714059972897e-05,9.022184255203093e-05,1.0688887446131616,1.0687985227706096,False
2014-01-02,rb_advisor,conservative,rb_advisor:conservative,0.08307572487531685,0.001,8.307572487531685e-05,8.876935977495415e-05,1.068535482635662,1.068446713275887,False
2014-02-03,rb_advisor,conservative,rb_advisor:conservative,0.03822291418130688,0.001,3.822291418130688e-05,4.129532555666853e-05,1.0803814005595687,1.080340105234012,False
2014-03-03,rb_advisor,conservative,rb_advisor:conservative,0.019772413308650642,0.001,1.9772413308650643e-05,2.1756582549870643e-05,1.1003503826390229,1.100328626056473,False
2014-04-01,rb_advisor,conservative,rb_advisor:conservative,0.041331770789871984,0.001,4.133177078987199e-05,4.522626658687582e-05,1.094225234549064,1.094180008282477,False
2014-05-01,rb_advisor,conservative,rb_advisor:conservative,0.06366556876540988,0.001,6.366556876540989e-05,7.027491410156865e-05,1.1038134970648323,1.1037432221507308,False
2014-06-02,rb_advisor,conservative,rb_advisor:conservative,0.06407864336524274,0.001,6.407864336524275e-05,7.146347110777668e-05,1.1152463185033592,1.1151748550322516,False
2014-07-01,rb_advisor,conservative,rb_advisor:conservative,0.04531062926951901,0.001,4.531062926951901e-05,5.102549491396534e-05,1.126126379981458,1.126075354486544,False
2014-08-01,rb_advisor,conservative,rb_advisor:conservative,0.037188886512033406,0.001,3.718888651203341e-05,4.181646523067308e-05,1.1244344521351102,1.1243926356698795,False
2014-09-02,rb_advisor,conservative,rb_advisor:conservative,0.017530162497686685,0.001,1.7530162497686686e-05,1.995195166466084e-05,1.1381498412974629,1.1381298893457983,False
2014-10-01,rb_advisor,conservative,rb_advisor:conservative,0.04862060350375259,0.001,4.8620603503752586e-05,5.482594258434385e-05,1.1276277675186062,1.1275729415760218,False
2014-11-03,rb_advisor,conservative,rb_advisor:conservative,0.07962568196755385,0.001,7.962568196755385e-05,9.076736704673915e-05,1.1399257727390686,1.1398350053720219,False
2014-12-01,rb_advisor,conservative,rb_advisor:conservative,0.12745986648710983,0.001,0.00012745986648710983,0.0001468576083576663,1.1521870562489422,1.1520401986405846,False
2015-01-02,rb_advisor,conservative,rb_advisor:conservative,0.11004664645502155,0.001,0.00011004664645502155,0.0001271927387309208,1.1558074946237205,1.1556803018849895,False
2015-02-02,rb_advisor,conservative,rb_advisor:conservative,0.03984824753692623,0.001,3.984824753692623e-05,4.706552198776319e-05,1.1811189926018433,1.1810719270798555,False
2015-03-02,rb_advisor,conservative,rb_advisor:conservative,0.11124131301584628,0.001,0.00011124131301584628,0.0001303655460312952,1.1719166422705267,1.1717862767244953,False
2015-04-01,rb_advisor,conservative,rb_advisor:conservative,0.050255202238858994,0.001,5.025520223885899e-05,5.9146751949780754e-05,1.1769279460594135,1.1768687993074638,False
2015-05-01,rb_advisor,conservative,rb_advisor:conservative,0.06858981486672394,0.001,6.858981486672395e-05,8.04405456275167e-05,1.1727768296768226,1.1726963891311952,False
2015-06-01,rb_advisor,conservative,rb_advisor:conservative,0.0857756910162835,0.001,8.577569101628351e-05,0.00010033108194240567,1.1696913280868702,1.1695909970049276,False
2015-07-01,rb_advisor,conservative,rb_advisor:conservative,0.026152664708315572,0.001,2.6152664708315574e-05,3.011299828646837e-05,1.1514313597609638,1.1514012467626773,False
2015-08-03,rb_advisor,conservative,rb_advisor:conservative,0.0699667459151353,0.001,6.99667459151353e-05,8.141599735518217e-05,1.1636384726814937,1.1635570566841384,False
2015-09-01,rb_advisor,conservative,rb_advisor:conservative,0.10875604311529852,0.001,0.00010875604311529852,0.0001241793486134841,1.1418156182993384,1.141691438950725,False
2015-10-01,rb_advisor,conservative,rb_advisor:conservative,0.07245704361078868,0.001,7.245704361078869e-05,8.334220717428161e-05,1.1502291981710409,1.1501458559638666,False
2015-11-02,rb_advisor,conservative,rb_advisor:conservative,0.03981790397310743,0.001,3.981790397310743e-05,4.653161848159818e-05,1.1686104450155166,1.168563913397035,False
2015-12-01,rb_advisor,conservative,rb_advisor:conservative,0.03952672187437643,0.001,3.952672187437643e-05,4.6098985901978896e-05,1.1662739462303602,1.1662278472444583,False
2016-01-04,rb_advisor,conservative,rb_advisor:conservative,0.07651616923956003,0.001,7.651616923956004e-05,8.80982846390646e-05,1.151368207721466,1.151280109436827,False
2016-02-01,rb_advisor,conservative,rb_advisor:conservative,0.06144189567367441,0.001,6.144189567367441e-05,7.130068139572408e-05,1.1604570564425765,1.1603857557611807,False
2016-03-01,rb_advisor,conservative,rb_advisor:conservative,0.049315249532126335,0.001,4.931524953212634e-05,5.799588048784273e-05,1.1760232592975406,1.1759652634170528,False
2016-04-01,rb_advisor,conservative,rb_advisor:conservative,0.09002047450535271,0.001,9.00204745053527e-05,0.00010760303905363297,1.1953173946804156,1.195209791641362,False
2016-05-02,rb_advisor,conservative,rb_advisor:conservative,0.03508697985830521,0.001,3.508697985830521e-05,4.201354787966068e-05,1.197411348862958,1.1973693353150785,False
2016-06-01,rb_advisor,conservative,rb_advisor:conservative,0.032835970523772365,0.001,3.2835970523772364e-05,3.931180563028284e-05,1.1972177159137765,1.1971784041081461,False
2016-07-01,rb_advisor,conservative,rb_advisor:conservative,0.08470057612556171,0.001,8.470057612556171e-05,0.00010409125584889357,1.2289320877178775,1.2288279964620288,False
2016-08-01,rb_advisor,conservative,rb_advisor:conservative,0.1285555386338581,0.001,0.00012855553863385812,0.0001594053087199224,1.2399723140200765,1.2398129087113565,False
2016-09-01,rb_advisor,conservative,rb_advisor:conservative,0.045489073030790805,0.001,4.5489073030790804e-05,5.628402039354301e-05,1.2373085807979707,1.2372522967775772,False
2016-10-03,rb_advisor,conservative,rb_advisor:conservative,0.13589780868261594,0.001,0.00013589780868261594,0.00016808584158867305,1.2368546867538608,1.2366866009122721,False
2016-11-01,rb_advisor,conservative,rb_advisor:conservative,0.04174210391847845,0.001,4.174210391847845e-05,5.0916908050702425e-05,1.219797357367089,1.2197464404590384,False
2016-12-01,rb_advisor,conservative,rb_advisor:conservative,0.09345647795449735,0.001,9.345647795449736e-05,0.00011054773966866553,1.1828793689666934,1.1827688212270249,False
2017-01-03,rb_advisor,conservative,rb_advisor:conservative,0.03484236018360641,0.001,3.484236018360641e-05,4.17271225733523e-05,1.1975974748399858,1.1975557477174126,False
2017-02-01,rb_advisor,conservative,rb_advisor:conservative,0.06379879163321961,0.001,6.379879163321962e-05,7.707147083390368e-05,1.2080396644028766,1.2079625929320428,False
2017-03-01,rb_advisor,conservative,rb_advisor:conservative,0.02535285679618037,0.001,2.535285679618037e-05,3.112839749524477e-05,1.2278063078056962,1.227775179408201,False
2017-04-03,rb_advisor,conservative,rb_advisor:conservative,0.022215746067164997,0.001,2.2215746067164997e-05,2.745500943134803e-05,1.23583558023859,1.2358081252291586,False
2017-05-01,rb_advisor,conservative,rb_advisor:conservative,0.03881601646458821,0.001,3.881601646458821e-05,4.8378663540974556e-05,1.2463582806110547,1.2463099019475137,False
2017-06-01,rb_advisor,conservative,rb_advisor:conservative,0.0545902418048874,0.001,5.4590241804887397e-05,6.892476416267859e-05,1.2625839689266194,1.2625150441624566,False
2017-07-03,rb_advisor,conservative,rb_advisor:conservative,0.06349697688945166,0.001,6.349697688945166e-05,7.966353404281123e-05,1.254603572411102,1.2545239088770592,False
2017-08-01,rb_advisor,conservative,rb_advisor:conservative,0.061553091268942345,0.001,6.155309126894234e-05,7.838575634209166e-05,1.2734657955617987,1.2733874098054565,False
2017-09-01,rb_advisor,conservative,rb_advisor:conservative,0.08860307209567404,0.001,8.860307209567404e-05,0.00011372517341120059,1.2835353303370742,1.283421605163663,False
2017-10-02,rb_advisor,conservative,rb_advisor:conservative,0.1236618532674969,0.001,0.0001236618532674969,0.00015799654180443938,1.277649797651601,1.2774918011097967,False
2017-11-01,rb_advisor,conservative,rb_advisor:conservative,0.061920645474148384,0.001,6.192064547414839e-05,7.966990680792144e-05,1.2866452892708182,1.2865656193640103,False
2017-12-01,rb_advisor,conservative,rb_advisor:conservative,0.046165117056196914,0.001,4.616511705619691e-05,5.9734295456666885e-05,1.2939270875009843,1.2938673532055276,False
2018-01-02,rb_advisor,conservative,rb_advisor:conservative,0.023579801547186887,0.001,2.357980154718689e-05,3.0679022903253196e-05,1.3010721418439273,1.301041462821024,False
2018-02-01,rb_advisor,conservative,rb_advisor:conservative,0.07767466408859758,0.001,7.767466408859758e-05,0.000100913106259621,1.2991766033840468,1.2990756902777871,False
2018-03-01,rb_advisor,conservative,rb_advisor:conservative,0.1224291046366568,0.001,0.0001224291046366568,0.0001567714052941182,1.2805076518314982,1.280350880426204,False
2018-04-02,rb_advisor,conservative,rb_advisor:conservative,0.06412911919030265,0.001,6.412911919030264e-05,8.224187650562889e-05,1.2824420098703802,1.2823597679938745,False
2018-05-01,rb_advisor,conservative,rb_advisor:conservative,0.05736741047342987,0.001,5.736741047342987e-05,7.315107306698118e-05,1.2751329101888191,1.2750597591157522,False
2018-06-01,rb_advisor,conservative,rb_advisor:conservative,0.11652098729038116,0.001,0.00011652098729038115,0.0001501096296535849,1.2882625966728014,1.2881124870431477,False
2018-07-02,rb_advisor,conservative,rb_advisor:conservative,0.06980762877219275,0.001,6.980762877219275e-05,8.97732167324488e-05,1.28600868288208,1.2859189096653476,False
2018-08-01,rb_advisor,conservative,rb_advisor:conservative,0.043458292176002694,0.001,4.3458292176002694e-05,5.605512357368914e-05,1.2898602491480857,1.289804194024512,False
2018-09-04,rb_advisor,conservative,rb_advisor:conservative,0.032396135372582555,0.001,3.2396135372582555e-05,4.2135428068613436e-05,1.3006313124704814,1.3005891770424127,False
2018-10-01,rb_advisor,conservative,rb_advisor:conservative,0.06315246028318142,0.001,6.315246028318142e-05,8.169454143905232e-05,1.2936082153050967,1.2935265207636577,False
2018-11-01,rb_advisor,conservative,rb_advisor:conservative,0.12485178271647926,0.001,0.00012485178271647926,0.0001594233374439688,1.2769007696589856,1.2767413463215416,False
2018-12-03,rb_advisor,conservative,rb_advisor:conservative,0.04339908258429909,0.001,4.339908258429909e-05,5.602233575321572e-05,1.2908645164191435,1.2908084940833902,False
2019-01-02,rb_advisor,conservative,rb_advisor:conservative,0.06790451735645489,0.001,6.79045173564549e-05,8.827556596176784e-05,1.2999954848125652,1.2999072092466033,False
2019-02-01,rb_advisor,conservative,rb_advisor:conservative,0.09549348751728742,0.001,9.549348751728742e-05,0.00012616498968777158,1.3211894650400282,1.3210633000503404,False
2019-03-01,rb_advisor,conservative,rb_advisor:conservative,0.07681899676028828,0.001,7.681899676028828e-05,0.00010177936172517758,1.3249243809155369,1.3248226015538118,False
2019-04-01,rb_advisor,conservative,rb_advisor:conservative,0.026590301343269677,0.001,2.6590301343269678e-05,3.6004444496647805e-05,1.3540442446230854,1.354008240178589,False
2019-05-01,rb_advisor,conservative,rb_advisor:conservative,0.042117483317583,0.001,4.2117483317583e-05,5.7328569027555575e-05,1.3611584670260277,1.3611011384570002,False
2019-06-03,rb_advisor,conservative,rb_advisor:conservative,0.07374249422213358,0.001,7.374249422213358e-05,0.00010109837919863003,1.3709650082365354,1.370863909857337,False
2019-07-01,rb_advisor,conservative,rb_advisor:conservative,0.07153685827228519,0.001,7.153685827228519e-05,0.00010027561193652525,1.4017335169354792,1.4016332413235426,False
2019-08-01,rb_advisor,conservative,rb_advisor:conservative,0.11016571757923697,0.001,0.00011016571757923697,0.00015570826294567913,1.413400342385875,1.4132446341229292,False
2019-09-03,rb_advisor,conservative,rb_advisor:conservative,0.11958187095286915,0.001,0.00011958187095286916,0.00017186844492914603,1.4372449900611155,1.4370731216161865,False
2019-10-01,rb_advisor,conservative,rb_advisor:conservative,0.1473867736197369,0.001,0.0001473867736197369,0.00021077922644215102,1.430109508916783,1.429898729690341,False
2019-11-01,rb_advisor,conservative,rb_advisor:conservative,0.07151312632201051,0.001,7.151312632201051e-05,0.000103696614251725,1.4500360924622164,1.4499323958479646,False
2019-12-02,rb_advisor,conservative,rb_advisor:conservative,0.054274812920304415,0.001,5.427481292030442e-05,7.841099614144543e-05,1.444703204349721,1.4446247933535796,False
2020-01-02,rb_advisor,conservative,rb_advisor:conservative,0.04352758680677504,0.001,4.3527586806775045e-05,6.400033877586662e-05,1.4703396965233324,1.4702756961845564,False
2020-02-03,rb_advisor,conservative,rb_advisor:conservative,0.10815535875733605,0.001,0.00010815535875733605,0.00016158455919780115,1.4940041904011627,1.493842605841965,False
2020-03-02,rb_advisor,conservative,rb_advisor:conservative,0.08798055974929088,0.001,8.798055974929089e-05,0.0001323907461390639,1.5047727192953095,1.5046403285491703,False
2020-04-01,rb_advisor,conservative,rb_advisor:conservative,0.4108188755847683,0.001,0.00041081887558476834,0.0006027414143683076,1.4671706929491801,1.4665679515348118,False
2020-05-01,rb_advisor,conservative,rb_advisor:conservative,0.18159411040892115,0.001,0.00018159411040892116,0.0002753403829822734,1.5162407104627482,1.515965370079766,False
2020-06-01,rb_advisor,conservative,rb_advisor:conservative,0.09795787147728466,0.001,9.795787147728466e-05,0.00015077729085509104,1.5392054623201425,1.5390546850292874,False
2020-07-01,rb_advisor,conservative,rb_advisor:conservative,0.06894594028203552,0.001,6.894594028203551e-05,0.00010720654111711267,1.554936239589531,1.5548290330484138,False
2020-08-03,rb_advisor,conservative,rb_advisor:conservative,0.08850308319742627,0.001,8.850308319742627e-05,0.00014059782562687712,1.5886206507997205,1.5884800529740937,False
2020-09-01,rb_advisor,conservative,rb_advisor:conservative,0.06016376429516972,0.001,6.0163764295169715e-05,9.6095978014652e-05,1.5972401185403742,1.5971440225623594,False
2020-10-01,rb_advisor,conservative,rb_advisor:conservative,0.11812132846806052,0.001,0.00011812132846806052,0.00018712431534061974,1.5841704268608638,1.5839833025455232,False
2020-11-02,rb_advisor,conservative,rb_advisor:conservative,0.05225351517603216,0.001,5.225351517603216e-05,8.184847384396456e-05,1.5663725888723967,1.5662907403985529,False
2020-12-01,rb_advisor,conservative,rb_advisor:conservative,0.04580628305985292,0.001,4.5806283059852916e-05,7.293382551139076e-05,1.5922231763728036,1.5921502425472922,False
2021-01-04,rb_advisor,conservative,rb_advisor:conservative,0.06589396987413379,0.001,6.589396987413379e-05,0.00010571901117716656,1.6043806645601086,1.6042749455489316,False
2021-02-01,rb_advisor,conservative,rb_advisor:conservative,0.055727827636635884,0.001,5.5727827636635885e-05,8.923643320795114e-05,1.6012903605323108,1.6012011240991029,False
2021-03-01,rb_advisor,conservative,rb_advisor:conservative,0.08583903772457802,0.001,8.583903772457802e-05,0.0001351413866762918,1.5743581272416476,1.5742229858549712,False
2021-04-01,rb_advisor,conservative,rb_advisor:conservative,0.1267272510914604,0.001,0.0001267272510914604,0.00019853754227430878,1.5666523227196187,1.5664537851773446,False
2021-05-03,rb_advisor,conservative,rb_advisor:conservative,0.05856176809088107,0.001,5.856176809088107e-05,9.299573771023704e-05,1.5879940230957241,1.587901027358014,False
2021-06-01,rb_advisor,conservative,rb_advisor:conservative,0.09147744673479218,0.001,9.147744673479218e-05,0.0001462848592391168,1.5991357920517846,1.5989895071925455,False
2021-07-01,rb_advisor,conservative,rb_advisor:conservative,0.10827066392385859,0.001,0.00010827066392385859,0.00017439903415278403,1.610769047056276,1.6105946480221234,False
2021-08-02,rb_advisor,conservative,rb_advisor:conservative,0.0416681529336239,0.001,4.16681529336239e-05,6.830577853238249e-05,1.6392802109849098,1.6392119052063774,False
2021-09-01,rb_advisor,conservative,rb_advisor:conservative,0.057136454833893055,0.001,5.713645483389306e-05,9.399524648871644e-05,1.6451011313526391,1.6450071361061505,False
2021-10-01,rb_advisor,conservative,rb_advisor:conservative,0.04865098300153871,0.001,4.865098300153871e-05,7.856139260602691e-05,1.6147955860119456,1.6147170246193396,False
2021-11-01,rb_advisor,conservative,rb_advisor:conservative,0.03190281116098479,0.001,3.190281116098479e-05,5.1964471815118055e-05,1.628836767797675,1.6287848033258598,False
2021-12-01,rb_advisor,conservative,rb_advisor:conservative,0.05783677361714025,0.001,5.783677361714025e-05,9.400979647706345e-05,1.6254329312934412,1.6253389214969642,False
2022-01-03,rb_advisor,conservative,rb_advisor:conservative,0.10244816815266733,0.001,0.00010244816815266733,0.00016754778372122495,1.6354395275428133,1.6352719797590922,False
2022-02-01,rb_advisor,conservative,rb_advisor:conservative,0.015909893407434487,0.001,1.590989340743449e-05,2.5459795316796685e-05,1.6002492703627826,1.600223810567466,False
2022-03-01,rb_advisor,conservative,rb_advisor:conservative,0.06590230060511001,0.001,6.590230060511001e-05,0.0001047354148711246,1.589252786464992,1.5891480510501208,False
2022-04-01,rb_advisor,conservative,rb_advisor:conservative,0.05042635519118693,0.001,5.0426355191186936e-05,7.842698235821222e-05,1.5552776333102691,1.555199206327911,False
2022-05-02,rb_advisor,conservative,rb_advisor:conservative,0.08069054159901574,0.001,8.069054159901575e-05,0.00011901496499513866,1.474955585086696,1.474836570121701,False
2022-06-01,rb_advisor,conservative,rb_advisor:conservative,0.04057725152210273,0.001,4.0577251522102734e-05,5.998402345776665e-05,1.4782672854294456,1.478207301405988,False
2022-07-01,rb_advisor,conservative,rb_advisor:conservative,0.10204505748962402,0.001,0.00010204505748962401,0.00014885074466983454,1.4586766702049214,1.4585278194602516,False
2022-08-01,rb_advisor,conservative,rb_advisor:conservative,0.04656642759691933,0.001,4.6566427596919326e-05,6.98266430760591e-05,1.499506118023075,1.499436291379999,False
2022-09-01,rb_advisor,conservative,rb_advisor:conservative,0.05997285107735468,0.001,5.997285107735468e-05,8.601898595736442e-05,1.4342987603910091,1.4342127414050516,False
2022-10-03,rb_advisor,conservative,rb_advisor:conservative,0.0621951238928236,0.001,6.21951238928236e-05,8.573994776814123e-05,1.3785638230400625,1.3784780830922945,False
2022-11-01,rb_advisor,conservative,rb_advisor:conservative,0.10322111570724735,0.001,0.00010322111570724735,0.0001405632496579953,1.3617683619760186,1.3616277987263605,False
2022-12-01,rb_advisor,conservative,rb_advisor:conservative,0.0491795214222304,0.001,4.91795214222304e-05,7.076921341959019e-05,1.4389976025183664,1.4389268333049468,False
2023-01-03,rb_advisor,conservative,rb_advisor:conservative,0.07231496229291626,0.001,7.231496229291626e-05,0.00010188604351705111,1.408920647767959,1.408818761724442,False
2023-02-01,rb_advisor,conservative,rb_advisor:conservative,0.03347958546672545,0.001,3.347958546672545e-05,4.9676480248785127e-05,1.4837842092805293,1.4837345328002804,False
2023-03-01,rb_advisor,conservative,rb_advisor:conservative,0.051619511510627436,0.001,5.1619511510627435e-05,7.31829817339585e-05,1.4177387501796015,1.4176655671978675,False
2023-04-03,rb_advisor,conservative,rb_advisor:conservative,0.10931517736260621,0.001,0.00010931517736260622,0.00016195965705095134,1.4815843596330602,1.4814223999760094,False
2023-05-01,rb_advisor,conservative,rb_advisor:conservative,0.05728041563669582,0.001,5.7280415636695824e-05,8.44935554392753e-05,1.4750862838562537,1.4750017903008146,False
2023-06-01,rb_advisor,conservative,rb_advisor:conservative,0.08634900744262017,0.001,8.634900744262017e-05,0.00012817434125440426,1.4843753860121378,1.4842472116708834,False
2023-07-03,rb_advisor,conservative,rb_advisor:conservative,0.030707181189229334,0.001,3.070718118922933e-05,4.56501293669011e-05,1.4866271536155544,1.4865815034861876,False
2023-08-01,rb_advisor,conservative,rb_advisor:conservative,0.05236095428848159,0.001,5.236095428848159e-05,7.806780989527225e-05,1.4909546809471668,1.4908766131372715,False
2023-09-01,rb_advisor,conservative,rb_advisor:conservative,0.06759813760540315,0.001,6.759813760540315e-05,9.97834589046191e-05,1.4761273378135698,1.4760275543546653,False
2023-10-02,rb_advisor,conservative,rb_advisor:conservative,0.05070655421153428,0.001,5.0706554211534275e-05,7.197334022545249e-05,1.4194090161441226,1.4193370428038972,False
2023-11-01,rb_advisor,conservative,rb_advisor:conservative,0.10649467165592999,0.001,0.00010649467165593,0.0001515631833208249,1.423199686558077,1.423048123374756,False
2023-12-01,rb_advisor,conservative,rb_advisor:conservative,0.06393337824543252,0.001,6.393337824543252e-05,9.630293046846396e-05,1.5063012953698245,1.5062049924393561,False
2024-01-02,rb_advisor,conservative,rb_advisor:conservative,0.05329112260991478,0.001,5.3291122609914783e-05,8.232187463187113e-05,1.5447577495122085,1.5446754276375767,False
2024-02-01,rb_advisor,conservative,rb_advisor:conservative,0.07275976203878928,0.001,7.275976203878929e-05,0.00011372948743948155,1.5630821796647811,1.5629684501773415,False
2024-03-01,rb_advisor,conservative,rb_advisor:conservative,0.019325846340284315,0.001,1.9325846340284316e-05,3.0198997433224954e-05,1.5626222469892967,1.5625920479918636,False
2024-04-01,rb_advisor,conservative,rb_advisor:conservative,0.0760456347433505,0.001,7.60456347433505e-05,0.00011948082528533748,1.5711727002947398,1.5710532194694544,False
2024-05-01,rb_advisor,conservative,rb_advisor:conservative,0.009857027365449814,0.001,9.857027365449813e-06,1.517428159180117e-05,1.5394379085310281,1.5394227342494364,False
2024-06-03,rb_advisor,conservative,rb_advisor:conservative,0.024865783092821725,0.001,2.4865783092821725e-05,3.93853441742494e-05,1.583917306252832,1.5838779209086578,False
2024-07-01,rb_advisor,conservative,rb_advisor:conservative,0.07640188257981362,0.001,7.640188257981362e-05,0.00012187983048336777,1.595246430689,1.5951245508585166,False
2024-08-01,rb_advisor,conservative,rb_advisor:conservative,0.18858823731716198,0.001,0.000188588237317162,0.0003087593561953357,1.6372142854067484,1.6369055260505532,False
2024-09-03,rb_advisor,conservative,rb_advisor:conservative,0.047811483881177036,0.001,4.7811483881177037e-05,7.95530345407779e-05,1.6638896784397281,1.6638101254051874,False
2024-10-01,rb_advisor,conservative,rb_advisor:conservative,0.056211151366775416,0.001,5.621115136677542e-05,9.549106577749844e-05,1.6987922050274902,1.6986967139617126,False
2024-11-01,rb_advisor,conservative,rb_advisor:conservative,0.05272260437533634,0.001,5.272260437533634e-05,8.711340440659563e-05,1.652297063825385,1.6522099504209784,False
2024-12-02,rb_advisor,conservative,rb_advisor:conservative,0.0666320464196033,0.001,6.66320464196033e-05,0.00011207595986619996,1.6820128735116704,1.681900797551804,False
2012-01-03,rb_advisor,balanced,rb_advisor:balanced,1.0000000000000002,0.001,0.0010000000000000002,0.0010000000000000002,1.0,0.999,True
2012-02-01,rb_advisor,balanced,rb_advisor:balanced,0.08595791651367554,0.001,8.595791651367554e-05,8.791540466340036e-05,1.0227726337388994,1.022684718334236,False
2012-03-01,rb_advisor,balanced,rb_advisor:balanced,0.053187783372618945,0.001,5.318778337261895e-05,5.476222163780623e-05,1.0296015017989602,1.0295467395773223,False
2012-04-02,rb_advisor,balanced,rb_advisor:balanced,0.028192131388806187,0.001,2.8192131388806187e-05,2.9100967423157617e-05,1.0322372232811134,1.0322081223136903,False
2012-05-01,rb_advisor,balanced,rb_advisor:balanced,0.04488272276683131,0.001,4.488272276683131e-05,4.662821965349197e-05,1.0388901737474492,1.0388435455277958,False
2012-06-01,rb_advisor,balanced,rb_advisor:balanced,0.022710111969542562,0.001,2.2710111969542563e-05,2.3428215584291047e-05,1.0316204347962512,1.031597006580667,False
2012-07-02,rb_advisor,balanced,rb_advisor:balanced,0.05103969252109514,0.001,5.103969252109514e-05,5.337947997027163e-05,1.0458425067550992,1.045789127275129,False
2012-08-01,rb_advisor,balanced,rb_advisor:balanced,0.03545022601904978,0.001,3.545022601904978e-05,3.732918828444725e-05,1.053002828935076,1.0529654997467914,False
2012-09-04,rb_advisor,balanced,rb_advisor:balanced,0.109146665595835,0.001,0.000109146665595835,0.00011599575630871313,1.0627512592848232,1.0626352635285146,False
2012-10-01,rb_advisor,balanced,rb_advisor:balanced,0.08428694408983439,0.001,8.42869440898344e-05,9.036004623575582e-05,1.0720527029601241,1.0719623429138885,False
2012-11-01,rb_advisor,balanced,rb_advisor:balanced,0.035742439382513376,0.001,3.5742439382513376e-05,3.803487999414393e-05,1.064137777142097,1.0640997422621028,False
2012-12-03,rb_advisor,balanced,rb_advisor:balanced,0.03862852955382235,0.001,3.862852955382235e-05,4.129533969737344e-05,1.0690373196793663,1.068996024339669,False
2013-01-02,rb_advisor,balanced,rb_advisor:balanced,0.05634247288557309,0.001,5.634247288557309e-05,6.04780195030395e-05,1.0734001616483069,1.0733396836288038,False
2013-02-01,rb_advisor,balanced,rb_advisor:balanced,0.06746675448492742,0.001,6.746675448492742e-05,7.224367271247122e-05,1.0708040317636889,1.0707317880909764,False
2013-03-01,rb_advisor,balanced,rb_advisor:balanced,0.05974336196883569,0.001,5.974336196883569e-05,6.430307873152744e-05,1.0763217303550856,1.076257427276354,False
2013-04-01,rb_advisor,balanced,rb_advisor:balanced,0.055818380751361224,0.001,5.5818380751361226e-05,6.043892655181944e-05,1.0827782128084311,1.0827177738818792,False
2013-05-01,rb_advisor,balanced,rb_advisor:balanced,0.13084208603115893,0.001,0.00013084208603115894,0.0001434020089386706,1.0959929888653763,1.0958495868564375,False
2013-06-03,rb_advisor,balanced,rb_advisor:balanced,0.1449894169722768,0.001,0.0001449894169722768,0.00015610431525141634,1.0766600660327148,1.0765039617174634,False
2013-07-01,rb_advisor,balanced,rb_advisor:balanced,0.10475023272703499,0.001,0.00010475023272703499,0.00011008118661384638,1.0508920481418227,1.0507819669552088,False
2013-08-01,rb_advisor,balanced,rb_advisor:balanced,0.16514760769444004,0.001,0.00016514760769444003,0.00017569485234618056,1.0638655612332895,1.0636898663809433,False
2013-09-03,rb_advisor,balanced,rb_advisor:balanced,0.10481562871030664,0.001,0.00010481562871030664,0.00011022824398865112,1.0516393914241937,1.051529163180205,False
2013-10-01,rb_advisor,balanced,rb_advisor:balanced,0.07024108487747216,0.001,7.024108487747216e-05,7.554598889942949e-05,1.0755242324518641,1.0754486864629647,False
2013-11-01,rb_advisor,balanced,rb_advisor:balanced,0.13447680559224207,0.001,0.00013447680559224208,0.0001471289081296701,1.0940839015450106,1.093936772636881,False
2013-12-02,rb_advisor,balanced,rb_advisor:balanced,0.11067133084343256,0.001,0.00011067133084343256,0.00012055289299510415,1.089287461137077,1.089166908244082,False
2014-01-02,rb_advisor,balanced,rb_advisor:balanced,0.09080605453842971,0.001,9.080605453842972e-05,9.908402549061269e-05,1.0911610023611331,1.0910619183356425,False
2014-02-03,rb_advisor,balanced,rb_advisor:balanced,0.04707453811672705,0.001,4.707453811672705e-05,5.152972265375631e-05,1.0946410674488634,1.0945895377262096,False
2014-03-03,rb_advisor,balanced,rb_advisor:balanced,0.025495268012129875,0.001,2.5495268012129876e-05,2.8634272950914865e-05,1.123121080244834,1.123092445971883,False
2014-04-01,rb_advisor,balanced,rb_advisor:balanced,0.04980210877102218,0.001,4.980210877102218e-05,5.576487740575849e-05,1.119729240023784,1.1196734751463782,False
2014-05-01,rb_advisor,balanced,rb_advisor:balanced,0.08809118311385278,0.001,8.809118311385278e-05,9.933576653149572e-05,1.1276470927074502,1.1275477569409187,False
2014-06-02,rb_advisor,balanced,rb_advisor:balanced,0.08552252120629175,0.001,8.552252120629175e-05,9.757581728400766e-05,1.1409370994646164,1.1408395236473323,False
2014-07-01,rb_advisor,balanced,rb_advisor:balanced,0.0487062068490205,0.001,4.87062068490205e-05,5.6360876980080273e-05,1.1571600546679341,1.157103693790954,False
2014-08-01,rb_advisor,balanced,rb_advisor:balanced,0.05704746893371575,0.001,5.704746893371575e-05,6.574419302427495e-05,1.152447150646842,1.1523814064538176,False
2014-09-02,rb_advisor,balanced,rb_advisor:balanced,0.018697874943055054,0.001,1.8697874943055053e-05,2.187007585496109e-05,1.1696556919739312,1.1696338218980762,False
2014-10-01,rb_advisor,balanced,rb_advisor:balanced,0.06467702022269878,0.001,6.467702022269878e-05,7.452323344079917e-05,1.1522366550623,1.152162131828859,False
2014-11-03,rb_advisor,balanced,rb_advisor:balanced,0.11367790210738529,0.001,0.0001136779021073853,0.00013262580815698102,1.166680645035978,1.166548019227821,False
2014-12-01,rb_advisor,balanced,rb_advisor:balanced,0.15631819861005122,0.001,0.00015631819861005122,0.0001844691890842615,1.1800877359419633,1.179903266752879,False
2015-01-02,rb_advisor,balanced,rb_advisor:balanced,0.11915565907961992,0.001,0.00011915565907961992,0.0001407251068960778,1.1810190802775482,1.180878355170652,False
2015-02-02,rb_advisor,balanced,rb_advisor:balanced,0.03670068169708855,0.001,3.670068169708855e-05,4.4270058577120335e-05,1.2062462202338944,1.2062019501753172,False
2015-03-02,rb_advisor,balanced,rb_advisor:balanced,0.13070912242410487,0.001,0.00013070912242410488,0.00015705800031613344,1.2015840777090965,1.2014270197087804,False
2015-04-01,rb_advisor,balanced,rb_advisor:balanced,0.032461058845723076,0.001,3.2461058845723074e-05,3.905869894492335e-05,1.2032478401446094,1.2032087814456645,False
2015-05-01,rb_advisor,balanced,rb_advisor:balanced,0.08105715072900602,0.001,8.105715072900602e-05,9.758897705749562e-05,1.2039527195294535,1.203855130552396,False
2015-06-01,rb_advisor,balanced,rb_advisor:balanced,0.11612655520714402,0.001,0.00011612655520714402,0.00013942109428459324,1.2005961430260024,1.200456721931718,False
2015-07-01,rb_advisor,balanced,rb_advisor:balanced,0.03276241798461024,0.001,3.2762417984610244e-05,3.868172868159388e-05,1.180673804349977,1.1806351226212954,False
2015-08-03,rb_advisor,balanced,rb_advisor:balanced,0.09691458870160233,0.001,9.691458870160233e-05,0.00011531022602340218,1.1898128813035524,1.189697571077529,False
2015-09-01,rb_advisor,balanced,rb_advisor:balanced,0.13696132670648298,0.001,0.00013696132670648297,0.00015871941425014594,1.1588630021837623,1.1587042827695122,False
2015-10-01,rb_advisor,balanced,rb_advisor:balanced,0.08508902115493579,0.001,8.508902115493579e-05,9.928487790364367e-05,1.1668353514475047,1.1667360665696012,False
2015-11-02,rb_advisor,balanced,rb_advisor:balanced,0.04226343320589849,0.001,4.226343320589849e-05,5.046792827853654e-05,1.1941275104809277,1.1940770425526492,False
2015-12-01,rb_advisor,balanced,rb_advisor:balanced,0.0426686075925156,0.001,4.2668607592515606e-05,5.077574794429948e-05,1.1900024586976663,1.189951682949722,False
2016-01-04,rb_advisor,balanced,rb_advisor:balanced,0.07490655945447464,0.001,7.490655945447464e-05,8.77196573235837e-05,1.1710544171621762,1.1709666975048525,False
2016-02-01,rb_advisor,balanced,rb_advisor:balanced,0.07150074426788162,0.001,7.150074426788162e-05,8.40915167655184e-05,1.176092887235757,1.1760087957189915,False
2016-03-01,rb_advisor,balanced,rb_advisor:balanced,0.05563851951601848,0.001,5.563851951601849e-05,6.644492167923306e-05,1.1942251924964211,1.1941587475747417,False
2016-04-01,rb_advisor,balanced,rb_advisor:balanced,0.08771015661751971,0.001,8.771015661751972e-05,0.00010673695264199723,1.2169280817436938,1.2168213447910519,False
2016-05-02,rb_advisor,balanced,rb_advisor:balanced,0.043546030482671305,0.001,4.3546030482671305e-05,5.312084485625096e-05,1.2198780065014159,1.2198248856565597,False
2016-06-01,rb_advisor,balanced,rb_advisor:balanced,0.04329869159444856,0.001,4.3298691594448564e-05,5.2780049119200426e-05,1.218975612786588,1.2189228327374688,False
2016-07-01,rb_advisor,balanced,rb_advisor:balanced,0.08084525513326694,0.001,8.084525513326695e-05,0.00010114489009152641,1.2510924719675525,1.2509913270774609,False
2016-08-01,rb_advisor,balanced,rb_advisor:balanced,0.1345734763023995,0.001,0.00013457347630239949,0.00017032801649965402,1.26568786940534,1.2655175413888402,False
2016-09-01,rb_advisor,balanced,rb_advisor:balanced,0.061832944006966054,0.001,6.183294400696605e-05,7.810560566198077e-05,1.2631713872977075,1.2630932816920455,False
2016-10-03,rb_advisor,balanced,rb_advisor:balanced,0.14217340110492172,0.001,0.0001421734011049217,0.00017968134331295503,1.2638182804697276,1.2636385991264145,False
2016-11-01,rb_advisor,balanced,rb_advisor:balanced,0.05456068502711071,0.001,5.4560685027110706e-05,6.790698287241854e-05,1.2446138247471816,1.2445459177643092,False
2016-12-01,rb_advisor,balanced,rb_advisor:balanced,0.10472905503287717,0.001,0.00010472905503287717,0.00012654668730849712,1.2083245405849488,1.2081979938976402,False
2017-01-03,rb_advisor,balanced,rb_advisor:balanced,0.0402699680807343,0.001,4.02699680807343e-05,4.936103559833171e-05,1.2257530350997894,1.2257036740641911,False
2017-02-01,rb_advisor,balanced,rb_advisor:balanced,0.08073633384308193,0.001,8.073633384308193e-05,0.00010025856505253001,1.241802299908629,1.2417020413435764,False
2017-03-01,rb_advisor,balanced,rb_advisor:balanced,0.03122193058819612,0.001,3.122193058819612e-05,3.959186237892918e-05,1.268078611189323,1.268039019326944,False
2017-04-03,rb_advisor,balanced,rb_advisor:balanced,0.01998893007433973,0.001,1.998893007433973e-05,2.5500824033954607e-05,1.27574732309913,1.2757218222750961,False
2017-05-01,rb_advisor,balanced,rb_advisor:balanced,0.048543219186953264,0.001,4.854321918695327e-05,6.260345297123982e-05,1.289643621082004,1.2895810176290328,False
2017-06-01,rb_advisor,balanced,rb_advisor:balanced,0.07018650807189358,0.001,7.018650807189358e-05,9.187833348362982e-05,1.3090597610229708,1.3089678826894873,False
2017-07-03,rb_advisor,balanced,rb_advisor:balanced,0.08557979112757996,0.001,8.557979112757997e-05,0.00011116312866491895,1.2989413411771484,1.2988301780484834,False
2017-08-01,rb_advisor,balanced,rb_advisor:balanced,0.06585358326878518,0.001,6.585358326878518e-05,8.716623689393258e-05,1.3236369619882122,1.3235497957513183,False
2017-09-01,rb_advisor,balanced,rb_advisor:balanced,0.114668565522728,0.001,0.000114668565522728,0.00015312936741351048,1.3354084156844128,1.3352552863169993,False
2017-10-02,rb_advisor,balanced,rb_advisor:balanced,0.11954119253948357,0.001,0.00011954119253948357,0.0001590913291789734,1.3308494402582332,1.3306903489290542,False
2017-11-01,rb_advisor,balanced,rb_advisor:balanced,0.06108995587487833,0.001,6.108995587487834e-05,8.214180449777855e-05,1.3446040895170663,1.3445219477125687,False
2017-12-01,rb_advisor,balanced,rb_advisor:balanced,0.06281817800726028,0.001,6.281817800726028e-05,8.505449215760031e-05,1.3539789732164795,1.353893918724322,False
2018-01-02,rb_advisor,balanced,rb_advisor:balanced,0.03171681304410039,0.001,3.1716813044100394e-05,4.3344904421979234e-05,1.3666223135884004,1.3665789686839782,False
2018-02-01,rb_advisor,balanced,rb_advisor:balanced,0.08667891866338559,0.001,8.66789186633856e-05,0.0001191229501773288,1.3743012951042735,1.374182172154096,False
2018-03-01,rb_advisor,balanced,rb_advisor:balanced,0.1567107092174787,0.001,0.0001567107092174787,0.00021126659459606332,1.3481311880407196,1.3479199214461235,False
2018-04-02,rb_advisor,balanced,rb_advisor:balanced,0.08232692245710255,0.001,8.232692245710255e-05,0.00011088857208436049,1.3469296406912372,1.3468187521191528,False
2018-05-01,rb_advisor,balanced,rb_advisor:balanced,0.08166582386978147,0.001,8.166582386978146e-05,0.00010964080574915251,1.3425543336705692,1.34244469286482,False
2018-06-01,rb_advisor,balanced,rb_advisor:balanced,0.13389170897851685,0.001,0.00013389170897851684,0.0001817858200496817,1.3577078180311342,1.3575260322110845,False
2018-07-02,rb_advisor,balanced,rb_advisor:balanced,0.09337431905485669,0.001,9.337431905485669e-05,0.0001262248004395826,1.3518149499481382,1.3516887251476986,False
2018-08-01,rb_advisor,balanced,rb_advisor:balanced,0.0521745562352273,0.001,5.2174556235227304e-05,7.092329476618309e-05,1.3593463918778284,1.3592754685830621,False
2018-09-04,rb_advisor,balanced,rb_advisor:balanced,0.045273944230234536,0.001,4.527394423023454e-05,6.205378553628363e-05,1.370629102265035,1.3705670484794987,False
2018-10-01,rb_advisor,balanced,rb_advisor:balanced,0.07209887637087413,0.001,7.209887637087413e-05,9.842003969232452e-05,1.36507036789388,1.3649719478541877,False
2018-11-01,rb_advisor,balanced,rb_advisor:balanced,0.16287511378314135,0.001,0.00016287511378314134,0.00021830797527506036,1.3403396639570402,1.340121355981765,False
2018-12-03,rb_advisor,balanced,rb_advisor:balanced,0.048153244089605814,0.001,4.815324408960581e-05,6.527853051580457e-05,1.3556413851231128,1.355576106592597,False
2019-01-02,rb_advisor,balanced,rb_advisor:balanced,0.06794432736963638,0.001,6.794432736963638e-05,9.216643101086418e-05,1.3564992778492413,1.3564071114182303,False
2019-02-01,rb_advisor,balanced,rb_advisor:balanced,0.10574949601595357,0.001,0.00010574949601595358,0.0001465034107570148,1.385381645080493,1.385235141669736,False
2019-03-01,rb_advisor,balanced,rb_advisor:balanced,0.09876904087870002,0.001,9.876904087870002e-05,0.00013744863645866174,1.3916165960087108,1.391479147372252,False
2019-04-01,rb_advisor,balanced,rb_advisor:balanced,0.03533874154221782,0.001,3.533874154221782e-05,5.0289869917104205e-05,1.4230803849374447,1.4230300950675274,False
2019-05-01,rb_advisor,balanced,rb_advisor:balanced,0.05224753706747781,0.001,5.2247537067477814e-05,7.481957017830179e-05,1.4320209980744574,1.431946178504279,False
2019-06-03,rb_advisor,balanced,rb_advisor:balanced,0.09171538139490448,0.001,9.171538139490448e-05,0.0001313731433839647,1.4324003388079847,1.4322689656646008,False
2019-07-01,rb_advisor,balanced,rb_advisor:balanced,0.07352637630528036,0.001,7.352637630528037e-05,0.00010824871283090324,1.472243272012431,1.4721350232996,False
2019-08-01,rb_advisor,balanced,rb_advisor:balanced,0.1387136382310132,0.001,0.0001387136382310132,0.0002055927649711502,1.4821380766378338,1.4819324838728627,False
2019-09-03,rb_advisor,balanced,rb_advisor:balanced,0.15589345740982205,0.001,0.00015589345740982206,0.000234227437876429,1.5024840796280365,1.5022498521901602,False
2019-10-01,rb_advisor,balanced,rb_advisor:balanced,0.17450363284663908,0.001,0.00017450363284663909,0.0002610697958037458,1.4960708355750083,1.4958097657792044,False
2019-11-01,rb_advisor,balanced,rb_advisor:balanced,0.0934950385670249,0.001,9.34950385670249e-05,0.00014254973341578194,1.5246769839406036,1.5245344342071878,False
2019-12-02,rb_advisor,balanced,rb_advisor:balanced,0.06196880496346349,0.001,6.19688049634635e-05,9.414063399967442e-05,1.5191616823203107,1.519067541686311,False
2020-01-02,rb_advisor,balanced,rb_advisor:balanced,0.0550388116074511,0.001,5.5038811607451104e-05,8.556952127870453e-05,1.5547123707721955,1.5546268012509168,False
2020-02-03,rb_advisor,balanced,rb_advisor:balanced,0.13619747483866912,0.001,0.00013619747483866913,0.00021458741707456832,1.5755609076361727,1.5753463202190983,False
2020-03-02,rb_advisor,balanced,rb_advisor:balanced,0.11708464215854,0.001,0.00011708464215854,0.0001849515023586893,1.579639301525586,1.5794543500232274,False
2020-04-01,rb_advisor,balanced,rb_advisor:balanced,0.44555701950913257,0.001,0.00044555701950913255,0.0006785815642905184,1.522996013031301,1.5223174314670105,False
2020-05-01,rb_advisor,balanced,rb_advisor:balanced,0.21117611480151569,0.001,0.0002111761148015157,0.0003345196591642536,1.5840790492744334,1.5837445296152692,False
2020-06-01,rb_advisor,balanced,rb_advisor:balanced,0.10892091073468949,0.001,0.0001089209107346895,0.0001759784958624886,1.6156539150791582,1.6154779365832959,False
2020-07-01,rb_advisor,balanced,rb_advisor:balanced,0.08944665231069263,0.001,8.944665231069263e-05,0.00014630520496477072,1.6356699908296188,1.635523685624654,False
2020-08-03,rb_advisor,balanced,rb_advisor:balanced,0.09162573723445604,0.001,9.162573723445604e-05,0.00015370421067748298,1.6775222259241174,1.67736852171344,False
2020-09-01,rb_advisor,balanced,rb_advisor:balanced,0.08091336948215833,0.001,8.091336948215833e-05,0.00013710902796048327,1.6945163554301899,1.6943792464022294,False
2020-10-01,rb_advisor,balanced,rb_advisor:balanced,0.15018245397541252,0.001,0.00015018245397541253,0.000251712460353376,1.6760443959357976,1.6757926834754442,False
2020-11-02,rb_advisor,balanced,rb_advisor:balanced,0.06226504945093373,0.001,6.226504945093373e-05,0.00010306683691743377,1.6552919788275888,1.6551889119906713,False
2020-12-01,rb_advisor,balanced,rb_advisor:balanced,0.055264319538247314,0.001,5.5264319538247314e-05,9.359710115386986e-05,1.693626230014344,1.6935326329131901,False
2021-01-04,rb_advisor,balanced,rb_advisor:balanced,0.06559159896220312,0.001,6.559159896220312e-05,0.000112198537106103,1.7105626159648422,1.710450417427736,False
2021-02-01,rb_advisor,balanced,rb_advisor:balanced,0.06695321282996794,0.001,6.695321282996794e-05,0.00011452843205865934,1.7105741041809566,1.7104595757488978,False
2021-03-01,rb_advisor,balanced,rb_advisor:balanced,0.11407824097196635,0.001,0.00011407824097196635,0.00019222765973994982,1.685051050069995,1.684858822410255,False
2021-04-01,rb_advisor,balanced,rb_advisor:balanced,0.18743076970856032,0.001,0.00018743076970856033,0.00031468381416067855,1.678933585184473,1.6786189013703126,False
2021-05-03,rb_advisor,balanced,rb_advisor:balanced,0.09273726626567771,0.001,9.273726626567772e-05,0.00015827758414252828,1.706731182792124,1.7065729052079817,False
2021-06-01,rb_advisor,balanced,rb_advisor:balanced,0.0956804412418506,0.001,9.56804412418506e-05,0.00016472375199178024,1.7216031808988994,1.7214384571469077,False
2021-07-01,rb_advisor,balanced,rb_advisor:balanced,0.1390446762576473,0.001,0.0001390446762576473,0.0002412186211025723,1.7348281688656566,1.734586950244554,False
2021-08-02,rb_advisor,balanced,rb_advisor:balanced,0.05181161904948157,0.001,5.1811619049481567e-05,9.13442811578658e-05,1.7630076580048466,1.7629163137236887,False
2021-09-01,rb_advisor,balanced,rb_advisor:balanced,0.06500203674676433,0.001,6.500203674676434e-05,0.00011552449890304961,1.7772442939459152,1.7771287694470121,False
2021-10-01,rb_advisor,balanced,rb_advisor:balanced,0.05937605225142974,0.001,5.937605225142974e-05,0.00010308644070538598,1.7361619170783407,1.7360588306376352,False
2021-11-01,rb_advisor,balanced,rb_advisor:balanced,0.03202808064947149,0.001,3.202808064947149e-05,5.6504005686206836e-05,1.7642020545848487,1.7641455505791623,False
2021-12-01,rb_advisor,balanced,rb_advisor:balanced,0.051384421751986875,0.001,5.138442175198688e-05,9.004260814980466e-05,1.7523328098233,1.7522427672151502,False
2022-01-03,rb_advisor,balanced,rb_advisor:balanced,0.1378313008648856,0.001,0.0001378313008648856,0.0002449010603974855,1.7768174490173254,1.7765725479569279,False
2022-02-01,rb_advisor,balanced,rb_advisor:balanced,0.022430783511014886,0.001,2.2430783511014888e-05,3.886133038668773e-05,1.7324999087795767,1.73246104744919,False
2022-03-01,rb_advisor,balanced,rb_advisor:balanced,0.07736931180665592,0.001,7.736931180665592e-05,0.00013241991813318948,1.7115302571658348,1.7113978372477017,False
2022-04-01,rb_advisor,balanced,rb_advisor:balanced,0.07272079313941293,0.001,7.272079313941293e-05,0.00012291703991948848,1.6902598914707156,1.6901369744307964,False
2022-05-02,rb_advisor,balanced,rb_advisor:balanced,0.11866340157100824,0.001,0.00011866340157100824,0.00018930851899402648,1.5953404039302224,1.5951510954112285,False
2022-06-01,rb_advisor,balanced,rb_advisor:balanced,0.06398823600175738,0.001,6.398823600175737e-05,0.0001020712217810635,1.5951560499067394,1.5950539786849585,False
2022-07-01,rb_advisor,balanced,rb_advisor:balanced,0.14906528956456863,0.001,0.00014906528956456862,0.00023304407228327506,1.5633691314994593,1.563136087427176,False
2022-08-01,rb_advisor,balanced,rb_advisor:balanced,0.05850764408670717,0.001,5.850764408670717e-05,9.429793569908537e-05,1.611719924311731,1.611625626376032,False
2022-09-01,rb_advisor,balanced,rb_advisor:balanced,0.05980472142545633,0.001,5.980472142545633e-05,9.219044240701073e-05,1.5415244851850305,1.5414322947426236,False
2022-10-03,rb_advisor,balanced,rb_advisor:balanced,0.07998432657490238,0.001,7.998432657490239e-05,0.00011790306281549255,1.4740770831530432,1.4739591800902279,False
2022-11-01,rb_advisor,balanced,rb_advisor:balanced,0.11593237662119779,0.001,0.0001159323766211978,0.00016973544308075371,1.4640900844753166,1.463920349032236,False
2022-12-01,rb_advisor,balanced,rb_advisor:balanced,0.06099160991837649,0.001,6.099160991837649e-05,9.500624935080103e-05,1.5576937463684835,1.5575987401191327,False
2023-01-03,rb_advisor,balanced,rb_advisor:balanced,0.09947388740792446,0.001,9.947388740792446e-05,0.00015100250661258634,1.5180115158599594,1.5178605133533467,False
2023-02-01,rb_advisor,balanced,rb_advisor:balanced,0.0395748108930448,0.001,3.95748108930448e-05,6.389707987018661e-05,1.6145896449859323,1.6145257479060622,False
2023-03-01,rb_advisor,balanced,rb_advisor:balanced,0.04959226430190919,0.001,4.959226430190919e-05,7.647062277470312e-05,1.5419869177411036,1.541910447118329,False
2023-04-03,rb_advisor,balanced,rb_advisor:balanced,0.11598385793628421,0.001,0.00011598385793628422,0.00018715912894921323,1.6136653175653906,1.6134781584364413,False
2023-05-01,rb_advisor,balanced,rb_advisor:balanced,0.05961463012066574,0.001,5.9614630120665744e-05,9.60217458171197e-05,1.6107077343726273,1.61061171262681,False
2023-06-01,rb_advisor,balanced,rb_advisor:balanced,0.09853807826840272,0.001,9.853807826840272e-05,0.00016024416484260515,1.6262156483925376,1.626055404227695,False
2023-07-03,rb_advisor,balanced,rb_advisor:balanced,0.03572550026162919,0.001,3.5725500261629194e-05,5.870470361595091e-05,1.6432157194731412,1.6431570147695251,False
2023-08-01,rb_advisor,balanced,rb_advisor:balanced,0.07005068195665175,0.001,7.005068195665175e-05,0.00011611116153539888,1.6575307804604948,1.6574146692989595,False
2023-09-01,rb_advisor,balanced,rb_advisor:balanced,0.09598506127879564,0.001,9.598506127879563e-05,0.0001571330626849175,1.6370574815648973,1.6369003485022122,False
2023-10-02,rb_advisor,balanced,rb_advisor:balanced,0.04700692075341063,0.001,4.700692075341063e-05,7.373219997283433e-05,1.568539244670363,1.5684655124703901,False
2023-11-01,rb_advisor,balanced,rb_advisor:balanced,0.12017538168384631,0.001,0.0001201753816838463,0.00018888658292531214,1.5717577117602102,1.5715688251772848,False
2023-12-01,rb_advisor,balanced,rb_advisor:balanced,0.07211729938307,0.001,7.211729938307e-05,0.00012071845701983434,1.6739181590620373,1.6737974406050176,False
2024-01-02,rb_advisor,balanced,rb_advisor:balanced,0.057202784374881764,0.001,5.720278437488176e-05,9.824401960541518e-05,1.7174691875410697,1.7173709435214641,False
2024-02-01,rb_advisor,balanced,rb_advisor:balanced,0.09504459731957957,0.001,9.504459731957956e-05,0.00016546634904740593,1.7409337691340738,1.7407683027850265,False
2024-03-01,rb_advisor,balanced,rb_advisor:balanced,0.017249295828462796,0.001,1.7249295828462797e-05,3.0316010093369458e-05,1.7575216052208622,1.7574912892107688,False
2024-04-01,rb_advisor,balanced,rb_advisor:balanced,0.06374174746823488,0.001,6.374174746823489e-05,0.0001131612609861647,1.7753084200046063,1.7751952587436202,False
2024-05-01,rb_advisor,balanced,rb_advisor:balanced,0.021329878692453903,0.001,2.1329878692453904e-05,3.7023439373276404e-05,1.7357548023174916,1.7357177788781184,False
2024-06-03,rb_advisor,balanced,rb_advisor:balanced,0.04543174338697662,0.001,4.543174338697662e-05,8.158426517764335e-05,1.7957546661313055,1.7956730818661277,False
2024-07-01,rb_advisor,balanced,rb_advisor:balanced,0.09457939029000183,0.001,9.457939029000183e-05,0.00017200291126123329,1.8186087976866143,1.818436794775353,False
2024-08-01,rb_advisor,balanced,rb_advisor:balanced,0.23516948737091037,0.001,0.00023516948737091036,0.0004351867348533485,1.8505238061218803,1.850088619387027,False
2024-09-03,rb_advisor,balanced,rb_advisor:balanced,0.036738077186153816,0.001,3.673807718615382e-05,6.913821995455219e-05,1.8819226603565857,1.881853522136631,False
2024-10-01,rb_advisor,balanced,rb_advisor:balanced,0.08386064569745497,0.001,8.386064569745496e-05,0.0001619674902767747,1.93138854261994,1.9312265751296633,False
2024-11-01,rb_advisor,balanced,rb_advisor:balanced,0.06403628076223536,0.001,6.403628076223535e-05,0.00012081160711355589,1.8866118655786004,1.8864910539714868,False
2024-12-02,rb_advisor,balanced,rb_advisor:balanced,0.07685639616891628,0.001,7.685639616891627e-05,0.00014780130840047302,1.9230840342244624,1.922936232916062,False
2012-01-03,rb_advisor,growth,rb_advisor:growth,1.0,0.001,0.001,0.001,1.0,0.999,True
2012-02-01,rb_advisor,growth,rb_advisor:growth,0.08936969543183418,0.001,8.936969543183418e-05,9.168631971089312e-05,1.0259218101602006,1.0258301238404897,False
2012-03-01,rb_advisor,growth,rb_advisor:growth,0.057956769467979764,0.001,5.795676946797976e-05,5.994733690287691e-05,1.034345727913577,1.034285780576674,False
2012-04-02,rb_advisor,growth,rb_advisor:growth,0.03928480404811715,0.001,3.928480404811715e-05,4.078123863965019e-05,1.0380919449082695,1.03805116366963,False
2012-05-01,rb_advisor,growth,rb_advisor:growth,0.05038036137225515,0.001,5.038036137225515e-05,5.2603521579661654e-05,1.044127516096596,1.0440749125750162,False
2012-06-01,rb_advisor,growth,rb_advisor:growth,0.030565149473001346,0.001,3.056514947300135e-05,3.156324125614341e-05,1.032654569022268,1.0326230057810117,False
2012-07-02,rb_advisor,growth,rb_advisor:growth,0.05554911088227091,0.001,5.554911088227091e-05,5.8312290868449315e-05,1.0497430101452858,1.0496846978544174,False
2012-08-01,rb_advisor,growth,rb_advisor:growth,0.03630633670118766,0.001,3.630633670118766e-05,3.834654183349584e-05,1.056194188609545,1.0561558420677115,False
2012-09-04,rb_advisor,growth,rb_advisor:growth,0.11636789469119367,0.001,0.00011636789469119367,0.00012423673955937797,1.0676204110168523,1.067496174277293,False
2012-10-01,rb_advisor,growth,rb_advisor:growth,0.08438996490519675,0.001,8.438996490519675e-05,9.099683918309834e-05,1.07828980952088,1.0781988126816968,False
2012-11-01,rb_advisor,growth,rb_advisor:growth,0.05187655585675805,0.001,5.187655585675805e-05,5.54631380613454e-05,1.0691368604826166,1.0690813973445552,False
2012-12-03,rb_advisor,growth,rb_advisor:growth,0.04367218915977121,0.001,4.367218915977121e-05,4.690624627510272e-05,1.074053011253912,1.0740061050076368,False
2013-01-02,rb_advisor,growth,rb_advisor:growth,0.09180143942016158,0.001,9.180143942016159e-05,9.918980118181066e-05,1.0804819816368416,1.0803827918356599,False
2013-02-01,rb_advisor,growth,rb_advisor:growth,0.07716102798555345,0.001,7.716102798555345e-05,8.324877127747453e-05,1.0788966068863268,1.0788133581150492,False
2013-03-01,rb_advisor,growth,rb_advisor:growth,0.068214260108545,0.001,6.821426010854501e-05,7.39191349926399e-05,1.0836317050865478,1.0835577859515553,False
2013-04-01,rb_advisor,growth,rb_advisor:growth,0.06753003556709053,0.001,6.753003556709053e-05,7.366830135312355e-05,1.0908968244202197,1.0908231561188666,False
2013-05-01,rb_advisor,growth,rb_advisor:growth,0.14740849453260818,0.001,0.0001474084945326082,0.00016285765890880195,1.104805116049647,1.1046422583907383,False
2013-06-03,rb_advisor,growth,rb_advisor:growth,0.1882051286025398,0.001,0.0001882051286025398,0.00020446510006923957,1.0863949435779634,1.0861904784778942,False
2013-07-01,rb_advisor,growth,rb_advisor:growth,0.1164678224363317,0.001,0.0001164678224363317,0.00012333417839465802,1.0589549612476001,1.0588316270692055,False
2013-08-01,rb_advisor,growth,rb_advisor:growth,0.20242545664379819,0.001,0.0002024254566437982,0.00021816142905804956,1.0777371219764196,1.0775189605473614,False
2013-09-03,rb_advisor,growth,rb_advisor:growth,0.09597997551192392,0.001,9.597997551192392e-05,0.00010210461837655143,1.0638116735492043,1.0637095689308278,False
2013-10-01,rb_advisor,growth,rb_advisor:growth,0.09663485656312831,0.001,9.663485656312831e-05,0.00010544690879296165,1.091189168621332,1.091083721712539,False
2013-11-01,rb_advisor,growth,rb_advisor:growth,0.142240655030687,0.001,0.000142240655030687,0.00015846204570601458,1.1140418727109207,1.1138834106652147,False
2013-12-02,rb_advisor,growth,rb_advisor:growth,0.13084097803272304,0.001,0.00013084097803272305,0.00014524681530148688,1.1101018769911746,1.109956630175873,False
2014-01-02,rb_advisor,growth,rb_advisor:growth,0.08266448351918153,0.001,8.266448351918153e-05,9.215408000956612e-05,1.1147965375986728,1.1147043835186632,False
2014-02-03,rb_advisor,growth,rb_advisor:growth,0.060061547446837366,0.001,6.006154744683737e-05,6.657258858982079e-05,1.1084061503534617,1.108339577764872,False
2014-03-03,rb_advisor,growth,rb_advisor:growth,0.029406152888651116,0.001,2.9406152888651117e-05,3.3747807103109004e-05,1.1476444141094528,1.1476106663023498,False
2014-04-01,rb_advisor,growth,rb_advisor:growth,0.0568100144006715,0.001,5.6810014400671505e-05,6.51634813273392e-05,1.1470421547115284,1.146976991230201,False
2014-05-01,rb_advisor,growth,rb_advisor:growth,0.11078013154155342,0.001,0.00011078013154155341,0.00012772054339622787,1.1529192249453155,1.1527915044019192,False
2014-06-02,rb_advisor,growth,rb_advisor:growth,0.09971069070775859,0.001,9.97106907077586e-05,0.0001164780097526383,1.168159692063742,1.1680432140539894,False
2014-07-01,rb_advisor,growth,rb_advisor:growth,0.061378971919110806,0.001,6.13789719191108e-05,7.31179068405195e-05,1.1912533650266908,1.1911802471198503,False
2014-08-01,rb_advisor,growth,rb_advisor:growth,0.08447275440785831,0.001,8.447275440785831e-05,9.992298261908554e-05,1.182901911030735,1.182801988048116,False
2014-09-02,rb_advisor,growth,rb_advisor:growth,0.030761528403995222,0.001,3.076152840399522e-05,3.704389046517603e-05,1.204227890717058,1.204190846826593,False
2014-10-01,rb_advisor,growth,rb_advisor:growth,0.10077097076598229,0.001,0.00010077097076598229,0.00011880522198051994,1.1789627615716645,1.178843956349684,False
2014-11-03,rb_advisor,growth,rb_advisor:growth,0.14701712628544958,0.001,0.0001470171262854496,0.000175835542249784,1.1960208085443076,1.195844973002058,False
2014-12-01,rb_advisor,growth,rb_advisor:growth,0.18244880137363548,0.001,0.00018244880137363549,0.0002209955846785443,1.2112745220286165,1.211053526443938,False
2015-01-02,rb_advisor,growth,rb_advisor:growth,0.12274768864497426,0.001,0.00012274768864497425,0.0001484988306047197,1.209789220831897,1.2096407220012924,False
2015-02-02,rb_advisor,growth,rb_advisor:growth,0.053153779077605864,0.001,5.3153779077605865e-05,6.566267160003911e-05,1.2353340202616627,1.2352683575900627,False
2015-03-02,rb_advisor,growth,rb_advisor:growth,0.1475080732395335,0.001,0.0001475080732395335,0.00018215692845083753,1.234894636275527,1.2347124793470763,False
2015-04-01,rb_advisor,growth,rb_advisor:growth,0.037913368425694045,0.001,3.791336842569405e-05,4.674583025456774e-05,1.2329643130017405,1.2329175671714858,False
2015-05-01,rb_advisor,growth,rb_advisor:growth,0.09071945368045245,0.001,9.071945368045246e-05,0.00011233292959990283,1.2382452169033231,1.2381328839737231,False
2015-06-01,rb_advisor,growth,rb_advisor:growth,0.1424736270629634,0.001,0.0001424736270629634,0.00017596742272099709,1.2350876884971262,1.2349117210744052,False
2015-07-01,rb_advisor,growth,rb_advisor:growth,0.04054013873727031,0.001,4.054013873727031e-05,4.9186283758540577e-05,1.2132736909783066,1.2132245046945482,False
2015-08-03,rb_advisor,growth,rb_advisor:growth,0.1192510509472309,0.001,0.0001192510509472309,0.00014538683771931317,1.219166091740755,1.2190207049030357,False
2015-09-01,rb_advisor,growth,rb_advisor:growth,0.16715660205855393,0.001,0.00016715660205855393,0.00019698392397309714,1.178439388855816,1.178242404931843,False
2015-10-01,rb_advisor,growth,rb_advisor:growth,0.095961528593396,0.001,9.596152859339601e-05,0.00011380346627145445,1.1859280269873307,1.1858142235210594,False
2015-11-02,rb_advisor,growth,rb_advisor:growth,0.04307532812050691,0.001,4.307532812050692e-05,5.269889349588187e-05,1.2234124682336072,1.2233597693401113,False
2015-12-01,rb_advisor,growth,rb_advisor:growth,0.04541110035772526,0.001,4.5411100357725266e-05,5.527120459457328e-05,1.2171298241878128,1.2170745529832183,False
2016-01-04,rb_advisor,growth,rb_advisor:growth,0.07220066401113442,0.001,7.220066401113443e-05,8.62137724313971e-05,1.1940855892696727,1.1939993754972413,False
2016-02-01,rb_advisor,growth,rb_advisor:growth,0.07510758587846145,0.001,7.510758587846145e-05,8.974687865511249e-05,1.1949109747761062,1.194821227897451,False
2016-03-01,rb_advisor,growth,rb_advisor:growth,0.05881190419594966,0.001,5.881190419594966e-05,7.156276936496164e-05,1.2168075552617479,1.2167359924923828,False
2016-04-01,rb_advisor,growth,rb_advisor:growth,0.09189004531853069,0.001,9.18900453185307e-05,0.00011425342350096881,1.2433710648951903,1.2432568114716893,False
2016-05-02,rb_advisor,growth,rb_advisor:growth,0.0490909254921323,0.001,4.9090925492132305e-05,6.121737875909304e-05,1.2470202617977575,1.2469590444189984,False
2016-06-01,rb_advisor,growth,rb_advisor:growth,0.05815691831190819,0.001,5.815691831190819e-05,7.243126036301428e-05,1.2454452963712708,1.2453728651109077,False
2016-07-01,rb_advisor,growth,rb_advisor:growth,0.0734823882597627,0.001,7.348238825976269e-05,9.397106822169315e-05,1.2788243611449084,1.2787303900766867,False
2016-08-01,rb_advisor,growth,rb_advisor:growth,0.1458815758157696,0.001,0.0001458815758157696,0.00018929488691695736,1.2975928307493292,1.2974035358624123,False
2016-09-01,rb_advisor,growth,rb_advisor:growth,0.07677164713838494,0.001,7.677164713838494e-05,9.938482790939754e-05,1.2945511997450199,1.2944518149171105,False
2016-10-03,rb_advisor,growth,rb_advisor:growth,0.1376970596841105,0.001,0.0001376970596841105,0.0001784654377190606,1.2960729744591237,1.2958945090214047,False
2016-11-01,rb_advisor,growth,rb_advisor:growth,0.07106657389795924,0.001,7.106657389795924e-05,9.055214730621808e-05,1.2741876009984265,1.2740970488511203,False
2016-12-01,rb_advisor,growth,rb_advisor:growth,0.10953683855743242,0.001,0.00010953683855743243,0.00013564241775054298,1.2383269367357435,1.238191294317993,False
2017-01-03,rb_advisor,growth,rb_advisor:growth,0.062291758124713645,0.001,6.229175812471365e-05,7.840319618326449e-05,1.258644779720205,1.2585663765240218,False
2017-02-01,rb_advisor,growth,rb_advisor:growth,0.0948508989213256,0.001,9.48508989213256e-05,0.00012151166755607479,1.2810808219842287,1.2809593103166725,False
2017-03-01,rb_advisor,growth,rb_advisor:growth,0.04212421887553505,0.001,4.212421887553505e-05,5.540431694225524e-05,1.3152603993906464,1.3152049950737041,False
2017-04-03,rb_advisor,growth,rb_advisor:growth,0.01916446688225624,0.001,1.916446688225624e-05,2.5333779274489508e-05,1.3219141148113667,1.3218887810320923,False
2017-05-01,rb_advisor,growth,rb_advisor:growth,0.05142710853259278,0.001,5.1427108532592785e-05,6.888500172547689e-05,1.3394686905607356,1.3393998055590102,False
2017-06-01,rb_advisor,growth,rb_advisor:growth,0.07826927714763038,0.001,7.826927714763039e-05,0.00010661961784930765,1.3622154405259583,1.3621088209081091,False
2017-07-03,rb_advisor,growth,rb_advisor:growth,0.11472635190713551,0.001,0.00011472635190713551,0.00015477725820853313,1.3490994495651405,1.348944672306932,False
2017-08-01,rb_advisor,growth,rb_advisor:growth,0.07269717082508378,0.001,7.269717082508379e-05,0.00010038931148991083,1.3809245992730161,1.3808242099615262,False
2017-09-01,rb_advisor,growth,rb_advisor:growth,0.1218816153056536,0.001,0.0001218816153056536,0.00017003762256607053,1.3951047673568464,1.3949347297342802,False
2017-10-02,rb_advisor,growth,rb_advisor:growth,0.09730485651031312,0.001,9.730485651031312e-05,0.0001354324160105777,1.3918361412538904,1.3917007088378799,False
2017-11-01,rb_advisor,growth,rb_advisor:growth,0.061488305782340213,0.001,6.148830578234021e-05,8.676625655110152e-05,1.4111017606866847,1.4110149944301336,False
2017-12-01,rb_advisor,growth,rb_advisor:growth,0.07869963071943849,0.001,7.86996307194385e-05,0.00011203039314678246,1.423518663590265,1.4234066331971182,False
2018-01-02,rb_advisor,growth,rb_advisor:growth,0.044723430205146054,0.001,4.4723430205146055e-05,6.453064563936521e-05,1.4428822955520988,1.4428177649064595,False
2018-02-01,rb_advisor,growth,rb_advisor:growth,0.08838647720350981,0.001,8.838647720350981e-05,0.0001292375695265406,1.4621871310581955,1.462057893488669,False
2018-03-01,rb_advisor,growth,rb_advisor:growth,0.18424825014750817,0.001,0.00018424825014750818,0.000262847648419372,1.4265950868403774,1.426332239191958,False
2018-04-02,rb_advisor,growth,rb_advisor:growth,0.11299998710447566,0.001,0.00011299998710447567,0.00016061412962751554,1.4213641412101894,1.4212035270805619,False
2018-05-01,rb_advisor,growth,rb_advisor:growth,0.10037167448610948,0.001,0.00010037167448610948,0.00014262360991189817,1.4209547727694427,1.420812149159531,False
2018-06-01,rb_advisor,growth,rb_advisor:growth,0.1473557731220781,0.001,0.0001473557731220781,0.000212053125659321,1.439055431398971,1.4388433782733117,False
2018-07-02,rb_advisor,growth,rb_advisor:growth,0.11726665392939425,0.001,0.00011726665392939426,0.00016760876573496973,1.4292960540673927,1.4291284453016577,False
2018-08-01,rb_advisor,growth,rb_advisor:growth,0.06655259584726755,0.001,6.655259584726756e-05,9.589883901877797e-05,1.4409481373026756,1.4408522384636566,False
2018-09-04,rb_advisor,growth,rb_advisor:growth,0.05825051244420088,0.001,5.825051244420088e-05,8.466326113456833e-05,1.4534337567531042,1.4533490934919695,False
2018-10-01,rb_advisor,growth,rb_advisor:growth,0.07830550966590613,0.001,7.830550966590613e-05,0.00011349443295474521,1.4493799151422952,1.4492664207093404,False
2018-11-01,rb_advisor,growth,rb_advisor:growth,0.19861306876206028,0.001,0.00019861306876206027,0.00028119711892380045,1.4158037065560696,1.4155225094371457,False
2018-12-03,rb_advisor,growth,rb_advisor:growth,0.05185470941836417,0.001,5.185470941836417e-05,7.430147724283749e-05,1.432878094897276,1.432803793420033,False
2019-01-02,rb_advisor,growth,rb_advisor:growth,0.06395787092036571,0.001,6.395787092036572e-05,9.102980766908759e-05,1.423277641346587,1.423186611538918,False
2019-02-01,rb_advisor,growth,rb_advisor:growth,0.11345401461995322,0.001,0.00011345401461995323,0.00016580202251749438,1.4614028694612158,1.4612370674386983,False
2019-03-01,rb_advisor,growth,rb_advisor:growth,0.1176955685975308,0.001,0.00011769556859753081,0.00017305761958491523,1.4703834787246686,1.4702104211050837,False
2019-04-01,rb_advisor,growth,rb_advisor:growth,0.04566121995136727,0.001,4.5661219951367275e-05,6.870640124257634e-05,1.504699202425033,1.5046304960237904,False
2019-05-01,rb_advisor,growth,rb_advisor:growth,0.060126365227672146,0.001,6.012636522767215e-05,9.113245575203368e-05,1.5156821039647927,1.5155909715090408,False
2019-06-03,rb_advisor,growth,rb_advisor:growth,0.10649181001195634,0.001,0.00010649181001195635,0.0001603987386289289,1.5062072718166792,1.5060468730780503,False
2019-07-01,rb_advisor,growth,rb_advisor:growth,0.07634190964575921,0.001,7.634190964575921e-05,0.00011884374992093348,1.5567301168177583,1.5566112730678374,False
2019-08-01,rb_advisor,growth,rb_advisor:growth,0.16237632842560565,0.001,0.00016237632842560566,0.00025423163801887634,1.5656939683505353,1.5654397367125163,False
2019-09-03,rb_advisor,growth,rb_advisor:growth,0.18473162718103447,0.001,0.00018473162718103447,0.00029249507004893945,1.5833513433100346,1.5830588482399857,False
2019-10-01,rb_advisor,growth,rb_advisor:growth,0.19185328948782354,0.001,0.00019185328948782355,0.00030255209173268236,1.5769971551719713,1.5766946030802387,False
2019-11-01,rb_advisor,growth,rb_advisor:growth,0.10980675374387969,0.001,0.00010980675374387969,0.0001773415928852545,1.6150335643187979,1.6148562227259127,False
2019-12-02,rb_advisor,growth,rb_advisor:growth,0.06963378100572158,0.001,6.963378100572158e-05,0.0001120375508539506,1.608954005308786,1.608841967757932,False
2020-01-02,rb_advisor,growth,rb_advisor:growth,0.07051173569530184,0.001,7.051173569530184e-05,0.00011674706462303828,1.6557111163385683,1.6555943692739452,False
2020-02-03,rb_advisor,growth,rb_advisor:growth,0.15553509906625734,0.001,0.00015553509906625733,0.0002605033864347403,1.6748848844965014,1.6746243811100665,False
2020-03-02,rb_advisor,growth,rb_advisor:growth,0.15987867389884525,0.001,0.00015987867389884525,0.00026716411863438055,1.6710428734442373,1.6707757093256028,False
2020-04-01,rb_advisor,growth,rb_advisor:growth,0.4243625417332892,0.001,0.0004243625417332892,0.0006760421772733403,1.5930769349058878,1.5924008927286144,False
2020-05-01,rb_advisor,growth,rb_advisor:growth,0.2281758084669559,0.001,0.0002281758084669559,0.0003802220836713847,1.6663558079446794,1.6659755858610081,False
2020-06-01,rb_advisor,growth,rb_advisor:growth,0.12080541686657345,0.001,0.00012080541686657345,0.00020615742481255617,1.7065246754642787,1.7063185180394662,False
2020-07-01,rb_advisor,growth,rb_advisor:growth,0.10553913547071742,0.001,0.00010553913547071741,0.00018268363771964548,1.730956359504502,1.7307736758667824,False
2020-08-03,rb_advisor,growth,rb_advisor:growth,0.09130092352846136,0.001,9.130092352846137e-05,0.0001626753139443339,1.7817488329526356,1.7815861576386913,False
2020-09-01,rb_advisor,growth,rb_advisor:growth,0.09766477452609276,0.001,9.766477452609276e-05,0.0001765300889991187,1.8075103317005639,1.8073338016115648,False
2020-10-01,rb_advisor,growth,rb_advisor:growth,0.1788576412280129,0.001,0.0001788576412280129,0.00031896130754612337,1.7833250251774386,1.7830060638698924,False
2020-11-02,rb_advisor,growth,rb_advisor:growth,0.07389380993243001,0.001,7.389380993243001e-05,0.00012998477651957055,1.759075308722493,1.7589453239459736,False
2020-12-01,rb_advisor,growth,rb_advisor:growth,0.06336690606477477,0.001,6.336690606477477e-05,0.00011466257180680395,1.8095024505314155,1.8093877879596085,False
2021-01-04,rb_advisor,growth,rb_advisor:growth,0.06160464150517822,0.001,6.160464150517822e-05,0.00011280475765149327,1.8311080934057768,1.8309952886481253,False
2021-02-01,rb_advisor,growth,rb_advisor:growth,0.07176745488027662,0.001,7.176745488027663e-05,0.00013163382363615738,1.8341715455250656,1.8340399117014294,False
2021-03-01,rb_advisor,growth,rb_advisor:growth,0.1439340224549872,0.001,0.00014393402245498722,0.00026046310895864517,1.8096007081307017,1.809340245021743,False
2021-04-01,rb_advisor,growth,rb_advisor:growth,0.2674585816412539,0.001,0.0002674585816412539,0.00048297473570120476,1.8057926305353171,1.805309655799616,False
2021-05-03,rb_advisor,growth,rb_advisor:growth,0.13402523484646997,0.001,0.00013402523484646998,0.00024694763093765663,1.8425457804311458,1.8422988328002081,False
2021-06-01,rb_advisor,growth,rb_advisor:growth,0.08435472575937872,0.001,8.435472575937871e-05,0.00015710994320878628,1.8624913043632116,1.8623341944200027,False
2021-07-01,rb_advisor,growth,rb_advisor:growth,0.1707276963649872,0.001,0.0001707276963649872,0.0003205605119405136,1.877612823025556,1.8772922625136155,False
2021-08-02,rb_advisor,growth,rb_advisor:growth,0.06283995689617505,0.001,6.283995689617505e-05,0.00011977149340238353,1.905976695691747,1.9058569241983447,False
2021-09-01,rb_advisor,growth,rb_advisor:growth,0.07640861911402076,0.001,7.640861911402077e-05,0.00014760376428461214,1.9317685098372268,1.9316209060729421,False
2021-10-01,rb_advisor,growth,rb_advisor:growth,0.07234450812237903,0.001,7.234450812237902e-05,0.000135738253144793,1.8762758455026909,1.8761401072495463,False
2021-11-01,rb_advisor,growth,rb_advisor:growth,0.039179951531167906,0.001,3.9179951531167904e-05,7.538525559986403e-05,1.924077306218579,1.9240019209629793,False
2021-12-01,rb_advisor,growth,rb_advisor:growth,0.04911443097945628,0.001,4.911443097945628e-05,9.338833683242226e-05,1.9014439334843356,1.9013505451475032,False
2022-01-03,rb_advisor,growth,rb_advisor:growth,0.16601241289245616,0.001,0.00016601241289245617,0.000322995454042078,1.94561026139242,1.9452872659383778,False
2022-02-01,rb_advisor,growth,rb_advisor:growth,0.03365581909279413,0.001,3.365581909279413e-05,6.355494241974728e-05,1.8883790123935715,1.8883154574511518,False
2022-03-01,rb_advisor,growth,rb_advisor:growth,0.0776995046016202,0.001,7.76995046016202e-05,0.00014417325711458924,1.855523504992629,1.8553793317355145,False
2022-04-01,rb_advisor,growth,rb_advisor:growth,0.0894512140798237,0.001,8.94512140798237e-05,0.0001657130159405619,1.8525518926180737,1.8523861796021333,False
2022-05-02,rb_advisor,growth,rb_advisor:growth,0.1518405554156391,0.001,0.0001518405554156391,0.00026405432447315045,1.7390236998958821,1.738759645571409,False
2022-06-01,rb_advisor,growth,rb_advisor:growth,0.08958044464825392,0.001,8.958044464825392e-05,0.00015529016197197637,1.7335274744587155,1.7333721842967436,False
2022-07-01,rb_advisor,growth,rb_advisor:growth,0.18375930748357847,0.001,0.00018375930748357848,0.00030984592914392884,1.686150940526471,1.685841094597327,False
2022-08-01,rb_advisor,growth,rb_advisor:growth,0.06844298179030767,0.001,6.844298179030767e-05,0.00011932499953728638,1.7434219903345036,1.7433026653349664,False
2022-09-01,rb_advisor,growth,rb_advisor:growth,0.05720149456396602,0.001,5.720149456396602e-05,9.537852233841816e-05,1.6674131168331692,1.6673177383108306,False
2022-10-03,rb_advisor,growth,rb_advisor:growth,0.10878514346260193,0.001,0.00010878514346260193,0.00017257355665317898,1.5863706307700571,1.586198057213404,False
2022-11-01,rb_advisor,growth,rb_advisor:growth,0.10413524452032026,0.001,0.00010413524452032026,0.00016500153151845543,1.5844926689182368,1.5843276673867184,False
2022-12-01,rb_advisor,growth,rb_advisor:growth,0.08343322511835924,0.001,8.343322511835924e-05,0.0001416821609976857,1.6981503567277174,1.6980086745667198,False
2023-01-03,rb_advisor,growth,rb_advisor:growth,0.11161562369941767,0.001,0.00011161562369941768,0.00018373312669367077,1.6461237289545276,1.645939995827834,False
2023-02-01,rb_advisor,growth,rb_advisor:growth,0.04662605371122834,0.001,4.662605371122834e-05,8.250789067804735e-05,1.7695662427073053,1.7694837348166272,False
2023-03-01,rb_advisor,growth,rb_advisor:growth,0.05399993826518332,0.001,5.399993826518332e-05,9.120400808738679e-05,1.688965043617299,1.6888738396092116,False
2023-04-03,rb_advisor,growth,rb_advisor:growth,0.11881561992295633,0.001,0.00011881561992295633,0.00021038473591560687,1.7706824746782177,1.770472089942302,False
2023-05-01,rb_advisor,growth,rb_advisor:growth,0.061822534997711974,0.001,6.182253499771198e-05,0.00010955858848051807,1.7721464913170057,1.7720369327285252,False
2023-06-01,rb_advisor,growth,rb_advisor:growth,0.09038241629754698,0.001,9.038241629754699e-05,0.00016230848467141705,1.7957971397565098,1.7956348312718384,False
2023-07-03,rb_advisor,growth,rb_advisor:growth,0.04019835381273238,0.001,4.0198353812732385e-05,7.36561392020004e-05,1.8323173019754515,1.8322436458362494,False
2023-08-01,rb_advisor,growth,rb_advisor:growth,0.08055706773645338,0.001,8.055706773645338e-05,0.00014979271442770888,1.8594608596946889,1.859311066980261,False
2023-09-01,rb_advisor,growth,rb_advisor:growth,0.11670537512632866,0.001,0.00011670537512632866,0.00021385452862095737,1.8324308403916172,1.8322169858629962,False
2023-10-02,rb_advisor,growth,rb_advisor:growth,0.047023912983097695,0.001,4.702391298309769e-05,8.221834427407541e-05,1.7484368921750095,1.7483546738307356,False
2023-11-01,rb_advisor,growth,rb_advisor:growth,0.10125128549255108,0.001,0.00010125128549255108,0.00017740773977057849,1.7521529618863965,1.751975554146626,False
2023-12-01,rb_advisor,growth,rb_advisor:growth,0.078776300837687,0.001,7.8776300837687e-05,0.00014793837385781782,1.8779553277404377,1.87780738936658,False
2024-01-02,rb_advisor,growth,rb_advisor:growth,0.04806948579782805,0.001,4.806948579782805e-05,9.26549610217892e-05,1.9275213679522174,1.9274287129911956,False
2024-02-01,rb_advisor,growth,rb_advisor:growth,0.10486773925258713,0.001,0.00010486773925258713,0.0002052497073856602,1.957224489137603,1.9570192394302173,False
2024-03-01,rb_advisor,growth,rb_advisor:growth,0.016133704547029545,0.001,1.6133704547029546e-05,3.2202918464704486e-05,1.9960027389142638,1.995970535995799,False
2024-04-01,rb_advisor,growth,rb_advisor:growth,0.058718517010844254,0.001,5.8718517010844255e-05,0.00011901810266568283,2.026926235955556,2.02680721785289,False
2024-05-01,rb_advisor,growth,rb_advisor:growth,0.042763258224218996,0.001,4.2763258224218996e-05,8.456560150633456e-05,1.977529426381285,1.9774448607797788,False
2024-06-03,rb_advisor,growth,rb_advisor:growth,0.07070039277255882,0.001,7.070039277255882e-05,0.00014546741786770716,2.0575192323990583,2.0573737649811905,False
2024-07-01,rb_advisor,growth,rb_advisor:growth,0.0988738822684948,0.001,9.887388226849481e-05,0.00020723015757716917,2.09590392146664,2.095696691309063,False
2024-08-01,rb_advisor,growth,rb_advisor:growth,0.22973295489248213,0.001,0.00022973295489248213,0.00048618078953434926,2.1162866675435743,2.11580048675404,False
2024-09-03,rb_advisor,growth,rb_advisor:growth,0.029725349412181315,0.001,2.9725349412181315e-05,6.402992492368118e-05,2.1540512118401542,2.1539871819152308,False
2024-10-01,rb_advisor,growth,rb_advisor:growth,0.10094527503005245,0.001,0.00010094527503005245,0.00022448400310344,2.22381882694964,2.223594342946537,False
2024-11-01,rb_advisor,growth,rb_advisor:growth,0.0759997909090705,0.001,7.59997909090705e-05,0.00016603926914981817,2.184733236285806,2.1845671970166562,False
2024-12-02,rb_advisor,growth,rb_advisor:growth,0.07137459775835217,0.001,7.137459775835217e-05,0.0001592269003837952,2.230862314949616,2.230703088049232,False
