date,one_over_n,static_bucket:conservative,static_bucket:balanced,static_bucket:growth,rb_classical:conservative,rb_classical:balanced,rb_classical:growth,rb_advisor:conservative,rb_advisor:balanced,rb_advisor:growth
2012-01-03,0.999,0.999,0.999,0.999,0.999,0.999,0.999,0.999,0.999,0.999
2012-01-04,0.9962182002802298,0.9970498880900693,0.9974711097030948,0.9983246194966122,0.9971901181359858,0.9972372617164389,0.9972108823763361,0.9972509842930297,0.9973102555525155,0.997305873203084
2012-01-05,0.9974028696409889,0.998457738637782,0.9985500378909615,0.999824256297458,0.9986193902832082,0.9985533805372924,0.9984850533969057,0.9986972262775418,0.998631581003802,0.9985879072755026
2012-01-06,0.9940048028373349,0.9983252357471126,0.9966032512253871,0.9967331171639643,0.9996784421332344,0.9995120757156747,0.9994945041626444,0.9996872492167899,0.9994803523497748,0.9994604866263294
2012-01-09,0.9945693516164402,0.998349000411641,0.9973348579930603,0.9978011216786298,0.999279110249298,0.9992733163672081,0.9994072593660064,0.9993250400138061,0.9992884126315225,0.9994132384359451
2012-01-10,1.0038979849830958,1.0023159257401981,1.0046005870822767,1.0078627405499267,1.0005715390334482,1.0010370522899246,1.0016114527998836,1.0009234475219988,1.00141230745005,1.001990322556009
2012-01-11,1.0068018998153563,1.0059476221279942,1.0071439638648205,1.0094435505519939,1.0045911863484431,1.0050213410017665,1.005675528131268,1.0049566134744456,1.0053914826620527,1.0060341743489805
2012-01-12,1.007923300286695,1.0059916115891436,1.0084474654767928,1.0119629516174222,1.0039398283754701,1.0045495772262922,1.0053181006207077,1.0044117163384965,1.0050498697782944,1.0058209764452848
2012-01-13,1.0045547961389576,1.0058837059330796,1.0058361384373935,1.0071198265720203,1.005533491108755,1.0058177012499332,1.006343544433551,1.0058013801457155,1.006070446848851,1.0065797413742503
2012-01-17,1.012222216859698,1.0099182380139098,1.0122465884409544,1.0154680942800427,1.007512670343961,1.0082528794900847,1.0092680265422458,1.0080218122233895,1.0087805543314865,1.0097717500737236
2012-01-18,1.021826528992184,1.0139014911159134,1.0207638945451074,1.0280844736624495,1.0082012126213005,1.0096037298359473,1.0112308909781784,1.009050166624026,1.010534609471901,1.0121440519720106
2012-01-19,1.0252426405418023,1.0139545631266833,1.0237422305753245,1.0337464243054462,1.0065229347108098,1.0081248748746463,1.0097891995580601,1.0074477800054098,1.0091755800526707,1.010845333294046
2012-01-20,1.0268161904895632,1.013204118655739,1.024134401757824,1.0352243396649883,1.0047199374210423,1.00646881597069,1.008299872820784,1.0057823214196118,1.0076743212518484,1.0095155859694227
2012-01-23,1.0294116915154357,1.0133749399090781,1.025214876700105,1.036802959710006,1.0040257934901278,1.005850347596865,1.0077018076034774,1.0051682782172853,1.007160477237208,1.0090371492931418
2012-01-24,1.0288092914610738,1.0134684687957976,1.0246225241203795,1.0355510868096367,1.0045417695466612,1.0062062326417893,1.0079234372851755,1.0055649027532565,1.0073804315291806,1.0091126223711746
2012-01-25,1.0403329861358854,1.0207209837498912,1.0338627267959044,1.046758374868869,1.0093288767455986,1.0116410499805366,1.0142365768362005,1.0108359830283589,1.0133260165556208,1.01591719414622
2012-01-26,1.0412274534712544,1.022460905096752,1.0338125008979113,1.04479139644413,1.011773070241127,1.0139923187561668,1.0166288004512414,1.0132646167422688,1.0156364662541226,1.0182485112248547
2012-01-27,1.0444766299146475,1.0250653133259835,1.0364030051922,1.0472505474669185,1.0140773521288926,1.0164302606425903,1.0192533000544746,1.015685488193908,1.0181964879047958,1.0209929603192918
2012-01-30,1.0397325911776807,1.0246187607695008,1.03357815297376,1.0426751516411037,1.0156649987225823,1.0176536792701485,1.0201235607948191,1.0170510321319328,1.0191580134048308,1.0215973760687846
2012-01-31,1.044029030629826,1.0277715389324347,1.036840095938552,1.0457091059244643,1.0183153714532938,1.0204684324375788,1.0231735791939125,1.0198114417177755,1.0220878363763832,1.024752205074364
2012-02-01,1.0520257172681782,1.0305120527699163,1.0435557213658306,1.0558484195533497,1.0179120721303037,1.0205764798784356,1.0237516660646457,1.0198266189293885,1.022684718334236,1.0258301238404897
2012-02-02,1.054956312746576,1.032336826877712,1.0458053238369556,1.0585266014257015,1.0194373072707659,1.0222882417455748,1.0256914722071433,1.0213060472357203,1.0243541653810548,1.0277393287313386
2012-02-03,1.060963095785723,1.0339638384005199,1.0524132361593441,1.0701098137317862,1.0201421856621198,1.0235383486531164,1.027237538720973,1.0208788459319185,1.024316571319339,1.02779454746831
2012-02-06,1.0586661279856635,1.033878358869066,1.0510530514457388,1.067761928765444,1.020599639397362,1.0238567311122897,1.0275027524231803,1.0214707925330466,1.0247776425339006,1.0282200568935802
2012-02-07,1.0610197379977604,1.0331321586791526,1.0520666036293833,1.0704817791472467,1.0195031470984866,1.022927773748636,1.026583439090429,1.0201331832535125,1.023563401301015,1.026958265495373
2012-02-08,1.0628036732713204,1.0341776028911946,1.0543923525320986,1.0740545604004463,1.0201510148881756,1.0238936993353236,1.0278658015254685,1.0205126930786026,1.0242292626775988,1.0279123830051478
2012-02-09,1.0623735195578499,1.0334517863492447,1.0549566765463014,1.0761111863481052,1.0193550227775598,1.0234102669579777,1.0276330971549403,1.0194152450832004,1.0233775371178813,1.0272514864219628
2012-02-10,1.0539156316102503,1.031161819060048,1.0483882742633472,1.0658845627312603,1.0186245576857456,1.022042058234756,1.0258319094980393,1.019280439996677,1.02266063499195,1.026176305383128
2012-02-13,1.061388979982513,1.034891879030655,1.0549888229037645,1.0751362301310317,1.0213126919057565,1.0252540895833862,1.0295051821989027,1.0214740846532375,1.025331618436385,1.029254064569597
2012-02-14,1.058198941432177,1.0344558063039524,1.0534443488642067,1.0729131845942277,1.0215843945587688,1.0254412873807601,1.029647827222457,1.021838880297512,1.0255910809867799,1.0294618778326978
2012-02-15,1.057179569071577,1.0335410293682874,1.0517347872019278,1.069971681700412,1.0205518020463624,1.0243007849210604,1.0283767828934045,1.0211965856174428,1.0249004949651075,1.02871083558742
2012-02-16,1.0644522985146236,1.0364823205035028,1.0586102596748925,1.0808828467667433,1.0225972812319013,1.0269478200520745,1.031495038895753,1.0223869115437016,1.0265784229459265,1.0307244857883024
2012-02-17,1.0645173476373149,1.0358852291685214,1.0585958072267179,1.0812819033534715,1.021803614065604,1.0262520862682218,1.030884884749898,1.0215179258159408,1.0258099095868203,1.0300416008803703
2012-02-21,1.0645649248671396,1.034758910831071,1.058181691097857,1.0817931488871073,1.0207407663430192,1.0254370566595319,1.0302416610928864,1.020420720686507,1.0249236409016218,1.0293063161634255
2012-02-22,1.0646196578653928,1.0360837833629128,1.0579601549774627,1.079804966186173,1.0223157748464655,1.026792443167714,1.0313740673590361,1.022499567329137,1.0268426178839984,1.0310760153153904
2012-02-23,1.0689525705953633,1.038943968980518,1.0618052577058945,1.0847812653413966,1.0248133296693485,1.0295052045745563,1.0343640662260662,1.0246820126575051,1.029214422123629,1.0336957004029417
2012-02-24,1.0715794270491479,1.040540209867213,1.0646057462621568,1.0885333596707836,1.0259193102176887,1.0308584184114342,1.0359152526020856,1.0256404817205622,1.0304054332152297,1.0350710538775778
2012-02-27,1.0701907844869565,1.041828389988952,1.0645083208295631,1.0875105371793519,1.0280144729354648,1.0326949461346249,1.0375499663705272,1.0278162249459568,1.032311137929577,1.0367632027033715
2012-02-28,1.0757141968045558,1.0446321140921828,1.0696924252058593,1.0948607928054916,1.0299052350985778,1.0352519245878018,1.0407065478273976,1.0294414606825661,1.0345613258691342,1.0395928387202094
2012-02-29,1.0643587671534174,1.0384502713995842,1.0626424887439962,1.087072878604985,1.0247754689798845,1.0295591169298532,1.034309918415001,1.024176259007202,1.0286763397484417,1.032910002278665
2012-03-01,1.070846531284046,1.0403376782104405,1.0674259712575833,1.0946280953421763,1.0254529561072234,1.0308421055739554,1.036150751743912,1.0244945573947741,1.0295467395773223,1.034285780576674
2012-03-02,1.0691868348799176,1.041104415202443,1.06645715182291,1.0920495323057542,1.0268986146012105,1.0320253367108287,1.0371359832660532,1.0260794890012916,1.0309015341223313,1.035491146446092
2012-03-05,1.0645908434943072,1.0376703300768642,1.0610451814074022,1.0847837914784155,1.0242380287945723,1.0288468990455222,1.033517922211907,1.023447346358481,1.0277862676535674,1.0319819498383196
2012-03-06,1.0494089820022916,1.0321233410454684,1.0491537795358234,1.0673287370058002,1.0220115622668549,1.025409597817483,1.0289951778244026,1.021458098907051,1.024678757675588,1.0279366122781215
2012-03-07,1.0555220747573997,1.0345134658206954,1.0543686509455563,1.0752690797248714,1.0230668151219433,1.0270102692893768,1.0311088410303617,1.022353851777576,1.0260686040680056,1.0297601180587952
2012-03-08,1.0636609669114474,1.0373785342816846,1.0618255852919525,1.0869878471174084,1.0238682592990407,1.0288117976692912,1.033803724339148,1.0229924344889563,1.02762750742115,1.0320962964478415
2012-03-09,1.065648459948282,1.0383212134411963,1.0633624212778017,1.0894684309057834,1.024443610297418,1.0294880792169565,1.034639327041515,1.0235330517290957,1.0282561182544439,1.0328603517522246
2012-03-12,1.0639575288281244,1.0378533568824262,1.0621347442949896,1.0878202549187053,1.0246242194101909,1.02939605362161,1.0343092636383233,1.0235640918216884,1.0280097042819827,1.0323679756141877
2012-03-13,1.073615683435059,1.040775220547119,1.0717276827301774,1.1042662858897003,1.0253921622809214,1.031275521498921,1.0372474492801576,1.0234784718069712,1.0288660291743592,1.034021929723721
2012-03-14,1.0658486791067197,1.0335107313518241,1.0654064665068428,1.0996830621813949,1.0188104826460342,1.024542589108133,1.0302696941143488,1.016411794152426,1.0215895865921374,1.026417829423024
2012-03-15,1.0702512420291903,1.0354870361240711,1.069157631453688,1.1050667262922962,1.0198468407803236,1.0260019941098426,1.032135532556031,1.0174474502278084,1.0230226720409286,1.0282187622388435
2012-03-16,1.0720500313365386,1.0361711225222137,1.0702479965442322,1.1064445546568535,1.020250686185268,1.0264475367363477,1.0326229115898844,1.0178179872236817,1.023429409476997,1.0286570641446224
2012-03-19,1.073713032707301,1.0350111173527883,1.0712638795991478,1.1100172427194994,1.0182733529708308,1.0247618754314414,1.0312226325606624,1.0155844837629993,1.0214344724842692,1.0268655152188053
2012-03-20,1.0685782602382816,1.0334582632910672,1.0677785115192213,1.1052631018469372,1.018074846230397,1.0240952029397827,1.0301304968208744,1.0153058691335475,1.020698747988653,1.025725117718885
2012-03-21,1.0685908937688984,1.0352900495817632,1.0683060357520602,1.1045052674120543,1.020274698507092,1.0261751120306637,1.0321632982345688,1.0176725758708638,1.0229734570513336,1.0279943402211555
2012-03-22,1.0622973188738327,1.0329083473431129,1.0636585870541058,1.0978105420836837,1.0191824181427027,1.024670720299669,1.0302183761676849,1.0167194667367312,1.0216444775640823,1.026289680553943
2012-03-23,1.0677462609067345,1.0366985197458087,1.0677223229016526,1.1018462896065915,1.0223075217842974,1.0279284398235622,1.033645837101945,1.0200035171897652,1.0250764475993699,1.0299089668967825
2012-03-26,1.079679232248382,1.0425314646731274,1.0781166795022032,1.11710744964742,1.0257330144900052,1.032328557215815,1.0390891095958419,1.0232384914877795,1.0292012398422563,1.0349420121137416
2012-03-27,1.0778858859414595,1.0434481648968181,1.0774393895862113,1.1150221235058675,1.0271708485306688,1.0336717795805535,1.0404911795210183,1.0248105494402073,1.0306977248353473,1.0365269768689584
2012-03-28,1.071676708760918,1.0400578758799734,1.0722351531158636,1.1082964355535205,1.0250322539050967,1.031038270568629,1.0373479018936438,1.0225992494932146,1.028008876365921,1.033358272107151
2012-03-29,1.0707041768307888,1.0411573294274434,1.0715927580598903,1.1058682421969757,1.026829615088797,1.032531483921043,1.038578481026162,1.024524982372173,1.0296661492774566,1.0348053109836244
2012-03-30,1.07407507626121,1.040914082895968,1.0732201741963237,1.1090906742601314,1.0257291556849863,1.0316017605320844,1.0377277767329394,1.0232656471235746,1.0285529569786245,1.033728159417013
2012-04-02,1.0817920082439996,1.0455013859117315,1.0803769757305617,1.1187714949884158,1.028718192676788,1.0352765506358346,1.042169270161665,1.0262933245527384,1.0322081223136903,1.03805116366963
2012-04-03,1.0734281784671897,1.0389964550220918,1.0736182333161943,1.1122610414016778,1.02284496985819,1.029158261260274,1.0357584649154117,1.0203111230574184,1.0259524678145246,1.0314587898086494
2012-04-04,1.0621207312160739,1.035260313288511,1.0647362544472885,1.098322109216587,1.0212313182543609,1.0266360372766712,1.032434093861521,1.0192707369772853,1.0240536636395365,1.0288119376441252
2012-04-05,1.0641380907113624,1.0380957162156361,1.0671897702412112,1.1005411774332137,1.024082045830649,1.0296005530105248,1.03556231083754,1.0221907573810234,1.0270774983145419,1.032004117283141
2012-04-09,1.060559465804772,1.0395681935095429,1.0642272902301397,1.0928319403970843,1.026830526452397,1.0318495796385028,1.0374457038830625,1.0255475056683823,1.0299872388218092,1.0346290615558542
2012-04-10,1.05017165984737,1.035132964811668,1.054267503776335,1.077146349190053,1.0241394285321939,1.0284375596962891,1.0334358505776486,1.0236365861000367,1.0274196592838079,1.0315598476921646
2012-04-11,1.0561017984873295,1.0370631270709414,1.0590523543442676,1.08468702981004,1.0250997356014728,1.0296749367031264,1.0348404725199143,1.0242375172847107,1.0282780832149085,1.0325432362023204
2012-04-12,1.0677104336078864,1.0419992581297812,1.0687493404131254,1.0989817085014117,1.0279863792799147,1.0334237932450039,1.0394038180733576,1.0266000362988938,1.0314739822482268,1.036518279041049
2012-04-13,1.058773734313465,1.0395590304643774,1.0610334177873002,1.0858006397199087,1.0274668641911466,1.0319313815347124,1.037062723979027,1.0266638158745147,1.0306407402620257,1.034907493157936
2012-04-16,1.0589498053514328,1.038998831536184,1.0596483446104994,1.0831539914899362,1.0270228451200794,1.0311445862629465,1.0359810594157655,1.02625643034445,1.029951830752067,1.033959328827982
2012-04-17,1.0679023479684489,1.0439963084409178,1.0690828320991088,1.0975597236948773,1.0306444657415614,1.0356099062941393,1.0412491923811389,1.0292614352717244,1.0337169236989492,1.0384433694528146
2012-04-18,1.0645746091720067,1.043271427271527,1.0668959750472888,1.0939134225641853,1.0305672533227321,1.0352952811116893,1.0406891539976835,1.0293895244302949,1.0336107008049071,1.038102132687181
2012-04-19,1.0610286298706137,1.0411106317094774,1.0626591499071467,1.0872512342192664,1.0288998843800146,1.033264456882274,1.038371168570008,1.027986570692979,1.0319013249814901,1.0361602337550824
2012-04-20,1.064787277924966,1.0425835425118406,1.0649170923408975,1.0898799031192228,1.0298031863824382,1.0342105824391696,1.0393729487047723,1.0287847956514564,1.0327741986281105,1.0371043368830384
2012-04-23,1.0559994381056508,1.03909268692516,1.05747897926264,1.078795134710909,1.0279972613227382,1.0317186275139294,1.0362772437656274,1.0273954440031159,1.030725509975247,1.0344835084609376
2012-04-24,1.0587482951467369,1.0390144742024185,1.0583499027566532,1.0803723372841323,1.0273972923468326,1.0311215867349772,1.0357209955256872,1.0266071753764179,1.0299756472485648,1.033784787169742
2012-04-25,1.0686002831771506,1.0446240873934596,1.0685426324365448,1.0959483431651584,1.0316278372136454,1.036229368692745,1.0416933587252284,1.0301102094294123,1.0342570302905083,1.0388276394390152
2012-04-26,1.0740597675198895,1.048681116050001,1.0737193292268483,1.1023512166672185,1.0351314580018922,1.0400912382389456,1.045969729128247,1.03349725380064,1.0379913693558438,1.0429753782267623
2012-04-27,1.0771650996542095,1.0505272258494904,1.0763902833310433,1.1059674143989084,1.036566121295845,1.0417419977166968,1.0479031170318764,1.0347445718912098,1.0394475506849516,1.0447043488525418
2012-04-30,1.0748085580693896,1.0491890795666923,1.073659081603811,1.1016575271059932,1.0355716174745428,1.0405315881854122,1.0465209789612082,1.033954970163598,1.0384757015762214,1.043597248359132
2012-05-01,1.07797375832262,1.050227750070432,1.0762201991571305,1.1057833007398477,1.035971986237163,1.0410490626670827,1.0471574797650507,1.034194575264209,1.0388435455277958,1.0440749125750162
2012-05-02,1.0762291291352224,1.0503006190742927,1.0753737251478934,1.104230335671891,1.0365213667834867,1.0414575699768984,1.0474602887673692,1.0347625474218265,1.0392737858572723,1.0444069394199602
2012-05-03,1.0698980990566684,1.0471371206064215,1.0696539784031855,1.0957526626446212,1.035015507740383,1.0393720361189396,1.0447285156076185,1.0331959405766835,1.0371201159024857,1.0416112584282033
2012-05-04,1.059958944624635,1.0424371634061396,1.0591406062519797,1.0788690616160586,1.0335687350519893,1.037104016566276,1.0417476529914387,1.0315829219402348,1.034649459864918,1.0384025979346498
2012-05-07,1.0622215165547937,1.043424058791063,1.060839942842056,1.0810742341005584,1.0340665018347148,1.0376497286291353,1.0423081118958768,1.0320797618813564,1.035198292636293,1.038967436427
2012-05-08,1.05468396023536,1.0408812235594118,1.0555818510363286,1.073583457983449,1.033126389895448,1.0361795582880042,1.040398102638972,1.0311671319878566,1.0337643458944865,1.03711327488316
2012-05-09,1.048773488668712,1.038414646425958,1.0509273424292802,1.0670260834694174,1.031942124667691,1.0345746006753986,1.0384169267499301,1.0299853414040554,1.0321663325517907,1.0351515098654873
2012-05-10,1.0499438512589454,1.0382373336031314,1.0515295978553598,1.0682181146552407,1.0313453269360073,1.034110522670078,1.0380563016899176,1.0293789294685884,1.0316892879573896,1.0347721250920825
2012-05-11,1.046903394333258,1.037954515622158,1.0494705186322966,1.0647021091339315,1.0318885762087617,1.034409948695512,1.0382503953301077,1.029944909663976,1.032018263586943,1.0350044773987686
2012-05-14,1.0362804385504445,1.0345505112747948,1.041363307390691,1.0521775662946107,1.0313343792429372,1.0330815873876196,1.0362213698493106,1.0293729771180196,1.0306688128818913,1.0329673840014455
2012-05-15,1.0304136571313052,1.0317436268753313,1.0367682040866486,1.0459960589288344,1.02959581805716,1.0310236803693515,1.0338740319845718,1.027642374238399,1.0286205974639848,1.0306397998593164
2012-05-16,1.0244903414560944,1.0290595304390884,1.0319432436708433,1.0392379608260711,1.0283085735003272,1.0294308663306273,1.0320181551176966,1.0263411403476526,1.02700865900363,1.0287665024925463
2012-05-17,1.0163773624077694,1.0252817892122783,1.0234840757590846,1.0255412508521378,1.027402056890398,1.0281214234566691,1.030351600811175,1.025291482870537,1.0255111473673992,1.0268764130449006
2012-05-18,1.0114861772810018,1.022083686844555,1.0179200150011933,1.0173374391460288,1.0257127080816388,1.0260998796257805,1.0279762353481234,1.0235050768830976,1.023371447830365,1.0243671506057441
2012-05-21,1.0249240368170818,1.0287420202643425,1.0306398110042654,1.0364842480567176,1.0286854268385999,1.0299417798077004,1.0326287510618275,1.026616745546838,1.0273869335613866,1.0292108205480148
2012-05-22,1.0207594960832458,1.0259343947989454,1.0277470174958345,1.0338645086011946,1.025969077028622,1.0271096016017502,1.0297199728445534,1.0239572877580556,1.024627343042349,1.026392843512962
2012-05-23,1.0195610035069855,1.0265946964897161,1.0273646009913855,1.0328207903879059,1.0271445863968975,1.0281458861234887,1.0307191207716502,1.0251490168128934,1.0256829687358446,1.0274160456594772
2012-05-24,1.0175730905733507,1.0248075508465553,1.0250313508490423,1.0300768513792988,1.0257510081680739,1.0265436850752192,1.028922357706464,1.023714873493433,1.0240364211850492,1.0255725749687126
2012-05-25,1.017160797547843,1.025600711882337,1.0245003988846832,1.0282372973815228,1.027230942607856,1.0279249003923132,1.0302674837837535,1.025165598860972,1.0253798882040364,1.026871785820137
2012-05-29,1.0253738931470653,1.0296517601585227,1.0326486274821614,1.040361486781204,1.028812133229085,1.0301280866440854,1.0330330967771995,1.0268362459392295,1.0276861770455192,1.029746763784206
2012-05-30,1.0169104731502556,1.0286366374048999,1.0261198420716349,1.0284322700511521,1.0308908071173994,1.0317007810477437,1.034292927303925,1.0288689448028976,1.0291871934014916,1.0309222507323454
2012-05-31,1.018750400856147,1.0308655099376967,1.0273749592394776,1.0282895744800726,1.0335251918099329,1.0341778770753343,1.036625803320736,1.0314544873469984,1.03160617996154,1.0331879998363154
2012-06-01,1.009303340813782,1.0276033202207797,1.0161226543318151,1.0085833660514145,1.0345224855174353,1.0344113467214027,1.0363611326627526,1.0322706926443195,1.031597006580667,1.0326230057810117
2012-06-04,1.0097781054438426,1.0260847381474165,1.0168408285081816,1.011358514050013,1.0317258054518736,1.0318074981498966,1.0337596517393992,1.0296085516240099,1.029183066373773,1.0302612450149895
2012-06-05,1.0142864560869995,1.0271466660604713,1.0199727891960502,1.016575986787466,1.030829876691352,1.0311341499169013,1.033346791109844,1.0289823367167537,1.0287946798880039,1.030144941084982
2012-06-06,1.0290538794154926,1.0330860260247592,1.0334730114503707,1.0372443556634579,1.0310294301007956,1.0323910851270182,1.0355644485272848,1.0299352969607447,1.0309131911099303,1.0332816535474572
2012-06-07,1.0269816934683256,1.0330638625983155,1.033082647362571,1.0362066020613292,1.0320319946908365,1.033343887894916,1.0364148113444083,1.030669876650708,1.031573389790228,1.0338034307585928
2012-06-08,1.029761044283736,1.035199776856225,1.0359084146054505,1.0404902678537513,1.0331209993005097,1.0345806001639168,1.0379901244057,1.032007462026309,1.033061350269155,1.0356314182729114
2012-06-11,1.0207129788099223,1.0308478450115914,1.0275374500554062,1.028001589492494,1.0320635358022774,1.0330150682222574,1.0358984738928088,1.0305207889755519,1.031016335301709,1.0330325537308747
2012-06-12,1.029946505082445,1.0342810224537926,1.035506014079642,1.0400915611952777,1.0321658776085278,1.033635504524522,1.0368570738020741,1.0310515409583756,1.0321476112165622,1.0345652682042612
2012-06-13,1.0275258008622083,1.03459589610124,1.0331575791514647,1.0350812527712925,1.0342999486530693,1.0354986884068031,1.0385349158534734,1.0329582269745454,1.0337412460758115,1.0359397206729046
2012-06-14,1.033250510045217,1.0368186650304394,1.0376729269070566,1.0418542131833264,1.0345792242778584,1.0360315655945118,1.0393136087371988,1.0335233691087407,1.034588403189761,1.037056051283615
2012-06-15,1.0422392188164038,1.0434589987655225,1.0468737914975936,1.0533391203423055,1.03924752765667,1.041295739797623,1.0452430206160415,1.0384422656384917,1.0401276360431986,1.0432413223406207
2012-06-18,1.0447269143450315,1.0449403581570675,1.0492668672563086,1.0569549178954147,1.0397273815197439,1.0419017578051506,1.0460351845851692,1.0390893782311938,1.0409184142125896,1.0442316247058923
2012-06-19,1.0511307804305525,1.047466149348224,1.0557212054935339,1.0669448305054363,1.039674722867848,1.0423810118097072,1.0469203576843233,1.0393177560224052,1.0417355168525315,1.045481502938799
2012-06-20,1.049895341247355,1.0460085734733426,1.0547973015566787,1.066451022747629,1.0380255863942176,1.040773641299885,1.0453087307738766,1.037643110474926,1.040104171397163,1.043844341634295
2012-06-21,1.0300732851927488,1.0362325888407768,1.037403919016058,1.0419583106606811,1.0346942144194637,1.0360785861306034,1.039236157651375,1.0333168481084145,1.0342849955662912,1.0365877439913551
2012-06-22,1.033812831004979,1.0372562645183088,1.0412146980551742,1.0486856971244225,1.03378872319319,1.0354962191706556,1.0388827558943123,1.0327063159079182,1.0340566760439227,1.0366384223195997
2012-06-25,1.025014745198121,1.0339633007965663,1.0318656828894657,1.0335102922872286,1.034613887925984,1.035427050889181,1.0380265270137676,1.0330146494071866,1.0333810502000536,1.0351350809586575
2012-06-26,1.0275695871797859,1.0347618386489792,1.0347530405758205,1.0383576976147013,1.03409113748088,1.0351648111561724,1.0379672540255769,1.0326184876208684,1.0332723154279317,1.0352405353763354
2012-06-27,1.0325450713561741,1.0380593507114213,1.0398131398113044,1.0451443045645872,1.0360465562749632,1.037493724949945,1.040720473567995,1.0347769228007133,1.0358216036383985,1.0382085198447952
2012-06-28,1.030918816987259,1.0377688284933269,1.037718503894526,1.0409730111654407,1.0370217146965746,1.0382147888149025,1.0412687654097577,1.0354881244302265,1.036211514972277,1.0383657032900302
2012-06-29,1.0548682780157748,1.0490067244997625,1.0583087873795332,1.0701737881361273,1.040446167661265,1.043132134024842,1.0475995520842323,1.0400501455137072,1.0424235886371602,1.0460776541108163
2012-07-02,1.0587845289343112,1.0525750384107233,1.0618641430971032,1.073728356807381,1.043664328401163,1.046486960017306,1.0512249438975254,1.0433066098601294,1.045789127275129,1.0496846978544174
2012-07-03,1.0669940715125918,1.0557829509215424,1.0682641384384484,1.0830206291564268,1.0443518430806542,1.0476356802132563,1.0527857098614797,1.0442718212587323,1.0472757342545571,1.0516245532584587
2012-07-05,1.061203970791392,1.054664536171604,1.0646655381600534,1.0775151426546357,1.045303013089648,1.0481429068810624,1.0528486489409503,1.0450158658015771,1.0475392176133522,1.0514286234766699
2012-07-06,1.0538041940465503,1.0516711099817342,1.0578503725159578,1.0669373778109696,1.044944863886069,1.0472671498122936,1.051569529406808,1.0443304651272058,1.0462592617700035,1.0496846833477096
2012-07-09,1.053679782253587,1.052707439854196,1.0577118961576528,1.065671441954433,1.046745218644517,1.0489343680693937,1.0531459902261795,1.0460447660257874,1.04781725541376,1.0511331060349238
2012-07-10,1.0460042237458622,1.0489245322041345,1.0513748384267563,1.0566909538699503,1.0452069133692434,1.04696544567947,1.050670706042555,1.0442403775691314,1.0455390822389126,1.0483224282889136
2012-07-11,1.0470977462527646,1.0488141512523965,1.0514062345335733,1.0565076884001958,1.0449771858290733,1.0467344669249325,1.0503941657167275,1.0440028921972995,1.0453009896104297,1.048037921154537
2012-07-12,1.0424022653302685,1.0472946159567549,1.0468330245177333,1.0491358110132059,1.045583530601481,1.0468545206983273,1.0500921887870078,1.0443689889695118,1.045122432999423,1.0474000098579537
2012-07-13,1.0536935595092802,1.0533009714489976,1.057156510742769,1.0638540829578467,1.0482882931429534,1.050183211196896,1.054064054728411,1.047458853892987,1.0489102823002627,1.0518810053420118
2012-07-16,1.0534026329138988,1.0537107813961462,1.0566262707884029,1.0622927822696453,1.049223055654966,1.0510503135794766,1.0549206408158422,1.0483213830639888,1.0496841416104126,1.0526228444491783
2012-07-17,1.0573354105144555,1.0551278668629966,1.0602376485292424,1.0680466212663648,1.0491287611062707,1.0511018679991013,1.0550519696820029,1.0483680390652583,1.0499169967899777,1.0529695683272315
2012-07-18,1.060009048196293,1.0580716105687369,1.0647396531885738,1.0745661093589036,1.0513296286476683,1.0535063274968384,1.057606423510068,1.050702327336731,1.0524877165813045,1.0557209400313905
2012-07-19,1.062824928157491,1.059308853864644,1.0683542588406327,1.0804884415932334,1.05112328703092,1.0536977797577982,1.058100760777941,1.0506852568922742,1.0529189693965555,1.056491271786331
2012-07-20,1.0550306151503093,1.0564437439512195,1.0609137093502858,1.0687849796077804,1.051348731212722,1.0533617593853495,1.057339024521933,1.0505900747187655,1.0521798939496365,1.0552671772604256
2012-07-23,1.0448468466730223,1.0518982281454108,1.0517809427512215,1.0555874696879537,1.0501707034629177,1.0514942781685086,1.054843091602116,1.0490686274211887,1.0498893348985474,1.0523018999822447
2012-07-24,1.0411854597928571,1.0504275733457344,1.0478112417861598,1.0490102247916626,1.0504005122768751,1.0513901591556476,1.05442076066388,1.049096892292325,1.049541223909945,1.0516047640414614
2012-07-25,1.0435130969703783,1.0512616102304415,1.0485372985748942,1.0492015406159276,1.0511367551512985,1.052202356746902,1.0553114519726332,1.0498364812320458,1.0503504563466057,1.0524809922977252
2012-07-26,1.055680227986104,1.0566389944236787,1.0594736133679592,1.065251508309474,1.0526058670665364,1.0544273854784734,1.0581811958492253,1.0517242006514451,1.0530887348302618,1.0559271326116866
2012-07-27,1.0681361194484404,1.0610625045395508,1.0711943250878344,1.0842657014018011,1.0518796305339857,1.0546020468722002,1.059117672870548,1.0515865525321095,1.053988994707729,1.0576944520659082
2012-07-30,1.0682774413375076,1.062377678927179,1.0714280866980588,1.0835657926778475,1.053804146069497,1.0564249404044657,1.0609303522571505,1.05344095462856,1.0557169419463464,1.0593897647358888
2012-07-31,1.0652320672222162,1.061498082402608,1.069014554931675,1.0796719454536252,1.0540313882560925,1.0564242534864965,1.0607111225481123,1.0535287422848298,1.0555525011844422,1.0589895748046931
2012-08-01,1.0625498394327504,1.058951400520576,1.0668893477698866,1.0778163459587748,1.0515713272986673,1.05384554886065,1.0578621752126611,1.0510460546357323,1.0529654997467914,1.0561558420677115
2012-08-02,1.0575984644481995,1.057103936499352,1.0624750909043752,1.07118924323797,1.0514343360908254,1.053428625270762,1.0572956488600052,1.0506493443974987,1.052219975621914,1.0552074308577997
2012-08-03,1.072490996153668,1.0630587337305744,1.076006869290095,1.0917783621705905,1.0519169742386025,1.0548418845401206,1.059521233070339,1.0518802520085813,1.0545852081920108,1.0585221086433616
2012-08-06,1.076371497358811,1.065690532974006,1.079871178830535,1.0968030014330739,1.0536758434784887,1.0567574366722445,1.0615348265742222,1.0537737523764328,1.0566685929932045,1.060729457989103
2012-08-07,1.0770444094161133,1.0645832594232143,1.081507916054614,1.1012961558303134,1.0508942457369153,1.05427397833176,1.0591875109903475,1.0513405008538397,1.0546074399406855,1.0588779434601974
2012-08-08,1.0762608097081805,1.0636163782174826,1.0810226646044439,1.1012817644158908,1.0496511519756262,1.0531328709757841,1.0581122245460093,1.050186497572815,1.0535651874015834,1.0579133832344685
2012-08-09,1.0773269981073863,1.0639858048711461,1.0821095589233651,1.1030756534791986,1.0495102790527717,1.0530991368476628,1.0581507864306954,1.0501390662766272,1.0536428711317432,1.0580793616943185
2012-08-10,1.0794485973961625,1.0661322956386101,1.0842159792448514,1.1050295224111766,1.051615342434869,1.0552786825745375,1.0604438066424728,1.052243411841119,1.0558172125955037,1.0603557641537353
2012-08-13,1.0766097754209922,1.0649107884083115,1.0824837490122088,1.103208088447696,1.0509160119916767,1.0544381117812751,1.0594575572845495,1.0515089522891867,1.0549306330176915,1.0593277586493115
2012-08-14,1.0750043042921167,1.062399272445028,1.0810756223330993,1.1028778884343098,1.0478462518055627,1.0513464512925164,1.0562268513669721,1.048527248851403,1.0519643997127621,1.0562622882380641
2012-08-15,1.07484882907306,1.0603742517822161,1.0801874808582284,1.103368826534194,1.0449109565894819,1.0484541061175332,1.0533796345743156,1.0456931005388428,1.0492068938522199,1.0535796162777624
2012-08-16,1.0817635265239258,1.063223020181712,1.0863247655379147,1.1128076550075234,1.0452472099136643,1.0491900339524236,1.054514223361632,1.046354430324008,1.0503568776736527,1.055187345913777
2012-08-17,1.082561539123351,1.0644835421606964,1.087565186048868,1.114293046236583,1.0465234661365588,1.0504739665547551,1.055824240075565,1.047656060350893,1.0516639975541122,1.0565228208302069
2012-08-20,1.0826578855660567,1.0646592930150807,1.0877547419227442,1.1145868940929131,1.0465982296786442,1.0506416053991878,1.0561195304959425,1.0477719324366703,1.051868483942288,1.0568502541544025
2012-08-21,1.0841926295112618,1.065457314985838,1.0879239798786708,1.1137994057260883,1.047717172648466,1.0516747701051536,1.0570491328151574,1.0487919602718387,1.0527864111986214,1.0576464374234031
2012-08-22,1.0877006819056316,1.0702618318389971,1.0915208425173215,1.1163238127775215,1.0530837632258736,1.0571444327625703,1.0627591234122007,1.0541040525120817,1.0581562599652483,1.0632105460861447
2012-08-23,1.0844615326441014,1.0687163737749057,1.0874440215489838,1.1096149501058656,1.0531714676752666,1.0569856368920132,1.0623974013993656,1.0539394428684736,1.057674178330324,1.0624698646823678
2012-08-24,1.0863195389025866,1.069818105799321,1.0896530228331673,1.1133347125978326,1.0534089787642256,1.057389190985833,1.0630318562408476,1.0543254942204685,1.0582520032910503,1.0632987360397075
2012-08-27,1.0856620726468873,1.07069326199592,1.0896406917948516,1.112736528268222,1.054900099635789,1.0588003920476372,1.0644412478706125,1.0557432323073925,1.0595645578563726,1.0645899091696713
2012-08-28,1.085978131314242,1.0710751606295934,1.089625765975946,1.1123721982321793,1.055523308605167,1.0593294329433642,1.0648845825131028,1.0563048784278848,1.0600231314925428,1.064956416847687
2012-08-29,1.0838607033880843,1.0698433308583228,1.0882360112396041,1.1110563827026185,1.0544836205777843,1.0582569030556443,1.0638040246081866,1.0552637184782152,1.0589452643353927,1.0638716604591067
2012-08-30,1.0778209383519615,1.0671297958031782,1.0822783993949274,1.102024640973606,1.0540496246380295,1.0574344552104833,1.0626600344398782,1.0545051811755262,1.0577092820720557,1.062251567165577
2012-08-31,1.0866987606374205,1.0738254416265975,1.0896803754425965,1.1099872971241282,1.0596736892741059,1.063481313689601,1.0692896374280754,1.060265830580306,1.0638944739047467,1.0689949123068352
2012-09-04,1.0858054182227692,1.0726958169730825,1.0881314919295146,1.1082486584580622,1.0584884571745012,1.0620292058700591,1.0675771169847328,1.0592491920085114,1.0626352635285146,1.067496174277293
2012-09-05,1.0840526700116422,1.0718035697447603,1.0866962636385686,1.106412322545906,1.0577679397944233,1.0611684312868925,1.066603908182275,1.0586898021943778,1.0619550455286588,1.0667044143460687
2012-09-06,1.0966117382975515,1.0765944754592445,1.0988068951858896,1.1260125753141215,1.0618345263574906,1.0666871088639822,1.073224044115141,1.0604390619822084,1.064859717231728,1.0705195847238385
2012-09-07,1.1054863746385237,1.0806292163603357,1.105022936816049,1.1334964720793224,1.0647570748690818,1.0702505330698462,1.0772315903279008,1.0628679231193607,1.0678157553761634,1.0739152150345668
2012-09-10,1.09807310795911,1.0768578112737672,1.0983999434389453,1.1239742579676433,1.0615891115997047,1.0664896670562538,1.0729505690944103,1.0606156403731246,1.06505408967553,1.070670268511984
2012-09-11,1.1019928847532943,1.0776675313531872,1.1010335088047611,1.127871762849964,1.0619678171327722,1.0672685512517706,1.0739729267682496,1.060466034135669,1.0652163774473715,1.0710406457323673
2012-09-12,1.1037869895057204,1.0769056357446158,1.1023182311500934,1.131134958952097,1.0610615334162152,1.066673357578006,1.0735420647249985,1.058918155651279,1.0638869496403112,1.069798729035082
2012-09-13,1.1189239203202417,1.0858438806585493,1.1154703464148266,1.1482788739630236,1.0690001331347185,1.0755812859858267,1.083305255309974,1.0654929873750092,1.0712934260261233,1.0780150987738688
2012-09-14,1.1232682666420644,1.0847018920928317,1.118508947595455,1.1553892522850462,1.0673498344035581,1.0745904370068922,1.0827115315474618,1.062538430806206,1.0688277264336272,1.0758132685200283
2012-09-17,1.1194154750109009,1.083986592711318,1.1160880999732918,1.151593848401906,1.0670742147556906,1.0739485097710908,1.0817939592712462,1.062813165622766,1.0688020378955512,1.075536211858795
2012-09-18,1.1190796628257225,1.0846897654620962,1.1161648006929534,1.15113434346313,1.06752770517025,1.074463695767318,1.082370844546732,1.0636474457785878,1.069694770708936,1.0765216239791255
2012-09-19,1.1198515073203121,1.086270971680827,1.1176347109361728,1.1524394062249732,1.0690123938405536,1.0760349955816937,1.0839542997499696,1.0653529698072588,1.0714528962495362,1.0782856834520613
2012-09-20,1.1156754648815537,1.0845502713554325,1.1151017196930595,1.149397192918246,1.0674393856816544,1.0744834908132337,1.0824034069051385,1.0642165959480907,1.0703197568911627,1.0771596035385098
2012-09-21,1.1170130265223646,1.086069817256978,1.1162963312139256,1.1501696647402841,1.0688475239345925,1.0758592065375105,1.0837482648611008,1.0657829369984775,1.0718621068690595,1.0786848632451003
2012-09-24,1.1145347877133522,1.0855619854833858,1.114457315655765,1.1468684623459535,1.0685884582748646,1.0753956506414666,1.0831029125426306,1.0659848564606023,1.0718908439752262,1.078557828244934
2012-09-25,1.1064293337071285,1.0824107992914827,1.1071952557153972,1.1352702622230975,1.0657948884184318,1.071892642885439,1.0789620714910204,1.0647020103812648,1.0700076083872405,1.0761206169374518
2012-09-26,1.1023214988267567,1.0814098263864331,1.1035015846569327,1.1288181843798157,1.0651495377288505,1.0707569599403284,1.0775193089068278,1.0648195125874478,1.0697615194642138,1.0756580887324922
2012-09-27,1.1117425572990176,1.0856556692851935,1.1116805019293683,1.140935611232178,1.068547885918426,1.0749987027377748,1.0824302718686143,1.0670483892049316,1.0726816598496336,1.0791722754473954
2012-09-28,1.1058763203579782,1.0830138209545703,1.1062495287412888,1.1329921326302934,1.0665567413821408,1.0722615427389355,1.0790908445416973,1.0658502320584542,1.0708514475059416,1.076761068515424
2012-10-01,1.1081298209301862,1.0843587325216244,1.1085363032724733,1.1357789221973293,1.0671940612819302,1.0733419782023206,1.0804896917644866,1.0665889913947018,1.0719623429138885,1.0781988126816968
2012-10-02,1.1103433131282006,1.0854822383905618,1.1102899818398135,1.1381557368063395,1.0680457806990664,1.074188024886535,1.0813084751464657,1.0673778214981247,1.0727506530842255,1.0789560390644337
2012-10-03,1.1109195917340742,1.0864561364351246,1.11146845143322,1.1401564010617338,1.0688313141726995,1.0750845950210526,1.0824478510455966,1.0681595894785043,1.07364152449044,1.0800849002785649
2012-10-04,1.115690577293996,1.0874433985944023,1.1153602024839722,1.1467632687855183,1.068311837658421,1.0749699545849216,1.0826153135929482,1.0675973757203239,1.0734785510264526,1.0801897137702976
2012-10-05,1.1135997239612556,1.0845562525361352,1.1129474042354903,1.1446544919623665,1.065455017668285,1.072038004081867,1.0795134303888907,1.0646804762846953,1.0704894264179927,1.0770282467761247
2012-10-08,1.109685505637838,1.083622523741977,1.10945965917296,1.138547690101422,1.0659380295647303,1.0721571019726361,1.0793320347439777,1.0651996033207793,1.070642961940557,1.0768899841529669
2012-10-09,1.1012511677882841,1.078077633630953,1.1008466031123103,1.1265962135580847,1.0622353257936943,1.0678187708075009,1.0743220944196026,1.0615039929233112,1.0663187267443228,1.0719104705709843
2012-10-10,1.0994537988656314,1.0778437005023682,1.09862281404467,1.1222121783352639,1.062976647472635,1.068207529554415,1.0744085977121092,1.062242757820473,1.0667112076097756,1.0720097440315126
2012-10-11,1.101827186306784,1.079224331786576,1.1003821465107362,1.123860672041451,1.0641101289453887,1.0694038416664815,1.0755917876083667,1.063385976055061,1.067915418403317,1.0732000431812097
2012-10-12,1.0993454088151693,1.0782951980034503,1.098766281622214,1.121538133441002,1.0637734496630695,1.0689231039126805,1.0748955852164621,1.0630724676916747,1.0674570905067406,1.0725321003597184
2012-10-15,1.1032844466925542,1.0808919831696384,1.1034471071483327,1.1284076149796152,1.065475514984704,1.070974228962003,1.077276955252536,1.0647162906034449,1.0694495224834115,1.0748427314822069
2012-10-16,1.111187849720526,1.0835773188316888,1.1105544985515488,1.1400747121654027,1.065820183183569,1.0719427930407148,1.078772597102886,1.0649706302144926,1.0703255327036882,1.0762244548166215
2012-10-17,1.1125671617699018,1.081788872141415,1.1113256016710658,1.143145786780353,1.0628689026688019,1.0692965510651016,1.0762673357305172,1.0619728979413212,1.067629091435948,1.0736581458262984
2012-10-18,1.1102058295059731,1.0795248808183284,1.1077478921376405,1.137976726522123,1.0614418496085327,1.0674631244677488,1.0740447311700572,1.0604460047573607,1.0657074503559154,1.0713496013050683
2012-10-19,1.0986442927612354,1.0742745043147406,1.0966474930737107,1.120419476517854,1.0593801150373519,1.064503102296087,1.070224144520506,1.0584837024485185,1.0628505935991448,1.067661530551583
2012-10-22,1.1008008282040684,1.0741336036856868,1.0984981891282715,1.124030286904994,1.0581717910713013,1.0635814802012171,1.0694424521288608,1.0572895167769392,1.061940529568766,1.0668880858585312
2012-10-23,1.0895429844857585,1.070358908280822,1.089412339186305,1.1099198062305022,1.0574332021874853,1.0620483917264771,1.0671905235538268,1.056671641868717,1.0605290704085,1.0647855538276987
2012-10-24,1.087946485843209,1.0686338329230758,1.087615894090551,1.1078282855199215,1.0558770786718055,1.0603937344629086,1.0653574858721135,1.0551009405475176,1.0588624153721122,1.0629431778783467
2012-10-25,1.0904147239057815,1.0681998521110714,1.0891322164472932,1.110994473056227,1.05432174586916,1.0591267227462111,1.064285359193046,1.0535352202258221,1.0575826806351172,1.0618514164685888
2012-10-26,1.0894162119948798,1.0703529189537286,1.0897713255402106,1.110372221062625,1.057187723575027,1.0619927092831816,1.0672379550750049,1.0565197636780819,1.0605560695379643,1.064917523943175
2012-10-31,1.0911185397836736,1.0721881406987686,1.090281186992951,1.1093909463960427,1.0594000275782032,1.0640496334608684,1.069309049441562,1.058701343078938,1.0625880775835639,1.066964086852725
2012-11-01,1.0978390023910798,1.0752055965694414,1.0973317199716766,1.1205601947334514,1.0602439068127334,1.065575575302824,1.0714605210583241,1.0595312177523855,1.0640997422621028,1.0690813973445552
2012-11-02,1.0913676700645387,1.0720142576339549,1.0914527860481882,1.1117486947469768,1.0585932394472,1.063284821678562,1.0685279097995768,1.0579624106547663,1.0619150411526956,1.0662754724118697
2012-11-05,1.0930428113254573,1.074237553503146,1.0939920925582827,1.1147907002713857,1.0605021346660055,1.0653537842665546,1.0707307446914014,1.0600008015105273,1.064103367867009,1.0686047031051187
2012-11-06,1.0988461332111403,1.0750326221962996,1.097559859649675,1.1210328045829414,1.0599398400615716,1.0652948708763952,1.0712041967402373,1.0591137875904366,1.063703802088612,1.0686973586228246
2012-11-07,1.0891985663722905,1.071643140708853,1.0871050921697454,1.1027992274746155,1.059739492479106,1.0639043806060813,1.0688104761665955,1.059108997375162,1.0625231010001575,1.066539705831645
2012-11-08,1.0829494203137822,1.0692750698984848,1.080506146138572,1.0916272536894027,1.0593017852585216,1.0628043200128103,1.0671225686317372,1.0588417333686444,1.061585450870882,1.065025010931395
2012-11-09,1.0833784506958501,1.0695895421685913,1.0814195953663432,1.0932395272146906,1.0592058059776257,1.0628836314991605,1.0673707524410172,1.0587989753688742,1.0617157582538979,1.0653292773364413
2012-11-12,1.0832827401404619,1.0696880474116777,1.081674885934168,1.093595765249558,1.0591457529382418,1.0629229561519646,1.0675003665020857,1.0587922959562919,1.0618021228169279,1.0655081273641995
2012-11-13,1.0800487790305096,1.068687343101901,1.0786673542374845,1.088597217451017,1.0593263643101847,1.0626434803468179,1.0667594672985108,1.0590327302752989,1.0615898260180943,1.0648420990111842
2012-11-14,1.0708441465288585,1.0639242120579937,1.0703518079130805,1.076604847438696,1.0564112978041138,1.0590677547208225,1.0624336913532186,1.0563938657761327,1.058280337753073,1.0608024052259186
2012-11-15,1.0693936249277383,1.0627085633622093,1.0692706238539207,1.0753475785332094,1.0551013945383474,1.0578454189813298,1.0612206677022624,1.0551620684962384,1.0571214130667057,1.059652961902042
2012-11-16,1.0716888418820765,1.0643513632950707,1.0716594668543762,1.0786956666392722,1.0563489669319153,1.0592307257292384,1.0628011346740212,1.056356797096991,1.0584637257160765,1.0611909862656324
2012-11-19,1.0857095432471322,1.0717331784076152,1.0848903363036997,1.098135571371927,1.0607989036895789,1.06475813914212,1.0693757103298027,1.0605140708728147,1.063687665358093,1.0674284702661163
2012-11-20,1.0855173349185672,1.0700672540618839,1.0840572194101172,1.0982027824183656,1.0589338454622683,1.0628886456080522,1.067495316789984,1.0584914067602205,1.061673830064235,1.0653958805243589
2012-11-21,1.0854728579583344,1.0693967660085861,1.0841086428622915,1.0991199339558924,1.0578597409037798,1.0619848420039095,1.0667786936027186,1.057405886073919,1.0607587329587598,1.0646679467579556
2012-11-23,1.0971293046116675,1.0754882263693846,1.0946658872050872,1.1140750629437832,1.0616029349092007,1.0666255436433472,1.072275611679805,1.0609216120121288,1.065149705129122,1.0698816600783885
2012-11-26,1.0975012123374972,1.0762957617548596,1.0952566765098846,1.114567473003672,1.0623476811636767,1.0673688881979695,1.0730766663407956,1.0616966600320648,1.0659350091571458,1.0707353649981008
2012-11-27,1.0936635641227979,1.07532746221054,1.0923432241246485,1.1097655677394018,1.0623334224221381,1.0670138220035852,1.0723787424486022,1.0618553891432425,1.0657576830981959,1.0702340637128844
2012-11-28,1.095906634958156,1.0774867225093399,1.0963910342029701,1.1158863967018766,1.0634512887550849,1.068608503971057,1.0743929773837595,1.0631167915309425,1.0674896096331141,1.072397585963986
2012-11-29,1.1011027925309365,1.0807006042137877,1.1010958831890807,1.1219973181252474,1.0658600297084453,1.0713119811304137,1.077384812556598,1.0654331701392732,1.0700949777196112,1.075279322643638
2012-11-30,1.1002567825528273,1.0800964175830834,1.100502791813223,1.1213520158869694,1.0652766654486128,1.0707306145055955,1.076802743532586,1.064861643770758,1.0695286140222735,1.0747155567899416
2012-12-03,1.100000056271371,1.0795539243518772,1.0994617302840102,1.119578183462533,1.0648891301332986,1.070165664263919,1.0760548969396107,1.0644933425490466,1.068996024339669,1.0740061050076368
2012-12-04,1.0995907666327458,1.079925398616226,1.0996441829668866,1.1193564261756646,1.0654945962688986,1.0707947097760495,1.0766942824782306,1.0650309114865237,1.069545315889315,1.0745497780023672
2012-12-05,1.0995484119638883,1.0798694817591348,1.0992513944057671,1.1180106506115959,1.0659095489084651,1.0711969088393813,1.0769944141581946,1.0653325800086066,1.0698002124430661,1.0746702154275756
2012-12-06,1.103879943080703,1.0822234208797226,1.102923014324414,1.123050766654947,1.067140260678468,1.0726759985340297,1.0787897645561468,1.0666586707106631,1.071392123775886,1.076588111646296
2012-12-07,1.1045016031676278,1.081298788799053,1.1024487391001407,1.1228653497090444,1.0659858038429095,1.0714961440439625,1.0775376378923003,1.0655104918657392,1.0702186738386383,1.075345919364944
2012-12-10,1.1065144534129971,1.0825649501822399,1.1042363101791992,1.1250943873088302,1.0667932294012772,1.072457488647336,1.0786699242985864,1.0663539613717514,1.0712170601623305,1.076512931190745
2012-12-11,1.110661184697792,1.08464299785787,1.1089090826403736,1.1327002123203194,1.0671539433203105,1.07318959137094,1.0797249219018488,1.066938151063315,1.07222846191239,1.0779013648320626
2012-12-12,1.1100640947032496,1.0824277081925342,1.1078321611789188,1.1325800793013463,1.0642790508492324,1.070463777595208,1.0770694663932636,1.0641226738758751,1.069574193879336,1.0753308883995336
2012-12-13,1.1043576318344523,1.0784669686857633,1.1027003985249795,1.1260542048322912,1.0613667137444716,1.0673398133677698,1.0736571820069343,1.0610856970058975,1.0663040222251077,1.0717555729771804
2012-12-14,1.1039989226215323,1.078694599912918,1.1017441478802275,1.1232726914611495,1.062553871256037,1.0683751812627393,1.0744857419225635,1.0620823860696178,1.0671007380274264,1.0722973521581718
2012-12-17,1.1082860465718927,1.0796523492703354,1.1062008174407794,1.1318623841378679,1.0611190614679353,1.0673767461127412,1.0738944631716691,1.0609891503449256,1.0665281165527258,1.072216172097607
2012-12-18,1.11302108548405,1.081271330547796,1.1118740653022456,1.1419790603635618,1.0600982820575016,1.0669446450898943,1.0740034944076622,1.0602746294086374,1.0664855032876261,1.0727899259640268
2012-12-19,1.1117112203362416,1.0809389253114836,1.1102930141538514,1.1386773668924737,1.0607962433226972,1.0674312515475708,1.0742028798994094,1.0607897616524642,1.0667505822402275,1.0727310488592556
2012-12-20,1.1146501586520436,1.082607470034181,1.1131026201770295,1.142462929714652,1.0617219195541632,1.068545622742826,1.0755277406808914,1.0617362162634285,1.0678947485542223,1.0740860524314755
2012-12-21,1.1101244833122013,1.0807176706320127,1.1080301951901281,1.1340513449869196,1.0618437131430127,1.0681858808376017,1.0747779464168943,1.0616207076914672,1.0672410081704526,1.072987806289973
2012-12-24,1.1090447554420266,1.0797681446662515,1.1064972186323947,1.1319082742766924,1.0613238037868955,1.0674943062919726,1.0738943561142666,1.0610440233892038,1.0664839174562595,1.072033524503711
2012-12-26,1.1075912078738823,1.079409347740726,1.1047567088911467,1.128289312207201,1.0620179690131744,1.0680245107901827,1.074218704233186,1.0615713758967793,1.0668026689622285,1.0721035891662525
2012-12-27,1.109843999128234,1.080830639760476,1.1061989555009797,1.1293738977478875,1.0632951377204005,1.0694042415284464,1.075736692370749,1.0627964029114811,1.0681088491621962,1.073519953247102
2012-12-28,1.1051436102055388,1.0789190351312286,1.101651610595631,1.1217246516014105,1.0633354622882236,1.0690493591329528,1.074939374954694,1.06256584772662,1.0674223826209364,1.0723350535247413
2012-12-31,1.1163569992648292,1.0834484327001177,1.1120530467864003,1.1383891557928583,1.0637909037557598,1.0703648859090373,1.0770487673283784,1.0634948372634132,1.069315979918284,1.075120811447075
2013-01-02,1.1312965366275198,1.09087788097622,1.1271942042404763,1.162108540345423,1.065809722192876,1.0735452175735651,1.081320834112491,1.0662196867968108,1.0733396836288038,1.0803827918356599
2013-01-03,1.1250557901620746,1.0859731746276915,1.1216293159906638,1.1561293897374139,1.0615289103159902,1.0689363202555873,1.0763504734383584,1.0620098970439886,1.0688422467813397,1.0755525589061694
2013-01-04,1.1264226530333876,1.0869833554272508,1.1229437831469964,1.1575920740498669,1.06257275683943,1.070024333313154,1.07744123465831,1.062999094357252,1.069852208137374,1.0765470039454121
2013-01-07,1.1238480158447806,1.085862849747215,1.1209089076262775,1.1548632404310788,1.0618280911789333,1.0690554069113816,1.076336408096969,1.0623060427247015,1.0689757855080844,1.0755604609588671
2013-01-08,1.1223074973333824,1.085914604906205,1.119275561993253,1.1517184973842638,1.0626002438764282,1.069521880250083,1.0766286482513703,1.0631096877002224,1.0695116874003778,1.0759383120601245
2013-01-09,1.1248163160866844,1.087179869255528,1.121653924624764,1.1551883614723026,1.063099543237762,1.0702975418398888,1.0776948739604162,1.0635951593129627,1.0702604122764812,1.0769750472533386
2013-01-10,1.1308059843892342,1.0894331869930634,1.126776475234357,1.1631361529348794,1.0638878972667318,1.0716139223048287,1.0793970242030377,1.0643665529828794,1.0715193776257004,1.0786079437344278
2013-01-11,1.1298610571442143,1.0902748365041979,1.1268346626816563,1.1625673352325434,1.0650154314620925,1.0726263676917631,1.0803667131496797,1.0655553128230646,1.072618983145546,1.0796833904814085
2013-01-14,1.1307924726623866,1.0904972024110058,1.1268599029883282,1.1620756131707823,1.0655639103186472,1.0731379477557814,1.0807942207984609,1.0659884018340722,1.0729788321195197,1.0799238215307356
2013-01-15,1.1313253950701219,1.0912087031873416,1.1265327183030296,1.1606876075631252,1.0666545649055021,1.0740894158595622,1.0817569343650637,1.0670133248213811,1.0738734998080786,1.0808223556643397
2013-01-16,1.1312328874639868,1.0918889192766377,1.1269799360185246,1.1611644469457203,1.0672735637201607,1.074644336579929,1.0823012097273352,1.0677234116194083,1.0745555874419035,1.0815226925244932
2013-01-17,1.1348580339981615,1.0920628661288838,1.129832560529556,1.1667913200742688,1.0660166235636925,1.073834157101054,1.0818475224362567,1.0664704497818696,1.0737319926173912,1.0810597086087559
2013-01-18,1.1359798697753376,1.0935810376195807,1.1309095459447385,1.167361431672005,1.0677055057824307,1.0754858364164563,1.0835287429155231,1.0681252830874624,1.0753477305919958,1.0826974504121807
2013-01-22,1.138128714143375,1.0948800502609433,1.1327528643330254,1.1700149999742797,1.068438642491206,1.0763208566022593,1.0845775723527633,1.0688944576794548,1.0762464262728437,1.0838324026863204
2013-01-23,1.1381043276497538,1.0957155203576623,1.1336948798103712,1.1714767282040701,1.0691297223085763,1.0769259610079756,1.0851090238569907,1.069726017053431,1.077041889273226,1.0845981909218376
2013-01-24,1.1346881880144435,1.092830489512796,1.1300684013746718,1.1666403203469995,1.067080485566219,1.0747666837847727,1.0827832687602088,1.0675213478883274,1.0746742046501478,1.0820148137420618
2013-01-25,1.1361687654710924,1.091517812289109,1.1313318015077793,1.1707372425354092,1.0645762016759923,1.0725485667214434,1.08072384482803,1.0650620248160523,1.0725062280388202,1.0800278056085968
2013-01-28,1.1342059132155593,1.089861267514165,1.1295281000980957,1.1691569619464552,1.062887541058416,1.0707046195192704,1.0787870046926513,1.0634551784626882,1.0707957039013485,1.078262993568922
2013-01-29,1.1380406650330133,1.0909889294240036,1.1323480571908513,1.173375852072127,1.0631821248682336,1.0713782073469889,1.0797586877113026,1.063648370562904,1.071313465646985,1.079044720649712
2013-01-30,1.136319737560439,1.090021220128396,1.1306118954291353,1.1707537184162902,1.0625840943901472,1.0707483915924785,1.0790983058306072,1.0630420115354797,1.0706617321575687,1.0783502720355285
2013-01-31,1.1339067080493073,1.089305928207166,1.1291217961875695,1.1683576578684665,1.0624595643070047,1.0705026978665417,1.078666240371378,1.0629371662323932,1.070425524976166,1.077919662074968
2013-02-01,1.139381038702439,1.0911185031764674,1.1344756228504793,1.1776938662956653,1.0619527338707382,1.0705611350022808,1.0792514107955153,1.062643272382979,1.0707317880909764,1.0788133581150492
2013-02-04,1.132222604220288,1.0891567005460714,1.1270036155122822,1.1643737823962208,1.0617782968469132,1.069231628848545,1.0769417254123996,1.0630948262991236,1.0701551969227294,1.077366779194692
2013-02-05,1.1353367211885086,1.0901321800950763,1.1312281357103715,1.1726454315782069,1.0617308827276017,1.069892995837529,1.0782711719743916,1.0626981143883527,1.0703942513591573,1.0782083437674554
2013-02-06,1.1363480231264718,1.0916797472889075,1.1318744542662702,1.1722806745257035,1.0635245505200472,1.0715148639812488,1.0797914879875583,1.0645603508265624,1.0721087662903153,1.07984029149507
2013-02-07,1.132920674707388,1.090571778980643,1.1296114360212253,1.1692609573976513,1.0629151219059658,1.0706515090368105,1.0787151055149091,1.064111323885945,1.0714314863591465,1.0789698452626084
2013-02-08,1.1382899500060506,1.093768929533987,1.1348907034926847,1.1768397636767882,1.0653340645162301,1.0734970203869771,1.0820283969225426,1.066226466595947,1.0739472194938362,1.0819218542000988
2013-02-11,1.1363630695961526,1.0924790164721152,1.133764693403967,1.1759400234949586,1.064178671712688,1.0723423258208715,1.0808633664236627,1.0650058561321962,1.072725549391656,1.080682115251455
2013-02-12,1.138159841003942,1.09269791104566,1.1343840045782008,1.1766933803571313,1.064421556610085,1.0725971787239572,1.0811412521190646,1.0650702989106988,1.0728001485558074,1.0807654224665209
2013-02-13,1.1383612717767928,1.0917868219673585,1.134864360845652,1.1785889873953093,1.0632499290963784,1.0716447398683209,1.08029499521401,1.0637372510420642,1.0716515439292627,1.079688445340766
2013-02-14,1.1372672905583028,1.0930607741643281,1.1350493952793101,1.1777883511755285,1.0647453131073303,1.0730188723006973,1.0815831940984917,1.0654517097511496,1.0732602638320952,1.0812364078420134
2013-02-15,1.1334611044356684,1.0911431518530512,1.1324771681059422,1.1745757540481938,1.063456207245543,1.071506213049581,1.0798017239927138,1.0641802435661494,1.0717746704432318,1.0794799903178376
2013-02-19,1.1378708097428825,1.0928768335308194,1.136706337198849,1.1815189598931966,1.0644501410393923,1.0730046361571095,1.0818151899420079,1.064775258523429,1.0728281240535416,1.0809976420460914
2013-02-20,1.1272605172564019,1.0880447040401826,1.1278377127740442,1.1680380401661201,1.0612495641312036,1.0689380355334825,1.0768355096835307,1.0620752921383696,1.0693314568315968,1.0766552438277868
2013-02-21,1.1211737862145001,1.0854921325149143,1.1217969389063258,1.1585916297790777,1.0598200033007443,1.066809659121636,1.074123826544691,1.06108495249238,1.0677155357780008,1.0745235227901615
2013-02-22,1.1285578584297116,1.0898757748150008,1.1288065031866719,1.1684543556734903,1.0632339173048497,1.070803006888739,1.0787435196550925,1.0641111788835471,1.0712756115146351,1.0786634423826738
2013-02-25,1.118999799169967,1.0876629478081654,1.1201182095997773,1.1529574167506402,1.0626323367994948,1.068990686721596,1.0757901452998992,1.0645803087946004,1.0706605992676044,1.077053663447671
2013-02-26,1.124681335356177,1.0898176933610126,1.1242989436249178,1.1592325085010833,1.0641193898914374,1.0708596054531525,1.0780501027404847,1.0657409650846381,1.0721682288213112,1.0789112417779605
2013-02-27,1.130698224631395,1.0932977903232215,1.131159690997262,1.1697119147273776,1.066656047720639,1.0741085448379564,1.08194400541553,1.0678212604746087,1.0748844271102327,1.0821982870318225
2013-02-28,1.1281391539316492,1.092732310264696,1.129584168319228,1.167093852388702,1.0665618087770237,1.0737942412641293,1.081400246206338,1.0678494022000835,1.0747089727923873,1.0818080046083909
2013-03-01,1.1296033498240765,1.0944814090753885,1.1316375408654917,1.1696849868235932,1.0679411470143996,1.075274123554235,1.0830652690185152,1.069280386409249,1.076257427276354,1.0835577859515553
2013-03-04,1.1307531378112956,1.0946264598867441,1.1327571540980985,1.1722813767638949,1.0675754563620692,1.0749147742429463,1.0827676353699491,1.0689734999267166,1.0759991753933977,1.0833916561123316
2013-03-05,1.1381603253033092,1.0982994804082264,1.140083056536183,1.1835547640084076,1.069083310453675,1.0770924000482198,1.0856115784892388,1.0705236685731552,1.0782214021935397,1.086283950318292
2013-03-06,1.138807216650907,1.0973239226425973,1.139999428095865,1.1841737703199353,1.067693634254712,1.0758396513802508,1.084392595037842,1.0691535099564624,1.0769774043815816,1.0850712510915506
2013-03-07,1.1382432495153108,1.0957377860296815,1.1398994351300442,1.1856275403642498,1.065472091892286,1.073858638558431,1.0825445074848938,1.0669582839687413,1.0750216821730467,1.083252380623991
2013-03-08,1.139722569648281,1.0944455867169345,1.1407762137637354,1.1886606430640914,1.0630943020915944,1.0718264930551156,1.0807725701686592,1.0645835321018382,1.0729815366617799,1.0814684935574634
2013-03-11,1.1408682577186493,1.0955401595903471,1.142208175061087,1.1907227468592092,1.0639380330351254,1.0726934956607033,1.081700401194084,1.0654862950058446,1.0739312779065997,1.0824977739731327
2013-03-12,1.1388789627009177,1.095674075974852,1.1402532895065889,1.186851225776196,1.0650489124230784,1.0734320033937346,1.0821520055791787,1.0666498907341464,1.0747422119433954,1.0830377680621897
2013-03-13,1.1367575783132442,1.0944061302399954,1.1385618816838978,1.1850350721692346,1.0640506237224834,1.0722880525665448,1.0809198082729081,1.0656775284114524,1.073649625483687,1.081874449614249
2013-03-14,1.1411138052622656,1.0969529269755565,1.142555136680588,1.1904142382848482,1.0658294941113047,1.0742827847520175,1.0831040063292643,1.067460826837517,1.0756536087855504,1.084069849849953
2013-03-15,1.1407774596349736,1.097783279617461,1.142048944177386,1.18856049266076,1.067131194439276,1.0753854753805658,1.084139013192269,1.0687764464396343,1.0767889635217134,1.0851466481643208
2013-03-18,1.1375637390499334,1.0972448472490077,1.1389617061581723,1.1831788246238235,1.0676570947029738,1.0755282549685599,1.0840394103881579,1.0693524206292244,1.0769949110082908,1.0851218530743554
2013-03-19,1.136133723661041,1.0976919322330365,1.1378511619501488,1.1805723080342185,1.068790070182405,1.0764442327781008,1.0848016229256459,1.0705207163218822,1.0779548832455117,1.0859353069649864
2013-03-20,1.1389040164001523,1.098204179455686,1.1409502647907765,1.1865055921927754,1.0681218704360569,1.0761361712366158,1.0847558301660327,1.0698765934635954,1.0776776984298768,1.0859283581975832
2013-03-21,1.1340928650703277,1.0959876810911258,1.1354459069226033,1.1774615346512296,1.067474089632868,1.0749648678560004,1.0831814942933897,1.069201811955379,1.0764778526529926,1.0843210942325805
2013-03-22,1.1385987476637776,1.098920187853038,1.1406080334657391,1.1851607161978195,1.0691819601971828,1.0770553786624986,1.0856594622630042,1.0709443251730035,1.0786173681743993,1.0868581231160126
2013-03-25,1.1353263018305322,1.097318474112969,1.137444819161224,1.1804985307298603,1.068426204370765,1.0760451812054237,1.0844644129547873,1.0701378937479142,1.077544972191879,1.0855902358463356
2013-03-26,1.1411756718209904,1.1009367132936796,1.1431810231393107,1.1882988566721422,1.0709399371207353,1.078952004650417,1.0877378576809367,1.0726139859464474,1.0803975778909192,1.0887949491772386
2013-03-27,1.1429398490553715,1.1034352859761678,1.1449042603569304,1.189268030546876,1.0736412852734796,1.0816134493288598,1.0904473877675334,1.0753014308373234,1.08303334782033,1.0914687621519223
2013-03-28,1.1441049180784164,1.103688711155485,1.1463038134298729,1.1918553652799846,1.0735122630042488,1.0815968107925422,1.090474180456387,1.0751574478654775,1.0830059742001823,1.0914867734922034
2013-04-01,1.1402429417827549,1.1025562904447872,1.1423136336784816,1.1852035654239832,1.0736809296326795,1.081217357538057,1.0897082031875247,1.0753957985261076,1.0827177738818792,1.0908231561188666
2013-04-02,1.1416017839444237,1.1029509003871558,1.1448900008545182,1.1901756312314258,1.0732016480305502,1.081099386939121,1.0898698033817293,1.074888684827117,1.0825592685935477,1.090936853080717
2013-04-03,1.1351251544510816,1.1008302913313428,1.1393197056736524,1.180819725778887,1.072225080231234,1.0795264938458948,1.0877398180134037,1.0743222482466686,1.0814290516638163,1.0893056461101327
2013-04-04,1.1394929756903138,1.104633879860721,1.143008156897734,1.1843324411785225,1.0760566614480822,1.0832597005522961,1.0915024825021584,1.0780725049535183,1.085107742274848,1.0930254961175665
2013-04-05,1.1406408567515371,1.1060415005082316,1.1421044158776172,1.1807720094542942,1.0784847396142236,1.085213878304903,1.0930992685500296,1.080442519545159,1.08702852690765,1.0945946282236867
2013-04-08,1.1430086873206728,1.1062466799600574,1.1443743635568544,1.1854507682880797,1.0780653322385405,1.0850825561588675,1.09327704978702,1.07978088897355,1.086648987610533,1.0945005621588484
2013-04-09,1.1475666929492134,1.1087730844856025,1.1485182654755723,1.1912414106229388,1.0798113164685088,1.0871946321522281,1.0957449821998966,1.0813919901243572,1.0886107662387854,1.0967995552249785
2013-04-10,1.1532380722630038,1.1109956364376394,1.1558497477424488,1.2042817256357476,1.0799973032821268,1.0882749559881804,1.0976017846310955,1.0813489826255807,1.0894276394009275,1.0983569955393144
2013-04-11,1.1562645216285024,1.1126835504781187,1.158176539566539,1.2071140290892703,1.0813572097578494,1.0897723073245271,1.0992907276304225,1.082608241493725,1.0908294287488844,1.0999489779655094
2013-04-12,1.1483267861598145,1.1118715562204584,1.1547718626823613,1.2013577724092366,1.0814209001395474,1.0892522319910416,1.0981287182268273,1.083366589618956,1.0910440161654502,1.0996046384147666
2013-04-15,1.121395447286404,1.099784462831223,1.13557428995332,1.1745387461326526,1.0719757234224891,1.0782976162066364,1.085290240773372,1.075488974846105,1.0817289449912635,1.0885750298625028
2013-04-16,1.1336474553213938,1.1052696859155298,1.1460228771041825,1.1901365953339589,1.0756335516173103,1.082768933314401,1.0905862790044096,1.0785655461589192,1.0856011278593702,1.0932133835221371
2013-04-17,1.1221899585907842,1.0994439282895065,1.13463989447297,1.1728520181751665,1.0720855649047665,1.0782040797849615,1.0850685246646021,1.0754292171604876,1.0814839791739244,1.0881948135541109
2013-04-18,1.1200569989262812,1.0976238377090906,1.1308152788720007,1.166372957010716,1.071059576914191,1.0768121493406992,1.0833427274910945,1.0744515406425272,1.080163337084569,1.086557731320013
2013-04-19,1.1296358254704815,1.1024134936130379,1.1390021463132118,1.1782056751150298,1.0744565370576327,1.0807922670928412,1.0879985261563574,1.0774077752886415,1.0836979264414364,1.0907312599537002
2013-04-22,1.1353065133707125,1.1059168166980455,1.1441409506905784,1.18526967686372,1.0772784093382568,1.0840012295592252,1.0916008350076394,1.0800093331367564,1.086654017392224,1.094042121961343
2013-04-23,1.1406104189925765,1.1087642084811435,1.1500523226975723,1.19449888516149,1.078838829199749,1.0861476997279518,1.0943041478593867,1.0814092436304439,1.0886205144956294,1.0965455059262845
2013-04-24,1.1444911677860268,1.1103547100490418,1.1525249031328229,1.1974861696984316,1.0799306380941998,1.0874630981047406,1.0958581016634312,1.0823604683813088,1.0897929693176014,1.097947198462341
2013-04-25,1.1501863156303294,1.1126489542597098,1.1567669790803388,1.2036751339666625,1.081399759593513,1.0894091741355962,1.0982756004417913,1.0835396471097345,1.091416023165558,1.0999987683357937
2013-04-26,1.1478134635420103,1.113028597425493,1.155385131452787,1.2005269385949142,1.0823980440793368,1.0901336676709314,1.0987363646040111,1.08477796194286,1.092385253756023,1.1007277149409296
2013-04-29,1.1560934997267502,1.117192727997416,1.1624039989222221,1.2103882540211495,1.085387463073023,1.093642892811966,1.1027701975874504,1.0874397916792367,1.0955518671163642,1.1043846814565978
2013-04-30,1.1618862543539261,1.119876806007049,1.1669856942261534,1.2168352593686311,1.0872028815487729,1.0957555288966243,1.1052506857349607,1.0890014217287987,1.0974235679706037,1.106613069798011
2013-05-01,1.155201134207576,1.1175698186769327,1.1618738581448922,1.2088180074632706,1.0854999961813698,1.0935972708465085,1.102629364614277,1.0878536385973638,1.0958495868564375,1.1046422583907383
2013-05-02,1.1617494196256912,1.1213544312079426,1.1683470755484182,1.2185234467140837,1.087089688357234,1.0955729456252523,1.105021346921807,1.0897436226999413,1.0981820821058719,1.1074563912513447
2013-05-03,1.167008515503885,1.1212172459430136,1.1731432137828217,1.2286798234353244,1.0835434602243257,1.0925156459918213,1.1022296124526048,1.0867030931284063,1.0957321258851196,1.1053958570274978
2013-05-06,1.1683684780921482,1.1213003946867768,1.1742290574543472,1.2310447076230608,1.0826887289983425,1.0918049377911536,1.1017127858947686,1.085972815886213,1.0951670941810723,1.1050503887350118
2013-05-07,1.1690387436404897,1.1212825783258276,1.1754054039151218,1.2333832542522303,1.0823196879435226,1.0915569800427634,1.1015436555694205,1.0855812208571098,1.0949106444753223,1.104879794915552
2013-05-08,1.1756340171240933,1.1249576772145526,1.1808474820207375,1.2404596436810555,1.0842873674441165,1.0938428702265848,1.1041277506375602,1.0877888648868472,1.097469798247918,1.1077781138099845
2013-05-09,1.1696230990476424,1.121962395010181,1.1765687910561466,1.2351908351616054,1.0826032380705775,1.0920138086698188,1.1022184695454817,1.0859083222795585,1.095423859451952,1.105620711067663
2013-05-10,1.1682372440645157,1.1198479754155706,1.1759110556087493,1.2366049926718121,1.0797804546932406,1.0891822344660689,1.0992688155108585,1.0832361435003806,1.0927774622046593,1.1029043205691822
2013-05-13,1.1662386870038224,1.1184541647348956,1.1744574933345595,1.2354484971902524,1.0786198907883462,1.087933054109845,1.097943552674999,1.0820502737186652,1.091500481993065,1.1015517504190075
2013-05-14,1.1685164698778767,1.1184801486786071,1.1771816014600813,1.2413745238523914,1.0768960392289153,1.0865144351067293,1.0967839170145937,1.0805681785177643,1.09037899163127,1.1007523244222144
2013-05-15,1.1690966181247198,1.1202564760860672,1.179390809848985,1.2441448074116972,1.0791764960065864,1.0888894344592583,1.099321193269936,1.082630233740405,1.092523066762389,1.10302630919138
2013-05-16,1.1664446742088779,1.1209504973711035,1.1779042935045394,1.2404346244267017,1.0816338640988175,1.0911283832340035,1.1014232700599247,1.0848209204295831,1.094453074628468,1.104763174289594
2013-05-17,1.167633220346882,1.1203756658182933,1.1808545851742052,1.247460562092653,1.07947435929698,1.0893224339226197,1.0998484724266266,1.0828013719190048,1.0928492887589916,1.1034507134218141
2013-05-20,1.172834154787973,1.1218165665398476,1.182940307860066,1.2499434257121262,1.0791936533332362,1.0891724266500085,1.099846704840711,1.0828610914494379,1.093059893716116,1.1038531715061608
2013-05-21,1.1722647401941244,1.1226879228716309,1.1835874766079262,1.250427436004583,1.0807382533622707,1.0907560032124666,1.1015582585582577,1.0841977981234114,1.0944160205103044,1.1053006805001582
2013-05-22,1.1604393166772438,1.1140518227465372,1.1734813642688962,1.2388768788525057,1.0738857285730168,1.0834860998060243,1.0936118664072556,1.077242560794533,1.0870383416931924,1.0972474900692295
2013-05-23,1.1565239450305558,1.1124139387995755,1.1699261100891598,1.233753657936872,1.0730033144439,1.082420506076536,1.0924282383918578,1.0764123120056512,1.0860160839720858,1.0961079347989497
2013-05-24,1.15261564507054,1.110922975475975,1.1671845493051012,1.2301439641227931,1.0725783927444028,1.081803564801244,1.091676584626917,1.0758666127841,1.0852601653081302,1.0951966930972588
2013-05-28,1.1516038341422714,1.1063536138861627,1.1665878054073584,1.233998936946635,1.0654962930865657,1.0750514098438098,1.0849871308200028,1.0692158713988456,1.079035083087229,1.089150651708019
2013-05-29,1.145795013150372,1.1049245409069854,1.1620165557260786,1.2263470121818154,1.0661619736111432,1.075430503621568,1.08516521260368,1.0696734524063085,1.0791605798927613,1.0890237527269604
2013-05-30,1.1482877289300895,1.1063645650378708,1.164584590600354,1.230299125941007,1.0664784641650917,1.0759772805749503,1.085934271051552,1.0701999008688414,1.079950042228919,1.0900766489255385
2013-05-31,1.1340104144952168,1.098189942911618,1.1524399210429412,1.2142445703054343,1.0618619556505329,1.0706951538289617,1.0799637311400578,1.0651337770864033,1.074151627816786,1.0835111341244543
2013-06-03,1.1413611359339493,1.1019709432464246,1.157786811698064,1.2209726431169288,1.0634514373020112,1.072515253765161,1.0820549025971162,1.0671903514859935,1.0765039617174634,1.0861904784778942
2013-06-04,1.1347147884101756,1.097540875642172,1.1524602430606103,1.2146027708259464,1.0597437701189423,1.0686081324268506,1.077887496314625,1.0635855640237895,1.0727125209228885,1.0821370905029726
2013-06-05,1.1249133290984887,1.0934567629921212,1.142893482275651,1.1993533334132118,1.0564160715682842,1.0640132774109252,1.072310898114618,1.0613417272665449,1.0694216754479826,1.0780373384393314
2013-06-06,1.132645423998123,1.0982432393855321,1.1493448933034789,1.2076584458063053,1.060461557810291,1.0683837162803393,1.0770057837770255,1.0651758566079659,1.0735467828879035,1.0824692700215799
2013-06-07,1.132610993194855,1.0966629286203555,1.1520052729967416,1.2155651588137726,1.0595430725607147,1.068483737023804,1.0779709549709955,1.0629258768062328,1.0720908759303822,1.0816537774320705
2013-06-10,1.1297613316662836,1.094348884654289,1.1495548929811394,1.2133445483156295,1.0574934571572432,1.0664187349581171,1.0759276917629836,1.0608205968915014,1.0699608070135627,1.0795307248179438
2013-06-11,1.1200816602857677,1.0901978646255284,1.1412983632759706,1.2008396045997232,1.0544642057031837,1.0624118356804237,1.0710711185524238,1.0585488529480707,1.0668584109328967,1.0756764646745032
2013-06-12,1.114478536764656,1.0852664093708806,1.1348536601189667,1.192343199744609,1.0498062400217345,1.0572662604159047,1.0653240890596194,1.0544447947208564,1.062333162291822,1.0706048638261336
2013-06-13,1.1281469754345608,1.0954589695541062,1.1481726264386234,1.208910439209417,1.058820132227751,1.0671266524805374,1.0760484616334973,1.0628463082462742,1.0714951233281975,1.0805888539494388
2013-06-14,1.124079482688297,1.0936244632405558,1.1433948269888616,1.2012690122821248,1.0573333269222784,1.064857037647812,1.0731763484274632,1.0619581051295088,1.0699473104825565,1.0785261002144122
2013-06-17,1.1290652407412332,1.0956418355872606,1.1487823413842502,1.2102239193368602,1.0589627130684247,1.0673501862690113,1.0763940021117915,1.062811185773051,1.071516734010387,1.080705801382899
2013-06-18,1.131831899980852,1.0973389263845044,1.1527457713885356,1.2168522562206427,1.060651113664697,1.0696448103666825,1.0792565010962538,1.0638332153903454,1.0730406594880522,1.082705512321188
2013-06-19,1.1124899492565987,1.0828736819711962,1.135518318715199,1.1972529906784395,1.0484390959431893,1.05656191636702,1.0652116826804259,1.051893794531844,1.0602597391151156,1.0689103179036472
2013-06-20,1.07990477173776,1.0645828849875856,1.109208770889588,1.1629330714908137,1.0340621093024727,1.040264072220036,1.0471335029571351,1.0384958721548547,1.0451603865077472,1.052109859332073
2013-06-21,1.0829110352654068,1.061264458352638,1.1087569839302838,1.1651119870643063,1.029530767831562,1.036262502903237,1.0434995442052022,1.033695785731736,1.0408188245495462,1.0481091600021026
2013-06-24,1.0723681679668142,1.054247244328872,1.0984744931461912,1.1515478133045822,1.023372822036939,1.0293080594129924,1.0358980385898804,1.028023075651693,1.0344552499601931,1.041163185754193
2013-06-25,1.080808889036808,1.0583892638347063,1.1060202270428885,1.1624293546694733,1.0266731747527293,1.0333889734847022,1.040611310802043,1.0307145510133942,1.0378110138909231,1.0450713677316688
2013-06-26,1.0837296537033518,1.062731406457732,1.1120405847641495,1.1703249846199668,1.0317101221047271,1.0388336084749685,1.0463811996401406,1.0350704144900793,1.0424869688006813,1.0499637580840662
2013-06-27,1.0907594578723923,1.0685649915788629,1.1192883443935875,1.1785963421022205,1.0371313513808236,1.0446028125793885,1.0524258715971497,1.0402191516858126,1.0479475146544113,1.055677905719455
2013-06-28,1.0931671173904733,1.069059188676543,1.1199281699594354,1.1792108492393152,1.0370773026533648,1.0445694243643755,1.0523778740499512,1.0403363331748792,1.0480806783029977,1.0558104322771171
2013-07-01,1.0985894479197647,1.072276065088152,1.1247725294549107,1.1858573617438715,1.0395675607478072,1.0474794748969138,1.0556631519085977,1.0426926721223873,1.0507819669552088,1.0588316270692055
2013-07-02,1.096309318958335,1.0714632057649627,1.122535012621245,1.1827014092785297,1.0392759674312837,1.0468012629738945,1.0547183048179363,1.0423481191963104,1.0500608599503618,1.0578231640517415
2013-07-03,1.0951277685256238,1.0703429174365475,1.1217189804546241,1.1826108276965643,1.0383277821148058,1.0460118282145379,1.0541274520693131,1.0413573217449692,1.049209696660261,1.057163897255477
2013-07-05,1.0899786530905509,1.0618928202844338,1.1182213870306528,1.1851738642573832,1.028841952194005,1.0380476759903892,1.0475864897702771,1.0312807803282078,1.0404791154507713,1.0497447032623504
2013-07-08,1.0951825923917542,1.0672061511112119,1.123254554358322,1.189887616633168,1.0341429461906226,1.0432471299169976,1.0527030140337075,1.0367033727868054,1.045826666917948,1.0550359358379644
2013-07-09,1.1031215406973618,1.0717469494187777,1.129799163136627,1.198524472779026,1.0374566430954575,1.0471961630102955,1.057327255511272,1.0398656008802813,1.0496129803827443,1.0595254106400984
2013-07-10,1.1026929372471317,1.070270679794628,1.1292786791859917,1.199433471860926,1.035799379492917,1.0459063600034328,1.0564468618770397,1.0380660528420975,1.0481425061224616,1.0584481350798445
2013-07-11,1.126933634916144,1.0859939774657952,1.1505046423350025,1.22562753169173,1.0482960390114184,1.0601261947548928,1.0723559894699477,1.0502063253587268,1.0619722250541002,1.0740415423905034
2013-07-12,1.1239152553747405,1.0845759561227921,1.1487087802364067,1.2240857140261434,1.0474435734055867,1.0592427658959014,1.0715211097475519,1.0492724430665812,1.0609964425449974,1.0730964182648886
2013-07-15,1.1284675513762092,1.0881060250942447,1.1531473570178208,1.2292321299453768,1.0504529239433344,1.0625209378250662,1.0750343949997139,1.052205164647943,1.0641923714892214,1.076534922679367
2013-07-16,1.129403838415025,1.0887437598930867,1.153271692213262,1.2285296228535185,1.0510994979084962,1.062932762264198,1.0751863708693783,1.0530214806247866,1.0647921876127036,1.076885252874999
2013-07-17,1.131480084507377,1.0915925766550199,1.1564880027487194,1.2319499555862736,1.053833969702493,1.0657915158151758,1.0781270481942946,1.055579404788227,1.0674636326419544,1.0796200651538976
2013-07-18,1.1322815906847161,1.0903123633241825,1.1560284388127535,1.2326429627760893,1.0521196512853042,1.0643080633198143,1.0769019428162108,1.0538761565773935,1.0659702831484263,1.0783851017105697
2013-07-19,1.1327900769171158,1.0921937465838512,1.1558962196124591,1.2301262140919262,1.0544201771023274,1.0660208909592415,1.0780803485608736,1.056433778760961,1.0680255554040023,1.0799729889576786
2013-07-22,1.1405213876516913,1.0958104853075408,1.1608498215173149,1.2362495738325763,1.056973731998356,1.0689573773300485,1.0814319248177398,1.0591634408491264,1.0711568409367633,1.0835857994295655
2013-07-23,1.1415876025983605,1.095231460873546,1.1604033957480868,1.2352583295003257,1.0559338500867537,1.067877339924685,1.0802403283715456,1.0583045585400737,1.0702845431957573,1.0826401212764925
2013-07-24,1.133146084452748,1.089227547701548,1.154795327905052,1.2304139801787446,1.0508012536715685,1.062820369792995,1.0751380865107443,1.0530470823359808,1.0650201085015718,1.0772332917228882
2013-07-25,1.1373195909546514,1.0918372671972039,1.1584932693410481,1.2353569387689525,1.0528736442133493,1.0652923036930366,1.0780538778033002,1.0550231056612007,1.0673898174726641,1.0800684286973077
2013-07-26,1.137343630706694,1.0923659620706814,1.1590278470533248,1.236361772292931,1.05351934239516,1.0660178341851758,1.078947045578319,1.0555617531218988,1.0680071385511147,1.0808522989033298
2013-07-29,1.13178352331793,1.0893679513603838,1.1544427776646184,1.230536859988381,1.0515310469757864,1.0634959921244618,1.0759199029960973,1.0537271998966986,1.0656459651564045,1.0779579858435961
2013-07-30,1.131297034077119,1.0892986881101399,1.1547934849064654,1.2315925663177798,1.0515691748448448,1.0637041113306118,1.0763070719164904,1.053644526733311,1.0657069106640877,1.0781747928526184
2013-07-31,1.1288935944876612,1.0888879097177973,1.1541903315150848,1.2309597585745657,1.0517997709800941,1.0639016422657777,1.0764295868212514,1.053871587502055,1.0658823407915337,1.0782513524279902
2013-08-01,1.1324151467454813,1.087594627078411,1.1586196243683147,1.241454527007218,1.0484373873224837,1.0622222132372658,1.0762856812890078,1.0501365857318625,1.0636898663809433,1.0775189605473614
2013-08-02,1.1352804199642352,1.0923286037704032,1.1630343011157982,1.245492679872235,1.0528928692864916,1.0666500977916704,1.0806311944994782,1.0547148876931272,1.0682420512277107,1.0819940254728069
2013-08-05,1.1327510772092095,1.0905784385226531,1.1610026527139485,1.2433727297957142,1.0515626278318138,1.065169048725537,1.079008691719598,1.0534211959531499,1.0667438542659022,1.080271988476166
2013-08-06,1.1265755813896257,1.0873703245029365,1.1558607883963532,1.2360891616526766,1.0484257457741717,1.0613539902821953,1.0745301470909405,1.0507829391803478,1.0634342281823024,1.0762311945518774
2013-08-07,1.1242760967457355,1.0875658606071141,1.154040924628831,1.2322743994163208,1.0485761153653423,1.0607770201051938,1.0733485377455225,1.0514974596067108,1.0634983634831532,1.075686858203314
2013-08-08,1.132904135927098,1.0921351941449848,1.1608366165629145,1.241031285106883,1.052490743680573,1.0654653575021604,1.0787122659649058,1.0550960507868108,1.0678931748984173,1.0808876590664183
2013-08-09,1.133884844159444,1.092502817283049,1.1606520232988364,1.2398829450145334,1.0523436373728563,1.0650203118085237,1.0779860686034668,1.0552780991555641,1.0678343956979024,1.0805772355420187
2013-08-12,1.1361372262990053,1.092714790747829,1.1617412016680024,1.241808867941796,1.0523139798274692,1.0652506591114266,1.078478845916256,1.055233749116852,1.0680964001749673,1.0811872312860606
2013-08-13,1.1337861126883786,1.0887007625323235,1.160841202346095,1.2443368591149264,1.0491681541201912,1.0633542172215154,1.0775557183705982,1.0510421780861128,1.064916475933932,1.0788802348249698
2013-08-14,1.1338769274744558,1.088137551624316,1.1597481587006282,1.2422447481763763,1.0479778459864948,1.0619480427071974,1.0759380712685713,1.0502497983187153,1.0640028863629591,1.0778487753793624
2013-08-15,1.1258689463137868,1.0809069584079833,1.1495245942217562,1.2282561926250783,1.04028882056936,1.053068004754975,1.0659769063323967,1.0438849784343989,1.0566084009502377,1.0694401799273643
2013-08-16,1.121129463584928,1.077073030237957,1.145702185102417,1.2245388104188066,1.0369686655394714,1.0498966249083104,1.0628665846803513,1.0405632233693922,1.0533665556663165,1.0662293819395865
2013-08-19,1.112933933312577,1.0714941788351728,1.138641161588816,1.2163311608136722,1.0321315699251645,1.0446150326446162,1.0572064619145278,1.0359308190689616,1.0482622306313574,1.060670641574496
2013-08-20,1.1183936961050158,1.0763300672266525,1.1432058065451913,1.2209695473440523,1.0368612656067477,1.0492439609119582,1.061907416850307,1.0405112068537479,1.0528149947161471,1.06534530021463
2013-08-21,1.1100593094126303,1.069925811607758,1.135008556989032,1.2114908089747805,1.031354423945557,1.0431500475452238,1.0554008031638404,1.0351641461794028,1.046882287920551,1.0589301817257086
2013-08-22,1.1179545028572964,1.0741870798663435,1.1424808140067484,1.2224365324915598,1.0357002597882041,1.0487021896544884,1.0620211035184592,1.0385500970837735,1.0513712270680338,1.0645174396322117
2013-08-23,1.1271729401158528,1.080670776168956,1.1501312850303327,1.2311185998154612,1.041498623194892,1.0548984484515753,1.0686129808237799,1.0441945813466826,1.057473897295875,1.0711353192280941
2013-08-26,1.124953007433384,1.0806725758096876,1.148278788715605,1.2276066139670843,1.041612139313834,1.0542920457854466,1.0674393569296146,1.04484389808109,1.057473923860651,1.0705515504364571
2013-08-27,1.1162611841072978,1.0776174168067607,1.1384151725493896,1.2100494395564443,1.0375870303574644,1.0475466608242558,1.0583348735666624,1.0432552063645844,1.0534938916563281,1.0642486421455217
2013-08-28,1.1156965452046,1.0761765550430344,1.1384153262205867,1.2118905726284048,1.0367209401674544,1.047277445210978,1.0586052437226474,1.0418086575105625,1.0525545533737075,1.0638195406017237
2013-08-29,1.117415130647295,1.0781015948334705,1.141113970963347,1.2155548775295213,1.0386676304923448,1.0494223988827305,1.06091632477413,1.0435709529970274,1.0544814518073662,1.0658792512728796
2013-08-30,1.112381785591583,1.0747086255082539,1.1369041474559582,1.2102618485963663,1.0350658502467889,1.0453876491838456,1.0564544812432142,1.0403868840363215,1.0509129044348209,1.0618638048811042
2013-09-03,1.1169706258693253,1.07480422039067,1.1404711154763472,1.2173416507569121,1.0352755696778018,1.0470341856044012,1.0593039449023847,1.0397277328718804,1.051529163180205,1.0637095689308278
2013-09-04,1.122086679390783,1.0765207055835693,1.1461111945635742,1.2272011801661427,1.035817484943494,1.0489411005658238,1.0625257485761217,1.0397956597007734,1.052836203541001,1.0662754738791822
2013-09-05,1.1180627502646452,1.0712800990718179,1.1434884521687478,1.2272880613921415,1.0300657928578993,1.0441334788779408,1.0585629228370048,1.0336888176576928,1.0475747377589275,1.0618095503542677
2013-09-06,1.1266895570711855,1.0772986338770314,1.1498104017123918,1.233390515056517,1.0351624754444888,1.0493220100350846,1.0638783797558495,1.0388628334766687,1.0529008674790121,1.067337584087051
2013-09-09,1.1387316789611752,1.0841632356429818,1.1607261855911135,1.2483147763696307,1.040208622098075,1.0557760993930718,1.0717238315543653,1.0434934096355675,1.05885781625314,1.0746831949626603
2013-09-10,1.1400106856837486,1.0836076404015278,1.1632477435936457,1.2541091944266491,1.03907250948377,1.0557046288929661,1.0726051972101391,1.041972428792884,1.0582613899943176,1.0749539982255853
2013-09-11,1.1430954811874148,1.0871243505438408,1.1661384421495695,1.2562002705243946,1.0424826224733255,1.058876050723663,1.0755274847622212,1.0454779997011328,1.0615521536540398,1.0780056957178756
2013-09-12,1.134828230984641,1.083481722950685,1.1610744947003173,1.2499755548016518,1.0395855160309861,1.0554150291552484,1.0713956576178973,1.042665508625987,1.0581564685078213,1.0738744955964286
2013-09-13,1.1378713848944808,1.0855441605094063,1.1638150218680137,1.253214334038221,1.0412927583713825,1.0573311193283506,1.0734883010149954,1.044344011926763,1.06003180309443,1.075927477869222
2013-09-16,1.1417680856892414,1.0883676403744527,1.1676219978176368,1.2576276327342033,1.0434749819393827,1.0597825635998126,1.076112551423249,1.0464760740861916,1.062400701815319,1.0784501030755242
2013-09-17,1.1435103532055757,1.0904481439609537,1.170293891353149,1.2613758022711263,1.045554108743952,1.0621392534923002,1.078794650026825,1.0484078128496748,1.0645850225049014,1.0809450863168928
2013-09-18,1.1706912202078883,1.1078264367348507,1.192041801854094,1.2866269866806916,1.0599416289754457,1.0781435069252185,1.0965015779560643,1.0625016988847762,1.0803163382459449,1.098515467910392
2013-09-19,1.1681785544891796,1.105625454003142,1.1898093360402493,1.2847158390444258,1.0580536716933995,1.0762222841215503,1.0945889038852594,1.0605850753453168,1.0783523049839343,1.0965386344980377
2013-09-20,1.1558530144952517,1.1005630065849554,1.1814833813051182,1.273343179195614,1.0545826980199693,1.0715086291685454,1.0884985152263769,1.0574299639534404,1.0739672404355234,1.090706618061459
2013-09-23,1.1545846972301983,1.1009289730452474,1.1808312611404987,1.2712159725554888,1.0549813059168396,1.071512188765464,1.0880219441413321,1.0580150405138418,1.0742044357401292,1.0904926874046286
2013-09-24,1.1525350260339535,1.1016411010608536,1.179880558445407,1.2686422244528166,1.0563448203266201,1.0722737975418324,1.0881656015877275,1.0595774114107455,1.0752021696125735,1.0908741816371215
2013-09-25,1.1528443828852741,1.102543322051131,1.1792631204924415,1.266321743649121,1.0575114077644896,1.07294491687249,1.0883794257796375,1.060919179728304,1.0761021591546762,1.091349838453778
2013-09-26,1.1553157313653584,1.1034975939948002,1.182155256437606,1.271509830252841,1.0580124550189658,1.074106384250791,1.0901975725882334,1.061169169961024,1.0769387517799673,1.0928001771376128
2013-09-27,1.153010765767561,1.1028129986221806,1.1796790636271384,1.2673195442425136,1.0579674313821452,1.0734734409284148,1.0890354783785687,1.0613063658406139,1.0765420520347149,1.091898867833023
2013-09-30,1.1468583145242055,1.1002438827123888,1.1750104874823872,1.2606249967857561,1.0561916281332213,1.070985202412438,1.0858212014788342,1.0597214787320612,1.074292086553159,1.0889282559150604
2013-10-01,1.1511905969075718,1.1020956314572643,1.1805312028693504,1.2700735477098388,1.0566336429318657,1.0725797327400455,1.088477199462745,1.0598258657844446,1.0754486864629647,1.091083721712539
2013-10-02,1.1550056198161511,1.1043050426280034,1.1825497976239059,1.2717165438492035,1.0581736244151116,1.0739991174236518,1.0898237856135475,1.0617269719253979,1.077341707311282,1.0930388548126264
2013-10-03,1.148439469294178,1.1012249400815683,1.1764743710434495,1.2618606468063147,1.0552076720031174,1.0696143809796577,1.0839520859829577,1.0597526305236575,1.0741234343788824,1.0883852186987224
2013-10-04,1.1514058087447467,1.10225431018812,1.1804316390965117,1.2692116081350115,1.0563622451134673,1.0719794095227948,1.0875043418638637,1.0601064167132037,1.0755239888890524,1.0908970812184409
2013-10-07,1.1482719621980455,1.1003145919535688,1.1756358283577413,1.2611927812073211,1.0541426440665758,1.068546229691323,1.0829447948079576,1.058723118330227,1.0731239231007472,1.087481956837621
2013-10-08,1.1394269112281035,1.0949778935548544,1.166333137490271,1.2469030601389148,1.0487567470611392,1.0613163213756023,1.0738124694455922,1.054636723799511,1.0674265218164443,1.0799650225805957
2013-10-09,1.1389434095959083,1.0939719322476584,1.1661118669809132,1.2471426399524717,1.0475409288948136,1.06029419875372,1.072891713895739,1.0533464732739468,1.0663005798582552,1.0789196104350491
2013-10-10,1.1521547956598994,1.1010334889794082,1.17993875536385,1.2687670652967027,1.0542601573378587,1.0698498262575762,1.085255562184222,1.058186270968327,1.0736027022624601,1.0888731147963435
2013-10-11,1.1553953531406203,1.1035672537306118,1.1842216114676605,1.2752005459667932,1.0569259472233423,1.07330699233886,1.089488491529933,1.0601254963013265,1.0761970534794962,1.0921501153325295
2013-10-14,1.157944877358122,1.1037159659825262,1.1866853939722621,1.2803812721209553,1.057069683178813,1.074491995276909,1.0917222676564409,1.0596330605884574,1.0766209918675202,1.0935923569015396
2013-10-15,1.1546461738151064,1.1017599858682396,1.1827558212580573,1.2742983617625527,1.055223310587204,1.071876397782887,1.088378690955427,1.0582850920093565,1.0745994379429786,1.0908857533558882
2013-10-16,1.1643556963369657,1.1093845016596429,1.1927409188295757,1.287302364592473,1.0626175615611635,1.0802872586569745,1.0978563481237444,1.064955078463214,1.0821693741386718,1.0994776426413102
2013-10-17,1.1769635086100716,1.1172486287910075,1.2021967762753079,1.2983527353965116,1.0691127587391702,1.0875282465641787,1.105904792715594,1.0714028784866052,1.0894472406710058,1.1077734133361279
2013-10-18,1.1807848001196615,1.1204894020120264,1.207888469933732,1.3073826121195573,1.0730960988843186,1.0926880025420844,1.1122538115685376,1.0744013714682077,1.0933756674213377,1.112717547869913
2013-10-21,1.1801163820185057,1.119914103364888,1.2077095206876907,1.3077381102422958,1.07276297145382,1.0925977253484707,1.1123939609278575,1.0738802901117523,1.0930517645303992,1.1126004086190904
2013-10-22,1.1897397806513226,1.1269130245050372,1.215517376206018,1.3160622516408096,1.0785819505335847,1.09869859540786,1.1187714825050674,1.0798527203992017,1.0994187437582523,1.119417058238251
2013-10-23,1.1828761056361774,1.124075475102762,1.2092170604822026,1.3065200368801486,1.0765904110009847,1.0954603962141907,1.1143915479244995,1.0783250041236678,1.0967237010740658,1.1155413037634512
2013-10-24,1.1857434329868848,1.1249395873749621,1.2115011207390873,1.3105320548348904,1.0774512267818228,1.0970254633974585,1.116674847290936,1.0788586578134396,1.0978774143329082,1.1174102166738438
2013-10-25,1.1905543413293842,1.1280407985313108,1.2156897816899568,1.316297314019158,1.0803043593138726,1.1004176550535305,1.1207074636624013,1.081302406775245,1.1008382471528302,1.1210364471243195
2013-10-28,1.1902602112579326,1.1276335917676137,1.215890006668113,1.3171213916073543,1.0799418296123673,1.1002616651902937,1.1207365263622646,1.0808575977157941,1.1005869705285294,1.1209717746801249
2013-10-29,1.1906915753734846,1.1289153673018548,1.2178552926147326,1.319928755111269,1.0815444916326413,1.1021295092554033,1.122824261456384,1.0822144698615535,1.1021462536536464,1.1226915403467133
2013-10-30,1.1863174991251855,1.125652190788759,1.2139168266538514,1.3153201528228513,1.0787084720855145,1.0990628131135096,1.119525000525227,1.0794543887947927,1.0991416114424093,1.119418100566901
2013-10-31,1.180012520313136,1.12264446111622,1.2094174381486276,1.309454747525181,1.0766249603945466,1.096374290705399,1.1162243346629508,1.0774739427092401,1.0965114638889377,1.1160451479759117
2013-11-01,1.1784469455409572,1.1199714574335669,1.2077158150493454,1.3091070950600692,1.0738795633548817,1.093997331324672,1.1142982580522762,1.074578784049956,1.093936772636881,1.1138834106652147
2013-11-04,1.1813519864909323,1.122189427098705,1.2107714227138822,1.312941369363545,1.0756560304068892,1.0960835167212601,1.116696527467373,1.0763122860502217,1.0959601601185986,1.116199010688474
2013-11-05,1.172971604522254,1.1167903917774509,1.2041426249597473,1.305760218708146,1.0713799013754062,1.0913301206432326,1.1114715462187097,1.0721035533350984,1.091317854237715,1.1111263873398647
2013-11-06,1.1766310953861674,1.1197478157600909,1.2077847364962597,1.309973681682093,1.0739842537086615,1.094255074680539,1.1147196601520102,1.0746776780380198,1.094192570485804,1.1143100639756247
2013-11-07,1.164502457935146,1.1143197754362784,1.1965235397227056,1.291977284363068,1.0715289154805483,1.089579110965609,1.1074059713947806,1.0721676177549269,1.0894965962396617,1.1069893219400204
2013-11-08,1.1622842034848424,1.1100682327329456,1.1972203480993233,1.2992101293845857,1.0658304880059903,1.0855826590611066,1.1054177877460334,1.0664932585881786,1.085494615306149,1.104965620991295
2013-11-11,1.1611826436612294,1.1092776256466852,1.1962296831097612,1.2980326623375802,1.0651630918731947,1.0848525413683054,1.104608634788688,1.065802938069639,1.084732524734724,1.104113030570813
2013-11-12,1.1573873701271307,1.1074571358981926,1.1938977373632849,1.2953689949055902,1.063890007730057,1.0832735297722957,1.102644558124588,1.0644878039117438,1.0831090001538772,1.102089721045173
2013-11-13,1.1634337641090173,1.1127653943922158,1.2007237139698925,1.304462563783074,1.0683760474203436,1.088331318895795,1.1084197095250474,1.0689783604690086,1.0881872009965685,1.1079064077425194
2013-11-14,1.1714068755149598,1.1184598825155567,1.207631897818939,1.3123925326472585,1.0731194039707082,1.0935898538349653,1.1142640528201353,1.0737309625011098,1.0934520898074078,1.1137651889585487
2013-11-15,1.1767872319709487,1.1207195722967895,1.2123321955896207,1.3192759373657268,1.0741575063210649,1.09550025818004,1.117111920480964,1.0747461398318028,1.0952945066289996,1.116504258501695
2013-11-18,1.1743895014107735,1.120588767755282,1.2106826957610823,1.3151190095675358,1.0749009635114297,1.095562920205358,1.1161936845809328,1.0753560064925314,1.0951831656801576,1.1153542000750276
2013-11-19,1.1704683826005837,1.1170134092472113,1.206807717142261,1.3110154544968442,1.0716243897329716,1.092206509779019,1.1127718063140466,1.0721134916718944,1.091869348410333,1.1119851211657357
2013-11-20,1.1603789702313319,1.1105458817580645,1.1993289523657236,1.3028553510665053,1.0663685919169998,1.086360770134017,1.106197680715423,1.0668035148586383,1.0859607103960753,1.1053163228725056
2013-11-21,1.1650127166517743,1.1138670767926495,1.2046022899761502,1.3108309826057487,1.0687660806231043,1.0894709039399508,1.1101804986386776,1.0691986798227764,1.0890635796426484,1.1092901080086022
2013-11-22,1.168082497965595,1.1168106904172466,1.20869312223104,1.3162778124448709,1.0712589951146265,1.092369616357939,1.1135067228872928,1.0716566515622996,1.091920971308078,1.1125692844791626
2013-11-25,1.166160514352656,1.1165862079930866,1.207394623808903,1.3142866789698986,1.0716809678727142,1.0924110389728428,1.1131735638142164,1.0721265083398035,1.0920440273120688,1.112353565813358
2013-11-26,1.166599075610796,1.1177482210143528,1.2089860627687092,1.3164538397945251,1.0727078563130994,1.093568175740153,1.1144364577428318,1.0730957510666197,1.0931398143198738,1.1135468820405552
2013-11-27,1.169818159664167,1.1190099952049457,1.2120194076055348,1.3215819891575515,1.0731540180620633,1.0945702522648963,1.116108878736588,1.0735686084278626,1.0941543748333242,1.1152178197175882
2013-11-29,1.1725219972525687,1.120283939739996,1.2146530252257346,1.3255854590483656,1.0739127557995352,1.0958296431392425,1.1179348425345568,1.0743847692985087,1.0954716366649255,1.1171128374476247
2013-12-02,1.161846943728844,1.1136423392039623,1.2064715231289127,1.3163588698120656,1.0682874470991421,1.089461170535268,1.1107325829362118,1.0687985227706096,1.089166908244082,1.109956630175873
2013-12-03,1.160208926774521,1.1135627215116284,1.204842413577128,1.3130701948354655,1.0684725842041758,1.0889095740623431,1.1094553142610053,1.069262057452875,1.0889939240336097,1.1090980434713917
2013-12-04,1.1613445432182834,1.1120474320890832,1.203963120907084,1.3131845991661084,1.0669289639251425,1.0878202785922404,1.1090383132224502,1.0675608941363859,1.0877819490390561,1.1086362584733598
2013-12-05,1.1566548509644063,1.1086460264481406,1.1997748686197744,1.308255047690315,1.0637798071201319,1.084270503774757,1.1050697154668767,1.0644666943184995,1.084300603999143,1.1047092319012348
2013-12-06,1.166003007612197,1.1139682228328573,1.208868857096454,1.3212891621690648,1.0680324590185615,1.0900985773269518,1.1124781052458232,1.0682413028789177,1.0895186158898513,1.1114975068725124
2013-12-09,1.1695311987363506,1.1163600204991997,1.211721649161504,1.3248932435025886,1.07027235656731,1.0925812829209018,1.115314769728119,1.070398559711307,1.0919465363983925,1.1143243629442523
2013-12-10,1.1717826729852523,1.118583404682263,1.2128027490882443,1.324521866763573,1.0724065370118792,1.094296643085749,1.116647978496817,1.0727455184155001,1.09398456024952,1.1160687352057996
2013-12-11,1.1582916319029881,1.1105447492714073,1.2008104270993272,1.3081007058418108,1.0658736166526603,1.0860101943001128,1.1064557433241937,1.0668564725939407,1.0864051933166483,1.1065180776761465
2013-12-12,1.1509527231016041,1.1061897111352135,1.1954420257415075,1.3017672814682983,1.0620509921105983,1.0815693611037567,1.1012922963554697,1.0632047037678127,1.0821298335959362,1.101452989084727
2013-12-13,1.1529983546200337,1.1074395741281986,1.1964841235750874,1.3024585776606339,1.063137488749551,1.0826222206670015,1.1023574294406746,1.0643202509481762,1.0832564243100045,1.1026378482694736
2013-12-16,1.157562306245787,1.109908889372003,1.2009895771720855,1.3093101315856086,1.0652231251592756,1.0856085623782135,1.1062827218235194,1.066110244017522,1.085859906635741,1.1061637454136497
2013-12-17,1.1550242713676715,1.1099997575038383,1.1991101060854832,1.305357962216071,1.065687625765989,1.0851442960305517,1.1048453170233046,1.066817207420116,1.085702459842926,1.105012878996889
2013-12-18,1.164907380226225,1.1141976473036654,1.2089827230244896,1.3217253077557434,1.0687395471773944,1.0906507227955786,1.11289319787037,1.0689635849889254,1.0900478134752807,1.1118240815688518
2013-12-19,1.1553206863220944,1.1086751232858214,1.202405416450485,1.3143783609944462,1.0642733943798164,1.085676385647976,1.1072599636939637,1.0645989110359309,1.0850724766131796,1.1060413008420062
2013-12-20,1.1612342479589213,1.1131608974984126,1.2082579996438496,1.3222378238527441,1.068474820901844,1.0906010260054932,1.1130205972331204,1.0685043040143625,1.0896671199597288,1.1114935514050546
2013-12-23,1.165428039065191,1.1146524515254679,1.2129375809053475,1.330637077725589,1.0694880888551968,1.0929838406545669,1.1167949782196342,1.0690663134672487,1.091442626397048,1.1146139355492721
2013-12-24,1.1669794958194983,1.1139324355763938,1.2136678715768219,1.3329126906314226,1.0685427328927628,1.0927005244089385,1.1172337154075862,1.0679299261424795,1.090915731980749,1.114813515870527
2013-12-26,1.1684892168762713,1.1145952579577125,1.2151952226315434,1.3358431744407548,1.0693546786870447,1.0940919082124745,1.1192885029103739,1.068471383563684,1.0919609182752132,1.1164951904942506
2013-12-27,1.171844951094689,1.1156738227025829,1.2173976869872982,1.338611356067012,1.0698325291649644,1.0949737238457713,1.120521138291219,1.068913281759666,1.0927800254983069,1.1176779297765895
2013-12-30,1.1712925051803633,1.1163738984148681,1.217981390286197,1.3387163753563252,1.0703490138512,1.0953091051350548,1.1205111671923502,1.0694809972160195,1.0931328783192624,1.1176320030590599
2013-12-31,1.1739807852185553,1.1165440540811704,1.2207246115845622,1.344498462986278,1.070262664311396,1.096343788015378,1.122736609639515,1.0690952344802205,1.0937732870315429,1.1194625892315768
2014-01-02,1.1660188579312196,1.1137437138620756,1.2119159923324834,1.329890919728703,1.0688510850866204,1.092594548053475,1.116862195003101,1.068446713275887,1.0910619183356425,1.1147043835186632
2014-01-03,1.1672169352055846,1.1137275959737358,1.2112203638529402,1.328160600493593,1.0687546358704139,1.0922559914397558,1.1162743389988867,1.0685003901161287,1.0909359850512192,1.1144273179925615
2014-01-06,1.1663104942899996,1.1141639635869356,1.2098273193641385,1.3247187190884122,1.0697764821170004,1.0926608748671582,1.1159325073379684,1.0695467169663084,1.0913517236590222,1.1140999581996502
2014-01-07,1.1700908479143157,1.1170374371506688,1.214626036065522,1.3320003576035182,1.0718604952994266,1.0955452399598342,1.1197826762232763,1.0715422264097083,1.0940921134367128,1.1177143135271628
2014-01-08,1.167182739101129,1.1138539400435352,1.2123653904208682,1.331037548232771,1.0686998734103526,1.0927686475212373,1.1175030428862351,1.0682926560161836,1.0912000183416843,1.1152723450190767
2014-01-09,1.1669276248473297,1.1147268776710948,1.2121015335068432,1.3295263786096914,1.069959468799401,1.093630227275395,1.1178696753615571,1.0695964411067094,1.0921092704235809,1.1157059419746664
2014-01-10,1.1778812748035628,1.1230019698108742,1.2212170700525107,1.3389618849053582,1.0768303008088376,1.100792667551932,1.1253389356211303,1.076666310454539,1.099526345976053,1.1235056959321625
2014-01-13,1.1712579355783956,1.1199742099265688,1.2135213639626659,1.3254404320538828,1.0755372960538467,1.0976735700120837,1.1199399441762168,1.0754979827113436,1.096581056823401,1.1183886954886868
2014-01-14,1.177218959288786,1.1224208235739317,1.2208164870068314,1.3388911455891916,1.0763134209333272,1.10037083218515,1.1250463110429976,1.0760793417140806,1.099002865703508,1.1230665408236882
2014-01-15,1.180382993935838,1.123903662488058,1.2241791850245414,1.3448219105351358,1.076982724219053,1.1019094719654032,1.1277057303372877,1.0766924281721557,1.1004374501681746,1.1255454258549196
2014-01-16,1.180527410951961,1.125328318178068,1.2244798649441642,1.3439379864436596,1.0789428242050894,1.1034497958681593,1.1287263094425564,1.0786307299245335,1.1019357737211197,1.1265123279732858
2014-01-17,1.178850560047678,1.1249325837990987,1.2222194239551492,1.3393836084325532,1.0790645444361844,1.1029197870099374,1.1273849920434318,1.0788882496711323,1.1015763814282205,1.1254109130628578
2014-01-21,1.1806324086428062,1.126028505695896,1.2246780367638639,1.3437125320535135,1.0799122533272183,1.1042962811681332,1.1294275344089408,1.0795544916518607,1.1026991982426366,1.1270904672454685
2014-01-22,1.1823344692641462,1.12547830698098,1.2259304697990774,1.3467891991497873,1.0784044432630533,1.103400594944592,1.1292899871264006,1.0780374061723723,1.1018157660416676,1.1269661176191086
2014-01-23,1.1802732412301307,1.1266720069383194,1.222828077095294,1.3392122557998636,1.0809820033730324,1.1047106152767083,1.1291216589560282,1.0808129931108024,1.1033111976159828,1.1270324320944494
2014-01-24,1.1661134422578758,1.1207117106581463,1.2084060993869636,1.3150809234394485,1.0787715407428455,1.0991998321176988,1.119578929102024,1.0786760686994175,1.0979114322333197,1.1177227256898037
2014-01-27,1.1592396325710532,1.1158138362911014,1.2020609066050563,1.3067990366927795,1.0748241052420378,1.0945401414087366,1.1139895326462301,1.0746607356915714,1.0931971455864666,1.1120951700320758
2014-01-28,1.1638045075371715,1.1187385368198859,1.206110700136923,1.3118874078553957,1.0770474070721134,1.0971318731451878,1.1170024617831578,1.0769037865340756,1.0958224705552235,1.1151521772590014
2014-01-29,1.1594934298948572,1.118158700560829,1.200981434764333,1.3014827145516439,1.0782099723861875,1.0965834881963878,1.114369699852329,1.0782132298336722,1.0954626367950255,1.1128138147629034
2014-01-30,1.164416004945907,1.1213864255197858,1.2080178234444983,1.3135551236240277,1.080286520670783,1.100101229843594,1.1196755727001924,1.0799628223757594,1.098528774445838,1.1174550156150245
2014-01-31,1.163047204653905,1.122037989828791,1.2061518667770268,1.3089086764800673,1.0816344946719303,1.1004601988567977,1.1188794817628607,1.081374251151127,1.0989792384977188,1.1168022894896934
2014-02-03,1.150126544037697,1.117112406141655,1.1925395132794983,1.2850072086703117,1.0803639458580228,1.0957740665092808,1.1099566619471193,1.080340105234012,1.0945895377262096,1.108339577764872
2014-02-04,1.1573231881760286,1.1191961816693679,1.1987506977723346,1.2954366876062888,1.0801799052623038,1.0971819935755653,1.1132192034070028,1.0801248031613957,1.0959550630681287,1.1115506880914945
2014-02-05,1.1556987401405185,1.1166454072311447,1.196489885370931,1.293428358068749,1.077563436103093,1.0947773409245123,1.1111043582956797,1.077514805724641,1.0935505038550841,1.109427775587558
2014-02-06,1.165763659180627,1.1213661653280005,1.2065476125077184,1.3092496459021545,1.079634245267469,1.0988381821805997,1.1174578453682602,1.079607679214561,1.09762784174921,1.1158046760497062
2014-02-07,1.1757924521757444,1.1281552915299276,1.2170794186914704,1.3245023778912879,1.084481948937467,1.1052067052212358,1.1256711378421536,1.0844732405948705,1.104033601222441,1.1240907827788331
2014-02-10,1.1772379469424985,1.1295740769618596,1.2181683716880582,1.3259542426943018,1.086025321138324,1.1067471925274839,1.1273826223988546,1.0860194370343572,1.1055926537508172,1.125833157387495
2014-02-11,1.187544719174556,1.133106715415327,1.2272742441185809,1.3410094716276353,1.0868398702377335,1.1098278303290467,1.133173708737349,1.0868747149198528,1.1087086495857126,1.1316667220737981
2014-02-12,1.1877961170742681,1.1322285017127989,1.2272811177359082,1.3420505043902047,1.0855410944507953,1.1089116963925019,1.1327394422080095,1.0855870103625553,1.1078060607009286,1.1312493668171255
2014-02-13,1.193112280060126,1.1369321103481878,1.232727259425929,1.3486640273035104,1.0896958998359514,1.113473552281583,1.137825269931383,1.0897204756322092,1.1123605127130536,1.136349549486931
2014-02-14,1.1991442854542123,1.1395282288035025,1.2373205450388038,1.3552870955304337,1.0912285581964667,1.11594736813325,1.1414826913432088,1.0912466161184986,1.1148213356990802,1.139989712754359
2014-02-18,1.2014353808098044,1.141641520535911,1.239647733087228,1.3581061458566763,1.0931116476763891,1.1180159007351531,1.1437889421622094,1.0930908941745179,1.1168487589747478,1.1422554380453958
2014-02-19,1.1954743506107417,1.137772879623568,1.2337696712287813,1.3498929580598917,1.0903105699013327,1.1143288655130705,1.139039195100887,1.0902875218329577,1.1131521985194852,1.1374785193767107
2014-02-20,1.199171884335722,1.1393798600322325,1.237172897298754,1.3554981784625242,1.0911076388227579,1.1159598717331922,1.1417269219342474,1.0911194976893117,1.1148280187567874,1.1402291792273305
2014-02-21,1.2008000912843704,1.140477460170843,1.2383411378954017,1.356368048029639,1.0920645851667148,1.1169127031123114,1.1426241431983453,1.0920472358445041,1.1157383585135046,1.1410684968445723
2014-02-24,1.2055657737054006,1.1424441826820897,1.2423116629401822,1.3627345721640023,1.0930214503209765,1.1188543045967294,1.1458131849638942,1.0930038215815407,1.1176796242970186,1.1442633386568
2014-02-25,1.2048599770827022,1.143781575855804,1.2418134446290947,1.3605434722374297,1.0952559982036507,1.1204082205038421,1.1466122961116227,1.095218270627166,1.119214045377842,1.145039651989587
2014-02-26,1.2040869659556388,1.144841235311176,1.2419407038266617,1.3596627905640934,1.0967286204385673,1.121348018922288,1.1468548243730743,1.096677398087754,1.1201418771658207,1.1452694590039643
2014-02-27,1.2092919711185546,1.1481726486296733,1.2476997763256124,1.3678847895485449,1.0988555101022748,1.1242955427916248,1.1506831432893543,1.0988391245851277,1.123132293243344,1.149160069587045
2014-02-28,1.209243065816844,1.1478109683667899,1.2473573020389863,1.367783056645781,1.0984184402646313,1.12388897039609,1.1503648800264878,1.0983657026765352,1.12268166478295,1.1487827528933656
2014-03-03,1.205309211079386,1.1474970647552203,1.2420226163365293,1.3575071826443788,1.1004042573404234,1.1242960775665,1.1491672921636495,1.100328626056473,1.123092445971883,1.1476106663023498
2014-03-04,1.213489197686176,1.148884651505294,1.2500722079917792,1.3731198493805068,1.0985559004778114,1.124691007025796,1.1522773713208492,1.0986062686687623,1.1237141154171755,1.1510550351390947
2014-03-05,1.214323372733405,1.1498807446424952,1.2512353419291584,1.3746143940095341,1.0994742156997575,1.1256841539341507,1.1533624528561366,1.0995314064104877,1.1247178907412931,1.1521588695190634
2014-03-06,1.2175349938818163,1.1493227129735049,1.2533276574199583,1.3790472807181893,1.0977153450749402,1.124915711701442,1.1537685949316359,1.0978426573325557,1.1240581563330618,1.1527118160981664
2014-03-07,1.2100689551767871,1.144194466492847,1.2472796239681774,1.3723740189652396,1.0933149218085751,1.1201113791577462,1.1484657418941537,1.0935506019941992,1.1193694952053947,1.147544299136862
2014-03-10,1.2075350638095435,1.1435564119967834,1.245628720002876,1.3699839515130985,1.0932365303175249,1.1197127581866173,1.1476947771633184,1.093479769156194,1.118969514456319,1.1467702170410468
2014-03-11,1.2052093770736851,1.1423854091279262,1.2421860469773165,1.3641622331926757,1.0931300004360778,1.1190238995522876,1.1464280521273484,1.0932165006488164,1.1180601239054382,1.145196896789376
2014-03-12,1.2091260885973751,1.1458616246260274,1.2452721177807593,1.3669920683413082,1.096734763583998,1.1227303293775934,1.1503594654239475,1.0967070554117637,1.1216186212568973,1.1489357903269348
2014-03-13,1.2008047436569982,1.1436379554279663,1.23688449168502,1.3516673999753266,1.0974371685586544,1.1213147890630606,1.1463996999419495,1.097267758928917,1.1199676871800173,1.14463461180896
2014-03-14,1.20121052640647,1.1431364999769862,1.235707419626524,1.3492494422684254,1.0971249289818992,1.120872473391293,1.1458366251715044,1.0968639284168769,1.1194129148367766,1.1439211731883017
2014-03-17,1.2055236242132463,1.1444931727423402,1.2410554821780733,1.359104276846508,1.0966625498811984,1.1215578048674266,1.1478238245320056,1.0965870130427886,1.120363019624154,1.1462716987841983
2014-03-18,1.2112691071899462,1.1488266277997448,1.248223787415654,1.3696169962238858,1.0994462083029624,1.1251617464871813,1.152312262971472,1.0994672557426317,1.1241337258995165,1.1510212543172547
2014-03-19,1.1966827080619273,1.1387260815529117,1.2362947799987862,1.3562719502145557,1.0908273087459466,1.115600913854458,1.141577738137967,1.0910881402628982,1.114824641204615,1.140570924382868
2014-03-20,1.1979888242290393,1.139565807894457,1.2381339075542597,1.3595730310341316,1.0911180268395215,1.1162730255689002,1.1427341560392583,1.09139161595046,1.1155353998434854,1.1417989626784157
2014-03-21,1.1987609932173773,1.1398659642735867,1.2367237660481643,1.3554473526041937,1.0920114206407718,1.116596108033884,1.1423834791984444,1.0921489717838084,1.115681704951179,1.1412049788680858
2014-03-24,1.1953353510793399,1.138356792836244,1.234367214667142,1.3512237457979217,1.090819785435969,1.1145726546998362,1.1390873787826237,1.0911239046889287,1.1138681819838618,1.1381813733144035
2014-03-25,1.2012922512678723,1.140626770049242,1.239207307614377,1.3586322930851058,1.09162950020823,1.1163654101915064,1.1420723731612672,1.0918916187297538,1.1156481245498697,1.1411766091369766
2014-03-26,1.1968567475516607,1.1398891012356078,1.235542393458412,1.3507406470231618,1.0922037796683393,1.1155248660133654,1.1392734730658807,1.0925508886161102,1.1148920883094406,1.138476193047686
2014-03-27,1.1987375236041573,1.1406603491690142,1.2365469294601303,1.3511418006618314,1.0925797513727349,1.11578243011449,1.1392721843071258,1.0929207490963133,1.115163132108719,1.1385036442448564
2014-03-28,1.2022667057501417,1.140968699950339,1.239273181815077,1.35643184035811,1.0917240115347016,1.1157979258668649,1.1403724087326754,1.0920839783563723,1.1152246631082319,1.139671295167163
2014-03-31,1.2065728994973317,1.1435342537429487,1.2441867937455728,1.3642420975541771,1.0930507047074616,1.1178786354900785,1.1433476072534257,1.0934503970407,1.1173884411985096,1.1427823465072873
2014-04-01,1.2128889820474105,1.1462823037129002,1.2511120846571524,1.3763095127139502,1.0936594206658798,1.1199489549894652,1.1472305830189045,1.094180008282477,1.1196734751463782,1.146976991230201
2014-04-02,1.2147299298971315,1.1455939274467986,1.2520983013196991,1.3793771828338226,1.0926523313623617,1.119756977645268,1.1480652277120065,1.0930366067371118,1.1193088260112303,1.147629563105498
2014-04-03,1.2117167469272627,1.14433373455685,1.2492101260953787,1.3744457358588509,1.0920583401540138,1.1184674918555482,1.1459500124209319,1.0925138108636678,1.1180955581507241,1.1455667601531028
2014-04-04,1.2089846915091682,1.1437652175749315,1.2431843458532374,1.3607509916238376,1.092796154244047,1.1171182574374958,1.1421809168179267,1.093521478257804,1.1170875224302264,1.1421356389258315
2014-04-07,1.2061376080231694,1.1426399772780331,1.239439237199464,1.3531830584734388,1.0921265091033223,1.1151715092512478,1.138676757259776,1.093089362451074,1.1154499518156542,1.1389730922458912
2014-04-08,1.2125394898645871,1.1465414639875755,1.2451887330518407,1.3612141935054876,1.0951640146901929,1.1190102655089436,1.1435065662374941,1.0960438820213356,1.119208342556644,1.1437553292122598
2014-04-09,1.219621842498358,1.1507172687556375,1.2536048521013865,1.3749486776969357,1.0980344429767335,1.123609637555308,1.1500539505292173,1.0986939271666196,1.1235200340343667,1.1500110855085375
2014-04-10,1.2078901562163575,1.1452208109301878,1.2399700758255587,1.3507660570883921,1.0950843828493775,1.1173069191174547,1.1398707261562608,1.0962396777728798,1.1178510445440737,1.1404840222026262
2014-04-11,1.2034197739851076,1.1432526618723746,1.2351186409804575,1.3419753842425108,1.0939414002040784,1.1148952531869654,1.135931047037538,1.0953092693692679,1.1157088058577804,1.1368290414274331
2014-04-14,1.2080612791245446,1.1455208750866737,1.239405971069502,1.3490819997371384,1.0957503001729394,1.1176721424712197,1.1399286117759173,1.0969434891629812,1.1182623321115166,1.140585054223585
2014-04-15,1.205711122229323,1.1455619256175003,1.2389646605689273,1.3490649571444888,1.0960840933256355,1.1177695084171249,1.13979794082873,1.097210909769593,1.1182674487964455,1.1403157895616356
2014-04-16,1.2138141836798704,1.1496462004434724,1.247275203386757,1.3623855855357991,1.0987914110544197,1.1221514288009362,1.1460822355572473,1.0996885378789252,1.1223473095882108,1.1462837592164075
2014-04-17,1.2130011726146324,1.1468578938791767,1.2466833296806432,1.3639932688507543,1.0954848833100466,1.119655118917564,1.1444280158669868,1.0962765693310932,1.119697034290973,1.144455891493994
2014-04-21,1.2140695759514024,1.1477876057069905,1.2484319047781178,1.3672595768813642,1.0961965861223097,1.120714107524133,1.1459357022444836,1.0969183115294117,1.120671211980318,1.1458747498569348
2014-04-22,1.2158412878542983,1.1489931342341004,1.2510810737890345,1.3720109368079658,1.0970086976169564,1.122107898208169,1.1480056274478772,1.0976385500878472,1.121945437062827,1.147817319038
2014-04-23,1.212622937425694,1.1481760140282493,1.2479985034146024,1.3661627168231854,1.0969820453908439,1.1211908886425352,1.146040393017624,1.0977114460918314,1.1211448171277731,1.1459511400018387
2014-04-24,1.216183664968039,1.150352807697567,1.2513886951392534,1.3713694747132892,1.0987733755735194,1.123503416343114,1.1490435919016786,1.099455416323661,1.1234148862214646,1.1489381844983662
2014-04-25,1.2104862296557766,1.1472798868548908,1.2443998881385379,1.3594935883288457,1.097028609298004,1.12032220135266,1.1442529927613223,1.0978777561662052,1.1204434319304895,1.1443483176846314
2014-04-28,1.2128367258217536,1.1479172303616658,1.2465131811493704,1.363321024076694,1.0970853225270047,1.120947326668176,1.1455295132250032,1.0978385913319217,1.1209453878428204,1.1454922210311926
2014-04-29,1.2174090008874372,1.1507416555034249,1.2515387173627177,1.370864531841739,1.0990423227363888,1.1237495001048623,1.1492476659622,1.0997032294377744,1.1236292406425759,1.1490980097368921
2014-04-30,1.219047357957035,1.153029270710574,1.2539489716013072,1.373540771649852,1.1012523408274904,1.1259266987330776,1.1513439936854573,1.1019104937697137,1.1257928163121167,1.1511669867763814
2014-05-01,1.220911202759688,1.1551572621561228,1.2561188453753591,1.3757289239839157,1.102956521022646,1.1275072983499195,1.1527516618854945,1.1037432221507308,1.1275477569409187,1.1527915044019192
2014-05-02,1.2229350539490573,1.1565040645916747,1.2571063812113938,1.3760400445340184,1.1045220072293411,1.1291640040706032,1.154571466079785,1.1052105513235966,1.1290460778610498,1.1543692391958364
2014-05-05,1.2246649378775283,1.1572967151019207,1.258397704639497,1.3783871347199206,1.1048914148142397,1.129846695574402,1.1558082800608358,1.1056911436939418,1.1298881663443927,1.1558052193887136
2014-05-06,1.221238245994083,1.155296970630222,1.2540560919282164,1.3704141441820978,1.1044457243630699,1.128688530476851,1.1536227828306471,1.1048893298232887,1.1282061864864334,1.1529147206888846
2014-05-07,1.2224054311769557,1.1561370711587768,1.2555357037241968,1.3725344238061687,1.1047917834185268,1.1290950781725817,1.1540166926418431,1.1052330814936295,1.1286158977231435,1.1533187037291417
2014-05-08,1.222373868729285,1.1565071846186168,1.2553397980470322,1.3716747024027525,1.1054343185417355,1.1295559663380956,1.154250558259577,1.1058195110644822,1.1289975168017334,1.153451130640999
2014-05-09,1.2224350256852796,1.1563353977173985,1.255706388633143,1.3729673742929114,1.1048406887158888,1.1291140041492063,1.154042188120672,1.105333802874006,1.1287166042733061,1.1534630353357425
2014-05-12,1.230977642025487,1.1600708407739448,1.264240065729329,1.3872988103688892,1.1057854535279699,1.1317278692399455,1.1588426367053433,1.1066986381227257,1.1319160920206721,1.158988991723773
2014-05-13,1.231462845073175,1.1619531752974304,1.2658972223140579,1.3885583509369896,1.107736221757206,1.1334805128217424,1.1601978104420776,1.1086492766408829,1.1336637901338031,1.1603564673941145
2014-05-14,1.2334397443228977,1.164272300561823,1.2666415526489703,1.386897893455961,1.1109107149506106,1.1363471317201488,1.1626519398470174,1.1115697022917619,1.1361426250690412,1.162267028189774
2014-05-15,1.2282588978845719,1.1630031416144277,1.261907229838871,1.3779482719486673,1.1116055246563494,1.1356878880412307,1.160164279872254,1.1119682482037074,1.1350773307430762,1.1592972836779516
2014-05-16,1.2327648746642685,1.1643436199870458,1.265801144278111,1.384682848104169,1.1113906883251927,1.13635218276915,1.1619641068038788,1.1119110662817766,1.135959355882345,1.1613497909237753
2014-05-19,1.233297887353903,1.1646858603916002,1.267302983946455,1.3880006233695292,1.1110876406045649,1.1363213823408431,1.1623151368492872,1.111812031021386,1.1362324623401985,1.1621224782524646
2014-05-20,1.2297015337751198,1.1637280700394772,1.2638645463525173,1.3817734896258664,1.1113400121102686,1.1357478658402222,1.1606914327905327,1.111909971036095,1.1354445302637595,1.1602434553919174
2014-05-21,1.2331569494488244,1.1655164882564573,1.2687922721241638,1.3905152668451082,1.1114866236149303,1.1367814394627325,1.16276951676633,1.1123760470032267,1.1369329761308626,1.162923067906858
2014-05-22,1.2353556046086074,1.1663031686161474,1.271075932687728,1.3945231029256417,1.1114495493170744,1.1372620056579539,1.163908461716712,1.1124655116796207,1.1375877911139636,1.164276298121837
2014-05-23,1.2388338328054314,1.1691659864992072,1.2748301638095487,1.3997070545527683,1.1135142256873314,1.1395697424103297,1.1665598407036795,1.1146569497532839,1.1400830981400287,1.1671832268396798
2014-05-27,1.2394694792787881,1.1708540021223008,1.2781518262715403,1.4056873111257016,1.1141421333910904,1.1401512024350307,1.1669623163152874,1.115584377905523,1.1411373633767146,1.1682956191902971
2014-05-28,1.2387688861948418,1.1727668215228313,1.2787216389967084,1.4044296326553245,1.1167692977906674,1.1421495750251127,1.1679754121768264,1.1180961512009007,1.1429697513013106,1.1691222870193951
2014-05-29,1.241673125335378,1.1740255860202944,1.2820623068839927,1.410345877594319,1.1168296554432,1.1428473962489976,1.169473392774071,1.1183529988314587,1.1439479563863855,1.1709830410399913
2014-05-30,1.2398888812559195,1.1734922415558062,1.2807399132952364,1.4086303250832266,1.1168409643722694,1.142437135795067,1.1685954059410357,1.1183683096192574,1.1435705114293628,1.1701893919315884
2014-06-02,1.2390846877984858,1.1709617343131817,1.2795364056074816,1.4088396717144651,1.113480829843962,1.1394630082778259,1.1661586359870961,1.1151748550322516,1.1408395236473323,1.1680432140539894
2014-06-03,1.238556265329352,1.1684549934797885,1.2781385426687626,1.4086316992670305,1.1107020216420522,1.1371957624183042,1.16453145085067,1.1123510789108362,1.1385311382357708,1.1664013709012864
2014-06-04,1.2383412910428224,1.1683765163485735,1.2784087645820692,1.4097318709609783,1.1105832117004428,1.137198202279598,1.1647198066040192,1.1122262011341832,1.138538136434207,1.1666112352133466
2014-06-05,1.2478033878786006,1.173630256542447,1.2862653525271415,1.420624822100483,1.1145421500043282,1.1423662152219687,1.171345796510139,1.1160326480627714,1.143517780912952,1.1730604743424227
2014-06-06,1.2509254292657905,1.1750454194291624,1.2900377348596836,1.4270565393893366,1.1151850319976182,1.1439558097586033,1.1739275708154453,1.1165919241116256,1.1449717151354537,1.1754994285435885
2014-06-09,1.2491749319597114,1.1737062543452959,1.2891545205026664,1.4266357407903678,1.1138907123556963,1.14280216179126,1.1728761738936757,1.1153261217602841,1.1438479401711734,1.1744895889684654
2014-06-10,1.2492661225156905,1.1729101784938416,1.2891828755417212,1.427607547295098,1.1128120867559128,1.142108637693168,1.1726458956244081,1.1142702082320004,1.1432042909547002,1.1743567210014279
2014-06-11,1.2472983010321048,1.17255858138149,1.2875583997444817,1.4246224543726993,1.1128297664966986,1.1415090904800416,1.171370940079918,1.1144075403427725,1.1427933139136157,1.173312765036582
2014-06-12,1.2461427687062723,1.1728601576108688,1.2850945212495408,1.418420729688536,1.113934090234129,1.1416819606576134,1.1704805702811192,1.1155699600563356,1.1430161907264222,1.1724239371616978
2014-06-13,1.2477235162158646,1.1731630481754924,1.286432570785601,1.4211729749366486,1.1139895712488064,1.1421926550284747,1.1715726717590502,1.115581147965256,1.1434794336198288,1.1734857200208875
2014-06-16,1.2457370061772959,1.1723510402200916,1.2855156168220434,1.4203457651539124,1.1133374136718732,1.1414522898056738,1.170691526431181,1.1149422499320252,1.142744762735909,1.1726016021533552
2014-06-17,1.2454635206873046,1.1706888104897315,1.2849482032303854,1.4212311094213304,1.1114955287475992,1.140085465618223,1.16992565317833,1.11303366862437,1.1413004235984332,1.171767256423128
2014-06-18,1.253373531869711,1.176754558683598,1.2928454112113146,1.4310855921723693,1.1165638704558212,1.1459477352563079,1.1766177727890197,1.1180091538525916,1.147017191273322,1.1782927622344612
2014-06-19,1.2595773647099682,1.1779621547393013,1.2948229703912144,1.4340183222266547,1.1174003610495409,1.1478859329733835,1.1801290359954426,1.1186646611592777,1.148721425299257,1.1815691949444689
2014-06-20,1.259907077234749,1.179127513889508,1.2957004193237691,1.434798539537886,1.1187051998607105,1.1489249646000714,1.1808852543550632,1.1200151906187674,1.1498405232306548,1.182425375843864
2014-06-23,1.2587081636633908,1.1782024753725322,1.2946258278619809,1.4337123576328403,1.1178468929236813,1.1480415391130439,1.1800150951057007,1.119195357549683,1.149027063345994,1.181657401578577
2014-06-24,1.2577325654981795,1.1791154054604194,1.293575254634355,1.4302884648704146,1.1190738889717675,1.1483472989383157,1.1792891480283565,1.1205887032844697,1.1495961559101484,1.181249098303773
2014-06-25,1.2597879387902404,1.181226150763253,1.2966842471665774,1.4349219166087384,1.1208798554778205,1.1504225244645903,1.1816828316915804,1.1224361147768147,1.1517502570439326,1.1837722815952476
2014-06-26,1.2602774656960725,1.1827290225887728,1.2977061797261318,1.4352902917818884,1.1224942033152998,1.1517272398828493,1.1825765067593692,1.1240967842542116,1.1531083417824568,1.1847127693241408
2014-06-27,1.2628378503671658,1.1840766284245519,1.2999899748429553,1.4388226144208396,1.1233662562450177,1.152968455311224,1.1842803408821738,1.1249360281248624,1.154326037950907,1.186416193715601
2014-06-30,1.2642715443936916,1.1849441463539572,1.300793647852469,1.4396608874101253,1.1241850497406944,1.1539526514105911,1.1855287726683463,1.1257595095941975,1.155322711769208,1.1876961613613446
2014-07-01,1.2696260438904055,1.1867007961281755,1.306359678053304,1.4497975214626189,1.1245987680586123,1.1558979610380986,1.1891890445015094,1.126075354486544,1.157103693790954,1.1911802471198503
2014-07-02,1.269673771449952,1.1846359920946055,1.3060790747611708,1.4515214093053745,1.1222850620514113,1.1544313807012534,1.1886232784644415,1.123478644613132,1.1552703172278962,1.190220214700062
2014-07-03,1.2707225908932183,1.1849004666838228,1.3084310630232021,1.4565367778863187,1.1226420051084536,1.1556121505468768,1.1906650512453238,1.1234527862471193,1.1559489826536826,1.1916675947723223
2014-07-07,1.269048949480768,1.1846868081293576,1.3065561258978016,1.452707230606674,1.1224150543435116,1.1546685274004789,1.188974244972676,1.1234825339505554,1.1553515061933046,1.19036906593231
2014-07-08,1.265289636685731,1.1841316853678856,1.3020713187858275,1.443302779576964,1.1220536686719345,1.1526017619738882,1.1850695091857708,1.1237965883671313,1.1541648420774233,1.1874600744500967
2014-07-09,1.269955915166706,1.1868813977372148,1.3066742574322054,1.4502659989322595,1.1244406178206106,1.1557957102082874,1.1891776943542434,1.125942488349665,1.1570614790239229,1.191263922168135
2014-07-10,1.2682262517832674,1.1865815912781028,1.3041538289364873,1.4453733744232187,1.1241693499771503,1.154626507269857,1.1871615289623554,1.1260379963418412,1.156410491490703,1.189875820283893
2014-07-11,1.2701728506625614,1.1886690589036641,1.30668481852424,1.448743956337289,1.126251319188731,1.156873976997168,1.189629135348167,1.1280187192352258,1.158539608764768,1.1922071646824826
2014-07-14,1.2708026157238108,1.1886521788384434,1.309228237877874,1.4542645150602926,1.1263102979684678,1.1577924916203095,1.1913175924810553,1.1275255556323605,1.158682964000172,1.192896456730518
2014-07-15,1.2677368326510643,1.186548243568514,1.3065339617379303,1.4507748937600868,1.1243974663049938,1.1555770968819241,1.1887257221729666,1.1256397872952801,1.1564861801406638,1.1902847011174482
2014-07-16,1.2717415899228897,1.1891795795360125,1.3103757633572615,1.456054750068343,1.12664739931837,1.158377691012549,1.192121550412117,1.1277406389535503,1.159094471629522,1.1934809089588954
2014-07-17,1.2659875984027384,1.1881547020538208,1.303321985911011,1.4418980665135361,1.1261718621880654,1.1554604912544275,1.1866929555394012,1.1282836413504012,1.1575413254387144,1.1896566244776001
2014-07-18,1.273689556036428,1.1916432112433488,1.31173692999741,1.456411252880278,1.1288978899621591,1.1602147412806798,1.1936282709998123,1.1302045021376845,1.1612485135329085,1.1953937903816594
2014-07-21,1.27293581387735,1.1913701101156264,1.3110087273100626,1.4550214953337233,1.1286866399502669,1.1597877656764186,1.1929552644962156,1.1300928519014555,1.1609498145604804,1.1948667897122893
2014-07-22,1.2770523910580285,1.1944133864813333,1.315838352196666,1.461916253037332,1.1314573594648112,1.1632038823052793,1.1970103262984553,1.1325941276223663,1.1639968738010544,1.1984719129617367
2014-07-23,1.27907063189049,1.195713532425693,1.3183065453764726,1.466017078032892,1.1326640539716182,1.1648882131195422,1.1992348702665052,1.133578578912421,1.165399181149232,1.2003714669377183
2014-07-24,1.2770594267661526,1.1927616746399428,1.316574087602354,1.4654876740656742,1.1297359729899048,1.1624594845027771,1.1972569811063396,1.1304007387294763,1.1626173846452756,1.1979569008160458
2014-07-25,1.275969420155683,1.193559421944641,1.3151147502592764,1.4612544088595456,1.1306452443924226,1.1624796371528063,1.1963442316294248,1.1317303268088292,1.163198326157148,1.1977121972647464
2014-07-28,1.277935839263628,1.1940466797070932,1.316355388016254,1.4631762691802592,1.1308468309984916,1.1629523012913199,1.197096190145248,1.131875799689418,1.1635885654334723,1.1983749229538132
2014-07-29,1.2747858304396384,1.1932088806054661,1.3139118378746852,1.4588526795733858,1.130468210096146,1.1618345917160808,1.1951521139863037,1.131683425970214,1.1627006153884196,1.196650601555783
2014-07-30,1.2719260723292463,1.1892238131268065,1.311248685762949,1.4581959763726091,1.1268571375065637,1.1588168237568173,1.1928521930426021,1.1277532169838604,1.1592861378785138,1.1939056689750822
2014-07-31,1.2556564269955668,1.180277198480333,1.2954624357777111,1.4338647363628785,1.1193961230074294,1.1483663218207236,1.1790731235578853,1.1212157688529143,1.1499972725511294,1.1813474665923303
2014-08-01,1.2567749859054804,1.1831589027852742,1.2963222535738594,1.4320568309121406,1.122050770311282,1.1500631306004325,1.1797288771097658,1.1243926356698795,1.1523814064538176,1.182801988048116
2014-08-04,1.2618491078551526,1.1860201748258221,1.3016695516855175,1.4404113845664102,1.1239997211205048,1.1528802875998132,1.1834964021651455,1.1261855688626645,1.1550107654687638,1.186371889264359
2014-08-05,1.2529650468551523,1.1817834742826046,1.2934167790467344,1.4276925488571037,1.1211701819557303,1.1485513949014572,1.1775373330083079,1.1236019694631647,1.1509989058787984,1.1807587246615543
2014-08-06,1.2538094977153436,1.1823604678541808,1.2932535253984223,1.4269485763121459,1.1218739793444317,1.1492350335749726,1.1783616257586813,1.1243422053626466,1.1517568652560253,1.1816987283128553
2014-08-07,1.2523412039470365,1.1832118071184128,1.2915363387681613,1.4222423548610865,1.123290402715705,1.1497751910540563,1.1779765056883418,1.1258649595178085,1.1524526628296188,1.1814899531775438
2014-08-08,1.2584250126562788,1.1864581679314268,1.297935275574562,1.4325965085605898,1.125595555675348,1.1531902419994475,1.1826478854280338,1.1280212293311505,1.1556826825743678,1.1859711276773552
2014-08-11,1.2630381530144072,1.1886017070424704,1.302274025186144,1.4393137050400202,1.1269492886362464,1.1552990593681078,1.185556328336716,1.1292481038272566,1.157625135552599,1.1886932512905155
2014-08-12,1.2622970428943914,1.1876507399022915,1.301388109633184,1.438428443778573,1.1260482591960574,1.1544166021084583,1.1846873221821537,1.1283601081268546,1.1567510081060672,1.1878299445430214
2014-08-13,1.2701661089053067,1.1932149405376873,1.3090405149599684,1.4488313306077232,1.130686184158003,1.159812382748882,1.190999968742744,1.132829646989157,1.1619662530638903,1.1939620371712663
2014-08-14,1.2732665519584043,1.1957402420639909,1.3128137606647403,1.454225253239524,1.132700918084444,1.1622764416694156,1.1939433126700716,1.1348094066907382,1.164391744781945,1.1968821454250973
2014-08-15,1.2732286627553013,1.1979383770942258,1.3143816381531683,1.455334521986239,1.1350289953448451,1.164170575040686,1.195299684594766,1.1372140851585528,1.1663880208467905,1.1983530137492862
2014-08-18,1.278454799632779,1.199313229126735,1.319398316604755,1.4647607969700775,1.135266983509815,1.1657196769676492,1.198326704748584,1.1372100474899989,1.1676405221804265,1.2010601999338835
2014-08-19,1.2809368016641658,1.2001874051761225,1.322301745009886,1.470259919209553,1.135473962380078,1.1666497845018844,1.2000672658193818,1.1373121703307894,1.1684475825205964,1.2026812493690717
2014-08-20,1.2800617233945326,1.1988103478742866,1.32138555945184,1.4701878154641719,1.134153221996241,1.1654510711882826,1.1990737675093102,1.1359333906041662,1.1671855921486938,1.2016131445408798
2014-08-21,1.2795170312251818,1.2000516922490796,1.3226125469539394,1.471582560699378,1.135509118301235,1.166561693676821,1.1998092611902393,1.137324575585636,1.1683298516169363,1.2023721901679827
2014-08-22,1.2773992328278476,1.1992270085981698,1.3212303273488226,1.4697966411574284,1.134898347142934,1.1657355078730829,1.1987585272187866,1.136824241885498,1.1676454828237872,1.2014976729717224
2014-08-25,1.2803275323928958,1.2013311730658187,1.3250535133581458,1.475516111111633,1.1364697330452453,1.1678257199372768,1.2013178181960256,1.1383608998959995,1.1696710227906562,1.2039839018360743
2014-08-26,1.2826557412983834,1.2022802110696773,1.3266851259113883,1.477809531496826,1.1371212851556798,1.1688038564718208,1.202681675945585,1.138974110193051,1.170600735406279,1.205299978813212
2014-08-27,1.2844612850863346,1.204155848952495,1.3285243882299975,1.4793384291108573,1.1388250009241876,1.1704840771722216,1.2042713676590162,1.1406750874131448,1.172271557993425,1.2068744874173585
2014-08-28,1.2832386717529338,1.2045889403630463,1.3273287450662414,1.4766385752922735,1.139865718932243,1.1709464410208856,1.204200878224699,1.1418220418228995,1.17288411359121,1.2069786626080967
2014-08-29,1.2846397407077168,1.205442938037144,1.3288437258577144,1.4792711714698483,1.1404735796104375,1.1717921691939792,1.2053779713926374,1.1423602777390158,1.1736648801430376,1.2080962318305302
2014-09-02,1.2808045711677067,1.2013159155076738,1.3261358165196526,1.4783670211860231,1.1362516816139527,1.1677934778110777,1.2015357734144552,1.1381298893457983,1.1696338218980762,1.204190846826593
2014-09-03,1.2844774982266842,1.2030691213432632,1.3283453653184505,1.480153150323467,1.137308442763172,1.168990849363629,1.202768997428758,1.1393595378480772,1.1710514171048285,1.2057141550433454
2014-09-04,1.2806512575312126,1.2000409210143756,1.3250762551980877,1.4767797853938887,1.1347400410562793,1.1662474206549545,1.199832477606808,1.1367754782893178,1.1682812485626801,1.2027278635234806
2014-09-05,1.2860036302696818,1.2025403047175538,1.329406474087559,1.483383160775103,1.1365193737621468,1.168796653908918,1.203300964958633,1.1383265961425417,1.1705773005990694,1.2059533494883619
2014-09-08,1.2800238467568161,1.1996358839553523,1.3249728762046267,1.4778828821308476,1.1344422543319135,1.166061558453286,1.1999109077094992,1.136251009358249,1.1678335085755764,1.2024998324660567
2014-09-09,1.2738345229648358,1.1953310429197679,1.3183618929788556,1.468465331518233,1.1308461088865631,1.1616803076874718,1.194698593449873,1.1328908500415815,1.1637339924764307,1.197584193745731
2014-09-10,1.2720264834105415,1.1942075593436967,1.319046789334248,1.471761959993994,1.1300696852276868,1.1615408437285173,1.1951800910550205,1.13179227353643,1.1631665087588057,1.1975496514849548
2014-09-11,1.268851942949659,1.1923601892861477,1.3166065824950979,1.4690585886943401,1.1285888366899886,1.1597785497370385,1.1931528899250277,1.1303253380773868,1.1614252936872433,1.195534579571666
2014-09-12,1.2580043200517737,1.1859047005817591,1.3085658672611327,1.4591073385073314,1.1233792454941467,1.1538694408578243,1.1863091864985043,1.1252741691522299,1.1556596448427532,1.1887833289950658
2014-09-15,1.2550887431933395,1.1846827121187726,1.3054531183997868,1.4535469450065341,1.1223122283792493,1.1521497117970252,1.1838678662607267,1.124534605930156,1.1543537285090075,1.1868245906626327
2014-09-16,1.2620583291313623,1.1881764929953582,1.3120739362277682,1.4639800003834118,1.1249548485415723,1.1559471020887666,1.188945102411054,1.1268234204525753,1.157734205517187,1.1914722242716278
2014-09-17,1.257614168968376,1.185600224447732,1.3090384165126148,1.4610842989920911,1.1229999258044532,1.1536940246090557,1.1864110004270478,1.1248133765850332,1.1554086217293245,1.1888253845834185
2014-09-18,1.2599777576923494,1.187083061825045,1.312641914033024,1.4674366401383818,1.12436912738648,1.1558705561115734,1.1894297560416083,1.1258993458405828,1.1572218687966536,1.1914322924829917
2014-09-19,1.258149897810633,1.1879252367012736,1.311811082551079,1.4648896454523261,1.1255396976568863,1.1563455437473453,1.1891482925640706,1.1272401737372553,1.1578995577977522,1.1913494791834225
2014-09-22,1.251411384961684,1.185417769292097,1.3055064993645602,1.4539901227104814,1.1239545471266021,1.1533258007038807,1.1845447712016628,1.1261040692395412,1.1554118596645129,1.1872975680356666
2014-09-23,1.248265471991291,1.1846416051328628,1.302411545536339,1.448235159892398,1.123713839067982,1.152330307059101,1.182788697335071,1.1260736474055004,1.1546707514006802,1.1858005610210998
2014-09-24,1.2524949383109438,1.186303240656449,1.3078683500980572,1.4583524370413845,1.1248785425677124,1.1547774527149037,1.1865590551270495,1.1267977385389094,1.1565703078671465,1.1889671180103463
2014-09-25,1.2417551446758006,1.1820616154055246,1.2960374014729934,1.4371237709986975,1.1219241806810816,1.149077322282606,1.1779182928956666,1.1247756105506457,1.1520122847080982,1.1815631923378407
2014-09-26,1.2472186570512762,1.1845436859178333,1.301504175190437,1.4466263104564567,1.1239195568504654,1.1521249144276586,1.1821790398421752,1.1263464099812943,1.1545484622121087,1.1852662535171876
2014-09-29,1.2426585342071463,1.1839281603913085,1.2979456507857792,1.4403732406014496,1.1241560343220462,1.151338341570682,1.180415058024783,1.1267789902164358,1.154001930449461,1.1837307234456582
2014-09-30,1.2402727522616308,1.182509085765635,1.2964594126761995,1.438789129789223,1.1229684426626907,1.1500407596797415,1.1789289792947901,1.1255610893361014,1.152648930721896,1.1821534748608185
2014-10-01,1.2338151703261246,1.1825038254943767,1.289232165634902,1.422724521683306,1.1240043827514057,1.1483435833520925,1.174306955718971,1.1275729415760218,1.152162131828859,1.178843956349684
2014-10-02,1.2320084724558735,1.1804558946505175,1.287414680254562,1.4213721366709673,1.1219550898692492,1.1463007214471763,1.172335273420605,1.1255372806592427,1.1501605001995363,1.1769311146720638
2014-10-03,1.2345928288646402,1.1824617070297267,1.2922951611712357,1.4301676325164996,1.1223088858007388,1.1469475734583299,1.173154071520458,1.1263375095007317,1.1514358325217653,1.17864898644703
2014-10-06,1.2397717084012165,1.185001191073952,1.295592686692038,1.4335749092322965,1.124566675469845,1.1497648269988903,1.1765902194934683,1.128320481397925,1.1538839709161195,1.181599263709628
2014-10-07,1.2318623621530764,1.1830642737959833,1.2873559532193948,1.4175868978944046,1.1249037094717358,1.1482229461347546,1.1730612984651034,1.1287288290429245,1.1523998771748105,1.1780215916228904
2014-10-08,1.2480570434974914,1.1933299386976735,1.3030507329312964,1.4400901941875315,1.1326586768469282,1.1577130837031961,1.1845133689441911,1.1363803867060054,1.161788047203633,1.1894364642477833
2014-10-09,1.2354742115840276,1.185248886535751,1.2885556545758774,1.418050824362106,1.1268678698839674,1.1501087512973185,1.1751440460016127,1.1305898597667885,1.1541628754467697,1.1799251364203072
2014-10-10,1.225042935576858,1.1804863894450066,1.276749592282187,1.397738461309887,1.1245065812726116,1.14580165472157,1.1688321908271015,1.1282547519609436,1.1498431815660282,1.1734769449885785
2014-10-13,1.2242118222409437,1.1807380144114823,1.2732417331208608,1.388265930946039,1.1258196274675465,1.1462318807251413,1.168232931914633,1.1294395537133117,1.1500608139479866,1.172511392398129
2014-10-14,1.2290394193341627,1.1839529913273854,1.276741520257127,1.3918850191362266,1.1284435797609673,1.1488924815611186,1.1709375057298141,1.1321265540800167,1.1528005417570806,1.175321889979394
2014-10-15,1.225308335207446,1.184011549160387,1.273165737002341,1.3841269448410245,1.1296815324395115,1.1491832595264033,1.1702764513089021,1.1333561370754808,1.1530586239508873,1.1745558347866902
2014-10-16,1.2215022533509043,1.1810865398140808,1.2687448879321717,1.378285091778328,1.1275750912061693,1.146685746546621,1.167481311616215,1.1311962413001622,1.150486947893721,1.1716349580047172
2014-10-17,1.2287939874567901,1.1840034841487452,1.2767648994402587,1.3923055512427682,1.128741694941954,1.149334334069503,1.171615629315878,1.1323174470412076,1.153096309084218,1.1758111572432925
2014-10-20,1.2377506877011544,1.18961535743423,1.2853298764833307,1.404982634884825,1.132948159690909,1.1545179369284715,1.1779935552023937,1.1364515372269703,1.158208726986224,1.1821508729436676
2014-10-21,1.2482988066545948,1.195222479261917,1.2973926758761354,1.4258991395508396,1.1362245217295759,1.1596581645152306,1.1852468575675115,1.1397000375234356,1.1633650117598853,1.1895502350413258
2014-10-22,1.243308087322193,1.1923383624540211,1.2923135134008736,1.4182119824668458,1.1339823922579741,1.1566371348465911,1.1813703374959752,1.1375942915841757,1.1605133027907375,1.1858616966418118
2014-10-23,1.24794997693467,1.1937323344013449,1.298036909384177,1.429784905373973,1.1337050434318916,1.157468868691316,1.1833871267986358,1.1374192321885903,1.1615107006661523,1.1881881064463038
2014-10-24,1.2521720292484098,1.1966570382021353,1.303374687134594,1.4381700057464615,1.1356732705375792,1.1600693489523817,1.1866268169455934,1.1394343308632553,1.1641935275660864,1.1915831078780967
2014-10-27,1.2510630936143805,1.196612185932525,1.3021694262141252,1.436016096042652,1.1357398815061934,1.1597105257282956,1.1858826403670588,1.1396146787852113,1.1639853246019185,1.191023633632736
2014-10-28,1.2607652554867055,1.2007264745103885,1.312163246164215,1.4528360838770429,1.1375864584592035,1.1632915747695085,1.1912500376642503,1.1414006696548926,1.1675233677977535,1.1964417454238974
2014-10-29,1.2549679248660222,1.196548023416928,1.307590855344949,1.447798439071563,1.1335136755103077,1.1587303863869638,1.1860339326155869,1.1376037821543086,1.1633366036970538,1.191721032567457
2014-10-30,1.2587373746978383,1.1993046562969472,1.3120777059820214,1.4541006110056884,1.1352587694186738,1.1606565503700217,1.1879802217682258,1.1396038567591835,1.1656039037974475,1.1941507747080828
2014-10-31,1.2647505535105406,1.2026610820407015,1.319971887203965,1.4675992435611247,1.136363258787944,1.162522301795772,1.190397748526582,1.1411587748351806,1.168078179940327,1.1974681377107428
2014-11-03,1.2630659661587993,1.2015484771848957,1.318361989100421,1.4661360818953229,1.1348299730224503,1.1607008858314343,1.1883957605838527,1.1398350053720219,1.166548019227821,1.195844973002058
2014-11-04,1.2616002191575975,1.2005798284801361,1.3163152046394535,1.4626889538541923,1.1344597431369983,1.1601346455552621,1.1876237043672904,1.1393680946897016,1.165847529406741,1.1948931416115318
2014-11-05,1.2578559210441262,1.1997349228723584,1.3154541057647364,1.4622940790637753,1.1335167656413567,1.1586006618724713,1.1852712188486796,1.1386972589261497,1.164695308328674,1.1930746618173806
2014-11-06,1.2543758205314712,1.1974031888100531,1.3132346742217151,1.4611090962807505,1.1312528517748777,1.156286212103263,1.1829875569001602,1.1365698234365957,1.1625530615868347,1.1910069777562722
2014-11-07,1.2611355675514637,1.2029126173121143,1.318117116000094,1.4650026254006845,1.1370985460941136,1.1626475056181214,1.1901141188122524,1.1421023804899737,1.1684855501250995,1.1975487768534565
2014-11-10,1.2600401395683445,1.2009542330597622,1.3181634327962235,1.4674829471606476,1.1339250771351623,1.159428107671839,1.1866859918081056,1.1392168843569992,1.1656690755793873,1.1946752978831872
2014-11-11,1.2631857274288374,1.2025654329404452,1.320581518409263,1.4708622653644068,1.1352388854565592,1.161201174830928,1.1890635757581633,1.1404889221308692,1.1673752110539837,1.1969429440640618
2014-11-12,1.2596512461877627,1.201174094000017,1.318482362450103,1.4682983259477291,1.1343212408365357,1.1599614434365928,1.18742404482281,1.139646096328646,1.1662251814853772,1.1954219936289088
2014-11-13,1.262265501852021,1.2031218061288544,1.3209557823752238,1.4715464279432662,1.1357904531253133,1.1615749737459278,1.1892481547814104,1.141130761589932,1.1678743218199483,1.197302253553673
2014-11-14,1.2674386751580102,1.2061983452405585,1.3248006933849057,1.4761184192480388,1.1386338122397304,1.1651765984667497,1.1938395294195563,1.1438006042605637,1.1712226686187655,1.201528968383592
2014-11-17,1.2645091739890257,1.2042394539707426,1.3218437783997767,1.4723742324821703,1.1370955286149294,1.1633328048104667,1.1917231713591405,1.1422538155269253,1.1693773365047464,1.1994180133581902
2014-11-18,1.27158333002246,1.2083550547466329,1.3284120082586117,1.4818612885667002,1.1398410211403032,1.1668030498164859,1.1960607627635553,1.145063515835889,1.1729366941072135,1.20386645742654
2014-11-19,1.265915196768132,1.204307797407944,1.3239543910782454,1.4767833074927503,1.136114073735365,1.1627455145883732,1.1915001222261972,1.1414199039731603,1.1689906098944913,1.199461656105683
2014-11-20,1.2684508175593336,1.2067440457507894,1.3261462913075968,1.4791980158717486,1.1386628691031873,1.1654171762798953,1.1944529308634848,1.14391617447835,1.1715821690555859,1.2022971998114493
2014-11-21,1.2781601984598754,1.2118420781910366,1.3345857238141403,1.4905533767339456,1.1419739821657182,1.1697175763055632,1.1997496057650496,1.1472125299615037,1.1758589994493687,1.2075612321046465
2014-11-24,1.279869980751421,1.2135974714559716,1.3371674103923543,1.49464386403921,1.1430728451350576,1.170871419619581,1.201005116821878,1.148444669257558,1.177209109160104,1.2090887832080888
2014-11-25,1.2806496926692705,1.215346495133062,1.338087692436744,1.4947601775362063,1.1452092070217907,1.1728019332856139,1.2027390929919217,1.150554403033518,1.1791072784801866,1.2107817999049386
2014-11-26,1.286361243934407,1.2188418433012793,1.3435210777952393,1.5023120179922511,1.1474566856190074,1.175483103482752,1.2058750072517137,1.1528632960585274,1.1818820482513033,1.214053554905075
2014-11-28,1.2794817208395082,1.218488742114065,1.3403578692167326,1.4968499856760327,1.1482657306598982,1.1748577018768454,1.2035202187665324,1.1538984628934643,1.1815865104260979,1.2121817083014839
2014-12-01,1.2787906144163113,1.2156571262800218,1.3349753280038463,1.4882985226328629,1.146725787782522,1.1736388635013524,1.2030955179530727,1.1520401986405846,1.179903266752879,1.211053526443938
2014-12-02,1.278865349134168,1.2143638896145523,1.33585024905703,1.4921265870599472,1.1460037084493302,1.1735908602781455,1.203769847150143,1.1505559432509949,1.1789072532900207,1.210584299428998
2014-12-03,1.2813954609771536,1.2155113480893072,1.3378660986898139,1.4953748553654052,1.1468049120132167,1.1747725006159404,1.2054033654451066,1.1512309450762728,1.179989445554114,1.2121812193313692
2014-12-04,1.2817288209189748,1.2175154557511862,1.3387184586453444,1.4948208167052242,1.1489096790198174,1.1764255446326377,1.2065928267113115,1.153555044122266,1.181885190399964,1.213603683974255
2014-12-05,1.2776669224277013,1.213084205333208,1.335685902333458,1.4935407146764588,1.145091460660224,1.1730649906623756,1.2036620261017248,1.1491769821583013,1.1778239334791825,1.2098232666843802
2014-12-08,1.2754783731814099,1.2131578980812805,1.331845813530602,1.4852438624990276,1.1452349533347421,1.1720885118810107,1.2016358460964054,1.1501416049625326,1.1778260547604469,1.2089255826315286
2014-12-09,1.2784101460404207,1.2160126026132605,1.333378017670762,1.4858016210420386,1.147675433345452,1.1743229339405428,1.203813914108431,1.1529213840855128,1.1805159986905376,1.2117193540256723
2014-12-10,1.2695368479663707,1.212607677489957,1.3236059551746693,1.4680008841791943,1.144647627371225,1.1692755198704816,1.1966765180346277,1.151168510257167,1.1769631320871836,1.2062328765881662
2014-12-11,1.2691890567607018,1.2124363226072683,1.32410805969262,1.4700380045280934,1.1451126620400665,1.170058119588024,1.197868414352716,1.1511783449071538,1.1771657157431514,1.2067201838872061
2014-12-12,1.2594210124893492,1.210558785518237,1.3151571930323196,1.4526631683421976,1.1439047117651326,1.16664142474791,1.192200628730599,1.1512295354302655,1.1752162642396127,1.2026488270798352
2014-12-15,1.2447970927869991,1.2020263856232876,1.3032189184187737,1.4369540348710368,1.1372933573142936,1.1589196743908534,1.1833028801804841,1.1446652677397098,1.1674322628177443,1.1934765533392513
2014-12-16,1.2436655333189561,1.2024755574888233,1.3004658287336044,1.42920205930166,1.1372097430938215,1.157783746442145,1.180952830001159,1.1455910883384475,1.1675197273521003,1.192552038612393
2014-12-17,1.256044963609424,1.2068710875204485,1.3124726237761766,1.4507287108636016,1.1410794837213065,1.1639183496732395,1.1895012047666231,1.1479055560329274,1.1718227910949073,1.1990395504250861
2014-12-18,1.2694643328904969,1.2123438331040661,1.3266393012691144,1.4762722553176815,1.1460916511782602,1.1718221292705682,1.2004873500423594,1.1510363360919227,1.177529722979944,1.2076186879861357
2014-12-19,1.2723982826718394,1.215603276185371,1.3307396717194464,1.481443611441123,1.1492793730052266,1.1752441156464593,1.2041513784902969,1.1539803263917772,1.180671208483316,1.210957702149529
2014-12-22,1.2763729799220158,1.218017376680427,1.3350598534369544,1.4877101982600185,1.1516660393509663,1.177982161758329,1.2072244178872893,1.1558899411649572,1.1828173340693284,1.2132813584658044
2014-12-23,1.2718154119137042,1.2122153333040788,1.329823749203439,1.4835082677740072,1.146424153017773,1.1730452052959257,1.202642005820239,1.150376758603628,1.1775352922604827,1.2082995920371467
2014-12-24,1.2726775696651904,1.2131497408380834,1.331089516020629,1.4849744525072222,1.1472504047725216,1.1739327359272713,1.2035303877440477,1.1512537997161092,1.1784740135415885,1.2092412277540099
2014-12-26,1.279663903201282,1.2169773578294807,1.3367162012676486,1.4928388562796973,1.1500469095107861,1.17735561906216,1.2076586077331446,1.1540120294001028,1.1819320509356843,1.213541133756566
2014-12-29,1.277958699496509,1.2180738369574335,1.3362465739892444,1.4909796575864553,1.1518906000468743,1.1787152565349581,1.2086014384324466,1.155774127618494,1.1831519177207352,1.2142361817289529
2014-12-30,1.2772243284644138,1.217732099810985,1.3338118459274462,1.485777216186539,1.151054343455486,1.177199634855651,1.2064098893016848,1.1556908148407863,1.1825748652302528,1.2131748588575775
2014-12-31,1.2683389605892401,1.2135471958574355,1.3265961587556065,1.4742515921130048,1.147441514773162,1.1724622385967898,1.2003448857384742,1.1527018108099005,1.1785275548326906,1.20779501903867
2015-01-02,1.2694417104488118,1.21616075864556,1.3266469886239485,1.471676553898574,1.1499879382363447,1.1743032736182768,1.2016135632876763,1.1556803018849895,1.180878355170652,1.2096407220012924
2015-01-05,1.2622526930045652,1.2139317692891718,1.316840432927512,1.4529357551910753,1.1496009353539764,1.1721121876315006,1.1978265185674786,1.1556186062288096,1.1791472156820446,1.2063855139662523
2015-01-06,1.261172445154704,1.2149780632115657,1.3131982416944903,1.443321314512165,1.1514647258008623,1.172951430789716,1.1977650590078417,1.1576511631757467,1.1802291049781837,1.20660749595663
2015-01-07,1.2715948674349504,1.2203587987748339,1.3236965901374753,1.4598362219645662,1.1549570481629254,1.1777594981676172,1.2038894687414405,1.160848851135714,1.1846673939238472,1.212324343962661
2015-01-08,1.2811915134124252,1.22452111668971,1.3347964528049812,1.479650156726701,1.1571233250966833,1.1816748462538513,1.2095540596070413,1.1627168065188132,1.1882013144396977,1.2175766645457273
2015-01-09,1.280667769523854,1.2256863068455395,1.3328405868571154,1.4736617461464332,1.158916225299019,1.1828332523575003,1.2101305501628838,1.1646539228767432,1.1895496456323755,1.2183718747696295
2015-01-12,1.2798642815280683,1.2256051706798785,1.3295153860473314,1.466102200981868,1.1594068670713242,1.1827002154423867,1.2094730201813721,1.1652383568412603,1.189557124414941,1.2178830068475677
2015-01-13,1.2809398951705462,1.2261989032645106,1.3305675295780037,1.467100404349246,1.159780637472892,1.183222166278175,1.2100262264581785,1.165561213281694,1.18998937328517,1.2183180923174484
2015-01-14,1.280085110562148,1.2273498192296586,1.3289444319898949,1.4619999861969806,1.1614503172905715,1.1841415314330181,1.210221747080886,1.1673136565998097,1.1910255649148713,1.2186375315311986
2015-01-15,1.2846433643692006,1.2318364284141492,1.3300377856099406,1.4578825463131575,1.1663294453347681,1.1886105628020822,1.2143073576282948,1.1723379487051688,1.1956699754766287,1.2229297231362009
2015-01-16,1.2936774617867492,1.2332665259973963,1.337318101051311,1.472403136260285,1.1660669881535182,1.1901110088041371,1.2177033303418296,1.171790190540189,1.1968277130776679,1.225979259349966
2015-01-20,1.2971978964560464,1.2364521284810488,1.3412273909262038,1.4775138941280463,1.168985913732692,1.193397123362506,1.2214342739806519,1.174758856406308,1.2001805320957963,1.2298092680423816
2015-01-21,1.3024693566985972,1.2370463802824168,1.3459962745671563,1.4866266276784517,1.1684930098685258,1.1940639954589076,1.2231323742430136,1.1740615184136414,1.2005540470571159,1.2311678122732859
2015-01-22,1.3153440420845626,1.243054564947845,1.3579194974338984,1.5061554421858194,1.1724239844088629,1.1996367667140597,1.2305297079735966,1.1777075884620964,1.205800622793505,1.238238879841093
2015-01-23,1.3122267364398026,1.2444587434390573,1.3566869005828877,1.5021081369667626,1.174349938407877,1.2007390106337588,1.23081292703812,1.1797599759633908,1.2070721158313837,1.238705124057517
2015-01-26,1.3139538953659147,1.2443408573373544,1.358092882195471,1.5048840832968025,1.173880279313759,1.200548428327718,1.230784551503866,1.179150963479307,1.206685648774558,1.2384332117555175
2015-01-27,1.309190231907948,1.2403810833835334,1.3494298879133744,1.4891595098913852,1.1711421341606085,1.1969128503922344,1.2261813940412987,1.1765489183482751,1.2032046445426041,1.2339887701681755
2015-01-28,1.3015682514472737,1.2400747672452654,1.3435494891317068,1.4768145721989228,1.1723861878069155,1.196498350421067,1.2240733590512245,1.1780830259829576,1.2031577568532719,1.232270876999129
2015-01-29,1.302880889507481,1.240337619515567,1.3473317175550332,1.4850557376647506,1.1719404088118606,1.1966046451612224,1.22459047904359,1.1774517832496874,1.2030085925415337,1.2324749463726299
2015-01-30,1.2948659084579428,1.2398888376221637,1.3397982290060093,1.4697864950120818,1.173455502604132,1.1965236648433688,1.2231100705277738,1.1794343650455519,1.2035502039762815,1.2317272792461402
2015-02-02,1.3008184284474391,1.2430053322351688,1.347469232225901,1.4826789736451529,1.1752306274581588,1.1993906074519296,1.2269194814079314,1.1810719270798555,1.2062019501753172,1.2352683575900627
2015-02-03,1.3079987987066812,1.2434329945379088,1.3547807808139156,1.4978593384649763,1.1734806290845563,1.1990373043361382,1.227895189452268,1.1791684833399736,1.2056629535268462,1.2360292769550112
2015-02-04,1.305581499773582,1.2431924660179554,1.3526054757223385,1.493680926716249,1.1739920694712873,1.199106187847113,1.2275390918037898,1.1797463747716386,1.205816305429671,1.2357750704218402
2015-02-05,1.313213401252065,1.2455212173115404,1.3593416927877926,1.505690623261024,1.1746430293261048,1.2008227385649703,1.2304116271967356,1.180295374867608,1.2074186696796738,1.2385215939629215
2015-02-06,1.2951229569063183,1.2328076520883005,1.345460668201552,1.491090707302916,1.1636697309743258,1.1890159539144562,1.2174985049881706,1.169414948491146,1.1957147620027981,1.2257258494689816
2015-02-09,1.2922940789978399,1.2310458866834135,1.3424417305402814,1.4864950784596944,1.1624673955142246,1.18756761484723,1.2157714098913268,1.168257751868012,1.194317294120562,1.2240580820019826
2015-02-10,1.2966938672858412,1.2332801822942612,1.3485833030382157,1.4980796963869316,1.1633260685278992,1.1891903363676692,1.2182335677446627,1.1691212258635362,1.1959545353624275,1.2265486485071075
2015-02-11,1.2928550571504278,1.2318302242192087,1.3467226771134078,1.49634877723739,1.1621605065805884,1.1877221265925497,1.2164578592544633,1.1679877632960467,1.194530483357128,1.2248260561426172
2015-02-12,1.304736274701113,1.2378956875735723,1.3578912672136156,1.5131368898538446,1.1659290460235536,1.1927768781855426,1.2228406527066504,1.1716768816331684,1.1994842366385698,1.2310925946662752
2015-02-13,1.3089217928914731,1.2389396085382496,1.362337467685073,1.5214844902850413,1.165816774691255,1.1934884932992929,1.2243327886760897,1.1715999633909566,1.2002289138589766,1.2326291099005868
2015-02-17,1.3045871025312736,1.2340567901388866,1.359155707521882,1.5203979179705784,1.160811902859735,1.1886118895254763,1.2194793458501851,1.1665249205311445,1.195268297160697,1.2276750812964994
2015-02-18,1.3089265116931197,1.2381091346552464,1.3628589166251728,1.5235540140198904,1.164644300483302,1.192452768386798,1.2233798808265064,1.1703281428385113,1.1990750973181152,1.23153340277576
2015-02-19,1.304638860819958,1.235736876612244,1.3610836353348432,1.522752744055263,1.16243960524612,1.1902514500711638,1.2210444294453913,1.1682655711373233,1.1970271136955215,1.229378870634163
2015-02-20,1.3100708778560795,1.2385257226697088,1.3666231698742113,1.5314990214046553,1.1641482022088692,1.1925261809622807,1.2238923665804926,1.1698978620039597,1.1992119673335706,1.2321220349527553
2015-02-23,1.3104329529027172,1.2406573149026623,1.3670333099214471,1.5304136775288304,1.1665810727800283,1.1946092225385945,1.225767701550609,1.1723422424500944,1.2013228659976292,1.2340334272020546
2015-02-24,1.312834743013667,1.245167434937262,1.3719003520761874,1.5351034465885236,1.1707838872329577,1.1988764200626125,1.2299005903220388,1.1767158906504718,1.2057533253922086,1.2383454870962238
2015-02-25,1.3129487266680386,1.245494840551724,1.371543232957137,1.5338405717569594,1.171348822413051,1.199336769035819,1.2302618488364823,1.1772844951798223,1.20621731065968,1.238710285468204
2015-02-26,1.310446291793756,1.2418841548783108,1.3694488787651837,1.5337908071832216,1.1674548212800364,1.1957915769389371,1.227048217812364,1.173439641310843,1.2027316412615146,1.2355744516920855
2015-02-27,1.3113674757155211,1.243568917304074,1.369419955088809,1.531420941445235,1.1696301727406584,1.1976045830975075,1.228494626651684,1.1755681639776836,1.2044899209767062,1.2369509776640957
2015-03-02,1.3122305133093422,1.2410613034194904,1.3704091099546025,1.5372076213800514,1.1657240280564156,1.1943926793515287,1.2261016820692336,1.1717862767244953,1.2014270197087804,1.2347124793470763
2015-03-03,1.3073637705288657,1.2376137170300994,1.3653451955848297,1.5303090503881422,1.1626072816219388,1.1907932969669717,1.2220590037800663,1.1689283457754742,1.198108280253651,1.2309368271482801
2015-03-04,1.3017538994318978,1.2353941168672193,1.360832200309733,1.523193759460933,1.1607816983705121,1.1882648460824934,1.218853138381565,1.167537428467457,1.1960440867448854,1.2281715368389758
2015-03-05,1.3028321004117758,1.2362919559495928,1.3619963995629316,1.5247701970966294,1.1616193826553565,1.189159531008278,1.2198114176606594,1.1683202398294297,1.1968792417246663,1.2290699588505551
2015-03-06,1.2814267802801804,1.2214368877196045,1.343916983386376,1.5027363243592256,1.148235074029638,1.1745425831333933,1.2037596904244827,1.1555235064285903,1.1828216512349123,1.2134614736230311
2015-03-09,1.2847811855595095,1.2253454315949115,1.3475723440614538,1.506443234318112,1.151869995479264,1.1780873102962495,1.207311197193735,1.1592036350936876,1.1864415531029353,1.2171110751520577
2015-03-10,1.272342520514905,1.2205549559790714,1.3347124483789887,1.483852308248885,1.146990251040066,1.1707651464619886,1.197718612002042,1.1560895407335137,1.1810740501833947,1.2094954761974006
2015-03-11,1.2724339863997634,1.2212736448919341,1.3347104727802543,1.4822881166250286,1.1470900174114418,1.1705021749558848,1.1969655490671869,1.1567004626000286,1.1813609441500477,1.209315815775413
2015-03-12,1.2814137825899126,1.2263670171729006,1.343167381905492,1.4949790900123916,1.1517316556064312,1.1760637556116573,1.203451392845067,1.1607044262469115,1.186251354500353,1.2151654272412427
2015-03-13,1.2764862933261276,1.2228147034767463,1.3375990895902907,1.4871572619862796,1.148474817069891,1.1723109730363557,1.1992896868399296,1.1576885312052876,1.1827694772243778,1.2112709001637239
2015-03-16,1.2867835324399843,1.2300370232379005,1.3487400099850997,1.5033286894715157,1.1552502470173387,1.1801658518137166,1.2082107969628992,1.1636971025955336,1.1897998278843065,1.219384010815495
2015-03-17,1.2873699589971062,1.2307577608686975,1.3496624784959081,1.5041220031065068,1.1553947030746068,1.1803311396753031,1.2083222700328577,1.163927430785752,1.1900580803546463,1.2196072085208136
2015-03-18,1.307732282904745,1.2456414577974257,1.3681109245523837,1.5261880833369286,1.1684599323925957,1.194605518648036,1.223789842276537,1.176637989928817,1.203994065439507,1.2348487638949335
2015-03-19,1.301020388761701,1.240333098586276,1.3614139342403297,1.5187114485882742,1.164116845465672,1.1899271290678877,1.2189410008838872,1.172142930658129,1.199146553197978,1.229778505714324
2015-03-20,1.31661505260268,1.2494058459105988,1.3742384081950774,1.535431201497544,1.1717971190762184,1.1988010564422757,1.2289540596133155,1.1793274741975082,1.2075095117538504,1.2393646901366016
2015-03-23,1.3183454272713755,1.2502837561656492,1.3751035042845978,1.5358281132049678,1.172350438129469,1.1994777130479466,1.229718414240732,1.179952244786755,1.208269522482761,1.2402400070057458
2015-03-24,1.3170376409722406,1.251023043818676,1.3741049121568187,1.5322513023958693,1.172848822972035,1.1994686684173042,1.2291421658706712,1.1810115740368017,1.2088579896089091,1.2402621878986562
2015-03-25,1.303869901121145,1.2417804260313148,1.3597591263489015,1.5108759743171347,1.1641163805792645,1.1892995727956444,1.2174608382749734,1.1734780912399372,1.1999782768532263,1.2298667262699554
2015-03-26,1.2986877001512793,1.2365732472965802,1.3538093165295124,1.5044472400253892,1.1598361065824427,1.1849525732270214,1.2131547858221354,1.1690208961195658,1.195439657701819,1.2253386588253905
2015-03-27,1.3010598151125232,1.239518655495698,1.3571274996458156,1.5082724778855319,1.1624109592939045,1.1875916038096994,1.2158520112099243,1.171575049785563,1.1980643492517262,1.2280366595553867
2015-03-30,1.308557149432382,1.2438922338077572,1.3655796453020943,1.5219586592461805,1.1663318448250986,1.1924403983636371,1.2215743142831488,1.1747651411769284,1.2021196043175504,1.232966911285739
2015-03-31,1.3016496111771723,1.2414497243079208,1.3589744952509284,1.5101168151552486,1.1638769333434724,1.1887294990662745,1.216652073997333,1.1732915039865683,1.199486600837077,1.2291296354746293
2015-04-01,1.3072542178231457,1.2455464806729493,1.3625576731136797,1.512017877727277,1.1669527677199982,1.19189288515197,1.2198463888957767,1.1768687993074638,1.2032087814456645,1.2329175671714858
2015-04-02,1.311924368048945,1.2462852627839909,1.366129436196704,1.5183142750747822,1.1666518711852356,1.1924275760192897,1.2211340859179858,1.1764270782008266,1.2035666217005891,1.234040646945247
2015-04-06,1.3221806285558535,1.2517211680575215,1.3748613595814034,1.5307806596864355,1.1709434822946017,1.1979691895122981,1.2280378299952117,1.1803935176830245,1.2087517277319002,1.2406134659506414
2015-04-07,1.3168055293496095,1.249713077240847,1.3715976754190706,1.5260571748406742,1.169631863424868,1.1961634057994952,1.2256257902248997,1.1792138968001784,1.2070846381675933,1.2383237342276803
2015-04-08,1.3220871780437289,1.2521773903956186,1.377353808549875,1.5352984216802874,1.1710365040645996,1.1984396582841554,1.2286549347405358,1.1804736993414116,1.2091766949546914,1.2411785058314773
2015-04-09,1.3201780376318146,1.2500838274131156,1.3780882738535385,1.5394367082381892,1.1688796061514914,1.197036410474873,1.2278797614288264,1.1781463872161082,1.2075510409450374,1.2401682823240265
2015-04-10,1.3238934546590897,1.2520199053910417,1.3814349740662457,1.544777912113168,1.1707178056755956,1.1995234215064405,1.231158272213682,1.1797819767552098,1.209815360712666,1.2432264486229145
2015-04-13,1.3195577325044514,1.2508850573596473,1.3780689814839613,1.5388916351758206,1.1700966129779542,1.1980540307892706,1.2287787532226533,1.1793759195716436,1.208594428624582,1.2410904304177355
2015-04-14,1.3216262120013242,1.252861768676109,1.3802792930573187,1.5408961187252672,1.1715232154186366,1.1994247620552216,1.2299717799132304,1.1808680794127224,1.210048577140193,1.242392213535712
2015-04-15,1.325886031134646,1.2557574041873758,1.3850621155403235,1.5479551744026698,1.1742154678400791,1.2028051236255577,1.234072659302587,1.1834120688171144,1.2132476818261877,1.2463048167642254
2015-04-16,1.3273022528993026,1.2562520278839138,1.3861534636600688,1.5492902683259566,1.174207303394388,1.2029456873039126,1.2342814008166427,1.1833823700336954,1.2133676609049011,1.2465086397557503
2015-04-17,1.3181168386561963,1.2519038656511965,1.3759184715034833,1.5320024333121047,1.171413060887894,1.1984533335101992,1.2281289796610102,1.1809770498797807,1.2093229892307362,1.240774111470368
2015-04-20,1.320686624411512,1.2536049493947639,1.3807121743558657,1.5414940469473066,1.1726943372360277,1.2005174086454748,1.2310442680632234,1.182020991624363,1.2111282036622888,1.2434470499292056
2015-04-21,1.3243840515546637,1.2542175330768894,1.3832902200422732,1.5460139908659851,1.17277808004018,1.2013490540098046,1.232627700923159,1.1819237669431137,1.2117384054082034,1.244803140864798
2015-04-22,1.3250077112790155,1.2523917240028324,1.3847774856319397,1.5514288084802756,1.170212657369152,1.1995680779409355,1.2315289232043405,1.1792056624977447,1.2097623912070246,1.243514782254719
2015-04-23,1.3303307209478454,1.256243400062039,1.389676852563194,1.5574276890101608,1.173570471910692,1.2033656158579475,1.235805871542178,1.1824497880248421,1.2134421853374313,1.2476889939486175
2015-04-24,1.3335551849701703,1.2601166261402867,1.3953911268909238,1.5656535975447716,1.176709302686199,1.2067556709585268,1.2393390134361462,1.1855345376539677,1.2167843571635228,1.2512021173786916
2015-04-27,1.3367510530636921,1.260526784842802,1.3959685509739077,1.5658235821045592,1.1771949070333845,1.2076696690106465,1.2407686466204721,1.1859355309565167,1.2175741408424452,1.2524757427528455
2015-04-28,1.3371466538206949,1.258118193452574,1.3950936939458518,1.5667378664767737,1.1747055200269663,1.2059290478926965,1.2398852903744586,1.1831915648218607,1.2155456744183009,1.251303519826768
2015-04-29,1.3263302346791472,1.2514800901595788,1.3861927015794246,1.5554900375028362,1.1694063852390912,1.1998284523271572,1.232917840083147,1.178073313544429,1.2096303940421531,1.2444854641599354
2015-04-30,1.3120576978071146,1.2442962097792352,1.3738043005342453,1.5367388935475605,1.1637602230751434,1.1922246413682118,1.2231234580251047,1.1729789997808417,1.2026317477864785,1.2352632564982584
2015-05-01,1.3182046889507912,1.2455915878271464,1.3803353954641486,1.5499326506039097,1.163813031210602,1.1938342715645642,1.2263456418482388,1.1726963891311952,1.203855130552396,1.2381328839737231
2015-05-04,1.3207273403526019,1.2455909286468225,1.3818123992486682,1.5532404891390756,1.1631130546425514,1.1937167561714912,1.226947431935864,1.1720254717961582,1.2037866072750447,1.2388174403171028
2015-05-05,1.3083544320075398,1.2383754922109242,1.3696066365781494,1.53472889773907,1.1582535849725113,1.1874018088225333,1.2189923394419009,1.1672009062108288,1.1975299892545093,1.2309277248295156
2015-05-06,1.3032044979019044,1.2331914247197335,1.3634821839463556,1.5273827073421493,1.1536557870124848,1.1826375213540314,1.2140506371378132,1.1625712435846074,1.1927121928056632,1.2259136198467127
2015-05-07,1.3062524612620647,1.2370286271459134,1.367278661915572,1.531694493431998,1.1571744009670077,1.1859932013139967,1.2172952875020646,1.1660907134285214,1.1960727041389347,1.2291577993873304
2015-05-08,1.3204975949443454,1.246202563568413,1.3812768147250836,1.5513304145596498,1.1642132399201164,1.194533673625291,1.2274533654770328,1.1730856963359741,1.2045309061562055,1.2392154674776183
2015-05-11,1.3102618394386674,1.2367577560161875,1.3714452482202715,1.54137709523819,1.155666577478365,1.185866359405598,1.2186761958753314,1.1645033585127336,1.195824916830874,1.2303924979773793
2015-05-12,1.3104125120296097,1.2365537882796807,1.3700658202692004,1.5383918937945202,1.155581636360356,1.1855938063791454,1.2182505797051717,1.1644736009293002,1.195627084776019,1.2300700169345642
2015-05-13,1.3134973350336527,1.237420630125934,1.3721379966676923,1.541692392364633,1.156037926613013,1.186631962737076,1.219946403774369,1.1649989031507462,1.196753638281764,1.231897144846822
2015-05-14,1.3260448788624801,1.245242432632974,1.3840374316933286,1.5588025756998924,1.1616835299580122,1.1935699082935987,1.2283946434633988,1.1706605853894296,1.2037097760087077,1.2403872132986036
2015-05-15,1.331740296158868,1.2509775273613144,1.3891686492113484,1.5628893631228256,1.1670191147341966,1.198734466874238,1.2333660113306513,1.1760404673749691,1.2089343106138357,1.2454345169089809
2015-05-18,1.3285520521315646,1.2469566823244858,1.386373029485802,1.5624340537171124,1.163024779925005,1.1951160474175166,1.2302817045383192,1.172032428699074,1.2053018683835646,1.2423403675617322
2015-05-19,1.3237015670534147,1.2425910605456367,1.3825857027366548,1.5593924668750547,1.1588394033011067,1.1909539786667471,1.2260831226421005,1.1677480976587504,1.2010116002173965,1.2379700960339486
2015-05-20,1.3246354893167023,1.2440902681860537,1.3836877761395425,1.5599512484633595,1.1604134345071764,1.192410749505871,1.2273936948183906,1.1693394070421532,1.2024889127676623,1.2393049898167772
2015-05-21,1.3264193426245883,1.2480700501468687,1.3875235356398998,1.5638569940776665,1.1644798590498049,1.1963703183706003,1.2311918583595214,1.173365722832589,1.2063955299350495,1.243030164056095
2015-05-22,1.3244245315032184,1.2460642922543517,1.3852935742104098,1.5613398529370721,1.162608738488329,1.1943827971692833,1.2290842723763673,1.1715216105970079,1.2044505875089477,1.2409786356076422
2015-05-26,1.3128304855952442,1.2429663792090024,1.3757013639211486,1.5440944749332557,1.161988506990501,1.191620814215448,1.223925432435315,1.1708932530147511,1.2016949362724059,1.2358017309075424
2015-05-27,1.3203341351007545,1.2475342661789506,1.3840248411428862,1.557712479633371,1.165191244357953,1.1958692075522648,1.2293969188655918,1.1740946108472359,1.2059311755759956,1.2412628074080752
2015-05-28,1.3173284433315726,1.246363484288724,1.3812699501225794,1.5534127462601859,1.1646438943269328,1.1949258446539355,1.2280812583878775,1.1735440540454976,1.204987635585931,1.23994778790545
2015-05-29,1.3105517632146704,1.243322575422336,1.3751586130556301,1.5437287752693372,1.1629837428760577,1.1923293703608384,1.2244607968149928,1.1719189130840473,1.202447782913661,1.236394575306496
2015-06-01,1.3110479484356976,1.2416120913877782,1.3746169821367598,1.5451008611651142,1.1604944706177125,1.190151290921911,1.2227730802586498,1.1695909970049276,1.200456721931718,1.2349117210744052
2015-06-02,1.3091342538280597,1.2372502930603555,1.3718180880727286,1.5437449089879913,1.1565950344151992,1.1870260966979078,1.220381531131759,1.1653040377123027,1.196842350133509,1.2319865580877263
2015-06-03,1.3045885006225446,1.2320320959652722,1.3687811729936112,1.5436121523617328,1.1519441236618184,1.1830416337796283,1.2169919425036047,1.1603692022794454,1.1925096168845357,1.2282396249703889
2015-06-04,1.2973728162540041,1.230442064134047,1.362394343539267,1.5316154925965133,1.1506537722510444,1.1798543620312456,1.21190934875391,1.1598908309776286,1.1902778479266092,1.2241075854003798
2015-06-05,1.2895083201176165,1.22363282029286,1.3552991986743876,1.5246111368106692,1.144771802503004,1.1739041268814059,1.205915961570371,1.153899704116732,1.1841807348673232,1.2179254632355216
2015-06-08,1.2872579525515826,1.222668480404123,1.351963577080951,1.517750463180716,1.1440160579197038,1.172375013169305,1.2035609821351496,1.1535072066941536,1.1830304906628073,1.2159005943197045
2015-06-09,1.2833457593436313,1.2192059029440534,1.3482078383900449,1.513983452397524,1.1411910184170369,1.16958563135137,1.2008931415404176,1.1505147669655893,1.180061547124599,1.2130335242476877
2015-06-10,1.2946422988727995,1.2231186680780033,1.3585995034729401,1.5321061666451934,1.1443042834042203,1.1751945203206127,1.209019011945463,1.152576894285442,1.1844825518784143,1.2200304110399003
2015-06-11,1.2973951402162263,1.2284874067652256,1.3626401914875987,1.5347729062047069,1.149163784455914,1.1792898424085108,1.2123273357150246,1.1578961309380467,1.1891386434011257,1.2239421883810229
2015-06-12,1.293024547080663,1.225307369961685,1.3572422522138528,1.5262928486050986,1.1462447498060118,1.1756868209798141,1.208017140939775,1.1552249613455745,1.185795252931366,1.2198537991996095
2015-06-15,1.2891786488559245,1.224380854129754,1.3534972345673504,1.5193305152597048,1.1458794198693854,1.1743799653158147,1.2058572298532235,1.155177326428999,1.1848708101455179,1.218048978520986
2015-06-16,1.2924926970673887,1.227980297407946,1.3576559230750318,1.524616904403415,1.1489930080874402,1.1775498163904066,1.209116342941401,1.1582918687214951,1.1880837480154063,1.2214036555386216
2015-06-17,1.29601117606609,1.2297849552957418,1.3602347121618084,1.5281962286826518,1.150571495117332,1.1795160891438417,1.2115440496671908,1.1596616914702358,1.1898202075901443,1.2236094359230312
2015-06-18,1.3071568908112365,1.2352251763991473,1.3702167227856386,1.5441305057382453,1.1554528898207141,1.1862280963522527,1.2202738167632243,1.1636857057225343,1.195596816596031,1.2314556574888575
2015-06-19,1.3036543633335467,1.2359114375558793,1.367814371714165,1.537935045167794,1.156332700610973,1.1858843125318033,1.2186625716206447,1.1651399581607333,1.1959146305555786,1.2304910641914604
2015-06-22,1.305138848614479,1.2331208758986771,1.3705626334460974,1.5467945979216902,1.1529520325855778,1.1843105709274746,1.2185928549250589,1.1611777754089072,1.1936149612031093,1.2297277304030645
2015-06-23,1.3041588373130646,1.231202336276586,1.3703626827397721,1.5483098210726973,1.1508890627229813,1.1828188763851866,1.217506095042913,1.158940151906566,1.1918776502470467,1.2283881931415952
2015-06-24,1.2989633180350526,1.2298453432447203,1.3657189631268642,1.5396874108760732,1.1498593209952612,1.1805420045725916,1.213964174848448,1.1584478597009804,1.1902112906222992,1.225430107517412
2015-06-25,1.2951134508743438,1.226975372452939,1.3623651107435553,1.5356739255413232,1.1474100400959808,1.1779163320883173,1.2111192426642265,1.1560697882768745,1.1876449467907348,1.2226163387639306
2015-06-26,1.2925225382266532,1.223374662827134,1.3582176601699913,1.5309465609097876,1.1442379066664872,1.1746360194225303,1.2078361435655798,1.152836517506629,1.1843122030091662,1.219273793579671
2015-06-29,1.2777241711304341,1.2203627909720756,1.3437264890416434,1.5024453856192712,1.1426359054863964,1.1690068801735412,1.1982587499372466,1.1528280397189978,1.1804987943274896,1.211389822296212
2015-06-30,1.2787651459307041,1.2200530896037083,1.3452667699834,1.5060904283880339,1.1421162983688904,1.169057744342102,1.1987649823184778,1.1521460463707536,1.180308843185779,1.2116413769901622
2015-07-01,1.2829367870898503,1.2202164795926937,1.3487483593478893,1.514102426708752,1.1418263344619421,1.1698573093063562,1.2007453819598763,1.1514012467626773,1.1806351226212954,1.2132245046945482
2015-07-02,1.2846821659010557,1.2223462204290028,1.350614418525681,1.515396217447936,1.143418835764943,1.171290165337289,1.2019507431760201,1.1531855672533835,1.182293293502528,1.214690664439365
2015-07-06,1.279279877497794,1.2232390574570022,1.346023924636079,1.5056119193344748,1.145323270068131,1.1714304338064767,1.2006508654559291,1.1555548574455754,1.1829778864330305,1.2138546791134002
2015-07-07,1.2797123168714686,1.2251801054197227,1.3474031584863742,1.507174587756602,1.1466673393966307,1.1722141459627982,1.20092851463964,1.1573301195006285,1.1843446467566734,1.2148660042385906
2015-07-08,1.2661206231927529,1.2198809949258718,1.3332264187217415,1.4827417426113685,1.1432677393686157,1.166054798042001,1.1922392885632025,1.1547121503105167,1.178997559730641,1.206764261634368
2015-07-09,1.2696030063165913,1.217989459134239,1.3353540071348862,1.4886349938121013,1.1410321291535352,1.165262512633648,1.1927180299187232,1.1519147120502755,1.177544500740916,1.2065911310430946
2015-07-10,1.2827065280170538,1.2212179384022508,1.3473662584843626,1.5105209235129489,1.1426642399997822,1.1697764686082641,1.1999508245861419,1.1525309404376816,1.1809821616220952,1.2129271013814191
2015-07-13,1.28778937534813,1.22362424419791,1.3543115585573804,1.5238185227570888,1.1443646192327057,1.1727806914008065,1.204260067632303,1.1538508491058652,1.1836284860865907,1.217030882794691
2015-07-14,1.291955061942083,1.2273557894607718,1.3594301725431732,1.5307122871446357,1.1473416257105233,1.1760559849773906,1.2077765725543288,1.156898260245001,1.1870224314862325,1.2207556884982003
2015-07-15,1.29018324201096,1.2287159088277697,1.358911048578565,1.5284512113225457,1.1486407863218064,1.1765168608791916,1.2074190668052154,1.1586761508281014,1.1880462856736076,1.220997409508922
2015-07-16,1.2979868063958326,1.2331997670690669,1.367486670078014,1.5422061867543233,1.1520425982819857,1.181037637284982,1.2129938905597812,1.161859452335209,1.1923766004616763,1.2265252062066037
2015-07-17,1.297948416741463,1.234228588240037,1.3700250183775453,1.5473531946743995,1.152459699399549,1.1816124572356344,1.2136551976077916,1.16249362075505,1.1932449188466072,1.2276116114314186
2015-07-20,1.2933881068229738,1.2315969837290492,1.367924331505549,1.5461973542178953,1.148700980758503,1.1773420732792466,1.2086102775585381,1.1595260906843365,1.189950586739546,1.223785494776227
2015-07-21,1.2919735903406364,1.2321274033726892,1.3671030603550895,1.5436204680305006,1.1490840143145413,1.1771753325761218,1.2078248262938711,1.160260072331811,1.1901663379382994,1.2233836432156004
2015-07-22,1.2864560148910011,1.2297081024303789,1.3612821165020899,1.5338535566445004,1.1471206105417182,1.174015613210053,1.2035209922939847,1.15875596575471,1.1875291882318137,1.2195798964767584
2015-07-23,1.281363849824356,1.2293146252131153,1.3578858426653828,1.5268065727504565,1.1469351728579948,1.172667722624443,1.2009103970544073,1.1592339962685583,1.1868966337934064,1.2176575211097735
2015-07-24,1.2763572680305286,1.2263831888096581,1.350752225281652,1.5145810402323703,1.1451661836773428,1.1698703666890573,1.197301989152523,1.1574580930161047,1.1840472853367152,1.2138220977584027
2015-07-27,1.2703795640713604,1.2246512521262432,1.344913508003264,1.5040253152135206,1.1438469527418018,1.1671166004408726,1.1931687164615663,1.1567102608984863,1.181941072530332,1.2103058649514875
2015-07-28,1.2769712584345367,1.2272555610900324,1.3520515940710034,1.5167890728515878,1.1458993284846088,1.1706223288425548,1.1980990587615175,1.1582498927532816,1.1849072376775798,1.214788293578879
2015-07-29,1.2816719315503873,1.2290124187589193,1.356327759939897,1.5241394754304967,1.1472641272908681,1.1728429655851556,1.2011926240730197,1.159255161399946,1.1867497669505656,1.2175543429583238
2015-07-30,1.2789604140140853,1.2286742790014948,1.3555826121080425,1.5234644523722627,1.1467187522207947,1.171923654801847,1.1998571738599544,1.15904657358745,1.1862450777799096,1.2167113876550069
2015-07-31,1.284938878909053,1.2338061388518244,1.3603877421835322,1.5271735537418878,1.151266629459623,1.1764187351519717,1.204261184181079,1.1636704349968243,1.1908091928369713,1.221162101621921
2015-08-03,1.2813981656451856,1.233317341277147,1.357226991800588,1.5211306638035709,1.1505073959790648,1.1745393793959145,1.2013061829553913,1.1635570566841384,1.189697571077529,1.2190207049030357
2015-08-04,1.2793376909664336,1.2297950412029353,1.354625986863184,1.5193340038947765,1.1469202787377137,1.1712319626344732,1.198269909900126,1.1599565412404995,1.1863765008984506,1.215972475004195
2015-08-05,1.2794441204633593,1.2287643897789904,1.355949378150782,1.5237791509258178,1.145248387869146,1.1701017713811017,1.1976801157078756,1.1583458615047295,1.1853326201157275,1.2155142323209684
2015-08-06,1.2751495623360154,1.2270473434013198,1.3499145441975458,1.5119368438049638,1.1449895332034077,1.1688264531055728,1.1953172510203884,1.1580275447462716,1.183948420603571,1.2129625139486298
2015-08-07,1.2761516947547638,1.2289886786919744,1.3506027088811519,1.5110562528680953,1.147129884268863,1.1706808847007064,1.196889191169594,1.160151703183979,1.1857793302687045,1.2144959813632106
2015-08-10,1.2848722181623033,1.2321448350366915,1.3593778908704681,1.5266371167104,1.1484491835733233,1.1735983707640913,1.2015623003370843,1.1614299856490278,1.1886935034905448,1.219229997346352
2015-08-11,1.2787931006569817,1.2314952383659081,1.3522080638194232,1.511967752207158,1.1501601761899405,1.173770132407296,1.2002151426077536,1.1630491430637377,1.1886882712386257,1.2175835660767331
2015-08-12,1.2785653420764518,1.2313781055567512,1.35119493196423,1.5108702498992372,1.1507691130733935,1.1745260425970487,1.2013854319763422,1.1634529867671721,1.189177221275739,1.2184185186286767
2015-08-13,1.2758004940718908,1.2286796578289982,1.3485838390525102,1.5083231965621826,1.1480814133862198,1.1717634087004543,1.1985029251169905,1.160766174983959,1.1864238109970624,1.2155544630734727
2015-08-14,1.277704675629693,1.2292709692203843,1.350209000442963,1.5113214781844173,1.1483476414252303,1.172331735099518,1.1994410752766003,1.1609722783621035,1.186933887893556,1.2164377730082014
2015-08-17,1.2802742232073911,1.2321977326652598,1.3533883738277666,1.5158408941163546,1.1513324389353414,1.1754822002222958,1.2029249887822142,1.1638820761903546,1.1899892094340236,1.2198104999468455
2015-08-18,1.2759970184138163,1.2290010800502253,1.3484249072399392,1.509031410350408,1.1489891184939007,1.172788182454101,1.199942188823249,1.1614300972762868,1.187149474542923,1.2166329159540008
2015-08-19,1.2731294865632452,1.2298441283366703,1.3449319580996622,1.5003900471573182,1.1513558729369326,1.1742429175933093,1.2004946744910407,1.1637820288988519,1.1885315128354652,1.217034551584168
2015-08-20,1.2616967213531867,1.2237966305993866,1.3300586155209304,1.4741392488680747,1.1487927252287093,1.1696894556748059,1.1938905615295168,1.161111745420107,1.1837460441773469,1.2100119984457582
2015-08-21,1.2412608363164965,1.2133174211544118,1.306895618687789,1.434343284139272,1.1431659636875933,1.1608445173828783,1.181473647843995,1.1555455492390982,1.1748257114985559,1.197311330825493
2015-08-24,1.2097526675555208,1.1969693186160983,1.2762123186228127,1.385584711234196,1.132469024792491,1.1462129876979699,1.1623196916136713,1.1452092288356324,1.1604384688222378,1.1782352285545419
2015-08-25,1.2031318523271077,1.1911210975103461,1.2710205721855594,1.3798894857957746,1.1263809930640654,1.1398687836615453,1.1553118771624487,1.139466031901134,1.154499924347547,1.1717087445534622
2015-08-26,1.2236589879181112,1.200520621189769,1.294601874937313,1.42223502312354,1.1303613176065237,1.147451007927289,1.1669192201373417,1.1433036686054026,1.1620917007049925,1.183559365057893
2015-08-27,1.2423736795928428,1.2108307349793674,1.313987839352185,1.4527939517786783,1.1369885012130878,1.156356107060819,1.1783301073438057,1.149891077038162,1.1710612874285764,1.1951774902623407
2015-08-28,1.2413531569795544,1.2102059297019137,1.312497416720881,1.450730138074756,1.1368850951688376,1.1562914273471065,1.1784413095889774,1.1496650856641117,1.170834820664366,1.1950844816914006
2015-08-31,1.2337025721776733,1.2053174869055665,1.305191086069572,1.439846116550864,1.1331009997495407,1.15178994348588,1.1730098047154487,1.1460460498132432,1.1664861931708244,1.1897877283643377
2015-09-01,1.2126534531186028,1.195940040669317,1.2832224478210297,1.4025733938036127,1.1285554193586835,1.143936238829606,1.1615709293466536,1.141691438950725,1.1587042827695122,1.178242404931843
2015-09-02,1.224398698718176,1.202198060004851,1.296999530383673,1.425978691234917,1.12925125418532,1.1458438409953229,1.1648514570093471,1.143273181952811,1.1618220677469333,1.183116230035359
2015-09-03,1.2246430393375698,1.2032041461616683,1.297448360262281,1.4254037020947412,1.130412151638716,1.146721347130484,1.1652953496417797,1.144427347150465,1.1626975818164582,1.183575317465242
2015-09-04,1.2097575092872699,1.197236547529078,1.2841067029398676,1.4041530970795217,1.129826509465889,1.144581999518497,1.1613984518730336,1.1432571200344306,1.1597502870979606,1.1786444782946552
2015-09-08,1.2283637648656298,1.2057597361510883,1.3033958009757307,1.4360860703195772,1.1307265350739177,1.1475183369099164,1.1666347087364233,1.1451830585587834,1.164097211866599,1.185713320603062
2015-09-09,1.219516687761328,1.2009699330825772,1.2950876825077642,1.4229780074529181,1.128593020488569,1.1444156610977039,1.1622228908162888,1.1427580582002947,1.1606151485094156,1.1808394334722954
2015-09-10,1.2248270339669847,1.203062297207361,1.3005806643711366,1.4325153810592994,1.128414524445229,1.1449200124402312,1.1635230045689715,1.1428848572319423,1.161539356238577,1.182680084986598
2015-09-11,1.2301548615831495,1.20692622837913,1.3053586558574437,1.4386585556304965,1.130775172566482,1.1473958506639415,1.1661745607832772,1.1454403359193317,1.1642699618549157,1.1856689083002159
2015-09-14,1.2280385520483936,1.20603691763342,1.3029420160515572,1.4345003000551118,1.1308152208115931,1.1471568304363817,1.1656454895274222,1.1453417130208854,1.1638402025674797,1.1848920826469354
2015-09-15,1.2335769401851473,1.2060210514136571,1.3083937119701563,1.4467277630091964,1.1269121341570743,1.144240655369751,1.163890580478603,1.1420141425944723,1.16170521029803,1.1841516455032244
2015-09-16,1.2454967494537668,1.2112836746236066,1.3182773176997196,1.4612498665757494,1.1289630005586768,1.147565476640047,1.1687427991815995,1.1442717202987738,1.1653207945699917,1.189345756020703
2015-09-17,1.2504248287726765,1.2174427219867523,1.3222496570991489,1.4627099486087842,1.1362360803498261,1.1545869843470187,1.1755589757032443,1.1513264006442134,1.172019238857571,1.1957170899093175
2015-09-18,1.2403027514557186,1.213178454786741,1.3107668817308125,1.4430873103856212,1.1365915974861542,1.1538105356260162,1.1736645957153873,1.1509569993894895,1.1702442066683953,1.192514288950236
2015-09-21,1.2403862350917707,1.211218698802296,1.3106809989914923,1.445581171938867,1.1331492818876163,1.150571432314387,1.1706624305830924,1.1478065312618704,1.1673901698615707,1.1900175231291368
2015-09-22,1.227449987624655,1.20657752541128,1.2989344281480804,1.425853823068496,1.133353630602294,1.149210783491916,1.1674832218309545,1.1474487264283577,1.1652637999970858,1.185870525912812
2015-09-23,1.2254444824389827,1.2051536654023538,1.2962951422830888,1.4224596498195694,1.1325251468209283,1.1482752314638363,1.1665610557329797,1.1465500883658826,1.164210003620721,1.184781333448913
2015-09-24,1.225322150160895,1.2054927464395404,1.2950433400709573,1.4193123913054593,1.1346541501245948,1.1506116590243516,1.1693165630565725,1.1482902585349695,1.1660043794888544,1.1867800906710777
2015-09-25,1.2239671427711878,1.2031146883130446,1.2927423684345394,1.4165290395590744,1.1321906807556266,1.1481114200694609,1.1666845228262548,1.145811797734001,1.1634870460423186,1.1841300002366921
2015-09-28,1.206377601869575,1.195343725447543,1.2752535280579786,1.386930362427854,1.1311542582904934,1.144966583725728,1.1609549064761033,1.1438890045603498,1.1591495032294294,1.1768864093633797
2015-09-29,1.2079895338629774,1.1972087948049455,1.2762145635560147,1.3865699303329737,1.1330577476281682,1.1466179196261554,1.1622831536480656,1.145748569598828,1.160741369107574,1.1781473997999365
2015-09-30,1.2211647581766119,1.2050306627422913,1.2914744529195077,1.4105576921322904,1.1353589534353712,1.1499912234188896,1.1667295912695868,1.1488914741376783,1.1652838717783678,1.1841481499158644
2015-10-01,1.2243838207187596,1.2071972868608807,1.294792050563304,1.4152185369271764,1.1364253134072113,1.1511902204353917,1.1680683475071694,1.1501458559638666,1.1667360665696012,1.1858142235210594
2015-10-02,1.241594032906542,1.2183090248311381,1.311424308928967,1.4381508569580428,1.1444590674227513,1.160856740280687,1.1796082187820813,1.1582570683926254,1.1765325047898392,1.1975381461098402
2015-10-05,1.2539266178479886,1.2223324329517196,1.3231560796252169,1.4587373414139497,1.144200663254062,1.1623901649749147,1.18308288920157,1.1582524658073958,1.1784431445808352,1.2015370747275493
2015-10-06,1.25443400437585,1.2233840808582774,1.3226967230104913,1.4562233649179026,1.146239372770318,1.1642300562395242,1.184732187356647,1.1601697743142774,1.180107562111604,1.2029396473514693
2015-10-07,1.264005922892102,1.2270637669922837,1.331235814828869,1.4696435476801288,1.1471807891272725,1.1662432741317625,1.187813837347824,1.1612635319286204,1.1823431793684311,1.206323399999689
2015-10-08,1.2690308988410433,1.2286611968561556,1.3361871226661308,1.4783680825059495,1.146873452489195,1.1666137425418555,1.188876269508738,1.1611062238482128,1.1829270251714008,1.207676572292153
2015-10-09,1.2729196269516194,1.2304358252838778,1.3390293331558838,1.482481761959473,1.148188107714065,1.1685435151353252,1.1916066693588647,1.1623014513167758,1.1847146258834196,1.2102295431061856
2015-10-12,1.274549593390038,1.2330716091639737,1.3405794979114791,1.4832691107892861,1.1511912874971617,1.171342851607297,1.1942850962036369,1.1652823054126766,1.1874767346481192,1.212853964424801
2015-10-13,1.267456977014577,1.229775786922094,1.3335759240571157,1.4724466293656304,1.1500627696344428,1.1694824152836243,1.1917351427419383,1.1639872486175853,1.1853802829719524,1.2099848856435247
2015-10-14,1.271028535148949,1.2335647814610038,1.3361664147400516,1.4730682847831185,1.1546354512485042,1.174079223933667,1.1963877591229248,1.1683851607409868,1.1897390902023337,1.2143131002229919
2015-10-15,1.2834827539288782,1.23901575821864,1.3488388290529396,1.493988972053963,1.1560604124721001,1.1770491310590554,1.2009663146597132,1.1701192977972557,1.1931471721592142,1.2194859962013185
2015-10-16,1.2846764428343986,1.2394858699299351,1.3505360233699024,1.4974716603400753,1.1556113981901563,1.1767585557030997,1.2008586036500404,1.1697780347218893,1.19300883620927,1.2195891868155564
2015-10-19,1.2850744407352377,1.2402037915969717,1.3508947515742753,1.49817358986917,1.1562698698044538,1.17721570947321,1.2011868484463846,1.1705075375478249,1.1935503979494864,1.220023014603638
2015-10-20,1.2834415967035033,1.2375049201469204,1.3479163617622991,1.494749588078505,1.153976837035033,1.1750295209824957,1.1991815460544606,1.1681033066689723,1.1912168943199481,1.2178215137742037
2015-10-21,1.2778054238789909,1.2362492735026933,1.3433106911805628,1.486269713292281,1.154364409342996,1.1744259484279782,1.197418420958577,1.168479582424561,1.190578929498428,1.2160019922713476
2015-10-22,1.2905587310097872,1.2440067911830694,1.3574397186925748,1.50824563522247,1.1584264648526643,1.1799213970903215,1.2044849245953244,1.1728316939122996,1.1964892274122125,1.2236375129052055
2015-10-23,1.2965492943492842,1.2466571681457053,1.3666323479000666,1.526109976973065,1.158225054277255,1.1811014933136685,1.2071456468730468,1.1730063958535732,1.1981723201436523,1.2269622799146882
2015-10-26,1.2944301352558738,1.246624396275226,1.3650044517707092,1.5230158607461484,1.158839226098755,1.1813639200618056,1.207080703883633,1.173578005727169,1.1983794180588925,1.226829562238661
2015-10-27,1.2920197039676022,1.2468808627443253,1.363240602506449,1.5196377203231384,1.160105603048361,1.182193713382972,1.2075409753927258,1.1748031969099697,1.1991441735192487,1.2271997310851464
2015-10-28,1.2920540860319671,1.245710061147395,1.3650394575027325,1.525894700784042,1.157566617606574,1.1801969168638573,1.2061663468033834,1.1724840515462738,1.1974442300944708,1.2262240714190742
2015-10-29,1.285622835217088,1.239886038169173,1.3590921890395755,1.520268181834898,1.151979861786642,1.1744573814031374,1.2002710834818553,1.1669387985128348,1.191760689677485,1.2204078814573271
2015-10-30,1.2826842682178141,1.23953066818617,1.3569990829339142,1.5157825771260278,1.1527361046747695,1.1746422515248294,1.199706574768522,1.1677066632995166,1.1919385028608638,1.219815367367173
2015-11-02,1.2929297916636888,1.243610684992378,1.3666202984925484,1.5318595284438445,1.1533232949803038,1.1763995430903766,1.2027270890926334,1.168563913397035,1.1940770425526492,1.2233597693401113
2015-11-03,1.291304459386652,1.2419953804475707,1.3671432881129864,1.5347726093440432,1.151032099818056,1.1743718366183655,1.2007993153410088,1.1663541148271677,1.1921595244733802,1.2215861287748275
2015-11-04,1.286235156613177,1.2395403228552113,1.3633850863859385,1.5297817215029776,1.1492413663404741,1.172077076301493,1.1979380039070224,1.1646735383712283,1.1899812736228843,1.2188382109320712
2015-11-05,1.2855834848719834,1.2387124060257906,1.3622797894000818,1.5281855206205326,1.1484088275397566,1.1711235743283432,1.1968463650486236,1.1638588072421918,1.1890513341822586,1.2177724565323402
2015-11-06,1.273478990555943,1.2304823745725932,1.3539519121416856,1.5203725472870193,1.141298461110907,1.1638585189736634,1.1892837219411678,1.1567752027697469,1.1817901371321047,1.2101960586349243
2015-11-09,1.262018441530099,1.2241071463119242,1.3429095364812036,1.5040447877674634,1.1373569706657465,1.158838073194603,1.183172997581743,1.1528784717744105,1.1767751051409998,1.2040156763377308
2015-11-10,1.2632073532348098,1.2257030723861901,1.3436712394149284,1.5039633915935982,1.1390510653921362,1.160266555619701,1.1843680470897509,1.154616268795382,1.1782522552993533,1.2052584131462034
2015-11-11,1.2628842221798706,1.2247150620894633,1.3428384030190568,1.5028494653002813,1.1378665578001508,1.1591309200845576,1.1832117752276066,1.153401290880165,1.1770797219003937,1.2040647254977066
2015-11-12,1.2547551844039875,1.2205941667185667,1.3341511051252406,1.4884005244595573,1.1355169364394615,1.1555769515848215,1.178392232837662,1.1511887178956033,1.1736636175033361,1.199342124546135
2015-11-13,1.2451831196836676,1.2168036777134155,1.3244705875425051,1.4710303774193787,1.1340221422351486,1.1525655358623859,1.1737188046061544,1.1498314003488015,1.1707786876009478,1.1947383918610615
2015-11-16,1.2570085674523104,1.2237865970292954,1.3367717033150832,1.4899288135800264,1.138678635461991,1.1585535193579364,1.1811112299614177,1.1543959882864105,1.1766971878761523,1.202126752235319
2015-11-17,1.2549907512445442,1.2231442576530842,1.3359633582908814,1.48891234056462,1.1381239616278838,1.157735592380843,1.1799024532758664,1.1539546587003695,1.1759971276193975,1.2010431894455862
2015-11-18,1.2649216356856945,1.228715527153898,1.347113385718401,1.5076146709958158,1.1414701497326931,1.1625048631998036,1.1862408061634593,1.1571710694516166,1.1806558966336158,1.207337497203264
2015-11-19,1.2696975476431174,1.2313571232593779,1.3504920258734736,1.5114027869304376,1.1435587027071443,1.1649589931365396,1.1891044724303785,1.159168453271554,1.1830166762822798,1.2101105688035831
2015-11-20,1.2735165524606484,1.2328605444324479,1.3540546745338462,1.5176433106571272,1.143956880931195,1.165751468940617,1.1903457593914681,1.1595748941897295,1.1838483593206797,1.211434046046251
2015-11-23,1.2697300047637718,1.2316479993556522,1.3509836437135672,1.5126895552709467,1.143354229256016,1.1645645122410793,1.1885686725066913,1.1590415871534778,1.1827435658630834,1.2097398536125765
2015-11-24,1.2711282482216801,1.2327912867617703,1.3523269284776498,1.5141101606205984,1.1445066443687952,1.1658333816496198,1.1899599080979666,1.1601849753451214,1.1840022831473984,1.211117476981514
2015-11-25,1.270470350414484,1.232900935954471,1.3519841457082595,1.5134384615868606,1.1447498680204204,1.165918241248025,1.189877244516017,1.1604488098153556,1.1841022671160444,1.2110462799907915
2015-11-27,1.2671406081628869,1.2320129478158988,1.3496896529126685,1.5102978532370925,1.1443238646916334,1.1650553006305286,1.1886147166391374,1.160036937630866,1.183247897451663,1.2097886284667383
2015-11-30,1.2661082882607544,1.2314324794774116,1.3482822667503438,1.5075796819210114,1.144167434151197,1.1647753450414733,1.1881899097141406,1.1598790225267608,1.182957499828656,1.209335066535504
2015-12-01,1.276218516303283,1.2392633978963465,1.3585776576907143,1.5210819337786603,1.1504813528625133,1.1717075382821307,1.195821899506652,1.1662278472444583,1.189951682949722,1.2170745529832183
2015-12-02,1.2636365098210676,1.2321216694319141,1.3482265928795765,1.506905365127557,1.145733797236176,1.1659518648882363,1.1888495286799863,1.1613349253787715,1.184006309150253,1.2098502393647554
2015-12-03,1.2534635963737792,1.2207407782462754,1.3349524106662534,1.4903736730397572,1.135832550874925,1.1559197823563219,1.1786657186389538,1.151241084571978,1.173714429658839,1.1993193419816617
2015-12-04,1.2700439196067679,1.2319033407302848,1.3512889559692196,1.5142867302815162,1.1438439044954432,1.1653963495497777,1.1900074333508686,1.1595515410647372,1.183571199700642,1.211150579750988
2015-12-07,1.2629393100086728,1.229932406859803,1.3457206742599341,1.5047000236682595,1.1436965659071348,1.1642108176779256,1.187656460987017,1.1592662294699443,1.1822049787087654,1.208572026660507
2015-12-08,1.2581280085883058,1.2279452210865278,1.3409958752439437,1.4972728446366534,1.142932287663736,1.1627617858626038,1.1855803389582982,1.158446734221618,1.1806841658109017,1.206400733418771
2015-12-09,1.2515929971789561,1.2244611702080277,1.3337690611633333,1.4849688446269975,1.1413343301777674,1.1603041933230878,1.1821434173658865,1.1566406195704868,1.1779630070720037,1.2026301549834835
2015-12-10,1.2500790254585872,1.2235792044840688,1.3334814611327772,1.4859094755616484,1.1406119015497813,1.1596943898509822,1.1816664754709243,1.1559617271722928,1.1773935170616676,1.2021925892154934
2015-12-11,1.2385239045139884,1.219747547953677,1.3202117364328299,1.4610279896564293,1.140909089635835,1.157890385923563,1.1776970492694612,1.1558122145776184,1.1750278353691443,1.197519771713106
2015-12-14,1.239796589477069,1.2172503668563661,1.3218738168138897,1.4676542354871214,1.136421997555902,1.154202301858296,1.1747902473089324,1.1515481707134805,1.1716302859794845,1.194984241084786
2015-12-15,1.2462632781547567,1.2199995142325597,1.3282265131354958,1.4783900700141959,1.137244902340196,1.1557667676216303,1.1771326975397602,1.1526252776488992,1.173507610247252,1.1977123666296237
2015-12-16,1.261174618051347,1.2262191242794471,1.3412923648401476,1.4996637156577777,1.1395874203982368,1.159970332305149,1.1834162969250555,1.1552505412206553,1.1780681390832597,1.2044559720805126
2015-12-17,1.2490688770691116,1.2213951546067459,1.3303731159950085,1.48096266102248,1.137713136808171,1.1563240161222672,1.1776997035282848,1.1531208633842902,1.174104887107294,1.1983427844654242
2015-12-18,1.242658111877116,1.2184295364886353,1.321582008433114,1.46405399872113,1.137601764737498,1.1550309931199783,1.175134427534269,1.1526879846920508,1.1724089740451453,1.1952576616742159
2015-12-21,1.2497748122669456,1.222200687022096,1.3284835438559044,1.475132288269094,1.1396191316179212,1.1579707921580622,1.1791923562156374,1.1547948408671238,1.1754862200063507,1.199511467684951
2015-12-22,1.253794792390187,1.2235993812059889,1.3331726893037161,1.4839210864178356,1.1395222300226282,1.158563464150823,1.1804812081192275,1.1548793728633453,1.1763003888070855,1.2010753499052096
2015-12-23,1.2623849371916287,1.2273764880307108,1.3417111162412718,1.4980049122593226,1.140915681880386,1.161055177517689,1.1840800935898084,1.156503785026404,1.1790708946593609,1.2050208662875244
2015-12-24,1.2627887502023367,1.2281339717878323,1.3416145563651358,1.4969885059438743,1.1419575030503386,1.1620152199630716,1.1850251186145382,1.1574815279177662,1.1799555620627742,1.2058765488785017
2015-12-28,1.2605893024738,1.2271662700116792,1.3396201371157777,1.4939520587401596,1.1413240915611893,1.161036559650817,1.1836635792837151,1.1568473870974572,1.1789651024436825,1.2044968725833742
2015-12-29,1.2667725136124282,1.2287737997431836,1.3460529229655496,1.5069642227121713,1.1405376799923328,1.1614229678547587,1.1853765003282408,1.1563221029751733,1.1796597885228808,1.2065928804363684
2015-12-30,1.2591152356141067,1.2248680749024166,1.338679661608797,1.4954400563062822,1.138444201553295,1.1584393973791896,1.1814013315371517,1.1540823580820632,1.1764776897627558,1.2023602332385355
2015-12-31,1.2522744252689197,1.2220162834114652,1.3315593453085925,1.4827687769819287,1.1378994772798525,1.1567632614082368,1.1784612481541246,1.1534225475936126,1.1746427880120571,1.199193623824688
2016-01-04,1.2411832152509104,1.2167738252162308,1.3188930818569327,1.461114539879498,1.1361091932503782,1.1535415350034972,1.1738518178537882,1.151280109436827,1.1709666975048525,1.1939993754972413
2016-01-05,1.244740906477249,1.218221238865408,1.3204726046313273,1.4628497430880234,1.137106237993007,1.1546190027574292,1.1751258459894391,1.1522612567344352,1.1720215216566152,1.195236817194977
2016-01-06,1.2391095487839878,1.2176518001049215,1.313688898413525,1.4489914455626067,1.1396240903826218,1.1558628697496525,1.175082151302131,1.1545092607736447,1.1728878280995882,1.1947227852595752
2016-01-07,1.222232333482842,1.2083381912236006,1.2944950052413604,1.4175041666493655,1.1358916829590415,1.1501347791906944,1.1671589700749372,1.1501882666301406,1.1663685487423594,1.1858181939043937
2016-01-08,1.2139496050271477,1.2054186711451678,1.2872810713675449,1.405148956500459,1.1356760734136018,1.1488032452950632,1.1644943372730536,1.1497178199299374,1.1646999556519075,1.1827454526232926
2016-01-11,1.2136235335038164,1.203677445583125,1.2870194403532853,1.406667799762572,1.1331020642473888,1.1465078230790287,1.1624961824156723,1.1471825694640463,1.1624663526281127,1.180826128936361
2016-01-12,1.2167528101535852,1.2080988595006261,1.2929779294529056,1.4150115753628445,1.1365868794878855,1.1502279814627014,1.1664407293578447,1.15084297629133,1.1664108779863835,1.185051334530914
2016-01-13,1.2035804181866925,1.201358667670124,1.2773385709300928,1.3872666774943945,1.1350099680115895,1.146724841758346,1.1606426226140236,1.148607788198673,1.162029991684124,1.1781541657708248
2016-01-14,1.2095114705436742,1.2050842393899746,1.286864482460219,1.4043008598196625,1.13589503049734,1.148636491420023,1.1635919616894972,1.1498554756072437,1.164434781412563,1.1817282845882353
2016-01-15,1.1920835788612334,1.1970094695053766,1.26744563885958,1.371773770904355,1.13373010685093,1.1440454971468585,1.1564737294169691,1.1470876623538324,1.159029819151895,1.173604725950813
2016-01-19,1.196258331280951,1.198132791424455,1.2708141402205888,1.3772076443828722,1.133568185005947,1.144431937702339,1.1574162310306546,1.1469887027855115,1.1595037706389486,1.1746467509795
2016-01-20,1.1865464213082992,1.1951968368913521,1.262486009567097,1.3632451470811098,1.1334732118525035,1.1432530833715528,1.155130657069875,1.146760719328654,1.1581318312842268,1.1721341463553714
2016-01-21,1.189460309721286,1.1955127219926664,1.2647557938520135,1.3677425579701026,1.1327288219626825,1.1430039983506206,1.155451414671255,1.1461072733493143,1.1580062627580923,1.172604939946491
2016-01-22,1.2086481404911424,1.2053552101823923,1.284020011595512,1.3981595551016017,1.1371494853802688,1.149478205086823,1.1642045855776835,1.151044928660324,1.165171297848442,1.1822027873868086
2016-01-25,1.2009304525801663,1.2014651474157607,1.2746414117250264,1.382058378921088,1.1358708851089634,1.1471845473718751,1.160865546781804,1.1494721943565371,1.1624745577495763,1.1783565411352181
2016-01-26,1.214141353988912,1.2085553423331703,1.2860588302444715,1.398517196191574,1.1400909068134648,1.1525775365078643,1.1676769445745587,1.1539624832568296,1.1682137055113817,1.1855772498410717
2016-01-27,1.2052622975321852,1.2033051668745594,1.2762630742568457,1.3822218344637354,1.1378072167559912,1.149346542837817,1.1632432481589607,1.1513225930641198,1.1645100025639556,1.1805533047731518
2016-01-28,1.208197036593694,1.206196778593897,1.281958568444397,1.391382927636424,1.1393238277584763,1.1512881306188316,1.1655338145963519,1.1530177268113926,1.1666942915077236,1.1831519418522602
2016-01-29,1.2270856070842058,1.2187476871344776,1.3014819012182597,1.4193906400050325,1.1472290205598017,1.1608373560600072,1.1769830023467223,1.1614018692163521,1.176861550244179,1.1953449645875294
2016-02-01,1.2271491514343251,1.2177952592665824,1.3005781779731893,1.4190091704724748,1.1460937816852477,1.1598249258143252,1.176252104759489,1.1603857557611807,1.1760087957189915,1.194821227897451
2016-02-02,1.2127449957411214,1.2127407488626545,1.286048579747523,1.3937601637716988,1.1478907701077226,1.1599607200020432,1.1743991678061159,1.1610566272937253,1.1745460362344577,1.1909139189566507
2016-02-03,1.220856199688459,1.2156693434654549,1.2917975250755225,1.4016744860488448,1.1487595161454238,1.1615513237984765,1.176874060526975,1.1621555373477155,1.1764660029823106,1.1937709000467867
2016-02-04,1.2249131701362617,1.2184038127441252,1.2948827035477937,1.4049577206015142,1.1511005643261711,1.1642080281217533,1.179990192681732,1.1645346742464515,1.1791588060535327,1.196896572856962
2016-02-05,1.2123750361713372,1.2103330536659473,1.279329530246232,1.3795028070218038,1.1490511501929936,1.1612337889396709,1.1759398946017134,1.1613980544409708,1.1746790788415131,1.1908670166041537
2016-02-08,1.2029181958708528,1.2083789768679947,1.2706600194589197,1.3630091721261142,1.1526988838459793,1.1639134982237114,1.1774764468838501,1.1641486240659544,1.176111049972135,1.1907850003207483
2016-02-09,1.1956940092901946,1.205367421675615,1.2655573526046466,1.3561543986947244,1.1517526665476523,1.162529968337869,1.1755592446892615,1.1629562534563336,1.1743969536905112,1.188469314553858
2016-02-10,1.1996422517848773,1.2087788127630974,1.2687566329142899,1.359154803139101,1.1550423604251752,1.165901208097115,1.1790923174619279,1.166263426552207,1.177764644192763,1.1919736582853573
2016-02-11,1.1982415590912399,1.2090071248226724,1.2648445681058402,1.350923653662108,1.1581473448532966,1.1691701196638657,1.1829363541937217,1.1689788791724594,1.1804128154991027,1.1949165504224477
2016-02-12,1.2074270470741166,1.2114773987091965,1.2746036144443158,1.3693688354564162,1.1553963140037817,1.1675672102510106,1.1827015601265003,1.1671386075641719,1.180096340381011,1.1963528218665331
2016-02-16,1.2160988375761765,1.2155203613881687,1.286108815587097,1.3896515052124037,1.15343952821736,1.1663074961874245,1.182057732877322,1.166106681887943,1.180171430709576,1.1974960049475318
2016-02-17,1.2292201000436571,1.2221034153562744,1.2996615384758408,1.4116134342844178,1.154778615571649,1.1689877638795783,1.1864285740119702,1.1683558559162024,1.1841125500273653,1.2034710142335787
2016-02-18,1.2318537104856064,1.2245684707411215,1.298832982010667,1.4067809511028497,1.1591620073764388,1.1733196735617093,1.1909157487749202,1.1724005707880725,1.1879010812671782,1.2071769183689232
2016-02-19,1.2312234497901553,1.2245208909752887,1.29861620324742,1.4066512199402723,1.15902725302502,1.1730168890039343,1.1903912479203478,1.1722943674241042,1.187631191858629,1.206709971540431
2016-02-22,1.239689474506807,1.22949366644593,1.3093149655036664,1.4240035403492606,1.1596806196054765,1.1742512167453696,1.1921608034446556,1.1736249635713927,1.1898458819665751,1.209787354284721
2016-02-23,1.2318332088866697,1.2252821049446316,1.2991693201334464,1.4070866256750354,1.1596317225005723,1.1735220987779935,1.1907791968895045,1.172907826079572,1.1881373006203917,1.207101372309345
2016-02-24,1.233505782140425,1.2269002066896408,1.3018138993451727,1.411666380676428,1.1604740147584225,1.1745872852000026,1.192188945771474,1.1739636989384088,1.1894822136492862,1.2088708036680387
2016-02-25,1.2435040754584543,1.2339003854874964,1.311466591822867,1.4248179094177513,1.1647975842277114,1.1794329023918744,1.197736531161279,1.1787315718842515,1.1949013346681492,1.21513099480624
2016-02-26,1.2380603199187754,1.2294510532579226,1.3066640928700455,1.4198372600854645,1.1610595771233125,1.1754560132817504,1.1934260206989749,1.1749431121087948,1.1908742707724569,1.2107889994130558
2016-02-29,1.2379259316939835,1.2292415676400164,1.304520690725331,1.4147081583724532,1.162421443996945,1.176735291838654,1.194653287090178,1.1759887349706228,1.1917086501633158,1.2114071644460938
2016-03-01,1.2570632084998143,1.2368411990697976,1.3237467043585998,1.4475989791482955,1.1608508376061906,1.1770240121997415,1.1971891470623452,1.1759652634170528,1.1941587475747417,1.2167359924923828
2016-03-02,1.2629205467776776,1.2385726226511782,1.3278939720870695,1.4540854091493882,1.160881704501447,1.1777312197609235,1.198697714895761,1.176197302024269,1.1951290439422881,1.2185578236462813
2016-03-03,1.2705304032175913,1.2424280477881648,1.3332390867974404,1.4605674801587736,1.163518346171009,1.1809821509131782,1.2027017871314487,1.1790489676472702,1.1986532038004671,1.2228900671998533
2016-03-04,1.2744706880884225,1.2426808398144829,1.3365307761074767,1.4665960850091215,1.1622020484584448,1.1802875411457698,1.2026199314940913,1.1778347516755427,1.198110884371015,1.222987561884392
2016-03-07,1.2740423687780136,1.2414766256464556,1.3349001297141783,1.4643496031844379,1.1613485832287809,1.179402049936345,1.2017214527942395,1.1769664161741276,1.1972109310284789,1.2220813765761045
2016-03-08,1.2655502929733768,1.2394824639959432,1.3276505888896108,1.4511373783258676,1.1625459702895575,1.1793969188326268,1.2003025553168272,1.1777911288616438,1.196705066387771,1.2200529100326796
2016-03-09,1.2677771208278772,1.2397016145550332,1.330404195360024,1.4569429795403703,1.1615951456183982,1.1787767555538604,1.2000085622624128,1.176908567555956,1.1961910553435835,1.2198918460441606
2016-03-10,1.2691559237558867,1.2392410375256118,1.3303519781935482,1.4573438915533912,1.1612910560350571,1.1787062991500907,1.2002562236810794,1.17673428191171,1.196310989419652,1.2204082637053206
2016-03-11,1.2820260989825765,1.244941883934441,1.3437440699170882,1.4794321432923012,1.16203193398383,1.1808954896201325,1.204028289951585,1.1778258580885321,1.198952864315735,1.2246800794664927
2016-03-14,1.278909598754296,1.2441342131182955,1.3421411202068914,1.4771951045111622,1.1618518032943876,1.180316060764579,1.202937368543418,1.177491945837121,1.1981716441640686,1.2233370807626693
2016-03-15,1.2747223342804819,1.2420213821071324,1.3382178638378615,1.4719101670467634,1.1606328916828055,1.1787438815016782,1.2010679501281718,1.1762380825520478,1.1965455540258407,1.2214126967464942
2016-03-16,1.2886950742519012,1.251376715171027,1.3501089643054565,1.4864287286073332,1.1677070728180747,1.1866716584736183,1.2100822527347947,1.1836962512997677,1.2049535288726476,1.2310023580102587
2016-03-17,1.2967379031788997,1.255897595672658,1.357076980622079,1.4954618261539045,1.1705725575824477,1.1899596395542618,1.2137728331133792,1.1866137589719281,1.2083055819729025,1.234744071180571
2016-03-18,1.2974852253203977,1.2573315920561177,1.3590089552327043,1.4980717547540388,1.1717899294468506,1.1912372801277626,1.215095115798972,1.1878427887916208,1.2095976092411855,1.2360772608194945
2016-03-21,1.2950331509258306,1.255151453697354,1.3580871262897842,1.4987831176788244,1.169261723098481,1.188872823642942,1.212867737160882,1.1853347098178846,1.2072767562216002,1.2339092413501884
2016-03-22,1.2947878098156278,1.2543669927755523,1.3576670287641286,1.4990334368851932,1.1683477005280771,1.1880493954086533,1.2121854800742446,1.1844878598682493,1.206548675860892,1.2333580013152399
2016-03-23,1.2843996451267201,1.251421847251963,1.3499593678048472,1.4861194991535482,1.1685295673840703,1.1868334652607988,1.209251916736111,1.184156395052444,1.204651319379307,1.2295801417870509
2016-03-24,1.2824306501340899,1.2503541410159649,1.3483248243345571,1.4841300611811594,1.16792355752664,1.1860181672910053,1.2082115412745176,1.1835050288478572,1.2037818998956054,1.2284842744364313
2016-03-28,1.2859991203874492,1.2523854483769492,1.3506964895651699,1.4865599192123726,1.1693825160844673,1.1876182083603528,1.2099838445500766,1.184996491277673,1.205411518354302,1.2302769792955812
2016-03-29,1.302086658698979,1.2633355744616417,1.3650690490972068,1.5051824965241885,1.1768212882142062,1.1961511510616323,1.2199834631520758,1.1929495639873484,1.2145699273757704,1.2410067285596111
2016-03-30,1.3037634909950584,1.2640524383305478,1.3683304083658079,1.5111373961141328,1.1764161091240135,1.1960522914433724,1.2200962341220734,1.1925400836671682,1.2144790212997605,1.2411143888380671
2016-03-31,1.3041724962364,1.2660797242617952,1.3682159582288418,1.5087770518488024,1.179412924271291,1.1985837859972615,1.222159719993617,1.1954662755017835,1.216904614705213,1.2430537855620325
2016-04-01,1.3033844998967998,1.2665086413049835,1.3697211049743834,1.5127520985738259,1.1789272396288333,1.1982129363779466,1.222028652683536,1.195209791641362,1.2168213447910519,1.2432568114716893
2016-04-04,1.298969093461907,1.2650350681583284,1.3660638219588102,1.5067016845284098,1.1784005833062825,1.1970607264337114,1.2202159334174507,1.1947174888603986,1.2156881357171807,1.2414363162209665
2016-04-05,1.2913407074365741,1.2625259360712744,1.3577565789188635,1.4920826955338675,1.1777391570418383,1.195171540923333,1.2172022383335137,1.194437097177709,1.214252227506425,1.2389630678526797
2016-04-06,1.2992420983885755,1.2665595266522522,1.3671883796888826,1.5080744135841109,1.1801878289049654,1.1988849487852424,1.2221768338354317,1.1965028764713275,1.2175026059637153,1.2433865640809094
2016-04-07,1.2919026781846097,1.2643648575143809,1.3585138811985416,1.4918292053457927,1.1799017365025342,1.1971834802753938,1.2191083911785179,1.19672273982737,1.2164111797753687,1.2410494458997263
2016-04-08,1.2982217950057895,1.266139344747426,1.3634931789782923,1.4994412045402945,1.1802082994130672,1.198205245181455,1.2207298640815365,1.196996953673394,1.2174224219183567,1.242685308877623
2016-04-11,1.3013780935683268,1.2671616118524813,1.3647938442286152,1.5003720981764777,1.1808254266357936,1.1989564097121281,1.221576253689177,1.1978463952718923,1.2184865585874016,1.2439433406049123
2016-04-12,1.3093981831999972,1.2696019049493743,1.3722464078027485,1.513440399053152,1.1815294726316512,1.2008851753073202,1.2247256819250514,1.1983028244351237,1.2201370734354096,1.2467881343225942
2016-04-13,1.3163229968835781,1.2741066925226148,1.3815776666472415,1.5282468804630414,1.1845500788118162,1.2049812944916283,1.2298183661762976,1.2009886497366304,1.2238281254320642,1.2513897161191594
2016-04-14,1.3122088331038593,1.2712246303833692,1.3790626628920162,1.526200466175194,1.1820429149384966,1.2024293627219924,1.227135693010615,1.1982804522766033,1.2210149833445725,1.2483662645218443
2016-04-15,1.313566301464168,1.2733577985890954,1.3794432229288698,1.5246636074325663,1.1844665450592746,1.2044513098717609,1.2288118007372062,1.2008920691901839,1.2232601478252954,1.2503084415029004
2016-04-18,1.3181412497910394,1.2755766658586827,1.3842297503195953,1.5325434826562379,1.185840703159522,1.2064515391506063,1.2314569256834684,1.2020997433591216,1.225061505045008,1.2527215070976165
2016-04-19,1.3254847978777988,1.2776966104563017,1.3888106282787371,1.5387483610336403,1.1867427080568522,1.2080629621246826,1.2336904778165882,1.2031935723063776,1.226955172976362,1.2553526629018343
2016-04-20,1.3203151001690223,1.2734167009392845,1.3853934975182143,1.5365236279145753,1.1831167370153999,1.2046184835814109,1.230339266196958,1.1993771062939746,1.2232736426924466,1.2517079236825868
2016-04-21,1.3140110029652217,1.269678958288623,1.380173802601862,1.5298838354696547,1.180452985231099,1.2016901926245735,1.2271300989916694,1.1967448982333497,1.2203804913840108,1.2485402705635122
2016-04-22,1.310048840102092,1.2668644154797988,1.3753616031972054,1.522256374476356,1.1783374458625393,1.1988525475022902,1.223471563519495,1.1946696829782573,1.2175743503956558,1.244886789265407
2016-04-25,1.3092945403105065,1.265772204220505,1.3735696717528776,1.5199813222143508,1.1773156374050886,1.1977261498717373,1.2223348097023221,1.1936619164338258,1.216464298618087,1.243775746721976
2016-04-26,1.3119902349597914,1.265806308778696,1.3746983843689788,1.5217585892434844,1.17680903072997,1.1974596686036876,1.2222564063257022,1.1932211874908527,1.2162987503371065,1.2438399678637755
2016-04-27,1.3139121820416793,1.268856234919891,1.3764260440978195,1.5214529383498303,1.1799143777852332,1.2002410454501642,1.224679265706612,1.1965321538142282,1.2193335170261235,1.246565375278933
2016-04-28,1.3101364703591774,1.2677840509117975,1.37047858809798,1.5097441811259233,1.180108062084581,1.1994293598701025,1.2229339719761976,1.1972091557581852,1.219118193986413,1.245553728948093
2016-04-29,1.3087266741912065,1.2664281882336157,1.3674090565741213,1.5045202436905527,1.1792925497862565,1.198427122917478,1.221779896415718,1.1966906809379336,1.2185013339969832,1.2449004945132516
2016-05-02,1.3139409465680039,1.2683930358974858,1.372372050946628,1.5135097396299664,1.1801734573721665,1.2000026747025383,1.2241419152197957,1.1973693353150785,1.2198248856565597,1.2469590444189984
2016-05-03,1.304797346911958,1.2661773354262376,1.363726792385145,1.4980969459123137,1.1806933021022001,1.1992162264824033,1.222096936724343,1.1977078577760223,1.2187597083279083,1.2445710818561646
2016-05-04,1.30011781921546,1.2643381058157912,1.3582611714812254,1.4888113678694643,1.1801624621468658,1.1978489674344623,1.219935485279449,1.197045560828932,1.2171912019260203,1.2421576977495326
2016-05-05,1.3008115752374299,1.266247314633303,1.359214431521936,1.4887059156387155,1.1824399380684303,1.199858770965301,1.2216567967696659,1.1992984840533916,1.2191594464294844,1.243825414756882
2016-05-06,1.3056257089703245,1.2674275452946169,1.3623598034145041,1.4944125018456538,1.182358226523859,1.2003573093386055,1.2228908721063516,1.1993584533126653,1.2198371972854951,1.2452773528291936
2016-05-09,1.302781253929171,1.2673680302390204,1.3612514772770252,1.4927164902228913,1.1826661307388506,1.2001679883396128,1.22219331496564,1.1994908150014736,1.2193946730556866,1.2442440929895349
2016-05-10,1.3127509615994182,1.2729453052126023,1.3720995451106046,1.5097586608983184,1.1857554616694712,1.2044228649732929,1.2276828977712702,1.2027613887778734,1.223895441333744,1.2500185783455076
2016-05-11,1.3060606437003304,1.2696830657766012,1.3656613005602207,1.4991609238293577,1.1843077023677084,1.2024554865869883,1.2250997535391936,1.2012747105396102,1.2218903571432405,1.247414797846242
2016-05-12,1.303988725438376,1.26746674040941,1.363261399505171,1.4964685345897935,1.1823322874557038,1.2002862655997828,1.2226824292775629,1.1992092208128045,1.2196086709273777,1.2448593450210668
2016-05-13,1.2976713619243871,1.2660648676094985,1.357627199495151,1.4862776291295874,1.1829758272667754,1.2001094822556744,1.2216761908052862,1.1997732094713682,1.2193123493767286,1.243718880589928
2016-05-16,1.3058784260257084,1.2689316170986447,1.3654943100270795,1.5001783038453715,1.1833755568426767,1.201587880632058,1.2243415630183159,1.2003275702849547,1.2209999491442916,1.2466269618012542
2016-05-17,1.297393358910261,1.26340604673212,1.3569470531640362,1.487527826958795,1.179755131661561,1.1973709827573644,1.219385916209903,1.1966058311664949,1.216672151138162,1.2415621114172182
2016-05-18,1.289116719166242,1.2565585974202154,1.351425127851172,1.4840047509090901,1.1734171281214256,1.191040325664892,1.2129233305362366,1.1900733265316066,1.210119752864649,1.2348340958020805
2016-05-19,1.2832753783267936,1.2542788749376306,1.3467186137177003,1.47661371526812,1.1726416701435212,1.1897237357630805,1.2109961599374421,1.189183185330511,1.208653623722509,1.2327320059781193
2016-05-20,1.2902008896220827,1.2584391848069811,1.3539459100941296,1.48758200803913,1.175101944560825,1.192813979507238,1.2147862254500967,1.1917515963896443,1.2118807525448325,1.2366735810806577
2016-05-23,1.2885896639686507,1.2577935569925778,1.3525541826566183,1.485370201397238,1.174758534392144,1.1922948711758916,1.214087017065517,1.1913671146300195,1.2113032187347628,1.2359003524623318
2016-05-24,1.2967582579364296,1.262331660258466,1.362835787219885,1.502975726172241,1.1765453558004333,1.1950618284428682,1.217898105907116,1.1932026781885436,1.2141312359714038,1.2397495169538395
2016-05-25,1.3021667683907352,1.265226300945599,1.3689549793926599,1.5127302175159103,1.1779779177340683,1.1971274101872778,1.2205925086666187,1.1947125426539824,1.2163077297716534,1.242568809787688
2016-05-26,1.3047510370742188,1.2679041817661771,1.3720209548780309,1.5160764481732663,1.1802318858023575,1.199413567042181,1.2228945217560172,1.1969867868773563,1.218614634771749,1.244886104068391
2016-05-27,1.3053894727579474,1.2680986962369118,1.3734965952338734,1.5195144947746841,1.1799885036240219,1.199300494644214,1.2229237566602342,1.1966964339695125,1.21843798106102,1.2448282499939278
2016-05-31,1.3056740685152468,1.2687883628504162,1.373689490597366,1.5192542155392035,1.180786680372282,1.200045165442468,1.2236456056372476,1.1975183090709853,1.2192073460392387,1.2455825985716056
2016-06-01,1.3055962465041546,1.268607454798507,1.3737651049726258,1.5197738162852457,1.1804326116986754,1.199746799027414,1.2234239395047124,1.1971784041081461,1.2189228327374688,1.2453728651109077
2016-06-02,1.3091426880267245,1.2720997120206055,1.3776670383280982,1.5241083339873065,1.1834852038435606,1.2028019289444456,1.2264733137441928,1.200278313506084,1.2220297895388537,1.2484789252826622
2016-06-03,1.3190503415231742,1.280138805675889,1.384551647974197,1.5285844454869095,1.1913260595597222,1.210883773772419,1.234904204567011,1.2082386623770676,1.2302517924663101,1.257070841366271
2016-06-06,1.321306328004972,1.2802976144632578,1.3874451048392196,1.5344990663529074,1.190627893353215,1.2107671666841913,1.2353155337376447,1.2075568298130042,1.2301749879435104,1.257534737873588
2016-06-07,1.325119259143436,1.282468648578121,1.3904397362802645,1.5378513357381878,1.192171405191697,1.2124733626664541,1.2371376767374571,1.2091459789186212,1.231933106150124,1.25941316058405
2016-06-08,1.3312868224253251,1.285674393603965,1.3948208484510936,1.543529363882252,1.194424642592396,1.2152473037520652,1.2405565320151684,1.2115154549379914,1.234845753534594,1.2629953417053963
2016-06-09,1.328465679928007,1.2851089120657062,1.3918176779547053,1.5383823516784856,1.1947762215719007,1.2151834044697394,1.240210146992663,1.2118522749279828,1.2347510855954797,1.2626123125892974
2016-06-10,1.3166960639241285,1.2807696398287791,1.3803029806295148,1.5194226087147815,1.1936331192416838,1.2126229148049121,1.236382610222785,1.2105471329291075,1.2319734013919326,1.2585287808111065
2016-06-13,1.311220001268587,1.2785251415885779,1.3737912904558427,1.5081780017549369,1.1931574444126094,1.2113899571555506,1.2344869449694478,1.210000306449806,1.2306405706719215,1.2565155900248692
2016-06-14,1.307477039557717,1.2767161669036107,1.37046822980466,1.5036310598078588,1.1920389161057618,1.2099619576050666,1.2328191659337162,1.20884352178735,1.2291646791774102,1.254794550184191
2016-06-15,1.3132557178219426,1.2803702889547186,1.3742494212918999,1.506817703983311,1.195136807651567,1.2131996380703896,1.2361969746966954,1.2120223265464254,1.2324929598321939,1.2582745281294843
2016-06-16,1.3133420807621512,1.2813233432986542,1.375479321598119,1.5086789941176142,1.195816850027417,1.2137481848176248,1.2365985126404473,1.2127134319134116,1.2330440620433636,1.2586724614693154
2016-06-17,1.3141022001956808,1.2793268070261268,1.3733092217369987,1.505231537438658,1.1942028723106248,1.2122867873513716,1.2352012962996313,1.211078689831588,1.2315687549914973,1.2572660247468566
2016-06-20,1.3209780841064553,1.2805083053693074,1.3799786149534325,1.5174563099843046,1.1930549154810524,1.2122174102580399,1.2360685051489577,1.2100209533743087,1.2316269481311277,1.2582836555117032
2016-06-21,1.3213499059946838,1.2800741094442274,1.381726617523538,1.5214639827606453,1.191760115695872,1.2109983697314486,1.2347510280492595,1.208718995744758,1.2304011582502166,1.2569541838304399
2016-06-22,1.321286686031605,1.2806347651480683,1.3816069472532098,1.5202998338820295,1.192539750420091,1.2116732616859136,1.2353156231547524,1.2094852404666776,1.2310591767699395,1.2574969102108549
2016-06-23,1.3329189352809077,1.2847789093436441,1.393602016386601,1.5408965361011713,1.193277999901707,1.213905524029897,1.2389028730387681,1.2103934238074352,1.2335188436609714,1.2613532222028796
2016-06-24,1.3054563908336383,1.2753811602901786,1.3617007492256337,1.4844410505340524,1.1932164394140907,1.210051966577459,1.231876490970047,1.20997147172229,1.2291677659057254,1.2537452377515999
2016-06-27,1.2977045769534188,1.2741727667519134,1.352324596682773,1.464938152241273,1.1951723938632273,1.2104337368187648,1.2307225061428229,1.2117827531931027,1.229347483787003,1.2523449323271916
2016-06-28,1.3142785698422146,1.2833413839665027,1.3695823795120017,1.491549056167825,1.2000690189683358,1.2167515904143484,1.2384081230266522,1.2169593367923386,1.2360027916415153,1.2604186030951192
2016-06-29,1.3287154624735753,1.2895062981301613,1.383486680011599,1.5145650045738517,1.2025338009502204,1.2208256242467552,1.2441079830151205,1.2196760808636073,1.2403953839318604,1.2664965469731102
2016-06-30,1.3401589243090646,1.2969023283661187,1.3949832945616008,1.5311400897551397,1.2076690859098533,1.2268940159262238,1.2511995533365718,1.2250053775930358,1.2466949728821857,1.2738551303852104
2016-07-01,1.346489537732322,1.3013600263432716,1.4003686337243149,1.5376063933337045,1.2113256410087883,1.2309935492827442,1.2558596146713557,1.2288279964620288,1.2509913270774609,1.2787303900766867
2016-07-05,1.3420241847396412,1.3014185826306606,1.3947605437170219,1.5262742998124064,1.2141793752575298,1.233174434782321,1.257518549798583,1.2313622931839427,1.2527321331503645,1.279851709950352
2016-07-06,1.3442582612792062,1.3038634696378422,1.3982076958495147,1.5316660231050185,1.2162597388350322,1.235486276949819,1.2600941037297901,1.233623727791495,1.2552620222315867,1.2827001664976643
2016-07-07,1.3408216683569827,1.302024698122723,1.3963738451456722,1.530152709573747,1.2146613188314286,1.2338148259012254,1.258265249093704,1.2320917901158421,1.2536577968842122,1.2809578732886853
2016-07-08,1.3563012727271717,1.3111114661237908,1.4112552915820933,1.5518843589030356,1.220033154696229,1.240305760809556,1.2661426489352765,1.2377981346322473,1.2606016511487899,1.2893560750808009
2016-07-11,1.360112207972978,1.310604030839497,1.4147736078822823,1.5596480761213736,1.2175904182931214,1.2382689277250645,1.264494646793067,1.2353902181959149,1.2586644208308926,1.2878319155710043
2016-07-12,1.36256703786899,1.3094612574500468,1.4183713162241234,1.5683155381490803,1.214293636233779,1.235360258494322,1.261863631069636,1.2321748491072557,1.2559038900556496,1.2853800688580757
2016-07-13,1.3648034173393844,1.3114501759347432,1.4193404311533935,1.5681000527977091,1.2165438673324658,1.2376417359905503,1.2642783865833302,1.234412223733542,1.2581653450872654,1.2877675661109849
2016-07-14,1.3672175220155882,1.3115721598288455,1.423337447186483,1.5763208405537406,1.2149952786763958,1.236465108158518,1.2633230867130656,1.233066470655342,1.2572679096325112,1.287160958287772
2016-07-15,1.363604049654453,1.3075555236675345,1.4194727755577876,1.5727510376132094,1.2110159964360578,1.2325115195515512,1.259426107471645,1.229019166676015,1.2532416959147998,1.2831783692614667
2016-07-18,1.3678990963835913,1.309812944587804,1.4237479549839507,1.5793905105585753,1.2120841942461773,1.2339404886021323,1.2612689262445138,1.2302056684141476,1.2548321105549487,1.2852130735245695
2016-07-19,1.3657801971232906,1.3102061345824498,1.4215295491315707,1.5745880986826597,1.2139055846234297,1.235363481475287,1.2623218411461505,1.2318550720967536,1.2560206957317557,1.285982129763954
2016-07-20,1.3680945564231792,1.311218009851246,1.42585611597723,1.5829737447052312,1.213319488403534,1.2350328463583216,1.2622002334836466,1.2313712973616202,1.2558309408305501,1.2860204710819292
2016-07-21,1.3691715920525804,1.3122316030377856,1.425231081966325,1.5804412080364845,1.214875375410308,1.2366427273721214,1.2639815622099009,1.2329520963361582,1.2574643889549924,1.2878338387674015
2016-07-22,1.372443159576356,1.3138787355201451,1.4287166526358164,1.5861303124903938,1.2156117430266118,1.2375205136676428,1.2650221523389449,1.2336418890551892,1.2583054143625256,1.2888233292285447
2016-07-25,1.3682238132179387,1.3114365978780675,1.4253299374444572,1.581921208312731,1.2138184704734942,1.2354709107449011,1.2626833645145141,1.231762347750317,1.256136848856407,1.2863384700759197
2016-07-26,1.3705335314500884,1.3126400489477472,1.4275592039617533,1.5849837502927713,1.2142716709273027,1.236180770774755,1.2636447316054435,1.2323743653793537,1.2570433794240161,1.287534560146001
2016-07-27,1.375315790456317,1.3172271833339326,1.4323978031701459,1.590150746308593,1.2183021745770286,1.240553175859781,1.268417805659429,1.2367100811404586,1.261772166362012,1.2927369974138176
2016-07-28,1.3771900918393956,1.318413851219242,1.4340560755609306,1.5926084858016654,1.2191041979081865,1.241428332296504,1.2694595059963716,1.2374498645245615,1.2625764394908503,1.293681773957136
2016-07-29,1.385851642817197,1.32412453445441,1.4407241641968294,1.599978426937406,1.2237752849370853,1.2464324199024022,1.2749452339067078,1.2421897506894988,1.2676836444910062,1.2992813923395514
2016-08-01,1.3848604057357863,1.322144777387535,1.4394943917178566,1.6001491981219205,1.221198217089789,1.2440254221103582,1.2727889860065587,1.2398129087113565,1.2655175413888402,1.2974035358624123
2016-08-02,1.3780387081561574,1.3168517308514793,1.4322991394143019,1.5904874308043013,1.2165899013300963,1.2391938373998097,1.2677186376096161,1.2354655333663818,1.2610011852746574,1.292712118069026
2016-08-03,1.3775397257156303,1.3175987318295423,1.4334816042610896,1.592465547547233,1.2175371730502975,1.2401628139056142,1.2686756164927537,1.2362869108348584,1.2617923702679716,1.2934271600211116
2016-08-04,1.3805068960511688,1.3204003132210393,1.4369964889546603,1.596595247665358,1.2200185621256132,1.2428131564537666,1.2714455263901152,1.238808643558212,1.2644930006425978,1.2962630963210535
2016-08-05,1.3817130681155128,1.318861234978626,1.4401242798858287,1.6054761165195461,1.2182295894356778,1.2419052717897872,1.2712937779047913,1.2361101189544552,1.2625013478905618,1.2948560742215676
2016-08-08,1.3831877371415122,1.3193400724848654,1.4411112991507995,1.6066510287232432,1.2184054199816545,1.2421018161890804,1.271439739126262,1.2363617598505103,1.2627851411595656,1.2950989941761475
2016-08-09,1.388947004060559,1.3237598042982874,1.4462084709411314,1.6121553986887271,1.2221078249585569,1.2459598904941749,1.275440960589596,1.240192029435703,1.2668149511524933,1.2993268845677481
2016-08-10,1.3899944439680836,1.3250868058753522,1.4466870561786196,1.6112603406399977,1.2232323505690428,1.2469355882313742,1.2762615600376375,1.2416000766190074,1.2681380070572819,1.300563382246477
2016-08-11,1.3906985754418213,1.3234815851087458,1.4487312415485438,1.6172839737526727,1.2213707870050101,1.2458807390649729,1.2758370831032582,1.2392190195937283,1.2664749040417511,1.2994591479193907
2016-08-12,1.3909246838541045,1.325523598344977,1.4493972155106554,1.616544811520049,1.223508290304011,1.2476115257024518,1.277209558683345,1.2415466508621527,1.2684092493405976,1.301029288961209
2016-08-15,1.394339092321672,1.3257481272567384,1.4523324380647487,1.6224962566906243,1.2232174531234659,1.2480641973290556,1.2783673623705343,1.2408953954442268,1.2684707178032997,1.3017963727570772
2016-08-16,1.389807765980681,1.3225388337880328,1.4476348765212403,1.6157544666544492,1.2205206863560956,1.245070808380323,1.2750168114132117,1.2384959617121312,1.265814060822728,1.2988170110966646
2016-08-17,1.3905518472566367,1.3242131125051628,1.4487311431331795,1.616593042520603,1.2223799317778992,1.2467669664430046,1.276612889997164,1.240379714367167,1.2675237919316367,1.300404596296896
2016-08-18,1.3943192094793195,1.3268758489174868,1.4523977661141148,1.6210272520688402,1.2245509846780724,1.2492243421493592,1.2793013631757777,1.2426140293464842,1.2700735979698472,1.3032308362494878
2016-08-19,1.3881308034571926,1.3225473340004317,1.4475378309791345,1.615929614358591,1.2209691974300434,1.2454216493606332,1.2752528733472066,1.2388692038558964,1.2660411084305188,1.298864049762407
2016-08-22,1.387330996417222,1.3235239675616153,1.447087547828636,1.6142875969822283,1.222310010441589,1.2463941415236144,1.2759464288883668,1.240303344981425,1.2671066141760203,1.29963261676427
2016-08-23,1.3881254309210593,1.3241400700400345,1.4481543823011065,1.616060000575214,1.2229725342211288,1.2471715512867247,1.2768505751399175,1.2408659015579853,1.2677664177780115,1.3004028964952337
2016-08-24,1.3834004500174695,1.321325410380555,1.4439766016243447,1.6096958525534748,1.220388789066578,1.2440056625107312,1.2729656973529837,1.2385719399267647,1.264904896585227,1.296805197548248
2016-08-25,1.3825586028522683,1.3199687370430375,1.4424876088429535,1.6080674758059619,1.2190431080944402,1.242610427576591,1.2715401737810483,1.2371994440223713,1.2634804839467926,1.29534708544212
2016-08-26,1.3770781752959769,1.316056021194557,1.4380833090306762,1.6035913879292867,1.2159787383289813,1.2394464893727342,1.268272601700883,1.2339937543148118,1.2601164692265923,1.2918081502675447
2016-08-29,1.3831976703954931,1.3210721964693808,1.4437773480615053,1.6099972588143847,1.2203102220128894,1.243921648334532,1.272931347242904,1.2383666958655255,1.2646594831223148,1.2965691602537577
2016-08-30,1.3794967148591362,1.319126668248093,1.4409387088353587,1.6060095360634268,1.2186773953668437,1.2419066573189057,1.2704772833959717,1.2368162335535915,1.2627135731087062,1.2941466314354129
2016-08-31,1.3761008040815335,1.3171316377536941,1.4376198078577334,1.6014267593299598,1.2172197458478846,1.2400828849081826,1.2683176407183598,1.235437378826912,1.2609584176357747,1.2920267264925747
2016-09-01,1.3797689240853914,1.3195071340152413,1.4411090623184246,1.6058283308037857,1.218900524796661,1.2420500385311823,1.2705358684251555,1.2372522967775772,1.2630932816920455,1.2944518149171105
2016-09-02,1.3884963412335298,1.3220620869542654,1.4474545947230637,1.6160532639404157,1.220975809677511,1.2453550119879198,1.2749734822652812,1.238497757813931,1.2655441600430628,1.2981328192934076
2016-09-06,1.4004783403093983,1.329497074555148,1.4574129238921851,1.6284252065555709,1.2271794463585983,1.2524912839227555,1.283051960880071,1.2444670768371906,1.2725351952737414,1.3062479347124394
2016-09-07,1.400720118961431,1.3299762133163917,1.4576001247802608,1.6283900174731216,1.2276048098554844,1.2527483694435424,1.283165751462526,1.2449405869206984,1.2728342070974266,1.306384069360426
2016-09-08,1.3937963879740811,1.3240187945517765,1.4513130990177123,1.6215244904830919,1.2222803920074852,1.2473232198721445,1.2775395103240796,1.239569193220078,1.2673243969839312,1.3006250032172924
2016-09-09,1.3662616818829942,1.3072302563288427,1.4253564867942727,1.5843174289850626,1.207026970511565,1.229618161941163,1.2573519789704457,1.2265047765336587,1.2519199658437772,1.2826556930208102
2016-09-12,1.3763527764458359,1.3137366807733077,1.4366546820112682,1.6022477513460747,1.213670364041878,1.2376104479581882,1.2667372223772069,1.2315304727196588,1.2581293704346792,1.2901867401762912
2016-09-13,1.3579837307110698,1.3030594192772025,1.4203614738317638,1.5798262893001407,1.2043568186319835,1.2267504435202756,1.2544143981027691,1.2232622544939584,1.2483323240671789,1.2787961985005687
2016-09-14,1.3607339568094017,1.305546321420752,1.4230371116182758,1.5828717306392033,1.2065650551534342,1.2290425227784287,1.2568484156501296,1.2254510488835746,1.2506233089572547,1.2812500235839996
2016-09-15,1.3691206635370112,1.3107118716105737,1.433070765312738,1.5989408232400422,1.2115365083452745,1.2352113201444617,1.264100785377536,1.2290942576275135,1.2553142936679609,1.2869515083415655
2016-09-16,1.3649637408630109,1.3094263631446317,1.4294701408697499,1.5930930816799498,1.2103683289697034,1.233304721773037,1.2615979773949788,1.2284394578277575,1.2539709112218367,1.2849816857778027
2016-09-19,1.3679132535227656,1.3094531230352366,1.4304320398098964,1.5945145206723765,1.2099143161791248,1.2330864865747504,1.2615482332613004,1.227988783717604,1.2537939099176372,1.285048401025477
2016-09-20,1.3696027874621035,1.3108462010891744,1.432293064694615,1.5967833608611555,1.2111938075170783,1.2345610666683018,1.2631734103527235,1.229169539718021,1.2551547352616663,1.2865715264523248
2016-09-21,1.3864187336742186,1.3200148019277766,1.4471019643204408,1.6176499746096424,1.2192920909959724,1.244358978072863,1.2745577653277622,1.2362158935451706,1.263874646868643,1.2970029130350802
2016-09-22,1.396229724029773,1.3263636532587983,1.4559521911978828,1.629519102559077,1.2249960717945934,1.2507458120765003,1.2816482675711909,1.241347778116503,1.269663301532021,1.3035356295551437
2016-09-23,1.3910612570439356,1.3236526761572112,1.4500864102399413,1.6201390708962093,1.22244229092074,1.2473471170068064,1.277546805801527,1.2395208931497759,1.267072123638244,1.300258847157937
2016-09-26,1.3849894219337535,1.3215900665612226,1.4435493333122726,1.608390257311316,1.2202975850462074,1.243919857193358,1.2729828156020526,1.238596620098447,1.2649903266081828,1.2970669856813826
2016-09-27,1.388461609882074,1.3249525026809368,1.449813404108868,1.6181357136197287,1.2235693209877614,1.2478319747594957,1.2773784310838217,1.2411901218195702,1.2681211520213855,1.300604951474644
2016-09-28,1.3932640297364456,1.3271696475185382,1.454168325216723,1.624752584772268,1.225418677948224,1.2501506473778359,1.2800824011943344,1.2426317848395954,1.2700004283575974,1.302879672379152
2016-09-29,1.3827551118907173,1.3222710896275127,1.4447283994057565,1.6102414559028293,1.2211211053376854,1.2446278843897325,1.2734373857122057,1.2393708782504886,1.2655797386175438,1.2972939397697758
2016-09-30,1.3850683833098576,1.322970572493783,1.4486394035670913,1.61822151711042,1.2223552818248318,1.2467746463765692,1.2763782262627852,1.2395303068241612,1.266499127157656,1.2989187790974979
2016-10-03,1.3809281820454593,1.3199878836320929,1.4458956929453068,1.6154096369404123,1.2191772420580629,1.243558688596612,1.273003722211325,1.2366866009122721,1.2636385991264145,1.2958945090214047
2016-10-04,1.368115221787681,1.3120235651787469,1.437076450746218,1.605639477913423,1.2116070614434746,1.2345425340093463,1.2619558415586993,1.2294730179185767,1.2551623791301127,1.285632907704468
2016-10-05,1.3683338862243188,1.3114498871551281,1.4392864190507146,1.610857881843472,1.2103694508373875,1.233826530122814,1.2617025443021865,1.2283266752221427,1.2546235256126952,1.2856359766266197
2016-10-06,1.3657290289220727,1.3097853794177778,1.437521781181474,1.6091465468387502,1.208571065819504,1.2315849659316997,1.258878540582367,1.2267244033848177,1.2526299685617603,1.2831312536974755
2016-10-07,1.363207037071816,1.3089827337507491,1.4350473619234785,1.604760229020192,1.2086596504810667,1.231367197631974,1.2583550175489537,1.2266603783558205,1.2522108368561669,1.28234914827077
2016-10-10,1.36865612916288,1.310820619716035,1.439854723136454,1.6131625523390603,1.208825225242182,1.2322449500103159,1.2600565167465094,1.227051447000654,1.2533736958336206,1.2844039606755946
2016-10-11,1.3547683336196865,1.3031398313488998,1.4261324309448815,1.5923209921048593,1.204576632029967,1.2266528297881816,1.2529918728956428,1.2223787779372959,1.2471942455880474,1.2765641726839108
2016-10-12,1.3563753559112772,1.3039019896450554,1.4266585069872049,1.5927461040675568,1.20504988455453,1.227120641133237,1.2535193649919751,1.222897806175615,1.2476937666267394,1.277116312415238
2016-10-13,1.3553693827148092,1.3042213271427443,1.424739060211679,1.5882963144357711,1.2062473802321763,1.2279139618167647,1.25393637047108,1.2239690130047123,1.248284938047606,1.2772493336402222
2016-10-14,1.3537363865026806,1.3021428050103618,1.4237407588605315,1.5885448901964607,1.2037475042608157,1.2254661203986892,1.2514681278002044,1.2215980949543301,1.2460189264518835,1.2750262566922141
2016-10-17,1.353467780430401,1.3029053911950852,1.4229309574268807,1.5857138994676983,1.2052223723751243,1.2266431135379456,1.2523400206811068,1.2229561979700339,1.2470237317436519,1.2756572371550776
2016-10-18,1.3634017882230856,1.3088706490637054,1.4323829249154791,1.5990505137437938,1.2091698577507755,1.231470811823308,1.2581466839030213,1.2270796124010508,1.2521101893853468,1.2818111894411204
2016-10-19,1.366849589352669,1.3106824468980347,1.435104031040591,1.6026608571720344,1.2105199907544055,1.233198137978504,1.2603330505263732,1.2284248230139503,1.2538272850461523,1.2839726958352164
2016-10-20,1.3649744112929951,1.3093514191636424,1.4334430941825578,1.6005120606285144,1.2094353614599989,1.2319386591849137,1.2588312499387961,1.227351393637024,1.2525804650576915,1.282486203598736
2016-10-21,1.365057724778171,1.310220191658522,1.4343614139942868,1.6017691733448538,1.210408251584225,1.232932991430979,1.2598687739879144,1.2283082354472667,1.2535614672986308,1.283513843532995
2016-10-24,1.3680755816691927,1.31149820082163,1.4383294513194032,1.6095611448843263,1.21016322733641,1.2332315501694318,1.260794676050284,1.2282703601313933,1.2541630072994012,1.2848671503242743
2016-10-25,1.3679307010002444,1.3109519526535394,1.4370817124737636,1.6071619703785083,1.210196461712435,1.2333990819709137,1.2611791911404655,1.2281309382149743,1.2540819393405647,1.28489936161382
2016-10-26,1.3599577019280995,1.3059626889008762,1.4303178721222112,1.5984042373384768,1.2066195759550353,1.2293317614946666,1.2565217435429745,1.2244330822780598,1.2498604095762065,1.2800490950124832
2016-10-27,1.3519488682835874,1.3004762861597148,1.4238960151002027,1.5908690462934452,1.202827758398749,1.2255268224068256,1.2526951107886914,1.2204017294168426,1.2457452807566092,1.275810103768104
2016-10-28,1.350823696937299,1.299500655242763,1.4214892821813414,1.5864895780079444,1.202613220974383,1.2252083893212207,1.2523166601892315,1.2200228806070712,1.2451847997754206,1.275092371522944
2016-10-31,1.3552279862494099,1.30180501511742,1.4239855689178238,1.588966328234857,1.2041996086208544,1.226869739041219,1.254100128918703,1.2216835942609539,1.2469157955582733,1.2769431211859403
2016-11-01,1.3479890865913569,1.2979055276148355,1.417345706129033,1.5788086886173438,1.2026388052427437,1.2249951158219532,1.2519249440341913,1.2197464404590384,1.2445459177643092,1.2740970488511203
2016-11-02,1.3419590327406765,1.2960268029766442,1.4117371063230615,1.5687840711743488,1.2030314454035997,1.2247088424979502,1.2509964749878855,1.219866723994766,1.243897573846561,1.2726658754985003
2016-11-03,1.3382055998088391,1.293009432078125,1.4070098037739047,1.5615074056580869,1.201159830918084,1.2226767244815115,1.2488157098356147,1.2177891276886355,1.2415942320458542,1.2701199665821707
2016-11-04,1.3364395180892426,1.2937110359283244,1.4049899635298049,1.5567485885579595,1.2026126441835867,1.2234001768096388,1.248853644752565,1.2193059460849647,1.242367213292203,1.2701824454524961
2016-11-07,1.3511894381440208,1.3005775326789488,1.4216875060639038,1.585446077575454,1.2043358132356037,1.2268863839527142,1.2540096564537326,1.2215838551373557,1.2466645117302066,1.2765087140348135
2016-11-08,1.3539383788357366,1.300678746901105,1.424552009471034,1.5917757147055716,1.2030521633725415,1.226174504865355,1.253884828327866,1.2204417332859863,1.2461448584950063,1.276657204187621
2016-11-09,1.3442975946761515,1.2900254807043947,1.4166064062540258,1.5889141197912109,1.1928856500895078,1.217214344055377,1.2464363236098952,1.2099750621715624,1.2367407010838214,1.2686576342629368
2016-11-10,1.329825908858684,1.2803221067476551,1.4041301367404513,1.5735908419697548,1.1855349485207825,1.2090155930435813,1.2372228365249305,1.202430199923983,1.2282486797258174,1.2590447430992557
2016-11-11,1.3221216076892435,1.2759951209415592,1.3981529518674063,1.566419383203884,1.181560090715729,1.2040235067610578,1.2310054785298368,1.1986713888641243,1.2235152737827668,1.2531611434340184
2016-11-14,1.3194498599608084,1.2712483412708306,1.3928227351391562,1.560433081533287,1.1761398727476542,1.1983549912485452,1.2250885588929654,1.1934634747292523,1.218064484813123,1.2475022753409692
2016-11-15,1.3270908956430372,1.2758332622672677,1.4016441305076492,1.5744544534107856,1.1792562795747945,1.2026941606519013,1.230799743396008,1.1965545990324271,1.222434108818035,1.2533032952489753
2016-11-16,1.3242346898582624,1.2759894895707222,1.4003991899600075,1.5723708163198673,1.1799984046481122,1.2028277888612904,1.2303351289302116,1.197411638699836,1.2226969143154909,1.2529701811145468
2016-11-17,1.3239767817027661,1.2741237413298767,1.4017416139101861,1.577781133578453,1.1773840874627055,1.2010543623922905,1.2294055411292009,1.1947059408625922,1.2208511390505161,1.2520140173109946
2016-11-18,1.3182330107339588,1.2691045157940914,1.3958560079301663,1.571129753498436,1.1725034906242222,1.1957475725465998,1.2236422295142488,1.1899338690999839,1.2156786549567766,1.2464151271670918
2016-11-21,1.3246404895891164,1.273290563970194,1.4033315550595258,1.5827220422846673,1.1754995852677574,1.1996640288322733,1.2285544881646489,1.1929135249528053,1.2196118523002608,1.251395572343614
2016-11-22,1.331497515665669,1.2768522091226175,1.4086383392002366,1.589751205873636,1.177376477853482,1.2018555679609721,1.2310594170306164,1.1950208973779255,1.2221075569121593,1.254303029529833
2016-11-23,1.3235538192193617,1.2713291213208593,1.4024696751993124,1.583130365082282,1.1722936556456587,1.1961797134593515,1.2245911900411208,1.1900021228697928,1.2165289308856686,1.247984750312273
2016-11-25,1.3259724670907984,1.2724301635873365,1.405130422772379,1.5877026179738365,1.1724542545051084,1.1965453596655062,1.2251173350128413,1.1902983925958341,1.2170764283507007,1.24876229116061
2016-11-28,1.328238285663725,1.2753597577745843,1.406078352766642,1.586020188735002,1.1758501496993197,1.199565259341768,1.2278254677168732,1.1937052935963728,1.2200915114735422,1.2514197035883563
2016-11-29,1.3317043659053474,1.2777316526242775,1.4094309581977953,1.5905234332946192,1.1773806600989956,1.2011753576346815,1.2294518457621515,1.1953733299515097,1.2218692729974951,1.2532706204396455
2016-11-30,1.323503063699829,1.27025236765434,1.4015503354622827,1.5814529175133338,1.1705970491244517,1.1939965517313815,1.2216506540674323,1.188575296246368,1.2146749426859416,1.2454424137230788
2016-12-01,1.3133768911479988,1.2627285658569642,1.3911971507312193,1.567306468135681,1.1649266376035639,1.1877401398322274,1.2147562254964492,1.1827688212270249,1.2081979938976402,1.238191294317993
2016-12-02,1.318155329939626,1.267137150747485,1.3952362519341492,1.5708913231798887,1.16889654818424,1.191639976319768,1.2186477863953467,1.1868707764460626,1.2122656188092917,1.2422808761276258
2016-12-05,1.3238186082003178,1.2703303616779922,1.4013793820747569,1.580598625148926,1.1713265661902035,1.194712978988234,1.2222427776763003,1.1890198753638745,1.2150180188476982,1.245577140657439
2016-12-06,1.3277091594052013,1.2722428013343716,1.4048942717517348,1.5858821225060598,1.1727971593395985,1.1966544116110138,1.224599853746556,1.1902528048709515,1.216700694673333,1.2477007997966532
2016-12-07,1.3422075725691909,1.2813377296710837,1.4188437082533794,1.6057778717292623,1.1803915443747623,1.20564007893582,1.234963707607453,1.1972990491509006,1.2251285690666354,1.2576119464076148
2016-12-08,1.343387591438932,1.2802720982605018,1.4193639511500689,1.6082980720170998,1.1789952705210105,1.2046387618329002,1.2343763915101125,1.1957061890895515,1.22392187160928,1.2568393025114402
2016-12-09,1.3423047116863884,1.2781598844106392,1.4198837793272197,1.6126883682682458,1.1769904992268505,1.203247507979331,1.2335230187762782,1.1932475717980582,1.2220073230117072,1.2554533040965528
2016-12-12,1.3411019571332294,1.2770945690322208,1.4174312458904716,1.6087031828299754,1.1762213421706915,1.2022708191819138,1.2324727792148638,1.1925018762543922,1.2210773807472284,1.2544538782288472
2016-12-13,1.3477437862456192,1.2814941805471438,1.425593694971052,1.6215290794948363,1.1797551963616744,1.2067009973044156,1.2376603169381895,1.1957189477722572,1.2251609421451446,1.259343302217848
2016-12-14,1.3299627837306134,1.2696265108331275,1.4105856088641888,1.6038320433130915,1.1697280692852423,1.1956012675461378,1.225494293346665,1.1859246711513642,1.2142603709087827,1.2472622588793374
2016-12-15,1.3269908435786038,1.2675993071461906,1.4096164733242478,1.6044180174142855,1.167725019110203,1.1934965939337865,1.2231678597190434,1.1838476533238702,1.2120633555900882,1.2448139816946227
2016-12-16,1.3292761995613165,1.2687039337389605,1.409622316188337,1.6029805204425043,1.1687625671499566,1.194435930504819,1.2241266549734866,1.1849304483203902,1.2130575644547723,1.245834716195446
2016-12-19,1.3327776760370593,1.2727285040357148,1.4128989166971229,1.605953091553178,1.1725881650546421,1.1981072315166172,1.2278015010842944,1.1888592995351686,1.2168899924676693,1.2497124676683578
2016-12-20,1.333949041209776,1.272726655470438,1.4147402938139853,1.610144495141754,1.1722816994097054,1.1981378920342538,1.2280839709299929,1.188339348959556,1.2166782301505994,1.2497558140532283
2016-12-21,1.3307854890148056,1.2724652361348037,1.4131468892232093,1.6068865233272565,1.172565271274611,1.197994893797703,1.227442193303093,1.188877027406947,1.2167679393357447,1.249289768061442
2016-12-22,1.3269449031073308,1.2705501572527844,1.4096351016708804,1.6017192863171041,1.1712595947412754,1.1962286493311907,1.2252385538855344,1.1876872341270692,1.2150987477557162,1.2471314907280076
2016-12-23,1.3298412744026242,1.2721933908212142,1.4120483757845097,1.604872789553709,1.17260852216888,1.1978746256244879,1.227183687658732,1.1889388005061985,1.2166518952597114,1.2490111897510987
2016-12-27,1.3325806195310943,1.2730608969796346,1.4144265379965602,1.6093455022843948,1.173188327410031,1.199023764835025,1.229001024112652,1.1893441066942803,1.2176451528218606,1.250726893179925
2016-12-28,1.3306805313105037,1.272920860897998,1.4118672848533365,1.6029575161321974,1.1729393368395507,1.1980323486983948,1.2272041444436923,1.189568157522074,1.217183686597188,1.2494544694654501
2016-12-29,1.3387368193331468,1.2778473858288864,1.4173677552511608,1.6084274779219017,1.1769519970133318,1.2023692634378262,1.2319431154773832,1.1936828344664128,1.2216646035890006,1.2543941193778636
2016-12-30,1.337770998555708,1.2781470239186385,1.415066298604779,1.6024466331334244,1.1773816535577009,1.2019017088963704,1.2304952708371761,1.1943882317241568,1.2214488470768632,1.2531219340127728
2017-01-03,1.3455136619329993,1.2823623682788916,1.4226828929546675,1.6143256930751508,1.1808585859215135,1.206474808375492,1.236192656397947,1.1975557477174126,1.2257036740641911,1.2585663765240218
2017-01-04,1.3539123279463459,1.2867503468981072,1.4298633291655887,1.6247906221876498,1.1842200749389735,1.2108472600516158,1.2416211728626205,1.2006353592733756,1.229783051894503,1.2637723471373563
2017-01-05,1.362992109422199,1.2939397731783089,1.4378623552056085,1.6332988465186773,1.1906181538295155,1.21778860714829,1.2491796527888086,1.2070841830391519,1.236812379627501,1.271491373815181
2017-01-06,1.3612235058260695,1.2915289884125163,1.437378122099521,1.63604759763763,1.1882794980529652,1.216013313094884,1.2480300755450338,1.2043459880030138,1.2345764642759756,1.2698553768901406
2017-01-09,1.3616022210100929,1.2934318577467743,1.4383456697768717,1.6359452718674914,1.1904309060505516,1.218077959827892,1.2500635548802812,1.2065692142033109,1.2367326617592034,1.2719833775941916
2017-01-10,1.3621696873321074,1.293551071528512,1.4392870188903912,1.6377764975277629,1.1905781515762954,1.2186111215185362,1.251008697574304,1.2066044563116862,1.2371423943831064,1.2728114643709656
2017-01-11,1.365942078013667,1.296100522327019,1.4435388451281586,1.6437370988128173,1.1927216007314028,1.221281744598011,1.2541579469791126,1.2086400622940343,1.2396980098597794,1.2758674525137823
2017-01-12,1.3679052694267884,1.2968872707975756,1.444235710866494,1.6439171192061812,1.1931679335221794,1.221770127948771,1.25469894837878,1.2091751161056592,1.2402986579333812,1.276552729651247
2017-01-13,1.368927498804546,1.2963834728037755,1.4452099287929507,1.6468785213375996,1.192697642438255,1.2219911356477242,1.2556847208263213,1.2084123424994853,1.2401850867107163,1.2772103663510048
2017-01-17,1.3723006192949947,1.2999615127723092,1.446652827711492,1.6455561422247675,1.1961891191434995,1.2251188707977165,1.2586258417786116,1.212239924415915,1.2437233360076854,1.2806113468772327
2017-01-18,1.3684417231423722,1.2950788986237138,1.4431320199946862,1.6442324809587634,1.1915634967797057,1.2208748719919944,1.2547982200965762,1.2072972087316827,1.2390973207442373,1.2763669664490467
2017-01-19,1.3638172544310065,1.290990856766208,1.4388798042463913,1.6397874955293281,1.1880204168636608,1.2173839751849567,1.251360939752522,1.20365704931299,1.2354753331973511,1.2727646332104328
2017-01-20,1.367921180553207,1.293207976676648,1.4423800586183855,1.6448638821018222,1.1898342962675201,1.2196963024576792,1.254213943372572,1.2053294291445598,1.2376352558591626,1.2754944852339778
2017-01-23,1.3745168183297602,1.2981801406527294,1.4475471031884544,1.6495394362430438,1.1937562263072472,1.2236619382095135,1.2581954954692818,1.209462640796038,1.2418879822597253,1.2798446136948785
2017-01-24,1.376636065596482,1.2981182807190366,1.4505101225918378,1.6565154458248208,1.1933294348302526,1.224091373282903,1.2594895808669668,1.208659543640326,1.241883755101242,1.2807028269408784
2017-01-25,1.3797579722772852,1.2980892232689611,1.4554685470540107,1.6676819658456323,1.1927498945246369,1.2249232179290903,1.2616243523708475,1.207451250745712,1.2419849405181396,1.282098045144974
2017-01-26,1.3767018423105635,1.2975610117964391,1.4539172512451848,1.6651762541353858,1.1923816750280203,1.2238809692528758,1.259788913182953,1.2072252972087338,1.2410945080838443,1.280374170934906
2017-01-27,1.375677054482522,1.2978611385036078,1.4538630321962045,1.6647272022062638,1.1929321841718046,1.224334995828364,1.260134308515688,1.207808090231509,1.2415802547499029,1.2807337559703502
2017-01-30,1.370511016374305,1.294722028997278,1.448037964012568,1.6554007215124111,1.1905175771476824,1.2212297875597509,1.2563789555014904,1.2056645930138885,1.2387788966587274,1.2772650946771698
2017-01-31,1.3753233767651358,1.2982890729927057,1.450974886446904,1.6573451255718399,1.1938664871627125,1.2247402974104658,1.2602163713720236,1.209139658312386,1.2424578260172257,1.2813266769132952
2017-02-01,1.374255763417005,1.2972917288293333,1.4515985602862533,1.660142186179279,1.1928196407415432,1.224163292458906,1.2600678281094897,1.2079625929320428,1.2417020413435764,1.2809593103166725
2017-02-02,1.3782028721719133,1.299071961101249,1.4537439117255326,1.6625635358435804,1.1941454995644207,1.2257184523112659,1.261927493082729,1.2093233003878863,1.2433520460302887,1.2830259006496076
2017-02-03,1.3831883301402774,1.3019261259426143,1.458549577282217,1.669886726441538,1.1970251794398425,1.2293477575099385,1.2663104167239583,1.211649239474191,1.2464124114497217,1.2869222781205263
2017-02-06,1.38479628510363,1.3049746691968513,1.4598108700086998,1.669243460242014,1.1996232912424243,1.2315183673734489,1.268290281726764,1.214868830354412,1.2493428701968683,1.2897437775379843
2017-02-07,1.383904818184792,1.305797812012949,1.4601799616991844,1.6694410026464097,1.2005654858952235,1.232211493278161,1.2687546835269905,1.2158570014747403,1.2500693250564807,1.2901724321786667
2017-02-08,1.3894227937948653,1.310339105250114,1.4648887633762415,1.6741994590983218,1.2043501769791487,1.2360672300891733,1.2727249708837645,1.2198664788488935,1.254209701853307,1.2945012956453215
2017-02-09,1.3902110051307337,1.3085295668464734,1.4660759545995634,1.6792686563511288,1.203404967797299,1.236105980823412,1.2736444548014583,1.217840419146213,1.2530147050964944,1.2941584085710445
2017-02-10,1.3950446974035133,1.3105540799395556,1.4701457629045072,1.68580590798175,1.2053384071192235,1.238839301915976,1.2771712796773063,1.2192324870201317,1.2551764224841797,1.2971968139436698
2017-02-13,1.3965753403198442,1.3108870053600468,1.4728162710490262,1.691656484943334,1.206164788299445,1.2404093244328966,1.2793836454523684,1.2191903834943127,1.255764217484173,1.2983913507821945
2017-02-14,1.3960513716664864,1.309278165535963,1.472864813701924,1.694156161770977,1.2054061092187527,1.2403929119139545,1.280150244995349,1.2176736320358341,1.254923072077796,1.2983593093056478
2017-02-15,1.3996838294809728,1.310259945401973,1.4767201018126848,1.7016881981900949,1.2068949882699094,1.2431266398222334,1.2841071623263,1.2181953743434435,1.2566088543370664,1.3013531093043342
2017-02-16,1.4022650521661177,1.3131492856279094,1.4786057798781915,1.7023126418500976,1.2092209098029658,1.2451443796100388,1.285893994061692,1.2209567701055908,1.2591547600943058,1.3037255987324097
2017-02-17,1.4026991897057957,1.3152969289245748,1.4802782757439015,1.7039312909513837,1.2113198130855571,1.2468717033776866,1.2873018439316959,1.2231606215083901,1.2609842218351817,1.305152463718544
2017-02-21,1.409402274334428,1.3183729658192616,1.486107224190782,1.7131894316772633,1.2142288112195985,1.2507688861188382,1.2921714225030485,1.225320757332935,1.2640880170853683,1.3093182560243006
2017-02-22,1.4099019810320792,1.3192646215084889,1.486868706027813,1.7136350564001388,1.2148906377269473,1.2513885931932296,1.2927159202139362,1.2261132526796223,1.2648411846879233,1.309991522187391
2017-02-23,1.4129813647913396,1.3216280509276517,1.488553549133096,1.7142302227409905,1.2167473247345686,1.2531491754020654,1.294468849449401,1.2283706295502128,1.2671120455105735,1.3123729383096134
2017-02-24,1.41359092123324,1.3247930652751596,1.4895066304899887,1.713313428737261,1.2197539824332797,1.2553517183246954,1.2961567182250326,1.231978994636619,1.2700513326779566,1.3148043576653978
2017-02-27,1.4127955939968133,1.322902859681091,1.4885176005966654,1.7136960557496348,1.218343972475736,1.2542267048703335,1.2953208480276985,1.230105806410001,1.2684133192091647,1.3134428752644116
2017-02-28,1.4085939631649218,1.3206818645854028,1.4846884191338277,1.7080040366330453,1.216433154453153,1.2517978305683215,1.292428492702451,1.228555741647557,1.2663814575409422,1.3109157043519213
2017-03-01,1.4147114865618435,1.3208376788165397,1.4917222466444175,1.723884539605298,1.2180113250677733,1.2560374629247275,1.2991817330572941,1.227775179408201,1.268039019326944,1.3152049950737041
2017-03-02,1.4044437501396145,1.3146987266386494,1.4825978895585203,1.711362490746157,1.2123731756770797,1.2491328168196638,1.290983059865352,1.2227728734247363,1.2617578023283509,1.3074358913206054
2017-03-03,1.4067599529446109,1.3162853769242893,1.4853490689398718,1.7151776372158516,1.2137556920212138,1.250875034242789,1.2929351270397902,1.2239902468732151,1.2632851411580217,1.3091771942671988
2017-03-06,1.4033072263890727,1.3144388151575968,1.4826136138050328,1.71115456397248,1.2117186763081726,1.2483137871223864,1.2897541469700757,1.2223243265065704,1.2611019316716559,1.3063023147194452
2017-03-07,1.3993509895138927,1.3117543993418477,1.4793924294550251,1.7071170873093136,1.2089955913035086,1.245201881653851,1.2861436640298871,1.219809463191522,1.2581858881630366,1.30281919897176
2017-03-08,1.3917580992244907,1.307015443565956,1.4741373225294574,1.7017101476927885,1.2053526033109896,1.2413943898936945,1.2821197924235443,1.215904178775436,1.253992855546268,1.2982449579842583
2017-03-09,1.3869411964173461,1.3034269315436977,1.471096709145724,1.6996252561322653,1.2027886126582437,1.2391360712012085,1.2800451705242932,1.2128046071564258,1.2510823868748804,1.2954503690358021
2017-03-10,1.3921819159320648,1.3070712799611703,1.4768362093033418,1.7076342127317723,1.2061836694365624,1.243261811285206,1.2847553524826463,1.2157954470751946,1.2547467405071866,1.2997464333571935
2017-03-13,1.3956362455999747,1.307135296548017,1.4793412951391778,1.712616060976663,1.206126502319273,1.2441340293573684,1.286416171193411,1.215138348820197,1.2549671228706598,1.3008598518422132
2017-03-14,1.3914516667093497,1.305630243648663,1.475679301772535,1.706425999558844,1.2043636243079485,1.2414011456719949,1.2827537039891352,1.2140404205946544,1.2529561365027724,1.2978219524931585
2017-03-15,1.4102661120499582,1.3183913217196404,1.4920453740670947,1.7264993336815206,1.215483483952864,1.2539484963843535,1.2967365650586642,1.2247787543191788,1.2652127912183622,1.311815978901832
2017-03-16,1.411462652726252,1.3173826508850428,1.492164483964602,1.7274969200379053,1.2146084274366544,1.2536611708306786,1.296972349256969,1.2235839676282438,1.2645489158111847,1.3117211154981088
2017-03-17,1.413260874635012,1.3195012432229642,1.4934875783760204,1.7276645719072443,1.2162952566134388,1.2550481242948983,1.2980735979638112,1.2256350083172545,1.266326509130851,1.3131945618169456
2017-03-20,1.4162720626292207,1.3218912748545069,1.4961765450732094,1.7303307149112106,1.2180093318037004,1.2568225849892467,1.2999046646092132,1.2275419541640908,1.2683311253463025,1.3152865949795292
2017-03-21,1.4102264203748989,1.3195607552738844,1.4882183298270926,1.7144623374512769,1.2147691602862032,1.2516842290878958,1.2930009958988098,1.2262264337882534,1.2652864288012482,1.3103708828621898
2017-03-22,1.4136398699259838,1.3225197374551838,1.4923331384492278,1.7202799606036983,1.2177020219357897,1.2550376983604115,1.2967958935333104,1.2287955552806984,1.2682341207871244,1.3137569979662658
2017-03-23,1.4143449505467176,1.322292846799776,1.4920128801528487,1.7195722178402533,1.2172658047073892,1.2545148893051126,1.2961607447308308,1.2285174513687522,1.2678902550727886,1.3133285617498434
2017-03-24,1.4155819508712502,1.3227576446848386,1.4931382663934416,1.7213927886881533,1.2177065680369799,1.2553121340888695,1.297272487325717,1.2286872094848644,1.2683851520246847,1.3141593214923777
2017-03-27,1.4159560202331847,1.3245509882772868,1.4943017912311676,1.7217768875202222,1.2195750717537526,1.2570447289783933,1.2988904043371319,1.2307390536160396,1.2702600208574588,1.315837205464423
2017-03-28,1.4186569475399062,1.3245338654335983,1.497413418748879,1.7292258536502285,1.2202839567139872,1.2589208950303599,1.301866463730693,1.2302857887688863,1.2708809167914437,1.3176512060706727
2017-03-29,1.4222571283925836,1.327925489178076,1.501054355069496,1.7333763909216249,1.2233623798641737,1.2620598576850997,1.3051237235883826,1.2333415969663308,1.2740022331096708,1.3208883136522718
2017-03-30,1.4197118256694787,1.325736380389218,1.4993250971433372,1.7328344930096977,1.221775097375541,1.2605390180178417,1.303687651841864,1.231385148077012,1.2720882221754997,1.3190480047932855
2017-03-31,1.4195221763841224,1.3263744316482406,1.4985479912964896,1.730453200844755,1.2222115411972037,1.2605386153633296,1.3033555905817968,1.2321541510282905,1.2724675355589614,1.3190758751300182
2017-04-03,1.4228164666403469,1.3303168021894,1.5014307920136352,1.7316886302703958,1.2250984745213405,1.2629334970613917,1.3053254538406747,1.2358081252291586,1.2757218222750961,1.3218887810320923
2017-04-04,1.4232317786983586,1.3298435451052384,1.5015991299121594,1.732781349786075,1.2247723093403808,1.262971683165448,1.3057966905686311,1.2352615064622683,1.2755168825430663,1.3221357338164972
2017-04-05,1.4212842843661038,1.3296409141460397,1.4993886691459681,1.7280015930512191,1.2243935422179588,1.2617681582772928,1.3037855707054975,1.2353796511763375,1.2748836895655413,1.3206700879849254
2017-04-06,1.4217465217357161,1.329785031489763,1.4999474174441878,1.7293167115344608,1.2245828021022225,1.262029178520397,1.3041144211510214,1.235474063254034,1.275047124910446,1.3209130529443363
2017-04-07,1.4207874464778474,1.3275844983078617,1.498089733468847,1.727933318421344,1.2226366533637707,1.2604328408202474,1.3029572845730115,1.2333097939955873,1.2732100530299164,1.319541148611763
2017-04-10,1.421706583923954,1.329017820152907,1.4988509325088384,1.7280891356905617,1.223954216828698,1.2614706372559532,1.3037587874713217,1.2347742820587397,1.2744268344581804,1.3205215769821577
2017-04-11,1.426306896629248,1.3328592008833426,1.5013434719212673,1.728496829615581,1.2273362111936232,1.264690370109762,1.3069709540204673,1.2385113610421985,1.2780775685124797,1.3242267351162216
2017-04-12,1.4273878134787932,1.3344764971760585,1.5015254354993348,1.7262755326349497,1.2284223843184248,1.265263684702656,1.3070407235123702,1.2401114820987638,1.2792338578116436,1.3248833947614052
2017-04-13,1.424855522139468,1.3342712375101016,1.4985102327528221,1.7196019257089192,1.2280443702098913,1.263907622586794,1.304773251729821,1.2403450449435167,1.2785714432272006,1.3232682566154073
2017-04-17,1.4320617756557115,1.3373741380926072,1.505557817957503,1.7318394132009747,1.2308177277219352,1.2680574408992307,1.3102996960882098,1.24233916040923,1.2818879521666027,1.3280767223036918
2017-04-18,1.4313205602655306,1.3400601346710337,1.5049579142669198,1.7275063590003918,1.2334490021454962,1.2694889072058908,1.3106412482026002,1.2456559510954655,1.2840851555012749,1.3291106052339898
2017-04-19,1.4268552603953446,1.3369750259967623,1.5014819723052857,1.7239302112768975,1.230772002485843,1.2665152083445008,1.3073086088694956,1.2429464735920843,1.2810422768674896,1.3256385010152212
2017-04-20,1.4330092937035714,1.3390928767691848,1.5079375805784423,1.7359084306935482,1.2328903260419037,1.270345029027383,1.3128592880335894,1.2440973471627101,1.2838072357123895,1.3302253628311247
2017-04-21,1.4325055618930889,1.338926220653833,1.5072730106035996,1.7344167744266534,1.2327012853367074,1.2700481078336274,1.3124527062692652,1.244017738463347,1.283614146071609,1.3299010652000987
2017-04-24,1.4397235179280519,1.3419792778636177,1.5169372554194531,1.7520286467062316,1.2359558703479636,1.2756487300577128,1.3200423305153697,1.2458743192868766,1.2875789983991144,1.335897674747715
2017-04-25,1.4423348120883794,1.3410051169693902,1.5201264194592048,1.7605287559770275,1.2350590487267896,1.2761497089976497,1.3217966337465983,1.2440607947568765,1.2870459541320618,1.336679527700496
2017-04-26,1.4410034937161882,1.3416769284722874,1.5194116660584465,1.7582049882212591,1.2359152224387608,1.2765733104268995,1.3218482504226516,1.2451524456559,1.2877330976850239,1.3369560550368533
2017-04-27,1.441328798621523,1.3427880178920366,1.5211318221410013,1.761041311264609,1.2371588349741036,1.2779087089819605,1.3232209650529048,1.2462372525632088,1.2888579942209193,1.338066131074938
2017-04-28,1.4405215287901736,1.3433864839417153,1.5212690644242735,1.7605448680362372,1.2378674909593907,1.2784196438348407,1.3235275885746405,1.2471010933903088,1.289498140304835,1.3384331105818434
2017-05-01,1.4429282613901964,1.3434733521497342,1.5243252086062924,1.7675581782586474,1.2377163156598245,1.279206770974332,1.3251522331238872,1.2463099019475137,1.2895810176290328,1.3393998055590102
2017-05-02,1.4458152534322486,1.3458456169214856,1.5275352631699528,1.771426667353596,1.2396169897238463,1.2812831983356578,1.327285038077326,1.2482364420994032,1.291677564261146,1.3415655517455063
2017-05-03,1.4379656995182781,1.3415895778783857,1.5221227607990508,1.7646642477085275,1.2359020322695715,1.2767094976204416,1.3215592655164334,1.2448103550977734,1.2873979155268152,1.3360636272164323
2017-05-04,1.4347291955657073,1.3394504158381373,1.5203342153312664,1.7634714838306975,1.2341163993421291,1.2747626831251495,1.3192774886503762,1.2430546014478416,1.2854946218210137,1.3338267830840604
2017-05-05,1.4416678116655088,1.34266902802844,1.5262629377136996,1.7724628674585066,1.2366918499118982,1.2783639354388883,1.323924813190959,1.2452814349547678,1.2887284107430872,1.3381906127777505
2017-05-08,1.438169683126798,1.3400309645126232,1.5237331307342954,1.7705049044230847,1.2344527511548136,1.2762042078305882,1.3218784199376947,1.242891377424102,1.2863661431192073,1.3358960643181197
2017-05-09,1.4382718224853879,1.339893429436434,1.52484383500359,1.7729266008995417,1.2340192042683693,1.2759855121070485,1.32170492901003,1.2423976873954596,1.2860149095654014,1.3355435904153081
2017-05-10,1.4415450387536495,1.3412388246892633,1.5272919198571477,1.7765742426914402,1.235039023272118,1.2773998454625617,1.323534054337066,1.2432837791475209,1.2872819067252554,1.337254150252146
2017-05-11,1.4409071932677275,1.3410316737908095,1.5265843387377374,1.7750913023600292,1.23480914799773,1.2770934607822846,1.323166877546831,1.243119318436761,1.2870361485426718,1.3369332701500716
2017-05-12,1.4441503374133653,1.3452219712307278,1.5304856291194815,1.7782169150498026,1.238465459026993,1.2804771880663652,1.3261369312694757,1.2470479798542904,1.2907150286115796,1.340189469890224
2017-05-15,1.4493374789764242,1.3473958998973967,1.5353338441864413,1.7862982286590898,1.2402323206736157,1.2832940410468217,1.3300565097109618,1.2484254297654513,1.2930949050674307,1.3437285174858176
2017-05-16,1.4513427173027034,1.3492397866486097,1.5378828627915762,1.7895963119282692,1.2418820463875189,1.2852252947951355,1.3322477571477924,1.2500585840817129,1.2949872908948792,1.3458781055858626
2017-05-17,1.4444790004333359,1.3481643987186775,1.5269223704103407,1.7649562894274364,1.2410786763347572,1.2811547129794374,1.3249899931552855,1.2509194076151613,1.292841993341559,1.3404862961641044
2017-05-18,1.4433737241144198,1.3483222411357554,1.5275517145564361,1.7674372240842575,1.2417435724053818,1.2818478344471218,1.3257649645775234,1.251304842357112,1.2932640101124397,1.3409925380848366
2017-05-19,1.4530811603162492,1.3525602472993374,1.5361660095374075,1.7808435947557837,1.2449873864074847,1.2867748778919876,1.3323855292912745,1.2540199303584045,1.2975912811734813,1.3471120230221882
2017-05-22,1.457051700766527,1.354351995109182,1.540253793092199,1.7884649740703418,1.2467885850529263,1.2896183057174175,1.3364795813194352,1.2552985293315033,1.29985066398171,1.350652486645882
2017-05-23,1.4560255318337094,1.352653179902041,1.539654788677904,1.7894033171468187,1.2451953355495433,1.2883320774472022,1.335456017270535,1.2534893758368817,1.2983206985307183,1.3493934380774522
2017-05-24,1.4609673802687393,1.3562474286071455,1.544156893589214,1.7952221762610971,1.2484495722460336,1.291977534611358,1.3395959182624642,1.256588555360782,1.3018015901772348,1.3533914777131593
2017-05-25,1.464306567923971,1.3587413892708209,1.5487121546520257,1.802882080776335,1.2507820665158553,1.2950032278314292,1.3433484423755067,1.2585581103462677,1.304405737976692,1.3567253225812097
2017-05-26,1.465084781214689,1.359237366206938,1.5494615053178389,1.8040052024759148,1.2512833313498204,1.2958743846421672,1.3447185355985716,1.2589339359271179,1.3051181949539288,1.3579315393867488
2017-05-30,1.4629796870249288,1.3599555337442852,1.5489239305233544,1.8021029751692237,1.2521477175260447,1.2960536833474001,1.3440908844296946,1.2600759426903354,1.3056015568392663,1.3575633517224177
2017-05-31,1.4627604267913081,1.3603304691546536,1.548486273764119,1.8008632750152092,1.2527604776119672,1.2964694303008972,1.3444078514103097,1.2607879526021075,1.3061410703636673,1.358002200366131
2017-06-01,1.4685970464504505,1.3629767252647238,1.554225639463856,1.8105489113823328,1.2548388670719204,1.2996681646168784,1.3488076708507006,1.2625150441624566,1.3089678826894873,1.3621088209081091
2017-06-02,1.4788991472066075,1.3704218442239562,1.5641895056116966,1.823815081146856,1.2611118218669022,1.3068924449469905,1.357155378002842,1.268700075481227,1.3160997512992108,1.3704025718585133
2017-06-05,1.4762711468538785,1.3682798194932977,1.5617381724704318,1.8212125861500026,1.259167803372934,1.3049050933369473,1.3552002765541395,1.2667640552430823,1.3141296746667948,1.3684680516644416
2017-06-06,1.4766549519911196,1.3696964866784627,1.5613197207118645,1.8181364291650717,1.2609081405338995,1.306281065890907,1.3562686587553578,1.2685566865877167,1.3155562650122041,1.3695585534780357
2017-06-07,1.4772928954158702,1.369287064347169,1.5620522165148083,1.8206900952797453,1.26021984016414,1.3058909406851194,1.3562279416298963,1.2678192079721082,1.3151216652420685,1.369494762090369
2017-06-08,1.4762141472263806,1.3681094338765205,1.5617207157504347,1.821361620082478,1.2588011530043985,1.3044963906910114,1.354749529390583,1.2664359376351628,1.3137847322797342,1.3681035620629438
2017-06-09,1.4684632248442957,1.3628053138352598,1.5519952315354288,1.8050530124077189,1.255086019652802,1.299281540134042,1.3476980514363452,1.262742168534819,1.308556550769375,1.360934670595956
2017-06-12,1.4671509272051146,1.3618800846414527,1.5496325094598595,1.8009385055858709,1.2545980383568311,1.298380633957326,1.346401910242085,1.2622426387640178,1.3076397147584442,1.35959564754506
2017-06-13,1.4725262534909858,1.3649722581048715,1.5555016504717716,1.8105219926619796,1.2568402404416827,1.3015461476089167,1.3506050449960143,1.264395804659832,1.3107106747500887,1.3637424314094635
2017-06-14,1.472130463198773,1.3673164929008468,1.5558109050147464,1.807921085573475,1.2595073837393342,1.3032217288635626,1.3509421222562006,1.2671752693472975,1.3125273744863224,1.364219477300047
2017-06-15,1.4669207514922626,1.3641306714870711,1.550301563828448,1.7999700498586542,1.2571844789688142,1.300100141469057,1.347023127395663,1.2649135852199023,1.3094770658606552,1.36034402093728
2017-06-16,1.4677968939845625,1.364589439346199,1.550906666272931,1.8001302261763963,1.2576754767192126,1.3006568211049891,1.3475252704829912,1.2653836712949103,1.3099796747077335,1.3607636677471349
2017-06-19,1.472755458893602,1.3666904892984153,1.5580708909430254,1.814516991906212,1.258392768510109,1.3027249665299037,1.351068647104543,1.2660354758874344,1.3120124413925527,1.3643730804307495
2017-06-20,1.4664862682542381,1.3647570029501372,1.5518863772077642,1.8028826010227599,1.2576667402916524,1.3005029579492757,1.3471018234977583,1.2654604122916004,1.309955118710527,1.360523238969229
2017-06-21,1.4685625024665594,1.3662061292193863,1.5547039856219869,1.8079094070855206,1.258598163804302,1.301876473939461,1.349051486651622,1.2664061116634833,1.3113633413858712,1.362548243738829
2017-06-22,1.4703724766008284,1.3673014963261525,1.555979811420685,1.8091705647128886,1.259444881224259,1.3028368196776743,1.3501633727169096,1.2672481128924078,1.3123253032983486,1.3636689841986658
2017-06-23,1.4742317057393626,1.3692336336676285,1.559281026389797,1.8141707553133963,1.2607986126108441,1.3047532167522211,1.35278616291404,1.2685475829876451,1.3141873182021082,1.3662570996093262
2017-06-26,1.475621398293689,1.3700743592907303,1.5603143081156459,1.8147661819978997,1.2613387356562316,1.3050193697061325,1.3525278789638984,1.2691233325106,1.3145071605855148,1.366066257233393
2017-06-27,1.4661410184857648,1.3620614365551105,1.5487468328956222,1.79782092589705,1.2549127552491326,1.2978235524953503,1.3445090204195258,1.2627004518703988,1.3072347031290978,1.3578412995776565
2017-06-28,1.4738616552660435,1.3663006657391914,1.5576489676640501,1.813226156379102,1.257854673394814,1.302249440344988,1.3506504357194835,1.2655378697815087,1.3115543912010503,1.3639434182286376
2017-06-29,1.4608365475258234,1.3577659855272495,1.5442147008530327,1.793115857995334,1.2512483468445357,1.2940052285995085,1.3404935100157496,1.2590898871120797,1.303443872597707,1.3538199072298909
2017-06-30,1.4610787157909735,1.3567755701854725,1.5444495463358063,1.794843164536641,1.2499926857786656,1.2931019831000437,1.3399754820995076,1.2578063296090922,1.302510969399157,1.3532848679517566
2017-07-03,1.4587691145244615,1.35347605106192,1.5410977442109683,1.7908204329489263,1.246648359675007,1.2893525359387141,1.3355642669417547,1.2545239088770592,1.2988301780484834,1.348944672306932
2017-07-05,1.4589733821266668,1.3548154379411579,1.5436279737395766,1.7955587662166312,1.2474825118178245,1.2903944616910097,1.3368409678064395,1.2555115779965604,1.3001157539577808,1.3505827280008633
2017-07-06,1.448491522394284,1.3483995353464642,1.5336763543396994,1.780838528810161,1.2426062095550459,1.284213234919664,1.3290445066462204,1.2506411610089438,1.293914766419309,1.3426973126877821
2017-07-07,1.4507793576994295,1.3497482853840599,1.5377435356982918,1.7891851286633054,1.2430771341198186,1.28537339575496,1.3309943753186277,1.2512233920795273,1.295276040498504,1.3449842042315256
2017-07-10,1.4533366576278859,1.3518190799618934,1.5415577968006857,1.7951243621754014,1.2442571354455216,1.2870005901985502,1.3330420701106986,1.252492435555019,1.2970353470488127,1.347234161698941
2017-07-11,1.4560814522800816,1.3537383542896795,1.544364023425172,1.7987329887118557,1.2455755877922163,1.2885418309882302,1.3347712052950453,1.2538605699051357,1.2986424756171946,1.3490595861590262
2017-07-12,1.4685566903357437,1.3617091010334503,1.5566774073682454,1.8164542423109706,1.2515013103033097,1.2959469787195135,1.3438988934709575,1.2598422579202242,1.3061429668143172,1.3583789257860013
2017-07-13,1.4702940307349657,1.3618995301514176,1.5583780375268668,1.8199758875130747,1.2511285056870156,1.2961490895317704,1.3447502968740421,1.2594497184568554,1.3063217352820944,1.359221399026545
2017-07-14,1.479934656085425,1.3671671225284263,1.5669390601952262,1.832581353457782,1.254775208462053,1.3011495327244234,1.3514195288730193,1.263092482607881,1.3113299472539932,1.3659514464322409
2017-07-17,1.4813389670160313,1.3682843939109297,1.5674079321593397,1.8325146895590994,1.2558987517257967,1.3021738669064349,1.352466974434007,1.2642265216539208,1.3123837211248812,1.367043442350615
2017-07-18,1.4854332374281973,1.372331927761585,1.5720467208009499,1.838095520408996,1.2592437664963965,1.3056205679479245,1.356047908394915,1.2676934292945874,1.3160160173883417,1.370891706913092
2017-07-19,1.4913140452775617,1.3753966357432452,1.5778402487876186,1.8474405911718903,1.2612368387369186,1.3086222159134486,1.3602519208206933,1.2696755618123958,1.3190169203667985,1.375138282989583
2017-07-20,1.4916977750464169,1.3758531487599044,1.5786931310149996,1.848769689527283,1.2615975753408204,1.3091208293709302,1.3608710321830815,1.2700390904907164,1.3195108956464268,1.3757511922642043
2017-07-21,1.492708766943044,1.3773321813925101,1.5791777264642115,1.848089600458379,1.263271990867463,1.3104999397515387,1.3620148138728723,1.271738738262212,1.3209288519806814,1.3769341078880832
2017-07-24,1.493057741026738,1.3772396301845722,1.579935107544674,1.8501621025509927,1.262666225896865,1.310121027317722,1.3619286513640798,1.2712170207899167,1.3206935778660698,1.3770697665068434
2017-07-25,1.49072613538975,1.373234134473554,1.577028038294636,1.8487512922208078,1.258847661657676,1.3069510277976617,1.359597101466635,1.2672597914321544,1.317330849141864,1.3744940800986378
2017-07-26,1.4977860252038897,1.3778266327617734,1.5828239394388728,1.8556323100698708,1.2624570985514716,1.3111114999729705,1.364420635461117,1.2708798881975305,1.3214984368996407,1.3793385229796389
2017-07-27,1.494438513280672,1.3750293094564086,1.578726344201145,1.8498299457786886,1.2604072203975618,1.3087781896658515,1.3618102817873714,1.2687254302763225,1.3190081631210937,1.3764936611849576
2017-07-28,1.495761199713267,1.37663609561722,1.579646105072173,1.8497219307743655,1.2621866570107625,1.3103637869590603,1.3632024833566112,1.2705091998010465,1.320585197641674,1.3778538296818805
2017-07-31,1.4957503229578513,1.3762305752428239,1.578891744549261,1.8481288361105566,1.261935713147343,1.3101296316435291,1.36296412935945,1.270167868936948,1.3202044256511016,1.3774001980714758
2017-08-01,1.499810157935619,1.3798243805802752,1.5831868889568792,1.8531799331197245,1.2649925051903106,1.313312232974378,1.3662132112307093,1.2733874098054565,1.3235497957513183,1.3808242099615262
2017-08-02,1.4982588006015662,1.378900356959452,1.5829435593097072,1.853936778076144,1.2642247620353615,1.3127739603415476,1.3658670499579175,1.272501810728522,1.322856091274101,1.380297175452149
2017-08-03,1.4974500627744085,1.3800847745539997,1.58225013208427,1.8506143249265499,1.2656863620372125,1.3134153936371287,1.3655780845871783,1.2741457838635482,1.3237018485395176,1.3801480510437065
2017-08-04,1.497407679584467,1.3788182207795054,1.5824834725946055,1.8527991267064556,1.264181410515266,1.312454368584624,1.3651263181121829,1.2725541019814213,1.3226297052346907,1.3796355842809893
2017-08-07,1.4999797275223563,1.3804924539028358,1.5858608210727063,1.8585000061980712,1.265327256113396,1.3141538064240958,1.367395559417774,1.2735879239877803,1.32423794086476,1.3818905829224528
2017-08-08,1.4975601187792587,1.3787071257929364,1.5832542937517582,1.8548380569402412,1.2637569597785143,1.3122721333984928,1.3652455452781163,1.27206750114433,1.3224455261992853,1.3798260615237825
2017-08-09,1.4973225400998795,1.3792592044294203,1.582454717531518,1.8526590878157005,1.2648532115337623,1.3131081113147367,1.3660027783651851,1.2730946924059512,1.3231967041007344,1.380423652268334
2017-08-10,1.4845158764575195,1.3737240011423753,1.5679424196036407,1.8262186280277026,1.2611892964500304,1.3059272562591513,1.3551470872242448,1.2701931028719962,1.316935087539054,1.370279241422478
2017-08-11,1.4864141622308638,1.3757071723560168,1.5709303213770438,1.8309399049166593,1.2629640897442018,1.308041500512763,1.3577039994680777,1.2718653295250706,1.3189718846732426,1.3727964531937298
2017-08-14,1.4949947650005069,1.3794235437233913,1.579798588291839,1.846959324510559,1.265440689828666,1.3125318673242603,1.3643544488416206,1.2739860953848012,1.3230595810435821,1.3792304408175564
2017-08-15,1.4923279726731997,1.376946682033404,1.5779369737413202,1.8459360306109667,1.2630724900530883,1.3103103489143528,1.3622039913048984,1.2716182646324063,1.3208166496980824,1.3770627336506305
2017-08-16,1.4987657068697562,1.3808298080669086,1.5833326649769126,1.8527775759729845,1.266247535133687,1.3141531672422084,1.3667765493918798,1.274681316475671,1.3245116719451642,1.3815068924407514
2017-08-17,1.4882667466753303,1.3762030511301857,1.5708527167054562,1.8292087029254986,1.2628788380215787,1.307568861211834,1.356721561731038,1.2721333524565828,1.31889803064091,1.3722472403287655
2017-08-18,1.4876881769422767,1.3756805733122899,1.570955736962814,1.8295340389061527,1.262230832398485,1.3070885029886146,1.356270482556198,1.2713993418588319,1.3182883905319875,1.37163074447425
2017-08-21,1.4911477392534969,1.3773974903040744,1.5728590523720936,1.831506457943787,1.2635268635168961,1.3085121516951155,1.357913887409342,1.2727438834751557,1.319797658877043,1.373416643073617
2017-08-22,1.4969382128192286,1.3802785789222392,1.5809906829507114,1.847106366906677,1.2656366512527135,1.3126325830757026,1.36417348663525,1.2743212969629882,1.3233110324670685,1.3791882343875943
2017-08-23,1.5002022411590257,1.3829683570576594,1.5824872543783481,1.8464396414587205,1.2677687508040962,1.3141858390378063,1.365096604980057,1.2767534267835599,1.32524848535286,1.380536094292121
2017-08-24,1.497697827945536,1.3806974476906562,1.5799035551807639,1.843154274278737,1.265578509415825,1.3118137761247877,1.3624713724383044,1.2746241088441588,1.3229459653195983,1.3779748506011853
2017-08-25,1.5019993770028106,1.3831273397423252,1.5831787132016202,1.8470185777545036,1.267633672826423,1.3143259751605443,1.3654484063213403,1.2765346848346217,1.3252629453495393,1.3807487388893713
2017-08-28,1.5037548997102177,1.3844358511614214,1.5845033806035258,1.848674924368889,1.2691488893388565,1.3161879261777494,1.3679057078178953,1.2778025072831238,1.3268354280905443,1.3828625568582236
2017-08-29,1.5036974729760961,1.3860712208608637,1.5857644688614863,1.8499342318401948,1.270763339584871,1.3174098311373044,1.3687130011476463,1.2795481595363285,1.32827446688216,1.3839350144141576
2017-08-30,1.5075747048423367,1.3882759433820133,1.5904633618152482,1.8587212078779929,1.2723736141340798,1.3199577765707358,1.372385241113905,1.2809890174027625,1.3306923372729584,1.3876167202530916
2017-08-31,1.5163264193657222,1.3936742088310141,1.598790752127232,1.8713186609047914,1.277065364945677,1.32610999143659,1.380287403668876,1.2852664688080833,1.336358726772248,1.3950869010338764
2017-09-01,1.5179983812356512,1.3924738960590215,1.5991538942323624,1.873373637280023,1.275246222595465,1.3250295544991963,1.3801196117115218,1.283421605163663,1.3352552863169993,1.3949347297342802
2017-09-05,1.514866356312902,1.3940472438589122,1.5952323567111288,1.862238820027541,1.2791427949917618,1.327284896700798,1.3802804684786034,1.2868922232803126,1.3369018172228275,1.3943368834679366
2017-09-06,1.5173129243606853,1.3941710771987916,1.5978456497708464,1.8679075341940397,1.278241177702625,1.3271370733372994,1.3810519333099727,1.28614776280856,1.3369704155722306,1.3953664790355584
2017-09-07,1.525171648001037,1.3995813013865352,1.6042018211122562,1.8748977270693847,1.2827119504538094,1.332150541709877,1.3867685956240139,1.2906162831560415,1.3419498573660888,1.4009965516493825
2017-09-08,1.521631348676999,1.3969299868534877,1.5998470549240813,1.8681067896213388,1.2809813967045183,1.3300169941187263,1.3841176786676326,1.2887428117299355,1.3395901044279535,1.3980284427093959
2017-09-11,1.5272909594308994,1.3975842129909708,1.6066253301374651,1.8831445595761573,1.2789734426604606,1.3297589349656882,1.3860738303081277,1.2872421880761515,1.3400497368371707,1.4008933011395812
2017-09-12,1.526324285754388,1.3962863433585861,1.6067638793482737,1.8853913239599762,1.2773813742108848,1.3286889776815187,1.385709889946915,1.2857268198081637,1.3390945717115077,1.4006600098582611
2017-09-13,1.522117497498569,1.3938128822819156,1.6038871551736062,1.8825733478247624,1.275339208616272,1.3263008471642133,1.3828682050519527,1.2837287628583236,1.3367931384468577,1.3979714273056858
2017-09-14,1.5243242600478424,1.3944444859998104,1.6040769170717293,1.8816689016021448,1.2760495023186167,1.3270879259035209,1.383814214540694,1.284369087040509,1.3374516512391108,1.398711889947319
2017-09-15,1.5261423363809696,1.3958013543797918,1.6065535924354521,1.8855482286515262,1.276699727912182,1.3279569064983439,1.3848720428259294,1.2851105638481843,1.3384552976044521,1.3999539262660008
2017-09-18,1.5236067708487822,1.3934143599324953,1.6051734861353437,1.8853364559288304,1.2745028163829635,1.3258266674451262,1.3827147653672298,1.2829260077554079,1.336365316649926,1.3978629481531435
2017-09-19,1.5242678793988553,1.3932695529672081,1.6062252180139982,1.887795871117905,1.2739883593036179,1.3257417907140898,1.3831620034039482,1.2824417128230163,1.3363241965847648,1.3983478084721417
2017-09-20,1.5198956262928285,1.3905119305861215,1.6027339980745625,1.88352113250675,1.271941147909901,1.3232961007523074,1.3801413053775566,1.2803505293788973,1.3338268854365893,1.3952806646576992
2017-09-21,1.5157686392871927,1.3878678348034452,1.5987677541906948,1.877470175591987,1.2702274061765757,1.3209886362054042,1.376953499867533,1.278488681771181,1.3313224416341072,1.3918558738977278
2017-09-22,1.5151104414796566,1.388440589564644,1.5986269370281407,1.876456997410556,1.271240589053776,1.3218576361989773,1.3776176695205498,1.2794111709890195,1.332054998846258,1.392334614783671
2017-09-25,1.5124430871453378,1.3884479401793512,1.5942411557258631,1.8666571083105719,1.2732167633752243,1.3227235811781368,1.3772334821093928,1.2811152212405268,1.3325023612176718,1.3914024371463678
2017-09-26,1.5101099218498175,1.387393756882068,1.5932562504626349,1.8661445506307492,1.2722624567322738,1.3215048921205566,1.3755818431510416,1.2802231491339435,1.331390019346432,1.389929313965499
2017-09-27,1.5070341121195643,1.384365681298606,1.5926907952290121,1.8696234406354837,1.2685541037990762,1.3183539730281268,1.3731370805991094,1.2767653579708251,1.3286244254457082,1.3880087204968377
2017-09-28,1.509185075520738,1.3851830811235897,1.5939147270590865,1.8713375347235515,1.2690725564260197,1.319136721757945,1.3743177227414325,1.2773271419934429,1.3294468599435287,1.3892167294567475
2017-09-29,1.513546336123408,1.3868235907086726,1.5988682463682897,1.8804292358032293,1.2691166796011675,1.3201283579905911,1.3764491350626342,1.2775947959098162,1.330759230073619,1.3917517203052374
2017-10-02,1.5128162154005844,1.3867412633917484,1.599454972979706,1.8821965112001031,1.2687222793934017,1.3196790807891368,1.37595155134821,1.2774918011097967,1.3306903489290542,1.3917007088378799
2017-10-03,1.5174977746343554,1.3895283181048048,1.6042708483875439,1.8890454346012548,1.270715761614986,1.322291212810586,1.3791216065550973,1.2793863487630608,1.333182083913072,1.394774352723548
2017-10-04,1.5188873257459683,1.3899940421057368,1.605007400697669,1.8903479029155161,1.2711499216255533,1.3229067668520935,1.3800424728908787,1.2797466191837232,1.3337497178824833,1.395693842951996
2017-10-05,1.5225768892759926,1.391922869845037,1.6099818513963449,1.89985007299008,1.272948905785801,1.3256944190310174,1.3839308449089747,1.2810664126845108,1.3360110984503704,1.3990636744279268
2017-10-06,1.5212799857593806,1.3905318209538091,1.6084724577071325,1.8984721043502553,1.2716308196766009,1.3244883946919082,1.3829258587223885,1.2797233459424286,1.334793533043943,1.3980872787973964
2017-10-09,1.523151791381462,1.3918885700446355,1.6091674532083275,1.8981507580322778,1.272673953417123,1.3253745576180829,1.3837159730827535,1.28098537590849,1.3359580677505742,1.399226754766688
2017-10-10,1.5286513148713692,1.394303705820626,1.6138314763048354,1.9050908054328612,1.2744933967285117,1.3281303980516337,1.387405435961825,1.2825473381026251,1.3383869130277357,1.4026043680737144
2017-10-11,1.532375566666067,1.3964438613328196,1.6171635672922222,1.909907665326453,1.276126487817391,1.3302551980256125,1.3900854618727247,1.2840837411636192,1.3404157613147891,1.4052358618773615
2017-10-12,1.5332798148528648,1.3972805930227477,1.6171940065071737,1.9087477649404723,1.2768315089493019,1.3306491160859981,1.3901707351962291,1.284970131395889,1.3410331079731739,1.4055673053551323
2017-10-13,1.5400845477170078,1.4021623350182937,1.6234411017529387,1.916378189648388,1.2806822492345962,1.3349870595824758,1.395017011832321,1.28889895093563,1.3454735416297703,1.4105956735299552
2017-10-16,1.5379382404668462,1.4007755920826874,1.6228514529908737,1.917166813541058,1.2796586001516432,1.33413787839168,1.3942964264780087,1.2876704048236216,1.344366616313447,1.4095576613475362
2017-10-17,1.535582225250834,1.3997946607239689,1.6214717236773957,1.9157216619258979,1.2791265491129935,1.3333727422127417,1.3932786573117788,1.287073901316706,1.343520771173194,1.4084029984463973
2017-10-18,1.534852900418916,1.3980905240498542,1.6207254952223251,1.916013791520654,1.2776846799279578,1.3323272294648385,1.3926032098445562,1.2853810115579547,1.3421558210278177,1.4073664996852924
2017-10-19,1.5330487653089362,1.3977987102767244,1.6187557438257718,1.9121153355950993,1.2778237690851302,1.3319740397103725,1.3918132708261157,1.2856653031844407,1.3419773332722922,1.4067481129031076
2017-10-20,1.5313747089308705,1.39528867888272,1.6184285376100314,1.9150109333670144,1.275954089940461,1.3308980215374175,1.3915948670167344,1.2832223338993163,1.3402325437978087,1.4058037972479438
2017-10-23,1.5273431233742443,1.3937800161355176,1.614170918492977,1.9070297033880967,1.2748174459489177,1.3287439303518305,1.3883240539263877,1.2824866060720825,1.3385233626518644,1.402946230904699
2017-10-24,1.5254665278906767,1.3915617354419108,1.6131832915612878,1.9078051501269508,1.2730134582850507,1.3274222780089069,1.387483453263716,1.2803546443098717,1.3367971090239712,1.4016539460937034
2017-10-25,1.5216798061463523,1.3887809004200475,1.6088645259073082,1.9012879391187096,1.2703822976407673,1.3242032910092143,1.383618794764693,1.2779938877451273,1.3338957006036096,1.398119575050696
2017-10-26,1.5163776049696707,1.3858666615511552,1.6051906569164116,1.8968386901979568,1.2683933589939635,1.3218780079429528,1.380836667297697,1.2758706227242738,1.3313576280844477,1.3949900678824088
2017-10-27,1.5294860260267895,1.3951556830861886,1.6207113694681161,1.9217298661128197,1.275972797322959,1.3315108383617673,1.3928037622674263,1.2829419228216807,1.340497702044857,1.4066398401600084
2017-10-30,1.5298223449585002,1.397367625621723,1.621492666932724,1.9206917501642327,1.2777887209888554,1.3327027367316624,1.393261757917506,1.2851801173483501,1.3421576570449927,1.407570540831434
2017-10-31,1.5324895476856668,1.398276672207961,1.6245669237083986,1.92630126305427,1.278279148845491,1.333917374754597,1.395154340372596,1.285425469420733,1.3430688640523076,1.409152561756602
2017-11-01,1.5356601621660908,1.399861036890837,1.6268125069505912,1.9291896967096145,1.2793637605347927,1.3352873382635513,1.396872256936221,1.2865656193640103,1.3445219477125687,1.4110149944301336
2017-11-02,1.5383069455721257,1.4013737399108643,1.6283552896500444,1.930483343701597,1.2808523514509214,1.3369381924974104,1.3987158123998298,1.2879234099141446,1.3459985272426997,1.4126477702917057
2017-11-03,1.5385893711200764,1.4032638501631363,1.631070282425422,1.9352667634667435,1.2824798290122477,1.33850441621345,1.400202181212475,1.2896596861334315,1.3477749719665186,1.4144516683221688
2017-11-06,1.545309795014537,1.4068114738867474,1.6363903241505864,1.942626947189821,1.2851423996340368,1.3418848036174635,1.4044829101409537,1.2922315693972926,1.351102169825797,1.4187736956931092
2017-11-07,1.5443429381420133,1.4066792428096537,1.6352631443469656,1.9406215357488952,1.2852677995708066,1.3415909053177675,1.4038088916524962,1.2924339022224354,1.3509496687554412,1.4182681233646683
2017-11-08,1.5482784396507365,1.4078662109240283,1.6383809443865638,1.9462721522479387,1.2859949206386143,1.3431397068342148,1.4063298220054796,1.2929604826436554,1.3522761959784,1.4206167001810308
2017-11-09,1.5450458727819583,1.405671209553627,1.633986517504627,1.9390192427737847,1.2842558056644073,1.3407703475091042,1.4034038592779943,1.2913519411353862,1.3500827654174574,1.4178544738106715
2017-11-10,1.5404991002930908,1.4007962221340182,1.6295578246971263,1.9355545300693182,1.2799020186215602,1.336612255730912,1.3994820062214905,1.2868049901118739,1.3457132336969462,1.4137232162639752
2017-11-13,1.5409006912654053,1.4009303735328154,1.6295624547549972,1.9357902064664287,1.2801235567648646,1.336783974796841,1.3997464523797158,1.287032070124654,1.3459568471758308,1.4141156788244753
2017-11-14,1.5387722291347692,1.4005804420292653,1.6273296933864154,1.931042938088571,1.2801426643785052,1.3361954484066736,1.3984910876073384,1.2872062940116356,1.3455167170504623,1.412950044487494
2017-11-15,1.5338231729253562,1.400020503080786,1.623565967388744,1.9228952672872288,1.2798086287178636,1.3344695864695897,1.395106754895215,1.287359782297571,1.3443518053028911,1.410088581019135
2017-11-16,1.5442554318520363,1.4040389629955174,1.633877117191341,1.9414738548840602,1.2824603886612942,1.339320383922265,1.402387766948634,1.2894816706063872,1.3486377619310408,1.4169567315586342
2017-11-17,1.5451232049811447,1.4047235159355183,1.6334579174092745,1.9391413034175513,1.2828529090655731,1.3394302304523098,1.4022927738063793,1.29008584714822,1.3490135436023563,1.4171536714083917
2017-11-20,1.5432523009576515,1.4033523713898917,1.633009199173074,1.9396584360531335,1.281667509835588,1.338323686709749,1.4010421205163748,1.2888185529592182,1.3477605571698248,1.415697302582537
2017-11-21,1.5526620470205135,1.4084298920528602,1.6425154595923739,1.955040481997761,1.2855952042123853,1.3437641776584937,1.4081491858639068,1.2924366479149176,1.3528742230899904,1.4225899187550315
2017-11-22,1.5560314488561475,1.4114135202659703,1.6454525004800302,1.9576558508401025,1.288014768504358,1.3462513043687863,1.410727548232189,1.2949571383813578,1.3554749323688748,1.425305257055423
2017-11-24,1.5579215604907097,1.4121671126006765,1.6477699571464646,1.962116087829291,1.2887336571706611,1.3476337482090077,1.412756228485259,1.295443881743468,1.3565140639346787,1.4269425174685688
2017-11-27,1.5536965831444376,1.4107900244198106,1.644203433526239,1.9565248147363148,1.288014468241017,1.3461737128730125,1.41064661727617,1.2948906018804638,1.355294250429743,1.4250846463700517
2017-11-28,1.5579764104478961,1.4133183212979454,1.649753925823486,1.9661865137242946,1.2905454616070777,1.3498030866478308,1.4154527447515015,1.2969472674964277,1.3583473962356263,1.4292875523457147
2017-11-29,1.5483053925399117,1.4065057060354906,1.6390871641976887,1.9503520462094104,1.2860181616786046,1.3442996637471722,1.4089279726479336,1.2921882424469,1.352455766943871,1.4221042336599377
2017-11-30,1.547635146274023,1.4058148330384426,1.6405665431400578,1.956133056614472,1.285961747397986,1.3449538591985566,1.4104593521171003,1.2917401810053137,1.35269070170317,1.4232445720787457
2017-12-01,1.5470269013533573,1.407421207326602,1.6395285907300678,1.9516123430118524,1.2877153201886415,1.3456968562009664,1.4101785293873184,1.2938673532055276,1.353893918724322,1.4234066331971182
2017-12-04,1.542530907867754,1.4046907019417854,1.634765316155197,1.9435164114934076,1.2857194531676042,1.3429447230965965,1.406458363199604,1.2919415959615863,1.3512055738943163,1.4197022566326551
2017-12-05,1.5387926034082455,1.40374359504935,1.6327087058154177,1.9399265877046812,1.284985397950301,1.3415212043220857,1.4040484646547815,1.2914018175722695,1.3500060961525238,1.4175244892356782
2017-12-06,1.5367055064153767,1.4043969786333887,1.632137050986778,1.9386445046631988,1.2861169714444676,1.3422214134700619,1.404278523895118,1.2925717915812227,1.3507439304789006,1.417779154932075
2017-12-07,1.5363825471245205,1.4036547285716887,1.6331464698067748,1.9421301034858933,1.2852927657021262,1.3417532231203992,1.4040770870127184,1.2916417408720424,1.3501494089067954,1.41744222605971
2017-12-08,1.542297247109854,1.4061053274065707,1.6388240385699633,1.9519063402101917,1.2868797052244156,1.3443984898180628,1.407942678095754,1.2930692861006268,1.3526255114819263,1.4211703776630258
2017-12-11,1.5448840047831016,1.4074448346376707,1.6425445573874882,1.9590623141364956,1.2876193765330388,1.3457811268556474,1.410016524646256,1.2937527449734405,1.353959641941644,1.4232347438258148
2017-12-12,1.5448134065363304,1.4069884051242507,1.641883594266058,1.958409150545959,1.2875321062230183,1.3458233992083448,1.4103076408819963,1.2935539754836578,1.3538489894289345,1.4233312625105943
2017-12-13,1.5515113633586926,1.4119821058544206,1.647812178337338,1.9649138994719815,1.2915273196254529,1.3500940265489005,1.4148660649656652,1.2976253944956184,1.358235457198069,1.4280635755759932
2017-12-14,1.5476150688267178,1.4101878199086268,1.6440829833696404,1.9589224386442905,1.2902870279524041,1.3481600424512974,1.412157229913957,1.2965064520156044,1.3564437999863612,1.4254896786380584
2017-12-15,1.5534405425373703,1.4137329807556165,1.6507878110840468,1.970843346490997,1.293201941795194,1.3521336851050227,1.4175254026178472,1.2992552405407696,1.3602628914102108,1.4307582517590332
2017-12-18,1.562297937144839,1.4167617296850732,1.6587894144131745,1.985290337177504,1.2949102814013935,1.3556835308113253,1.42325850900788,1.3006921571873915,1.363494627827178,1.4362052381404085
2017-12-19,1.5531414368081768,1.4100994280920438,1.6505806097890061,1.9749415273326059,1.2890367053535152,1.3493095269479538,1.4162469877853456,1.2949425611562173,1.3572284136566242,1.4292689201554805
2017-12-20,1.5500289412648103,1.4070160033029633,1.6478234752352061,1.9725934387439699,1.285999056655073,1.3464193418790287,1.4135374638838705,1.2919198558765044,1.3543533244385522,1.4265839085586958
2017-12-21,1.5522850125506351,1.408549156781799,1.6503998527805988,1.9762086736633986,1.2871677782067743,1.347867385232704,1.415232466382109,1.293093030490541,1.3558019161950068,1.428289090212123
2017-12-22,1.5566453202097588,1.410329150277835,1.6530473543144446,1.9794249126059684,1.2883796249314492,1.3494715847012055,1.4173354273773622,1.2942656864918538,1.357373431289754,1.430379637012554
2017-12-26,1.5576211061355658,1.4106338476275964,1.6522319894910096,1.9767902759965295,1.2888905196615468,1.3498211346582676,1.4176072373701047,1.294774098785307,1.3577090374765672,1.4306133375923689
2017-12-27,1.5614033332771902,1.4146475040392228,1.6558458446038489,1.979637186899113,1.2926222211025362,1.3533774917439856,1.4209359115028237,1.2985715173768826,1.3613493006284159,1.4340391721356016
2017-12-28,1.565156128526645,1.4155565467786684,1.6583438641697978,1.984111782175834,1.2930152629857554,1.3544308346237122,1.4228696467396231,1.298864166041806,1.3623072430512417,1.435906155368474
2017-12-29,1.5661268955524248,1.416117039411716,1.6576738922819838,1.9809722927438074,1.293443673560624,1.354545644649858,1.4226140263343363,1.2993783546544224,1.3625205087719432,1.4357485877864458
2018-01-02,1.5769371458497186,1.4201162613011857,1.6686118080925536,2.0013690630806678,1.295249284259084,1.3587184732939732,1.4296519904847376,1.301041462821024,1.3665789686839782,1.4428177649064595
2018-01-03,1.5820661229571962,1.423506371472623,1.6755654675526248,2.0133551723617162,1.29782466971256,1.3622833794835676,1.4342689684492802,1.3034066039902823,1.369912886274436,1.4472256991662045
2018-01-04,1.583808682737785,1.4241643155167956,1.6786591923259284,2.019348800995776,1.2984703005400697,1.363891089227108,1.4368676330405274,1.303692749658244,1.3710271675463552,1.4492201652365455
2018-01-05,1.5894967912258,1.426746450034737,1.6853996724615965,2.0320041070209767,1.3002129863527718,1.3669155687551573,1.4413459333137673,1.3051831367679463,1.3737619095410722,1.4534306440267089
2018-01-08,1.5914135106474125,1.4275850081398733,1.687248088462946,2.0355624810826844,1.3007517898945968,1.3677734330190296,1.4426329040648005,1.3056930062141925,1.3746053091441872,1.4547383656538408
2018-01-09,1.5868792621387438,1.423457264403667,1.6842141244880997,2.0342471413758414,1.297302142235893,1.3646788577219273,1.4398991684027571,1.3020019968019723,1.3711877071009986,1.4515968330071911
2018-01-10,1.5827065555258337,1.4215717309194198,1.680858908404862,2.0290796169713903,1.296115743672354,1.3630648008263075,1.4378136861861062,1.300818318986292,1.369559421608289,1.4494463204469943
2018-01-11,1.588400579793003,1.4250471627982164,1.6876262981135128,2.040472459382468,1.2990464075410728,1.367103191175936,1.4431218932656704,1.3034677173439042,1.3732558762181581,1.4543944603330068
2018-01-12,1.5958751098257564,1.4284514387216647,1.6952656007198725,2.053708738355662,1.3016212442456003,1.3713039897000554,1.4492429846278214,1.3056761636078633,1.3769956262998726,1.4600237733640764
2018-01-16,1.5944554065957506,1.4277451818563214,1.6930530307440241,2.0493187094298437,1.3010704393564678,1.3703316972128006,1.447803714491836,1.3052461760692995,1.3761606055637734,1.4587247432234245
2018-01-17,1.601360708291137,1.4305566551981717,1.7012456095330792,2.065113575341602,1.302870060780123,1.3736600023333576,1.4528202957446843,1.3067391293640123,1.3791471952816043,1.4634377065614816
2018-01-18,1.597124596593193,1.4270258753273337,1.6980129859747513,2.0622579914899273,1.2996545343084034,1.370496805600986,1.4496558372273205,1.3034481956941235,1.3758815623365803,1.4601347313813433
2018-01-19,1.6024895470180245,1.4278682089226642,1.7021745066483827,2.070737392520256,1.2997599419945791,1.3718875969474638,1.452592967758732,1.3032834072153991,1.376946067774846,1.4627516660108348
2018-01-22,1.6105554743864716,1.4319082124801406,1.710496087127388,2.085421737500302,1.3027705878679086,1.3763202626355007,1.4587551632468427,1.3060362204763187,1.3810998411108422,1.4686867468314806
2018-01-23,1.619024202169919,1.4375981027065634,1.7181666486409355,2.0959342781330994,1.3072399152438214,1.3814186650187303,1.4646476353961644,1.3105733651313578,1.3863151915078253,1.474795892040786
2018-01-24,1.62056926103162,1.4366001645036746,1.7175813065524708,2.0950288133329553,1.3061782735137981,1.3808197484147373,1.4646613817599001,1.3093842101086386,1.3855378356664039,1.474588378840938
2018-01-25,1.618900538976117,1.4376905114224303,1.7174863925180541,2.093504047443303,1.3076376944495736,1.3815827673674295,1.4645325301496874,1.3109934233419271,1.386493648853505,1.4746569425105327
2018-01-26,1.6278146933035211,1.441227397858985,1.7282146283705129,2.1144738143184423,1.309917292936998,1.38616298102553,1.4717620842106176,1.3127644195852572,1.3904813631075201,1.481308460791516
2018-01-29,1.6157097532659646,1.4344981907997305,1.7174604458717964,2.0988546340961767,1.304672288124423,1.379527112507196,1.4635382320624548,1.307701211477706,1.3840555292627887,1.4732472543038242
2018-01-30,1.6042457002233033,1.427607293620089,1.7057525600583205,2.0806625394201967,1.2990464615802542,1.372323625912998,1.4545078354481538,1.3023798393273307,1.3771982055950296,1.4645327396097945
2018-01-31,1.6116427355983336,1.431016349837499,1.7107914803540516,2.0878048979465325,1.3012567181694341,1.3751182588140383,1.4581268542832475,1.3046954813473388,1.3801714709735702,1.4684520909048056
2018-02-01,1.6022860747990504,1.4239926808026835,1.7019988174693081,2.076699210998403,1.295810241666294,1.3694305080028806,1.4522006795467262,1.2990756902777871,1.374182172154096,1.462057893488669
2018-02-02,1.579075899559861,1.4103935136218229,1.6779363698587022,2.0380283542898785,1.2859165639627494,1.356249234940151,1.4349527053219173,1.2891721174949864,1.3609755901295741,1.4447077276896483
2018-02-05,1.545118481818729,1.3969962864896281,1.6427747853716281,1.9715364651285738,1.2799314817607668,1.3436803662859376,1.4142850258256772,1.2827744596086452,1.3479183988066092,1.4233067854477486
2018-02-06,1.5601360376140907,1.4028379673308415,1.6610230824190868,2.007253755897394,1.2817959747723153,1.3489141228426993,1.4234159636167338,1.2848005446952602,1.3533768714682983,1.4328070866336167
2018-02-07,1.545657966297933,1.3945963061144038,1.6465461380137423,1.9851406959629794,1.2762065149661943,1.3415721459517669,1.4140991014512587,1.279192871724245,1.3459835045504107,1.4233706834592634
2018-02-08,1.5136049270105096,1.3775137887636324,1.6117335199456861,1.9241334577670015,1.265491856991955,1.3257790596214938,1.392050217790318,1.2680859216796343,1.3296759848658786,1.4005303436616008
2018-02-09,1.5269290626322558,1.3832641633852338,1.6245925332587041,1.9477037344145196,1.2681690776193064,1.3305198734546844,1.3994490319767596,1.2710257705275736,1.3347733102381913,1.4084601602686178
2018-02-12,1.5397207189555089,1.3899516362391737,1.638875397976703,1.9728807330085727,1.272442755912707,1.337119059453244,1.4088981308599695,1.275316656149851,1.3413923728244994,1.4179698419598235
2018-02-13,1.544870087856622,1.3929860254815811,1.6433798270259223,1.9795987775292194,1.2745405860988577,1.3397250369406926,1.4122367985010906,1.2774265065961776,1.3440399003054138,1.421392360041616
2018-02-14,1.559140911245252,1.396891411896034,1.6573706399741535,2.00754166755968,1.2753784490439346,1.3440231881327114,1.4209539244009923,1.2782117986754284,1.3482311644356626,1.4299524374212877
2018-02-15,1.5727479587574962,1.4044129209678151,1.6720920879491175,2.032725339607306,1.2801623387402077,1.3508154293669792,1.4302160101713246,1.2831456487465354,1.3552343057624996,1.4395417992508786
2018-02-16,1.5734105470208979,1.4058832896243854,1.6725072860804675,2.03132088313264,1.2818993852617115,1.352165543685862,1.4309817679574368,1.284907173091232,1.3566113612235013,1.4403504543505905
2018-02-20,1.562667627035654,1.4010258186207785,1.6647034287125146,2.020318845256175,1.2784586448321076,1.347502041463093,1.424715521858086,1.2814659321992368,1.3519641167984653,1.4341051132224865
2018-02-21,1.5541547850467974,1.3952918846499918,1.657717639636233,2.01151895376426,1.2737243600184844,1.342311103447063,1.4188891894973619,1.276607223038531,1.3466226059196962,1.4280647321799798
2018-02-22,1.558931301900659,1.3975892039024196,1.660772461145524,2.015391324805037,1.275329557455342,1.3443389150142284,1.4214963651847272,1.2782151749257582,1.3486530010281323,1.4306906317991726
2018-02-23,1.57504585763829,1.408083347338446,1.6786018652641115,2.044142756048201,1.2828252785457386,1.3538042023784698,1.4333472207179614,1.2858631095208457,1.3583590021388976,1.4429507363046536
2018-02-26,1.5850252250817864,1.414063866715123,1.6900313415972752,2.0636456693916316,1.2869874461930209,1.3595880706670322,1.4411274642668528,1.290047738279255,1.3641841520727023,1.4508281405537282
2018-02-27,1.5637122427777912,1.4028436836876303,1.6708649266255051,2.034200828981834,1.2794359116614586,1.349526176994404,1.4279779881662307,1.2823793357161155,1.3539552122617724,1.4373932434762697
2018-02-28,1.556526254109624,1.4009213319644904,1.6634613171287753,2.0192825005086776,1.2792752389388244,1.347658079086975,1.4240214461635121,1.282210333960517,1.3520692024723706,1.43338241821782
2018-03-01,1.5476563640379581,1.3974381661551536,1.6528201285325592,1.9977549753122819,1.277429512181713,1.3434631178879626,1.4168937854075931,1.280350880426204,1.3479199214461235,1.426332239191958
2018-03-02,1.552095159455116,1.39819028685081,1.6573219004937783,2.007831322047531,1.2762433002996256,1.343234985746131,1.418098082085039,1.2794081866783,1.348029300142257,1.4279576254232507
2018-03-05,1.559332266113047,1.401757566095955,1.6653096813011627,2.022839693229752,1.2769983227632853,1.3448693053501466,1.4209688869082537,1.2805972335940972,1.3502923993579576,1.431723310866804
2018-03-06,1.5666641621717252,1.404918904225573,1.67115109102554,2.032020283049418,1.2787228605166503,1.3475542889851915,1.4250838136521518,1.2823162481713717,1.3529614408802026,1.4357587975782553
2018-03-07,1.5671156301976805,1.4051560287327358,1.6717801429804515,2.0332641002172562,1.2784206214643354,1.3471223230971863,1.4243960862983183,1.2821547297054718,1.3527458977704252,1.4354143149965966
2018-03-08,1.570232360555873,1.4082945009692938,1.6762480972091098,2.0399879893429,1.2807330857713721,1.3495750828277393,1.4269554232649113,1.2846253894765503,1.355442517286883,1.4383566579344136
2018-03-09,1.5835066675424727,1.4143299863124323,1.6912451040677547,2.068096298396043,1.2814980633098478,1.3521851780525893,1.4320793366337967,1.2860586411095578,1.359057455700246,1.4449084043070797
2018-03-12,1.5864758033462687,1.4167169402419268,1.6943019000918311,2.072104602709213,1.2832309573117866,1.3540756960652722,1.4341462470015058,1.2878132058691163,1.3610052936705113,1.4470894025640748
2018-03-13,1.5803868239725554,1.4140794944496569,1.6866106074851375,2.057035393068189,1.2834914777401134,1.353392299054488,1.4322393576611092,1.2876619855407212,1.3596946364230251,1.4442776190472038
2018-03-14,1.5808888094254603,1.4151490606245132,1.686784806256727,2.055447190707373,1.2850678089870797,1.3547399623062062,1.4331795843301114,1.2891404568388425,1.3609097980333604,1.4450493229773769
2018-03-15,1.5783061011414763,1.4139706082805459,1.6848421446401278,2.052550704067566,1.284268264809464,1.3535424046780336,1.4313547610796975,1.2884068200412906,1.3598094372296803,1.4433897869885208
2018-03-16,1.57793352447307,1.413091563251489,1.6836648573280304,2.051012951258097,1.2833586933605978,1.3525377069575748,1.430253850982439,1.2875409033601182,1.3588523117513085,1.4423491209980313
2018-03-19,1.5655060729441554,1.4053793974130078,1.6688875089849673,2.0254768839308372,1.2799315903482011,1.3477973801229903,1.4238129606612568,1.2834997457789337,1.3531867903530375,1.4345529133650532
2018-03-20,1.5663993910000173,1.4048175816457764,1.6705038731879396,2.0298854200822642,1.278134210004352,1.3462592740389374,1.422538639621039,1.2819030270074376,1.3519629255575016,1.4337402201261562
2018-03-21,1.5686451588712793,1.4053878512098246,1.6708953483795637,2.02931538930464,1.2792650112258068,1.3479852823446328,1.4252741107014464,1.2826619741060097,1.353136257059719,1.4356064694608144
2018-03-22,1.5478076082489092,1.3964243665110598,1.6484067416607378,1.9879055104893615,1.2778810885903698,1.3437377458388875,1.4171773440508393,1.2803536241944884,1.347512488856012,1.4255899066113757
2018-03-23,1.531921047210159,1.3878658020252401,1.6295689841611223,1.9538051871433453,1.2757633248056206,1.3400279831927493,1.4115276189552985,1.2771899740934687,1.3422390348673026,1.4176432610124636
2018-03-26,1.556169304476302,1.3998944698150766,1.656246386528581,2.0017468903128406,1.2794149393608958,1.3467838197505824,1.4225012154195023,1.2819016129371619,1.3505675015318332,1.4308274573415134
2018-03-27,1.542826909158233,1.3946235294348712,1.6400018782430563,1.9688357048618794,1.2801473162877588,1.3451369210466386,1.4174820218225053,1.281812288452167,1.3477102395324556,1.4241399428103876
2018-03-28,1.5425268988287884,1.3936631959273735,1.6371153048910951,1.9624907142023018,1.279518950048571,1.3437692293536818,1.4149481049349086,1.2812573007566448,1.3464317711230065,1.4217752180937397
2018-03-29,1.5549009895037795,1.401959450981827,1.6520817761682522,1.986821127569266,1.284249802801328,1.3497109508947807,1.4223437488995685,1.2864618117418123,1.3530982123698514,1.4302331140330986
2018-04-02,1.5386767729525104,1.3926402510729328,1.6322705674215614,1.9513920846287165,1.2811757460177062,1.3449424996909678,1.4155116928080937,1.2823597679938745,1.3468187521191528,1.4212035270805619
2018-04-03,1.5457895349756146,1.3953862462732574,1.6406493988227777,1.9679565493699815,1.2802121961523973,1.3447180745526164,1.416266652833985,1.2821442843450206,1.347659197782995,1.4233868667168459
2018-04-04,1.5539216359958423,1.400123138845713,1.6498421056785875,1.9844147381453223,1.2817284458755378,1.346968350920232,1.419606322623397,1.2843254213254198,1.3508314704363793,1.4279619226572593
2018-04-05,1.5565603022872607,1.4006819028247433,1.6537559758461446,1.9932194408385637,1.280225551763653,1.3459071287549178,1.4191046276675126,1.2832581623454005,1.3503956870045448,1.4282979372979523
2018-04-06,1.5427556105287508,1.394584405138599,1.637116740972567,1.960889711036673,1.2811957870385253,1.3453571727839264,1.4164500790687944,1.2828257974810144,1.347835126370859,1.4229395666540994
2018-04-09,1.5470995830072438,1.3973563958440183,1.6423919768637236,1.9697502198139372,1.282568795295203,1.3472215763768616,1.4189426926942375,1.2844514255020032,1.3500657209534528,1.42592088227142
2018-04-10,1.5601022811294043,1.4038762356503596,1.6577296381906828,1.997686037199507,1.2834492228248446,1.3495410005079835,1.423184030339401,1.2863640230487492,1.3538879026532928,1.432180683574294
2018-04-11,1.5594969115644566,1.4034950812688751,1.6552341585708223,1.9918693443299182,1.2843321879108496,1.3502621327174378,1.4237584757896702,1.2869794138434982,1.3542121870448152,1.4322003304436755
2018-04-12,1.5586355325971328,1.4026034652653263,1.6582165667174638,2.0010951879309937,1.2812142992351727,1.3473838502621267,1.4211046629605366,1.284382459412361,1.3521175362208013,1.4306464942144879
2018-04-13,1.5577466221670484,1.4020963213422362,1.6556115271719989,1.9956100600520927,1.281868856818997,1.347947880664981,1.421645025486002,1.2848331488538474,1.3523487034732335,1.4307032087134597
2018-04-16,1.5628506920997043,1.4049805594629463,1.6612917310934991,2.0058091492126637,1.2827635186272106,1.3493167637197774,1.4237242993994037,1.2861482941961841,1.3542978671550865,1.4335553644784018
2018-04-17,1.5732379614780292,1.4113822756774623,1.6732861750723562,2.0268276938464367,1.2850659810982008,1.3525545620609247,1.4283184046826791,1.2892387450286429,1.3586423912481873,1.4396416353024093
2018-04-18,1.5749587518576083,1.409884040872425,1.6744021337293056,2.031055319469462,1.2819042972283305,1.3498609730478606,1.4262658783224385,1.286390026751199,1.3564054818938005,1.4381710953385902
2018-04-19,1.565844619750714,1.4037013996519303,1.6654856305396597,2.0181146488927815,1.277764402791445,1.3451685741802368,1.4208075762196848,1.2819325191130844,1.3512791854689357,1.4321343097611965
2018-04-20,1.5533193009679016,1.3952892669925134,1.6523599775237592,1.9980765244841447,1.2726266996400217,1.3390971244949248,1.4134388242381049,1.2762722806515503,1.3444619652900376,1.4237611105479362
2018-04-23,1.5490308109923283,1.3930416834115769,1.6489161616609365,1.9933103671467776,1.2712187674387467,1.3372989341800838,1.4110754412847508,1.274773697500307,1.3425317717819232,1.421239652154661
2018-04-24,1.5415720679177007,1.3869734199600885,1.6371781593121864,1.9724235807167774,1.2687053313473249,1.3340995750217994,1.4070215003356306,1.2715701631552914,1.3383142343759118,1.4157586278171348
2018-04-25,1.5382331297591352,1.3848267721887013,1.6350609880894837,1.9710076932236444,1.2665279400401506,1.3317301251962195,1.4044038228928835,1.2695031021466678,1.3360972646810496,1.413361727512029
2018-04-26,1.5507694284168325,1.3931509689737875,1.6493728965398073,1.9941813814694427,1.2706547905120744,1.3367740388982488,1.4106465509131567,1.2743191435757841,1.3421392092742173,1.420971935008966
2018-04-27,1.5571369509385415,1.3965662127066945,1.6535710681247822,1.9991643971186939,1.2731567710818819,1.3396141714096026,1.4140198030910804,1.276923797328515,1.345090438789193,1.424459168448456
2018-04-30,1.550250917090579,1.3934402312958398,1.6469130346047032,1.9873890688882088,1.2724486894864653,1.3381753634899336,1.411501621941986,1.2757458723985808,1.3429969348085928,1.4210896113117142
2018-05-01,1.5511995772089417,1.393888908208928,1.6488982412237965,1.9926035988327144,1.2713335016490832,1.3370211123527058,1.4103962852731267,1.2750597591157522,1.34244469286482,1.420812149159531
2018-05-02,1.5463715479997682,1.3913431720918767,1.6435975914507557,1.9832192806542803,1.2703555232716188,1.3354774038252732,1.4081281421270377,1.2738382678087121,1.3405537548563156,1.4180611172331934
2018-05-03,1.5476919235222943,1.3929462418773138,1.6445260154300099,1.9830075823013338,1.272373533487347,1.3375477042844637,1.4102685869608806,1.2756870306265204,1.3423848565359913,1.4198726616554471
2018-05-04,1.558072989060923,1.399151385957722,1.6562919176249218,2.00375202872356,1.2752276765016486,1.3415318887061125,1.4157705270565684,1.2791062674376004,1.3471688471174752,1.4264927155324059
2018-05-07,1.5604424988967218,1.40048950374319,1.659069873944833,2.009422626407707,1.2754567409437152,1.3420172473134093,1.4166868674650572,1.279576465643954,1.347997802922055,1.427891650505883
2018-05-08,1.559848334615979,1.3992230315871304,1.658493052003261,2.0095024771801593,1.2740203324034065,1.340763950024215,1.4156228625994507,1.2781366832909056,1.3467339569208445,1.4268008765189029
2018-05-09,1.564979166980423,1.4013341933186139,1.664629197282129,2.02213766240051,1.2737715931670315,1.34128698467375,1.4171693917291535,1.2783336495632733,1.3478734589161,1.4291978046704559
2018-05-10,1.5779043769881471,1.4089011853456386,1.6774342530366502,2.041915089035227,1.2785679636403149,1.3474118516745226,1.4249211420688497,1.2833854274811802,1.3543461417522746,1.4374233288120513
2018-05-11,1.5776586435601594,1.4091621257031737,1.677971809278684,2.0428994450493856,1.2788960009499717,1.347778803112003,1.4252828506176396,1.2837230635584174,1.3547156449306017,1.4377875390238808
2018-05-14,1.5756100536871334,1.4074979470183993,1.677184539810471,2.043332994069,1.2770428443658053,1.3459950255967192,1.4234833881752915,1.2819358087613786,1.3530172683313413,1.4361032033194745
2018-05-15,1.5582285096707058,1.3964754494088223,1.6615568883797225,2.0218039484771646,1.268659019593632,1.3361537169988784,1.411746342773982,1.2734422563411267,1.3430303003997717,1.4241740244307197
2018-05-16,1.562066407058932,1.3975123079869762,1.666172860294028,2.0312145048911385,1.2679010363082661,1.3361126074350609,1.4125186776512626,1.2729227597223927,1.343324784635362,1.4254056424881196
2018-05-17,1.5572147385045734,1.394761763497212,1.661570264915335,2.0244708407300593,1.2662551876440449,1.3341612230789675,1.410242293358281,1.2711512899132236,1.3411842314227336,1.4228614621023217
2018-05-18,1.5549185570584667,1.395616529335447,1.6592905447283886,2.0179448501524737,1.268652926318854,1.3358023664526544,1.4109690978075387,1.2733573443926913,1.3425823286980996,1.4232777993623653
2018-05-21,1.562466451635158,1.3995421382623328,1.6664594145666962,2.029713869107173,1.270673282574821,1.3386717663572039,1.4149042288195828,1.2755960130055806,1.3457324038699732,1.427594081890072
2018-05-22,1.562156602737428,1.3989990323871329,1.6655537733218087,2.0279841026758776,1.2702910535173175,1.3381972779441638,1.4142970922310267,1.2751712169079892,1.345197566717044,1.4268997065172637
2018-05-23,1.5657013703341023,1.403616365387691,1.6699842689692772,2.0332467018213274,1.274223559079534,1.3417556839955644,1.417560625564974,1.2793465260895251,1.3491828533604637,1.4308145403914376
2018-05-24,1.5658596973848453,1.4053547585616792,1.6699482278996705,2.0309761558878066,1.2769338743386618,1.3441418079446912,1.4196532109427913,1.2819116187603148,1.3513864092876418,1.432660165912089
2018-05-25,1.5663841001162437,1.407579111245719,1.6709406220865077,2.0302470793765934,1.2794358811283115,1.3461300790155442,1.420975946674755,1.2844026710080871,1.3534152002929063,1.4340851651747886
2018-05-29,1.5590735110372949,1.4098975005732388,1.6644706576590025,2.0126406075740815,1.2854906605054754,1.349745808199381,1.4217387798430434,1.2901190975274197,1.3566983225326088,1.4344997729882798
2018-05-30,1.5691468783127243,1.4125772753827441,1.6735205816086098,2.030601518483001,1.2849010546173953,1.3509170535995367,1.4251160699296495,1.289918400852863,1.358318930516553,1.4384378874833048
2018-05-31,1.5651344737761046,1.4101798608557552,1.6695489912111814,2.0244144620843425,1.2831814564257835,1.348701459972724,1.4222902987298027,1.2881387398436912,1.3560512668733355,1.4355554149304102
2018-06-01,1.573500195082506,1.4132852987883657,1.6793402481009851,2.04385702841063,1.2824208079669281,1.3492086776883256,1.4243096790871579,1.2881124870431477,1.3575260322110845,1.4388433782733117
2018-06-04,1.5791580409772785,1.414211030943064,1.6845161496943892,2.055149603114238,1.282305307679184,1.3503599164361049,1.4268881800785835,1.2876197263449505,1.3582757220070234,1.4411000582234377
2018-06-05,1.5789787011957488,1.41558686542476,1.685158538109381,2.0553979626782355,1.28397389869824,1.3519607059513998,1.428517755829401,1.2892040675126273,1.3597751165771448,1.4425896495885264
2018-06-06,1.5858835596456364,1.4168585597263537,1.6918157288760038,2.069262635028095,1.2841047544444693,1.353696860220481,1.4319575816768615,1.2889087663511194,1.3610431346222467,1.4456454854253444
2018-06-07,1.5812128579395868,1.4168442076977672,1.6876168389119806,2.0597202577820672,1.2850705994943206,1.353433293042777,1.4304269325956551,1.2902155529727486,1.3611781706622552,1.4444831806259473
2018-06-08,1.582068909527265,1.4163826297226079,1.6879712781859644,2.061447473251338,1.2846320279751144,1.353356260745222,1.4308248740182727,1.2895760339924607,1.3608808953675888,1.4446636967760924
2018-06-11,1.583793019055942,1.4165769249707196,1.6896785918229162,2.065201970319577,1.284640604373744,1.3539248585953432,1.4319917940182645,1.2893742476969743,1.3612012335231132,1.4455804528220337
2018-06-12,1.5837984798026739,1.4169402567852574,1.690253667840305,2.0668765036403824,1.2848411086841929,1.354073370712551,1.4321705364293684,1.28963118377608,1.3614337774914325,1.4458818452207969
2018-06-13,1.578392273904874,1.4140149862424303,1.6863638209632466,2.061738341066885,1.2827053445438281,1.3517806015490663,1.4296440786894442,1.2874543265661083,1.359029956264318,1.4431371640665236
2018-06-14,1.582469530509762,1.4183971297044555,1.6912560627901576,2.0684179438926225,1.2867491651886425,1.3559846771790582,1.4341807373866848,1.2914515359807757,1.3632015942107008,1.447668840994647
2018-06-15,1.5757968265718232,1.4160650482474406,1.6865408756916638,2.060723213433179,1.2843754898488267,1.3524108522230063,1.4290954921349877,1.2897938320722464,1.3604936371952654,1.443592623709605
2018-06-18,1.5713481964961709,1.41451686148916,1.6826240905234129,2.054262631423259,1.2834846614235202,1.3508176036357709,1.4268289485900376,1.289058147341788,1.359074806843906,1.4414697959236844
2018-06-19,1.5661513463719023,1.413472125851061,1.6780937652954582,2.045409050595904,1.2831151416684008,1.3493587979060622,1.4242333942723662,1.2890019372743318,1.357979436091124,1.439213860423424
2018-06-20,1.5692020182146904,1.4133923630794638,1.6806129385655866,2.051866948477794,1.2822701921423323,1.3492085235528801,1.424877280873471,1.2879886164883845,1.357667766998963,1.4397778587178207
2018-06-21,1.5633621105082895,1.4112499854499692,1.6738083058895816,2.03866646740392,1.2810920736512055,1.3467048838459523,1.4210028995186732,1.287102302728972,1.3555070428325173,1.436200721738796
2018-06-22,1.5695037280296849,1.4138289154361003,1.6782693360090586,2.0447456653643488,1.2830447543925865,1.3492295235269025,1.4240796911449194,1.2889408953705819,1.3579095620055415,1.4391882970827754
2018-06-25,1.5559911769597767,1.4066701271149815,1.6627512988601416,2.016807975542033,1.2778210884472294,1.3415228157302521,1.4136464814273308,1.2843269973908837,1.3508808968557517,1.4293111440940944
2018-06-26,1.5568920002728257,1.4081758614186424,1.6647267615981105,2.019858374389807,1.2790029571806598,1.3426409856282764,1.4146470496140378,1.2857075205704303,1.3522408190865596,1.4306226838497607
2018-06-27,1.5464816201346507,1.4048774645214548,1.6545932356884678,2.0002368701490845,1.2771296001473267,1.3386172380994705,1.408235446741447,1.2845095656476868,1.3489831365556189,1.4249250013382726
2018-06-28,1.5525282233919233,1.4076676541347681,1.6608760357813155,2.0116307952591717,1.2788127448241258,1.341210447220375,1.4118170567392851,1.286050343663748,1.3514529682906924,1.4284954647696835
2018-06-29,1.5583339258125575,1.4100657558788656,1.6658488088000512,2.0194906650547817,1.280510424726275,1.3436549318797673,1.4150270623280796,1.2875729413250523,1.3536895552312909,1.4315074719129188
2018-07-02,1.5530776008756577,1.4082151375941805,1.6635613559200104,2.0179890478786766,1.278453270207988,1.341165029539738,1.4120755163620498,1.2859189096653476,1.3516887251476986,1.4291284453016577
2018-07-03,1.5551915279480866,1.4095442087208903,1.662595259697305,2.01279122798125,1.280616829022458,1.3430189146253229,1.4136021838855317,1.287937994737986,1.353326906529325,1.430345032723297
2018-07-05,1.563772447050905,1.414459063542492,1.6713438554892865,2.0276298963778037,1.2838192725162691,1.3472642915578223,1.419183496242289,1.291238510120026,1.3577116185938563,1.4361310483314358
2018-07-06,1.5732802190428945,1.4202772699551431,1.6824156584923389,2.046400195656602,1.2871949752391623,1.351789772205969,1.425050653900313,1.2948116493471327,1.362539051279447,1.4424374262685058
2018-07-09,1.5804779546144063,1.4229463972608651,1.6908997227014144,2.062668600092114,1.2878020287812768,1.353759841747981,1.4285521503198337,1.2954921441964065,1.3646588675497497,1.4461654015976517
2018-07-10,1.580543564185972,1.4227411799479495,1.6912982925702473,2.064293619937796,1.28742352731438,1.353555077824473,1.4285938098893447,1.2951198969655113,1.3644585808895218,1.446213375894243
2018-07-11,1.5685415878325606,1.4183490634607365,1.680921788842698,2.04664979995353,1.2853972496632327,1.3498999841095127,1.4230336799133612,1.2930710417581048,1.3607280042661254,1.4405352809934557
2018-07-12,1.5795117473748093,1.4245106930687748,1.6931696650412482,2.067798921503738,1.2889705455800349,1.3548971780825432,1.4297344175967153,1.2967998463422394,1.3659778074223796,1.4476099728761758
2018-07-13,1.5796346717290124,1.4255907590168255,1.6944343112356732,2.0692090238777068,1.2899826960123761,1.35585056713936,1.430520856394431,1.2978599870654648,1.3669988560268485,1.4484939655058198
2018-07-16,1.5761028782126447,1.4230858991822737,1.6911282883822554,2.0649108562646674,1.2880734600864765,1.3537670693856994,1.428232245783898,1.2958966777265681,1.3648374233328808,1.4460936319683255
2018-07-17,1.5763531190394275,1.4235741355872402,1.6939819720066431,2.0711949559203173,1.2876804953701952,1.3536558104007965,1.4283026500424676,1.2956450687012167,1.364942189887262,1.4464760339656828
2018-07-18,1.575175509967996,1.4227861223485738,1.6932135697075776,2.0705213678246364,1.287162065323827,1.3531639566606903,1.427838154435851,1.2950802007171878,1.3643868027888102,1.4459234874856568
2018-07-19,1.5728294213270966,1.4227897210571583,1.6899754918762377,2.0629422851231625,1.2881567277090542,1.3533815727450431,1.4271666414518733,1.2960757847823834,1.3645690320361712,1.4451925061220214
2018-07-20,1.5745757962416,1.4213866302596698,1.6908898205187166,2.066127758516589,1.2860550451671051,1.3518688645080694,1.4262879177071444,1.2939355737495566,1.363040995479414,1.4442967601438434
2018-07-23,1.571315122217214,1.4176204916297017,1.6882713635759838,2.065775947281492,1.2820706413657588,1.348136261646026,1.422896521589073,1.2899731862769377,1.3593426767110985,1.4409523491468192
2018-07-24,1.5767107254189563,1.4209832136887746,1.694730922107774,2.0760496541994824,1.2842883857545242,1.3509903836216026,1.4263862656576884,1.29225262504006,1.3623115032722668,1.4446154387414536
2018-07-25,1.5884829266175693,1.4266934766595358,1.706555592462334,2.096501388974441,1.2872331118464229,1.3554581821046379,1.4327089980626333,1.2953397075682134,1.3670120359785003,1.4512793082229103
2018-07-26,1.5805475733749625,1.4219356089990356,1.6976106328691332,2.081508660169317,1.2844391484837532,1.3516196034069168,1.4276107094158625,1.2924328137299055,1.362983394371934,1.4459012208667525
2018-07-27,1.5760150515893285,1.4196206124442932,1.6922312055073476,2.0704222723452013,1.2835885318982478,1.3500025685265156,1.4249149316580871,1.2914633948564482,1.3612012530214774,1.442967164004473
2018-07-30,1.5711734011888714,1.415648086491108,1.685383452364066,2.0585859271881595,1.2809098419649474,1.3466582258786903,1.4207253512976687,1.2886748202760157,1.357692664797157,1.4385355786216771
2018-07-31,1.5792418460875786,1.4202588396248452,1.692547913712806,2.0696570527607756,1.2839682863217752,1.3504246344505575,1.425448583970788,1.2918337381359386,1.3615985988531025,1.4434581682296783
2018-08-01,1.5761255899589286,1.418077383075387,1.6897252546658819,2.066796565216216,1.2818215688497976,1.3479582211843963,1.4226483553490608,1.289804194024512,1.3592754685830621,1.4408522384636566
2018-08-02,1.5744305472526763,1.4193722628041725,1.6916770298268684,2.07169347901289,1.282780241674019,1.348924095097149,1.423718181647606,1.2909190546628877,1.3604573024097633,1.4422360006424797
2018-08-03,1.5812563335787475,1.4240354701490667,1.697866940231894,2.0799972200655614,1.2864010003569948,1.3529257326460202,1.4282220899700067,1.2946400838453953,1.3645950722930198,1.4469258327617602
2018-08-06,1.57977996424649,1.4246005861533455,1.6985203384966894,2.0818863323590215,1.2869549367182538,1.3533719159166546,1.4285719657312494,1.2952763774111324,1.3651506749398528,1.44743579981512
2018-08-07,1.5840156522668232,1.4252546642480697,1.702521936910514,2.090165088398435,1.286140595617812,1.3533304462516575,1.4294203270204129,1.2945961856298867,1.3653120361423734,1.4485471442714224
2018-08-08,1.583314253950582,1.4253747297304349,1.7023927567784618,2.089831157058357,1.2864874725654847,1.3536781372095326,1.4297872150901714,1.2948924923733705,1.3655988380172688,1.4488370408076239
2018-08-09,1.5823958488464251,1.4263843909441936,1.7019641804852492,2.087509220617126,1.288066749745355,1.3549339173088233,1.430654179147576,1.2964068936017434,1.36676453659669,1.4495962056569864
2018-08-10,1.5711289636284524,1.4236015254139547,1.6919523162925802,2.068433971811827,1.2887055068088373,1.3540122761255504,1.4279897306822589,1.2966792295749219,1.3653184946388097,1.4462482567254606
2018-08-13,1.5630380320497403,1.4204383264770797,1.6858593090488925,2.058891551903889,1.286991753956805,1.3513708524358723,1.4241401415251462,1.2949296609247058,1.3626101008938805,1.442325941640932
2018-08-14,1.567443677414433,1.4222457995224969,1.6905235286008413,2.0680335396001706,1.2873045482542032,1.3523139541609392,1.4259096191727867,1.2954339143059401,1.3638220318164174,1.4444524202322333
2018-08-15,1.5543295542944526,1.4174797084718789,1.6779579315076387,2.0453562343989997,1.285959821808777,1.3491043986919278,1.4204778062772496,1.2938246330533643,1.3601933294950377,1.4384716338336154
2018-08-16,1.5605589565660352,1.4206297130920622,1.6841660898269806,2.0558948879484626,1.2876578599917188,1.3514834783456264,1.423665023057397,1.2956954131542875,1.362803472912314,1.4419612335403538
2018-08-17,1.5681661326835061,1.42397700479781,1.6897480649269567,2.0640617951189775,1.2897767627760337,1.3542841441950646,1.4273362456945509,1.2978806484628471,1.3656914666439899,1.4457333806667518
2018-08-20,1.5724081408116803,1.4274175090708043,1.6937267284369553,2.0683537679947155,1.2930263686321863,1.3577916452630863,1.4311308251417638,1.3010763065852586,1.369127983655532,1.4494352798335577
2018-08-21,1.57609097249353,1.4283846343778226,1.6976568242484564,2.075937509319315,1.292804323199889,1.3582027686825908,1.432236310809573,1.3009503959147874,1.3696997105586668,1.4507546165068312
2018-08-22,1.5788471701664153,1.4305803837670727,1.701088175418815,2.0807132152075773,1.2944691155157335,1.3601270368765004,1.4344041362511184,1.3026329966475738,1.3716757029121567,1.4530057290121199
2018-08-23,1.5713461192192937,1.427444605850375,1.6952130273886576,2.0719407380376946,1.2926745968890438,1.357617545041583,1.431055761281023,1.3007745892698397,1.369060489733947,1.4495246001908921
2018-08-24,1.5838489164474883,1.4335584264419137,1.7061558499754002,2.089393957667407,1.296325196025122,1.3625268802407504,1.437582012339051,1.3046150365791844,1.3742500876426675,1.456415098136536
2018-08-27,1.592156348917181,1.4365914608293993,1.7151719496794706,2.106590691966222,1.296781872346525,1.3643149282517353,1.440909365754763,1.305334563133586,1.37642863687368,1.460259668789604
2018-08-28,1.5919703283361606,1.435192558334796,1.7142624162940248,2.1067402393681967,1.2947093058045418,1.3622602419812706,1.4389125183603482,1.3034281046221445,1.3745812071379506,1.458533505020498
2018-08-29,1.5985361092118093,1.438630342733659,1.72165812177544,2.1201376060837287,1.2962270204373607,1.364670022871744,1.4424291438290677,1.3051657923049589,1.3773109726021682,1.4624823418338835
2018-08-30,1.5885916407701621,1.4354535960390231,1.7136218736352042,2.1066216893721337,1.2954507059162095,1.3628302269542751,1.439391659645132,1.3041831588533335,1.375160485879683,1.459041379171571
2018-08-31,1.5888736317945815,1.4356899809011534,1.7138104489074604,2.1069617628837847,1.295411225862035,1.362692344688888,1.4391894739439524,1.304205342564305,1.375114792388746,1.4589694745452813
2018-09-04,1.5781779007009065,1.4301716528388522,1.70484816751006,2.0941632255334524,1.2918919336384747,1.3583013501866597,1.4337852972180731,1.3005891770424127,1.3705670484794987,1.4533490934919695
2018-09-05,1.57216356425861,1.4266720762160756,1.6967953678003913,2.0799198988882845,1.290203703239866,1.355734982612822,1.4302525109122766,1.2988587983936006,1.3678920136887665,1.449671509612347
2018-09-06,1.5711207524763449,1.426790284152921,1.694449506260025,2.073471916743229,1.2911338984252643,1.356038764741399,1.4297689331920873,1.2998099049321887,1.3682285176736628,1.4492539886051197
2018-09-07,1.5631537332189667,1.4206037779216478,1.6869697905674554,2.0645320532584517,1.2859085687341665,1.3504959993809431,1.4238615313822591,1.294489788949301,1.3625500107535302,1.4431538883487303
2018-09-10,1.5644536560167341,1.4219801310493236,1.68860973741781,2.067001197717624,1.2872986441890801,1.3520622451292215,1.4256582623774234,1.2958531977173309,1.3640572286567394,1.4448616097444935
2018-09-11,1.5662321795483256,1.4214961629787881,1.6908063825240403,2.073514004444928,1.2858160681895074,1.3511988423102403,1.4255935838819538,1.2943957827384651,1.3632269131191639,1.444822362188079
2018-09-12,1.5696292057490058,1.4231930761526679,1.692877983301869,2.075499866814218,1.2870176470729795,1.352488666062646,1.4269851421748367,1.2957322134572198,1.3647141604218287,1.4464892522854271
2018-09-13,1.577289067125238,1.4273428329230498,1.7015542795375067,2.0905200727194857,1.2892087475167613,1.3556228418501812,1.4312341762396181,1.2979907269680564,1.367972856992402,1.450897959490327
2018-09-14,1.5735683646661758,1.4244594771381602,1.6986129414518085,2.087344029526457,1.2866750906752544,1.3530101621394734,1.4284742699320871,1.2953997805777109,1.365299743528718,1.4480531467250475
2018-09-17,1.5698243736948019,1.4217727901053898,1.6921773459213338,2.0748659004224184,1.2852972400212799,1.350797646018605,1.4252462483312085,1.2940835884548627,1.3631613553158601,1.444940422669446
2018-09-18,1.573931758688699,1.4219811848899306,1.697187705427139,2.086532366244028,1.2837037297716745,1.3501913626260715,1.4257943666362096,1.292577188947803,1.3627164074754965,1.4456897126281714
2018-09-19,1.575170721134429,1.4211839312727346,1.698508524676798,2.090055684021478,1.2819933042335727,1.34882418034074,1.4247792053221615,1.2909765602802512,1.3615501070314264,1.4449504396569282
2018-09-20,1.5863832829102795,1.4271146432139927,1.7097260860158536,2.10868530649713,1.2854644121119576,1.353501021067391,1.4309273119682286,1.29461061212804,1.3664718520465706,1.4514171226686727
2018-09-21,1.5849415008738759,1.4265468892184552,1.7084328911688398,2.105735753749104,1.285308413291845,1.3530016560535016,1.4299206443765597,1.2944208279137697,1.365956984898744,1.4504058237121331
2018-09-24,1.5776567343855232,1.4231405760167428,1.703341698048111,2.0990329191486916,1.28323661301293,1.3505951681515702,1.4270869445136507,1.2921830439381854,1.3633042862383153,1.4472369400839322
2018-09-25,1.5795872115545562,1.4233511339544138,1.7047308452769072,2.1016820410475305,1.2828108094693187,1.3503735885459554,1.4270849279655708,1.2918350985937914,1.3632089076041098,1.4474057007482204
2018-09-26,1.5773804450076854,1.4243832892992438,1.704694260801039,2.0998247974837314,1.2846387835562296,1.3518102586729066,1.4279071367387086,1.293545873425043,1.3645128802721813,1.448072064120936
2018-09-27,1.5794566002494255,1.4261738178805026,1.7083663162845555,2.1066614370318875,1.2857968197787089,1.353339823976377,1.429884594427027,1.2946228386380112,1.365935132679268,1.449896925990136
2018-09-28,1.5801619426806865,1.4262253653773924,1.7072314568153883,2.1045898614897967,1.285847593481821,1.3534005909010773,1.4301461176874801,1.2947132981998863,1.3659885127721334,1.4501287633987885
2018-10-01,1.5788356981338085,1.4251441093210047,1.7073626651145855,2.1067188293601324,1.2845877167732833,1.3523022891202934,1.4291926290585997,1.2935265207636577,1.3649719478541877,1.4492664207093404
2018-10-02,1.5773473774600193,1.4257304349306332,1.7053944508184475,2.1017786843201622,1.2863593545086067,1.3536911025946077,1.4303306251824983,1.295166458165108,1.3661838670287203,1.4501601449690407
2018-10-03,1.570415827110627,1.41899748864154,1.6992928140196426,2.097281742502374,1.2801533063515222,1.3476688129541499,1.4245262136907106,1.2887664874782727,1.3598921947987412,1.443994380460185
2018-10-04,1.5553747048612343,1.409707523393251,1.682787571834138,2.0707607123478717,1.274116243237047,1.3400640465349292,1.415258084966476,1.2826336626982493,1.3520819692663284,1.4343309003564348
2018-10-05,1.5496263675818027,1.4047553700917566,1.6747847826037532,2.057902089976982,1.2703542263003988,1.3356265910301952,1.4100957332278785,1.2788533330115197,1.3475969693576015,1.4290555516808578
2018-10-08,1.548392626924537,1.403894766407472,1.67271161291059,2.0539208846077908,1.2694079927022859,1.3343121840786205,1.408340897464968,1.2780522387884041,1.3464377890767238,1.4274725753612212
2018-10-09,1.548571401014275,1.4052588037028233,1.6733420287231178,2.0538640853571057,1.2708089199580899,1.3354890903014374,1.409297212962461,1.2795514612689678,1.3477385096999612,1.4285821934621044
2018-10-10,1.5220384208807793,1.3905077330396738,1.6420346211223011,1.9970991832012546,1.261906919174571,1.3224047116433895,1.391443908668804,1.2711299900044766,1.3351322088999216,1.4110417829440256
2018-10-11,1.5121234461920672,1.3871151043075973,1.630392775444839,1.9728623489571402,1.2616235844130093,1.3200563093352078,1.3868454952866767,1.2710419975758456,1.3330387614797545,1.406661584454382
2018-10-12,1.5240006568501583,1.3938104683905421,1.646088408203135,2.0021275822651474,1.2650438491988385,1.3254657631273297,1.3944320172846627,1.2743417150427112,1.338377349767665,1.4143017644517772
2018-10-15,1.5208991841609518,1.391479839641909,1.6401360600670045,1.9906504276072094,1.2638875201304973,1.323611778610198,1.3918897161462858,1.2731908380902155,1.3365106438684655,1.4117044045950058
2018-10-16,1.5416451998052336,1.4025210414071134,1.6626986854167751,2.0304392976202514,1.270453122220048,1.333062521507746,1.404616847239595,1.279521916972446,1.3457561792441477,1.42437896208323
2018-10-17,1.5366616924465963,1.3990240210661145,1.6581612096610436,2.0253396919058675,1.2677320965260823,1.3301757268486334,1.401638963897197,1.2766844111573594,1.3426948330892587,1.4211532903538577
2018-10-18,1.5217557423492527,1.3914794114182174,1.6408663193589528,1.994023317637042,1.263652057390925,1.3238247781820287,1.3928335552520115,1.272758569490526,1.3364617642302856,1.4123486662660238
2018-10-19,1.5256374532383923,1.392053730970755,1.6430026150797232,1.9976414896959256,1.2632968972776877,1.3238321240075488,1.3932083706330691,1.2724541179890283,1.336556877675,1.4128691172222236
2018-10-22,1.5236915379407519,1.3913920593908102,1.6427798723690317,1.9977869451154415,1.262419628951974,1.3228244644311906,1.3919495295081994,1.27168696494048,1.3357231530995208,1.4118428427307572
2018-10-23,1.5210885795586462,1.3912252707030506,1.6390832105149473,1.9894810978253523,1.2632362947121027,1.3228526028538379,1.3912278275103052,1.2725931174805865,1.3358481990696738,1.411208155798584
2018-10-24,1.4998693798475307,1.3813281605347136,1.6116634047753673,1.9356522706692603,1.2586816705515238,1.3139589369561278,1.3775297344457986,1.2686530254902006,1.3275913578329843,1.398034262505381
2018-10-25,1.5161615727289424,1.3894090151077771,1.6304963895485272,1.9711568170206928,1.262638477573391,1.3205257456556962,1.3870832043991563,1.2724275195022288,1.3340171585717704,1.4076028882661782
2018-10-26,1.5022867224841816,1.3839593510010149,1.6159943506288754,1.942199303664598,1.2607947241193473,1.3163793712037173,1.3802012713682614,1.2707896311748719,1.3300808402176403,1.4008295275184048
2018-10-29,1.4954705170802332,1.3794184160115524,1.606248541684955,1.9245789468085652,1.257962050052124,1.3124219946525417,1.3750130290663283,1.268035310862843,1.3261539118840564,1.3955894784774745
2018-10-30,1.5075501112993295,1.3844786019757338,1.6190471743488855,1.9486697505457415,1.2600921966236007,1.3164882502402546,1.3812438910981668,1.2699792605355458,1.3300402543735899,1.401724700661093
2018-10-31,1.5128641216607301,1.3875348805800862,1.6286898507000478,1.968696509985489,1.261258785215488,1.3191228459669926,1.385452051172983,1.270988039097412,1.3325186283979682,1.4058233865309753
2018-11-01,1.530059733559512,1.3964841498831373,1.6452754735524167,1.9952484122574736,1.2669984683251614,1.3266202857123452,1.394911369506934,1.2767413463215416,1.340121355981765,1.4155225094371457
2018-11-02,1.5242653299879976,1.389885529179167,1.6372494166897331,1.9837465668844825,1.2617877238945043,1.3211192052956602,1.38896374911012,1.2713182226100492,1.3343313634243452,1.4091579704814294
2018-11-05,1.5279687998818747,1.3918926796224265,1.6399520863361876,1.9874504702211233,1.262919997638454,1.3223727677217327,1.3903951365596738,1.2725870366055974,1.335752352905233,1.4108048120841454
2018-11-06,1.5312974523113698,1.393720432398428,1.644205388327201,1.995722758792063,1.2629707279094813,1.322653690585761,1.3909560533421947,1.2729727475788977,1.3365068460693812,1.4120155232319478
2018-11-07,1.5500101276644178,1.4045237361428964,1.6659100915640526,2.0339356747419757,1.26619211110683,1.3273107448374644,1.3974189602392622,1.2774078251277596,1.3429258400639925,1.420887950803254
2018-11-08,1.5405325129084195,1.3993571046650493,1.6564407938633972,2.0197577235299935,1.2634909323118109,1.3239916827850302,1.3934558668530161,1.2744540879658315,1.3391897349755115,1.4163501331648902
2018-11-09,1.529366088080406,1.3951771312722054,1.6450501514951839,1.9980042533465046,1.2640409314021663,1.323520634554575,1.3916512076742034,1.2742280753222177,1.3375901232958836,1.4130295950764569
2018-11-12,1.5141094943055866,1.3877866493098334,1.6268425390935441,1.9634598759867061,1.2637573668575421,1.3217267065671388,1.3879241116701255,1.2727598172551038,1.3340666511430572,1.40695505701194
2018-11-13,1.5169434395422083,1.389159750647357,1.6293517180275099,1.9667651435839824,1.2645467410799967,1.322710214732041,1.3890906944975487,1.2735624066870477,1.3350957757503477,1.4081847280297128
2018-11-14,1.516987290642322,1.3889485337473166,1.6274552282053056,1.9614251291015947,1.265653243064472,1.3238783693904725,1.3903675882960531,1.274357713337027,1.3358225381114277,1.4088363656192084
2018-11-15,1.5262207382613804,1.3948899775319332,1.639465943179415,1.9821672091473652,1.2678809164534668,1.3268250762897187,1.394150861310887,1.277130473090596,1.339607146523849,1.4137897419618615
2018-11-16,1.5310358967403246,1.3982352121713433,1.6425883645012946,1.9847657280425721,1.271160775190388,1.330373523311552,1.3981233242813609,1.2803719758788188,1.343067722731441,1.4176141968457538
2018-11-19,1.518111478875744,1.3906144330999046,1.6255020128137643,1.952900955057564,1.2698689653658548,1.3279832730381773,1.3943711071917222,1.2780229118875448,1.339120965253802,1.4117129054571091
2018-11-20,1.5019090890863414,1.3820478891844032,1.608033322413356,1.9229440473438746,1.2672845602459712,1.3241108022079615,1.388925480450047,1.2745333089088617,1.3339264555497712,1.4044770778464264
2018-11-21,1.5104978098814335,1.3860691071791347,1.6165465930242253,1.9367860209399126,1.268619643741311,1.3260957595522274,1.3916191808219307,1.2762131299408848,1.3364438066768394,1.4078914573513233
2018-11-23,1.504037332006738,1.3828956803859975,1.6096274132396906,1.924780353495091,1.2678499812331117,1.3248305846986883,1.3897717491970563,1.2750809764759574,1.334641433218515,1.405313670548181
2018-11-26,1.5161847012465155,1.3895642102979133,1.6244467219953398,1.9517017487641968,1.2691423364499554,1.3271915974537098,1.393432219185351,1.2772399388010751,1.3382764169176296,1.4107166459969918
2018-11-27,1.5179603461397675,1.3911131138429385,1.6270641338479757,1.956005553282283,1.2697502547369053,1.3278377182053038,1.3941085931038397,1.2779712402370524,1.3391101157461691,1.4116658239093223
2018-11-28,1.5381961458282136,1.4028474777865862,1.6502005107147006,1.9961127904248925,1.2738160474174813,1.3334098806001211,1.4015525385460827,1.2832595628679766,1.3464634491228904,1.4215456088824174
2018-11-29,1.5357256023784052,1.4026396203836504,1.647513653229439,1.9903191814178882,1.2751261438825663,1.334546455910981,1.4025586028778267,1.2843242158538308,1.3472261032786905,1.422036952749877
2018-11-30,1.53911332299973,1.4053915626113915,1.6516022128829295,1.9972241631054257,1.2764215124362484,1.3360994303062859,1.4045412588869355,1.2858524418251607,1.3490931898748115,1.4244468280429143
2018-12-03,1.5545923018339345,1.4145181643900326,1.6680907859353087,2.024025204376731,1.2806847522491804,1.341549550034278,1.411488907411464,1.2908084940833902,1.355576106592597,1.432803793420033
2018-12-04,1.5313991784230208,1.4036499145160455,1.6409670008846167,1.9725605565045796,1.2818489140308729,1.3410769554725883,1.4088743601999616,1.2895622482349662,1.3515181734304569,1.4252954746159536
2018-12-06,1.5346501088636328,1.4069901981933501,1.6430049433570724,1.9739160520274934,1.2853129674949795,1.3445334001347855,1.4124567759887576,1.2930243132522428,1.3548582226312087,1.4286930494004708
2018-12-07,1.5185042857371411,1.3987790300940093,1.6232947875542991,1.936490669460308,1.2858367202203573,1.344034704057816,1.4106199526909742,1.2918301170154411,1.3518027721267039,1.4233319699269023
2018-12-10,1.5156847813139611,1.3990177157999655,1.623312779559722,1.9376606656845172,1.286111332443583,1.3440945121159538,1.4103941874211894,1.2921310177133194,1.3519007862319705,1.4232162849431784
2018-12-11,1.5177270009903063,1.3991960673708608,1.625260895306336,1.9417890946126564,1.2851750267410684,1.3431536751152684,1.4093823872611126,1.2913613533430646,1.3512673302884552,1.422673927313432
2018-12-12,1.5227730195419649,1.400717743722626,1.631889927236958,1.9548697041254195,1.2837215282014285,1.3420935748189613,1.4087015763855013,1.2904147285706598,1.3510781037191923,1.423228417086508
2018-12-13,1.5232156450803465,1.4011861419993017,1.6320916334430815,1.9547869385774093,1.2841957032040279,1.3425445582667022,1.4091346932159268,1.29088500519987,1.3515051730591416,1.4236251709480086
2018-12-14,1.5092444516498995,1.393867672143971,1.6157901548577187,1.9249477995890412,1.2833193244833836,1.3406779240220243,1.4059543641655798,1.2887409621735495,1.3477501645604801,1.417869270554013
2018-12-17,1.4934917718102048,1.3869917663789701,1.6004044868807805,1.8962803085980569,1.2836741995343437,1.3400780431269954,1.403958829263839,1.2876000495182192,1.3450346242252302,1.4130379245888154
2018-12-18,1.4992164943707462,1.3913397284810551,1.6055847662109342,1.9025079277069348,1.287359844094591,1.3439348665232544,1.4080302720955755,1.2913320136505793,1.34895201403513,1.4171970566840777
2018-12-19,1.4849972641182254,1.3851920454994375,1.5907930589307153,1.8748294095732132,1.2876322330140493,1.3432531137327386,1.4060253887450778,1.2903472151379207,1.3464120777555137,1.4126715072876435
2018-12-20,1.4801396712019108,1.3806783655584316,1.5827661215738602,1.8602352248943865,1.2861856579989466,1.3416270847638767,1.4042003345864071,1.2882307542449993,1.3438281861786654,1.4094926132117567
2018-12-21,1.4635790334400993,1.3715758107336449,1.5643541489873949,1.8274263376348028,1.2840223142222578,1.3383467323903673,1.3993965961029515,1.2846723736977796,1.338515407145945,1.4019372325603705
2018-12-24,1.447713266950228,1.3638215574502457,1.5473990623791516,1.7961224827647468,1.2837685551500495,1.337200667568275,1.3970232131108788,1.282878366079397,1.3351485757155663,1.3965377861721793
2018-12-26,1.4776010629532335,1.3790208156345614,1.5818702006223528,1.8608301409593258,1.2841988093525198,1.3396512557534763,1.4022538519247143,1.2863241201943822,1.34199881094582,1.4077589509378812
2018-12-27,1.4821890185930973,1.3828946525932573,1.5869713742837006,1.8681090888387542,1.2872872039552576,1.3431079582702603,1.4062445019120835,1.2895926775572353,1.3456797296041354,1.4120196343609102
2018-12-28,1.4877596967587594,1.3880758222750282,1.5921102080736864,1.872381508399238,1.292759345201075,1.348826311710665,1.412232838150431,1.2948981952455114,1.3511492434912482,1.4176461865764591
2018-12-31,1.4922100298357668,1.3930497196328282,1.5983095994628163,1.881232304052612,1.2968052460050934,1.3531346684670011,1.4168998657677394,1.2991447504550593,1.3557124843098758,1.4226573656217196
2019-01-02,1.4899478732239657,1.3935414443094831,1.5988861807416763,1.8821740952364405,1.2976671543378067,1.3538883217715116,1.4174451575216467,1.2999072092466033,1.3564071114182303,1.423186611538918
2019-01-03,1.4795992527825812,1.3899382815011945,1.5833872655042995,1.8491688403102295,1.3025129085640035,1.3576248867651028,1.4199871556857637,1.3034179893499824,1.3581804135561155,1.42304200761819
2019-01-04,1.5035463837599454,1.4001772648890363,1.6112030854064427,1.9013961133485153,1.3001183139292658,1.3572697523213093,1.4218477839078163,1.302915190713822,1.3605668200971546,1.428606677842033
2019-01-07,1.5100994353922852,1.402464040294371,1.6176106082025714,1.91403986144338,1.2990716074289723,1.3568139866772893,1.422187669015516,1.3023589623561933,1.3607915541945805,1.4298369887765894
2019-01-08,1.5183970230042168,1.405748414894993,1.6251170808591977,1.9276676616765807,1.2984941198892817,1.3566901514085374,1.4226068803366416,1.3023913027625984,1.3615035134333464,1.4313709981486435
2019-01-09,1.5275699737374446,1.4105934770689528,1.6343503737629166,1.9420842234392397,1.3008934185317607,1.3599812988050972,1.4269225361374365,1.305022802431339,1.3651445235739246,1.436127589880095
2019-01-10,1.5321928363469006,1.4122241908304347,1.6382536689609917,1.9488414047512708,1.3002023929646722,1.359570238383838,1.4268090956429365,1.304705439245327,1.3652341936852233,1.4366704013188252
2019-01-11,1.5309722089543079,1.4130546101678463,1.6369421962164077,1.9450489002677465,1.3022830026113874,1.361432485963631,1.4284959575344995,1.3066207950698496,1.3668325502543532,1.4379982083710097
2019-01-14,1.5249947090862626,1.4090490532770317,1.6298099589516626,1.9335716989863818,1.3005217515050607,1.3593377016571908,1.4260801823255904,1.3045309924531128,1.3642600285050968,1.4349204814013667
2019-01-15,1.5347018215891481,1.4146332086233138,1.641200548287219,1.9537535975015186,1.3014956496398808,1.3609615766885361,1.4284786782417787,1.306214242972855,1.3668882737922368,1.4386811095677037
2019-01-16,1.5401053140734378,1.4169104481944994,1.6452906137224126,1.9596795246562164,1.30261737282514,1.3624388115128008,1.4303441016803167,1.307425904342917,1.368492059290925,1.4407020342423111
2019-01-17,1.5449190806552848,1.4189434297397576,1.6507441942881687,1.970141903032588,1.3019994804071326,1.3621990233996908,1.4305461640728658,1.3072196533672964,1.368837421783996,1.4416924501165465
2019-01-18,1.5506800512914758,1.421439697197942,1.6585751923957526,1.9856201046743622,1.3005003825670125,1.3610704506550213,1.4297153934074254,1.3064007239880402,1.3686995873736734,1.4422315451244485
2019-01-22,1.5383942033005096,1.4158469616471185,1.644233899636821,1.9593618622305864,1.30098085846131,1.3605098803340423,1.4280519275705867,1.3059984680819081,1.3668472142793906,1.4388179435768111
2019-01-23,1.541810275086842,1.4175653746455488,1.6477602164017635,1.9647810885745194,1.3017282467194549,1.361454066073175,1.429115444436223,1.3068484960676012,1.3679603605190436,1.440123231181368
2019-01-24,1.5466026153069028,1.4215591561631191,1.6531653283206666,1.971921064516964,1.3046014874726934,1.3645968533947674,1.4325428457726344,1.3098565148665813,1.3712867240796467,1.4437971018295075
2019-01-25,1.5601749020486562,1.4271708742050888,1.664812603254576,1.9915529206376488,1.306103571171417,1.3673378905830826,1.4368864849502743,1.3118119761641638,1.3746561990205586,1.4489165171619296
2019-01-28,1.555671461282996,1.4239094440897664,1.6572165182811287,1.977875778022448,1.3054146305504108,1.3662124397594995,1.4353618891759132,1.3107420188903043,1.3729409176203473,1.4465632209962382
2019-01-29,1.5580541740018712,1.4259272640749685,1.6574057209520823,1.9748658006417004,1.3088385156125786,1.3696423731359342,1.438818631956067,1.313887292105101,1.3759495594164355,1.4494290650358883
2019-01-30,1.576209672500271,1.4373147408541724,1.6775273848831023,2.0072529935387626,1.314081817039138,1.3762978356530406,1.4471730612679459,1.3199445544386728,1.3837600636897172,1.4593168221964326
2019-01-31,1.5864519922668192,1.4455644577749862,1.689296238962968,2.024557492150751,1.319307596013155,1.3820746690311159,1.453649280977393,1.3256128709631694,1.3901353663096474,1.4665989535234565
2019-02-01,1.5808312399583868,1.4405468213529327,1.683821871621823,2.018713671727723,1.31470860158652,1.3770819746219722,1.448150206198274,1.3210633000503404,1.385235141669736,1.4612370674386983
2019-02-04,1.585743162862594,1.4426400408063806,1.6898146986164941,2.030863869392675,1.314592983556057,1.3774811291125995,1.4491327323650414,1.3212214500953843,1.3860301770050554,1.4627604659871816
2019-02-05,1.5950380606337315,1.4483743271900025,1.6991853159590202,2.044870880286197,1.3184438300441643,1.3820482835713088,1.4544544376989004,1.325187853849299,1.3907680169261636,1.4683178876252934
2019-02-06,1.5878336658546315,1.4455076397337723,1.693646292401314,2.036339887987816,1.316633918694032,1.3795875891591978,1.4512713389306149,1.323481028181117,1.3884230827754729,1.465283751069168
2019-02-07,1.581451686859276,1.442847510910843,1.6848328233120413,2.0189429187125056,1.3168966644131117,1.3789677994922271,1.449860833580916,1.3233634320199814,1.3872660721780434,1.4631495963594139
2019-02-08,1.5817977793645426,1.4444957208161797,1.685666226265763,2.0192369968639277,1.3190435449352331,1.3809423063181048,1.4516965141014482,1.3254623935272973,1.3891761736326338,1.4649085461333893
2019-02-11,1.5799557747680038,1.4428716664456496,1.683901004257347,2.0174736500980543,1.3173828469072013,1.3791173394990515,1.449676311086411,1.3238567332578086,1.3874305122976236,1.4629981183564393
2019-02-12,1.5882488039440608,1.447476833214017,1.6946892686620463,2.0372958129572223,1.3190262525235807,1.3818266026883355,1.4534973513140592,1.325855899349954,1.3906372048922373,1.4674848354022783
2019-02-13,1.587089792553651,1.4458041481141002,1.693563145664287,2.037488132740889,1.3170164032800238,1.379809392171852,1.4515154933532086,1.3239168480426522,1.3887268544623284,1.46564966678873
2019-02-14,1.5902884605320713,1.449131467627638,1.696204371502391,2.038997252722044,1.3204824699353408,1.3834736758735038,1.4555135493716274,1.327302549724592,1.3922650807481716,1.469468477753527
2019-02-15,1.5984100469620794,1.4531225103666792,1.7039599075579894,2.0521140836732954,1.3230046437279892,1.3868372955650683,1.4598510715170248,1.3298625659511087,1.3957011351631736,1.4739083370726545
2019-02-19,1.604864922307279,1.4565745084814328,1.708965846308177,2.058889114452604,1.3260944567318758,1.3907119671082222,1.4647322382508037,1.3327481011106228,1.3993012792626656,1.4784099552550782
2019-02-20,1.6052835600251245,1.4568278263857368,1.7102364225307825,2.0612480409817686,1.3258976818627972,1.3906337273800689,1.4646824103496345,1.3326510219664622,1.3993535699694872,1.4785314014426887
2019-02-21,1.5998791335474707,1.4524422854652863,1.7049194880309675,2.0544809839697535,1.3217341656579369,1.385986679715843,1.4593882363381803,1.328581087262332,1.394836864761554,1.473415634348924
2019-02-22,1.6084641630566407,1.4585580649506982,1.7138796237248877,2.06737532334198,1.3262972863915738,1.3911768538156326,1.4653071988553927,1.3332510835836324,1.4001771568636299,1.4795399177403317
2019-02-25,1.6101401538458497,1.4588869837413148,1.716499661826834,2.0727380073085984,1.325588846769153,1.3907645839213032,1.4650810037407,1.3326736577222829,1.3999485134496772,1.4795590315819123
2019-02-26,1.611013928786772,1.4607056212022038,1.7179261210615153,2.073553994565984,1.327519675088061,1.392761590781662,1.4671603053709088,1.3346292756947873,1.401961834187718,1.4816516306952185
2019-02-27,1.6047256778706924,1.456280251356075,1.7127369844665281,2.0679036471904144,1.3234234351701746,1.3882256121818757,1.462083108116608,1.3306399296148004,1.397573811263935,1.4767757089372708
2019-02-28,1.599551258981415,1.4525095642962302,1.707480913209036,2.0611005194208913,1.3203308449712725,1.3846858856536952,1.4580621590250338,1.327548701375476,1.3940410202677103,1.4727689544655418
2019-03-01,1.5986072840322418,1.4513686793522198,1.7094585996959373,2.0678003557937803,1.3170015771606662,1.3813052388191178,1.4544187429953488,1.3248226015538118,1.391479147372252,1.4702104211050837
2019-03-04,1.5986977356410355,1.452713160697394,1.7094804541573851,2.0658775550178756,1.3184218965780767,1.382397988199789,1.4551949134742683,1.3263400923527915,1.3926966972123358,1.4711326420638977
2019-03-05,1.6017949415929447,1.4542421109214594,1.7118633248429065,2.068873472572492,1.3194697181095818,1.3836373964396573,1.4565939513501398,1.327385682947794,1.393936121325803,1.47254133603243
2019-03-06,1.5975811291972155,1.4534230831445862,1.7077846707328692,2.0599880426791723,1.319468886884152,1.3828118604157658,1.454854453129141,1.3276394884278866,1.393414540050176,1.471143821161292
2019-03-07,1.5878801511686347,1.4506602363388665,1.697906945434825,2.040585784222676,1.3188469342280553,1.380343931469485,1.450496342378874,1.3274185151832063,1.3914409827743501,1.4673315726786447
2019-03-08,1.58875767988641,1.45173050194209,1.697544553881429,2.038362762855316,1.3202857130348342,1.3815833791840761,1.4516224880849995,1.3289681759777239,1.3928290600062212,1.4686485297546161
2019-03-11,1.6028581124790202,1.4591163461740748,1.7131221907238892,2.0659261324490905,1.3251299283215923,1.3884148982819542,1.4606188413093006,1.3332804937788991,1.3990185914110542,1.476924464106128
2019-03-12,1.6086957035909077,1.4636040685174176,1.718984346069882,2.0739568494068275,1.3289487808372227,1.392676294225903,1.465449354082555,1.337072819250853,1.4032592299226885,1.481755493003841
2019-03-13,1.6157040273567946,1.4668671306501935,1.7256546438840996,2.0856764776371377,1.331230612278515,1.3959921754531956,1.4699509770309733,1.3391426143783651,1.4063268545048817,1.4859992124457024
2019-03-14,1.611495594235599,1.464097067485737,1.722243524971822,2.081536453075337,1.3288599345433654,1.393340690557915,1.466957724132158,1.3367079565168158,1.4035902985873867,1.4828809986104525
2019-03-15,1.6208616183252817,1.470615116713057,1.7327127398559696,2.09700555275757,1.3338347049341206,1.3993448422911996,1.473965003572769,1.3416380497219416,1.409525947502039,1.4898351989833605
2019-03-18,1.6238279669513975,1.4715759405883155,1.7362236426678024,2.103677167678976,1.3340453665840522,1.4001276064405268,1.4752518603438272,1.3417694915355554,1.4101992368083818,1.4909985164530775
2019-03-19,1.624752329060777,1.471730473585821,1.7373566374344005,2.106260812380693,1.3339096661253669,1.400278130449357,1.4757038918740892,1.3416007811680717,1.410305501485618,1.4914047875422127
2019-03-20,1.6295462133190093,1.4776012629001665,1.7421966007276577,2.109549914753182,1.3394830672400893,1.405728327511068,1.4810937927787178,1.3473822606831904,1.4160169198625594,1.4971227664951865
2019-03-21,1.6379552093249519,1.482545980092904,1.751681355521666,2.1268333039954777,1.343155020605084,1.4105126205731366,1.4872739880352477,1.3506247097806774,1.420299916206383,1.5027341426438996
2019-03-22,1.6210024740972295,1.47786335683696,1.7337632814942414,2.0905162646463777,1.3421922613997026,1.4062202541824547,1.479518462871099,1.350500768771072,1.4170364285379249,1.4961343341073774
2019-03-25,1.6239262738331939,1.4803553887633616,1.7357139143926152,2.0913513550123084,1.3446209053459732,1.4086261048835018,1.481928285724957,1.3530407945775975,1.4195865556998088,1.4987319587200076
2019-03-26,1.6284628238798151,1.48264214600738,1.7408043519286025,2.1006258474514583,1.3462280129024975,1.410864105440533,1.4848494943968749,1.3544085215649875,1.421536188078474,1.501319445811415
2019-03-27,1.623386717406012,1.4818058522057829,1.7363111160267333,2.0908690251169957,1.3464598476651917,1.4101048351772083,1.482974776986169,1.3548830445025106,1.421062398403191,1.499753676728408
2019-03-28,1.6246164909534258,1.4827682700625333,1.7385441752997166,2.095005541231,1.3470384052908335,1.4107996278294812,1.4837744134126065,1.355291306222621,1.4215511576504625,1.5002965542955558
2019-03-29,1.6299785856223714,1.485108743239684,1.744721042920868,2.1065917164185244,1.3482793290577622,1.4129404367150058,1.4868297900126435,1.3563382792368914,1.4234480745080555,1.5030771645447114
2019-04-01,1.6377385816407166,1.485517645440159,1.7535300885511036,2.1271201818276064,1.3464255718370512,1.4131335448379065,1.489088327951452,1.354008240178589,1.4230300950675274,1.5046304960237904
2019-04-02,1.6407913693171907,1.4879869300957869,1.7561370952498112,2.1302913200174536,1.3487906818459707,1.4156386811034807,1.4918600134794797,1.356292435490304,1.4254548052564489,1.5073225813951572
2019-04-03,1.643735510951559,1.4877554241088964,1.7592019788811812,2.1376704692935933,1.34747570393353,1.4150351155921792,1.4919118968851874,1.3549169586774619,1.4247813901568982,1.507325877379773
2019-04-04,1.6455879716845794,1.4892571374117978,1.7612394365767237,2.1403684104179743,1.3487042488393024,1.4164016418183096,1.4934391157082763,1.3561691758581293,1.426183430095171,1.508904925529054
2019-04-05,1.6512438994039478,1.4925081161450282,1.7670474110527512,2.149788149687673,1.3509162756113398,1.4191470260206227,1.4967634065184918,1.3583418506510183,1.4289089348604935,1.512250988181885
2019-04-08,1.6513688946286291,1.4920336649283492,1.7674353548959711,2.1515545800660405,1.3502637977930128,1.4187205030225676,1.4965759295216785,1.35768663014435,1.42846750134267,1.5120422135717746
2019-04-09,1.6483219155036624,1.491151566172758,1.763986648598376,2.144435220456062,1.350213403770963,1.4181980529677034,1.4956073508350827,1.3576700453199262,1.4279734746951183,1.511072069890219
2019-04-10,1.6553083384082345,1.4959434720839158,1.7706214970376284,2.153683652034192,1.3542059546780307,1.4226859214686547,1.5006918348723186,1.361579792198997,1.4323870865042405,1.5161078209541348
2019-04-11,1.6485542054074445,1.4920035539375371,1.7652254243135448,2.1467887626616418,1.3508641566226334,1.4187227626707404,1.495984322279362,1.3583715458393872,1.4285730888183714,1.5115542506527135
2019-04-12,1.6532276695347474,1.4920911776349561,1.7695018828766225,2.156872500913916,1.3497141672194226,1.4184595739605135,1.4966183873047199,1.357101241526394,1.4281793448139597,1.512078253119502
2019-04-15,1.6509247454997176,1.4916414448287045,1.7682334822792667,2.154668680392239,1.3495084585613566,1.4180939554031369,1.4960699602636311,1.3569556338827673,1.427881443578546,1.5116090085256322
2019-04-16,1.645925898796838,1.4882223996937407,1.7666079780496242,2.1554004379683462,1.3453828334777087,1.4140220406316546,1.491757926569969,1.3531264690308547,1.4241307572905133,1.5076697734543179
2019-04-17,1.645144564112864,1.488055560932939,1.7670476470243353,2.1564515329399776,1.3448744612040608,1.4135877851100198,1.4912823291284376,1.3527179825115851,1.423801265402442,1.5073177615307485
2019-04-18,1.647989502451967,1.4906920066566023,1.7696800523051968,2.1593079364572647,1.3473934845489501,1.41616303137571,1.494008478702975,1.355193793687592,1.426346421986509,1.5100280575354552
2019-04-22,1.6443093986168447,1.4886653355707375,1.7676300986343896,2.1578804137895133,1.3454739013439994,1.4142074324659746,1.4920049392900265,1.3533604933548053,1.4244814093576266,1.508125712616286
2019-04-23,1.6526864997190285,1.4946770494597232,1.7772500334749424,2.173567761198985,1.3499643758860196,1.4194423145930022,1.4981531968178314,1.3578081297692186,1.429718781556322,1.51435709331637
2019-04-24,1.650618687452313,1.4957752950307694,1.774658968416945,2.1665164819755867,1.3523118389515316,1.421058407993169,1.499182568480282,1.3601471014029378,1.4313297589536838,1.5153497148269737
2019-04-25,1.650392009352635,1.4954695647798633,1.7748740695195986,2.1677812082589405,1.351834599067704,1.4206428138818052,1.4988332157348285,1.3596926152526772,1.4309365465721018,1.5150239298236414
2019-04-26,1.657104506772924,1.500065777237554,1.7807241710451194,2.175269684154694,1.3559782815715318,1.42525013468946,1.504026590030596,1.3637227398396097,1.4354249034204558,1.5201047255866458
2019-04-29,1.6554157842262704,1.4982992930820318,1.7804998198123867,2.1771202093582986,1.3537238262515683,1.4232497206373078,1.5021593313757624,1.3615474110549213,1.4335079527820809,1.5183484665520472
2019-04-30,1.6568906125164937,1.4992470852233497,1.7800144585981048,2.17419746775251,1.355269376534714,1.424659641651865,1.5035156987311262,1.3629603422438477,1.4347685081236832,1.5195232286529712
2019-05-01,1.6507273617330853,1.496252466978843,1.7738035724075027,2.163542532301508,1.3531740344180287,1.4215661486494529,1.4993144530761737,1.3611011384570002,1.431946178504279,1.5155909715090408
2019-05-02,1.6479316046250232,1.4928622996075507,1.7701103197542982,2.1590410975432546,1.3498899106699236,1.4181511770496837,1.4956905973264005,1.3578379563305156,1.4285482049741645,1.5119809390344607
2019-05-03,1.6614823572343003,1.5008107266953834,1.784289299968631,2.182300106668179,1.3561914790583038,1.426205211372627,1.505613156893387,1.363508843844455,1.4358212141406668,1.521050459850881
2019-05-06,1.6530827693468084,1.4984311077085228,1.7763731397682558,2.167618971434011,1.3551402017608445,1.4236892230320768,1.5017720365604879,1.3630067322047286,1.4340130244192721,1.5179967820569369
2019-05-07,1.6358372766088864,1.491182773669348,1.7586452927569618,2.134887932348952,1.350416335156855,1.416191511851394,1.4914598713824487,1.3593923401844983,1.4279140085078639,1.5092384357334225
2019-05-08,1.633849102003603,1.4893960966214577,1.7564592925319351,2.1319393078663276,1.3489106104933304,1.4144875492055937,1.489470584867632,1.357899907715519,1.4262126045814862,1.5072312578248264
2019-05-09,1.629719330143863,1.4884782797616596,1.7517963529029172,2.1225195942058384,1.3486847666400914,1.4133787107673461,1.4875979198230416,1.3580926887488953,1.4256410066070535,1.5059802563986784
2019-05-10,1.636145544966594,1.491089908065862,1.7569665066192734,2.1309869743932244,1.350491610880547,1.4158994260167783,1.4908375585949165,1.3597087397158192,1.4279189824856915,1.5089729958463596
2019-05-13,1.6159529354593476,1.48186787530225,1.731853401721044,2.08285531278725,1.3442183030383674,1.4055257497517801,1.476410756160119,1.3553471970904103,1.4199530912653655,1.4972911189928078
2019-05-14,1.6249529669162148,1.4865146724643818,1.7419407081241305,2.1005468441399295,1.3476865151362212,1.4103683063334314,1.4825895185721008,1.3582453758824822,1.4240724788525934,1.5026524912779222
2019-05-15,1.6323130748357584,1.4924782749940264,1.750930617739078,2.114605044501048,1.352613908107256,1.4161267358231047,1.489313885556823,1.362909776036403,1.4295073733082577,1.50902722631486
2019-05-16,1.6355252148871533,1.4938561057905835,1.7560578438871883,2.1259607865406576,1.3535189470101145,1.4180043395809419,1.4922078352294492,1.3632702934965328,1.430696897220877,1.511126313007317
2019-05-17,1.625584088625859,1.4893071978247967,1.746240096225605,2.1089711450701816,1.350253413678504,1.4132125408699037,1.485831803165833,1.360575536830912,1.426605507689323,1.5055130966476964
2019-05-20,1.615588322185046,1.4828199555612502,1.7355035139514379,2.0913481098504607,1.345269196372155,1.4071054250942128,1.478436947145628,1.3559561135973066,1.4209512943025155,1.498607946532917
2019-05-21,1.6242270452070349,1.4868933615515858,1.7447077734034244,2.1079409972575123,1.3480413633878514,1.4111908092295629,1.4838585069067896,1.3582171350663805,1.4243945077225242,1.503316804679744
2019-05-22,1.6223451718800816,1.4874189357213168,1.7425652126278317,2.1020193306576234,1.3487961383987137,1.4112028960047716,1.4831413268962392,1.359396469688149,1.4249364535661608,1.5032095951944862
2019-05-23,1.6165048321241144,1.486715601370339,1.734324957850351,2.0826206644632963,1.3490733355989293,1.4095870160822261,1.479679447135011,1.360724571343573,1.424643525835809,1.5012791909877619
2019-05-24,1.6200751649389793,1.4881702759692488,1.73726228612238,2.0871636597958467,1.350262617166792,1.4112328711410937,1.4817158943669684,1.361766054645277,1.426089525617272,1.5030980031201655
2019-05-28,1.6145377251971798,1.487439250477487,1.7328542376173317,2.0771279158429263,1.3499888083074272,1.4098968117011144,1.4792383976730425,1.362031472461352,1.4254221645585354,1.5013693008950848
2019-05-29,1.608861156747,1.484283034522473,1.7272309887584976,2.0672192468593726,1.347597281047343,1.4067509066909079,1.475190701070637,1.3599044258336672,1.4226028184338024,1.4976669411128252
2019-05-30,1.61556840925946,1.489584539699326,1.7337398007551532,2.0753154880571496,1.3522429775346865,1.4118091828507189,1.4807364492425275,1.364547213438286,1.4276669166342326,1.503251740211622
2019-05-31,1.6150653542271816,1.491630800911223,1.729421333032454,2.060616659850418,1.354576267627908,1.412512661003675,1.4798080028150433,1.3679764953875448,1.4297488325484666,1.5039393855297891
2019-06-03,1.6182845570378097,1.49382265474848,1.7286063551920186,2.0535165221894967,1.3566668123040628,1.4140107701958589,1.4806643934047898,1.370863909857337,1.4322689656646008,1.5060468730780503
2019-06-04,1.6293649396416505,1.499932551717944,1.7443067102094054,2.0842799370422718,1.3578971856489261,1.4167822874901737,1.4852364570841368,1.3728590762702706,1.436093065997457,1.511981095949309
2019-06-05,1.6356237508363975,1.5032723040578175,1.7497055848422742,2.0937913273653477,1.3596871624637599,1.4191439823444845,1.4885068232135779,1.374898949678677,1.4387467839675445,1.5155906210319527
2019-06-06,1.6405510318773886,1.5060704600657824,1.755352523216679,2.1038936784757185,1.3609314009183926,1.4209976738006032,1.4911324623165023,1.3763696317941365,1.4408962847203548,1.5185800970262373
2019-06-07,1.6541851153361806,1.5159051027521544,1.7710196435656542,2.1281060509981895,1.3674137346879016,1.4287022943350598,1.5002970968459417,1.3833195541219592,1.4492170941685596,1.5285181263871055
2019-06-10,1.6561127509010238,1.5150748542477217,1.775074865362323,2.1390835463875337,1.3640639067872553,1.4258244514739347,1.4978165995497101,1.3803403725886425,1.4468853948614377,1.526771765537478
2019-06-11,1.6599976734316135,1.5165322006996313,1.7783940329778165,2.1441755742998114,1.3644609996098611,1.4265649574169073,1.4988813703392756,1.3808267845354414,1.4477568787808799,1.527998924941019
2019-06-12,1.6571142214456418,1.516294540765602,1.7746314929735512,2.1361043969282494,1.365968395519012,1.4276388455528997,1.499608876939748,1.3821206966513855,1.448507438570105,1.528295528140074
2019-06-13,1.6621880215207157,1.5207008758618092,1.7800455302302194,2.1434980548316127,1.369722698344809,1.431723565774543,1.5041788663120785,1.3859677005441846,1.452698891904856,1.532992249684758
2019-06-14,1.6573817604113046,1.5186688174877307,1.775230587529994,2.1355176021128113,1.3690665552175139,1.4306128161717626,1.5026443448683664,1.3851861168012412,1.451394867334159,1.5312047951054346
2019-06-17,1.6617269100360241,1.5206162010368223,1.7788775780887531,2.14161749682176,1.36979403472801,1.431668346289804,1.5041314832550372,1.3860556112617601,1.4526354793802796,1.5329200958004174
2019-06-18,1.6765649281968158,1.5298243312315787,1.7952714158780654,2.167336386144327,1.375264039137722,1.438474110582042,1.5123755901104148,1.3919601152970078,1.4600520693533499,1.5419471196291865
2019-06-19,1.68455117553967,1.5355711664974703,1.8027251923269838,2.1767108936704127,1.3801087185988163,1.4437261449050305,1.51808245315357,1.3968500620298157,1.4653706892925236,1.5477404178280092
2019-06-20,1.7005626526533641,1.5442670414888509,1.8168115632845927,2.198024160527597,1.3860470899565351,1.451323142644727,1.527813029784828,1.4029939004504068,1.473216568126219,1.557712629799068
2019-06-21,1.695356721190111,1.5395852265289425,1.8117507861839255,2.192677766827081,1.3820290359617702,1.4472933144798414,1.5237963045171152,1.3988637358574372,1.4690492409975575,1.5535107922297355
2019-06-24,1.6987726610631393,1.542726552966247,1.814143105857533,2.1939380253146683,1.3856064406714528,1.4512063900229637,1.5282373524507527,1.402318508469809,1.4727646550706441,1.5576534316087187
2019-06-25,1.6870274170450215,1.5368303117226914,1.8016384253075475,2.1716901030712688,1.3835515899969715,1.4480551329765783,1.523777436198904,1.3997486878673593,1.4689118092148985,1.552294592030507
2019-06-26,1.6826906547812528,1.5331439061778538,1.8002301497605775,2.1730478862287717,1.3790576398558951,1.4435185403489215,1.5189289568495563,1.3953973747596518,1.464629090787176,1.5478201493169488
2019-06-27,1.6898709085041974,1.5385661045085528,1.8071333936345546,2.181894582482408,1.3833960487095334,1.4481198740418115,1.5238417873950922,1.3998634496599767,1.4693967792573148,1.552951753518272
2019-06-28,1.6934551178701804,1.540406851069415,1.8105425896845406,2.187589819441404,1.3843580238008617,1.4495532305782286,1.5258871371484695,1.4009544555247353,1.4709834428263069,1.555165511264233
2019-07-01,1.697541555546331,1.5435264071552166,1.818956774569178,2.2036809487393896,1.3843722690599782,1.4497934657963192,1.5261453192070047,1.4016332413235426,1.4721350232996,1.5566112730678374
2019-07-02,1.7083684061491602,1.5500371360313738,1.8263390601984404,2.212615914845163,1.3896579849411606,1.4557194509850726,1.5330668713836624,1.4070732384117335,1.478303522824655,1.5639146491293372
2019-07-03,1.7164096383109804,1.5555273048883531,1.8345818559024374,2.2253340437519693,1.3938601373943118,1.4606330014168627,1.5388589286446503,1.411307673359934,1.4832707491095736,1.5698133811504538
2019-07-05,1.7071747079411024,1.5478269060511658,1.8261508465557916,2.2165286083412736,1.386848106724244,1.4531827540793092,1.5308996204110068,1.4042535478312321,1.4757545291280705,1.5617377533714873
2019-07-08,1.7010729352328617,1.544038000666954,1.8192459858104815,2.205158661291555,1.384227908280863,1.4497069018383466,1.5264741543796017,1.401640267507121,1.47227165013194,1.557257017124361
2019-07-09,1.7021517913531397,1.5445639954945767,1.8202698238858686,2.207632471922719,1.384332191092887,1.4498982266157843,1.5268862771541851,1.4018323971105584,1.4725982845955152,1.5578607230814427
2019-07-10,1.7127102266272214,1.5500383549750278,1.8295286420630903,2.2224200590314163,1.3878623369226102,1.4545323742620775,1.5328671488744756,1.4054736628709663,1.4774060134182592,1.5641341684477599
2019-07-11,1.7060712658269779,1.5444263095388504,1.824900104231911,2.2194251792941064,1.3825997830218621,1.449364519560877,1.5276878311325905,1.4000835319487637,1.4720609723484142,1.5587178720794164
2019-07-12,1.710199473901798,1.5475692990838337,1.8297009598264977,2.2270385058448516,1.3850342488265535,1.4522406201862617,1.5311249110703398,1.4025710380028023,1.4750243418744005,1.562296839211967
2019-07-15,1.7125211415934132,1.5500567461723243,1.8327393130857725,2.2307952185266933,1.3872207861640145,1.4545346700272552,1.5335230840166743,1.4047722692998714,1.477343745927658,1.5647341987850154
2019-07-16,1.7065040856870959,1.545946675759502,1.8269727723830793,2.2225202815775758,1.3839797737547186,1.4507224144193278,1.5289966987661217,1.4014947329363099,1.47346193058619,1.5600753709455024
2019-07-17,1.707403136467369,1.5481544251945352,1.825901932693514,2.216356974567084,1.3870327836604788,1.4533140745442805,1.5311880098063344,1.4046422142250148,1.476194013378105,1.5624523041695573
2019-07-18,1.7142976346498844,1.5526107380425795,1.8317072587077732,2.223831543409493,1.3907310719613988,1.457600936026482,1.5362065382981358,1.4083903634808692,1.4805655489790719,1.5676222318042945
2019-07-19,1.702417711899325,1.546126937113509,1.8222421113872282,2.2098720946517916,1.3861334329646635,1.4520259592772864,1.5293448308340438,1.4036666926379628,1.4747921327416393,1.5604345018646164
2019-07-22,1.7050565653993282,1.548558650552224,1.8262677234921596,2.216661853591978,1.3879198586032788,1.4540664950658095,1.5316778638715025,1.4055094763912162,1.4769104557990345,1.5628762141173105
2019-07-23,1.710171469020914,1.5504738430946734,1.831683104892779,2.227407332272234,1.388477930216113,1.4554016147300186,1.5338726945451167,1.4060294653438952,1.4781938174586013,1.5650325659767201
2019-07-24,1.7151007954570803,1.5543077226289446,1.8373885388032374,2.2362861669026843,1.3914445957149306,1.4588228471686682,1.5378750756093837,1.409063350055416,1.48172221076957,1.5692025880215097
2019-07-25,1.7044850149262496,1.5480579889990222,1.827048462922833,2.220388927809485,1.3870403072856803,1.453310346816518,1.5311429983810458,1.4046362532284444,1.476173321689342,1.5623712400168572
2019-07-26,1.7103445322848683,1.5515241068953407,1.8338631882569514,2.232683722592755,1.3890844977703283,1.456109276173528,1.5348520983566156,1.406727727283652,1.4790544572154163,1.56622775297554
2019-07-29,1.7115751185129575,1.5520803900417361,1.8334975568641836,2.2306907906849656,1.3898304737751606,1.4568158800085222,1.5355531647949165,1.4074898786765142,1.4797806264785218,1.5669585279722167
2019-07-30,1.7085808999047492,1.5505968182703012,1.8289813853501264,2.2225364445137945,1.3891003064015575,1.4553824125420924,1.5335458574777578,1.4068714445420896,1.4785172054804019,1.5651603438453208
2019-07-31,1.6962036809974126,1.5453021847709532,1.8169279075515654,2.200515091783687,1.386595980362413,1.451166561072727,1.5273656757908773,1.404288093287025,1.4741792370001834,1.558741571896047
2019-08-01,1.6979306337957663,1.5522734428794356,1.8169213779052733,2.1909874631830997,1.3951212197603668,1.4583513575292886,1.5333955426207706,1.4132446341229292,1.4819324838728627,1.5654397367125163
2019-08-02,1.6899852132395248,1.5485838532884328,1.807325005159765,2.1728528710849475,1.3921360824055653,1.4535527573442981,1.5268374512234966,1.4110852456718415,1.4781448117713414,1.5599131974765021
2019-08-05,1.6647563222717996,1.5393971116142824,1.7792254583651446,2.1178700664074763,1.383980201005213,1.4396170502224808,1.507226756857332,1.4064052691311848,1.4683645317126621,1.544672381846131
2019-08-06,1.679706743012809,1.5486147704819129,1.7945258061806344,2.142121565055051,1.392096881198151,1.4495579836524102,1.5191507024221287,1.4137196451867091,1.4774235389997705,1.5557789711174004
2019-08-07,1.6878822150467836,1.5518451928225978,1.7999553978623397,2.150528239073604,1.3945277191609946,1.4528882052503027,1.5235359821527141,1.4158324453094884,1.4804718024147454,1.5600276201389418
2019-08-08,1.7060604701477593,1.562033389756091,1.8190710905079452,2.1832798013892214,1.4035917079220952,1.4646254673529682,1.5382202080026457,1.4234647877833666,1.4906520380195676,1.5732295709892907
2019-08-09,1.6974634743432633,1.556525631644344,1.8095525634970366,2.1681394230033533,1.398832483419908,1.4586121304543473,1.5309585857450938,1.4192186977938661,1.4852471059208836,1.566560823181676
2019-08-12,1.6920750213494276,1.5566528692284851,1.8024697523024509,2.1506700171416706,1.3988450779462867,1.4564479420106247,1.526712578895865,1.420685051772436,1.4848505944221393,1.5642257619825681
2019-08-13,1.7022682956356485,1.5612546610576263,1.8159086455758244,2.177410492549421,1.4029081153807517,1.4630736963225675,1.5359058205941727,1.4232669944912417,1.4897208894065292,1.5715819665252764
2019-08-14,1.6783970669537407,1.5517877709783836,1.7895527518338306,2.1269925910622685,1.394401667848757,1.4493131056729174,1.516959282411046,1.417810468886445,1.4795959063748272,1.5564243933299493
2019-08-15,1.6867106997166665,1.559261905905131,1.796841336920282,2.1335734342985946,1.4011054224757746,1.4560077064732733,1.5237244968793286,1.4247640306499716,1.4866261155011755,1.563610646547724
2019-08-16,1.698291360355916,1.5644365913325904,1.8099801138204445,2.1582284026119316,1.4058377422737864,1.4631206404882056,1.5332115790615157,1.4280574715008405,1.492031686965902,1.5713018660972
2019-08-19,1.7035485838851716,1.5655496998671297,1.8176120354622955,2.1760220302582085,1.4070434255031787,1.4661449810429779,1.538102660478236,1.4279420542461516,1.4935150351957633,1.5745468307109667
2019-08-20,1.7017317879388392,1.566524053417253,1.8148986792790787,2.167338076820224,1.407674403678191,1.4657357671852211,1.536576726942417,1.4294546082431219,1.4941103432416007,1.5740876484260569
2019-08-21,1.7082253164048955,1.5689398558994767,1.8222076512604548,2.181589053016463,1.4098545484588902,1.4693724209324306,1.5416251200998117,1.430779614970789,1.4967032153919428,1.5780183344952752
2019-08-22,1.703783799287605,1.5651280662592126,1.8170647761873908,2.175171304734309,1.4066931437726868,1.465836690313182,1.537845296328126,1.427558748977542,1.4931756484601637,1.5742717667884494
2019-08-23,1.6896589959173614,1.5598112620060545,1.798205458771786,2.135536490574211,1.4016427045610875,1.456922259026328,1.5249647874765864,1.4251180204508926,1.4872920266971814,1.5645844059562366
2019-08-26,1.6991659918780961,1.5646813760602953,1.8088459764447462,2.1549866363201113,1.4059705576026351,1.462987640328089,1.5328806750452253,1.4284626088752594,1.49225523005493,1.5714120889323755
2019-08-27,1.7012613912580465,1.5679534941267237,1.8102249239678296,2.153320527480922,1.4086508310799573,1.46514044743745,1.534519444522855,1.4317564624985737,1.4951363480924962,1.5738684064129083
2019-08-28,1.7041962606384777,1.5700026110626297,1.814171724396295,2.1603652189184923,1.4106434540875674,1.46765033519502,1.537618927152726,1.4333930878204226,1.4972630677118302,1.5765818867643682
2019-08-29,1.7135984629487173,1.5745549993092696,1.8255656786911945,2.1818710986696095,1.4148153443795248,1.4738101958030994,1.5457782890716825,1.4363426959854018,1.501981474058492,1.583222468994736
2019-08-30,1.7152733534747704,1.5754012639540669,1.8269504297618624,2.1832348203585368,1.4155997086972587,1.4747948779191369,1.5468106727933104,1.4370522896442872,1.5027958248251683,1.5840133637441371
2019-09-03,1.7160030091128502,1.5752443618920218,1.823480960971227,2.174708120709888,1.4149256537291721,1.473306198714277,1.5447094851755627,1.4370731216161865,1.5022498521901602,1.5830588482399857
2019-09-04,1.7320091695091495,1.5844659192082142,1.8397377334825373,2.2004763122419626,1.420709972000647,1.4807609487906774,1.5540420708114793,1.443043190775666,1.509972035586235,1.5928047795312623
2019-09-05,1.733010880762853,1.5824500908764092,1.8460847134235796,2.219196277615187,1.4150362732141208,1.4758800790231015,1.5496533529413419,1.4378911026411663,1.5057915437007818,1.58939226134405
2019-09-06,1.7336875237193707,1.5833369571647384,1.8474138308777062,2.2207035230029417,1.4157966962922364,1.4764913562152584,1.5499252152305105,1.438674438325944,1.5064257440465156,1.5896919516619783
2019-09-09,1.7306433033389976,1.5780129733309942,1.8439579599484,2.219380751744473,1.4100023837443096,1.4710468963598315,1.5447458985066187,1.4328645502640571,1.500946073287378,1.584470662999696
2019-09-10,1.7238082874046454,1.5703099331984116,1.8376901261829666,2.214755196613199,1.4021004374080628,1.46326057584178,1.5368879810518488,1.4249821724547664,1.4931659370969312,1.5766201793747776
2019-09-11,1.7315340656487788,1.5741698156871478,1.8458362557573647,2.2290724649958435,1.403922318257599,1.4660710648025117,1.5408517553289782,1.4269681163806358,1.496200681638645,1.5809084784144345
2019-09-12,1.7368748030677903,1.5752662463094929,1.850277931880656,2.2378461141311172,1.4035301714483897,1.4665169742244253,1.5422411773647577,1.4265806895952022,1.4966654533908628,1.5823555557704625
2019-09-13,1.7312945991501558,1.567031316815867,1.8446050475719944,2.2347987451405817,1.3947663138024882,1.4581451212360286,1.534022939633669,1.417805237324395,1.4882431119725525,1.574066875452047
2019-09-16,1.7308687325960435,1.5689531429766275,1.8425929084399728,2.2278780347765283,1.3981853973393705,1.460949960169579,1.5364162650091964,1.4210863785301353,1.4908846007501817,1.576229940240679
2019-09-17,1.7368209813725106,1.5733239330242765,1.8480859966659189,2.2351681588764727,1.4017772901372711,1.4648625980631658,1.5407965636671652,1.4246845750494295,1.4948366200977747,1.5806913741771058
2019-09-18,1.733949828063304,1.5728724407329284,1.846745067479403,2.2329036097161263,1.4017686847371584,1.464360456613345,1.5396514556698866,1.424773666188576,1.4944525151542138,1.579683172948129
2019-09-19,1.7361339247583047,1.5745307305883127,1.848400595945081,2.2346948542783025,1.4034112025451746,1.466050029779261,1.541454982536098,1.4264220691936158,1.496148286844914,1.5814889873695646
2019-09-20,1.736866169223906,1.577176821293501,1.8470664500432599,2.227070943516307,1.407827955965752,1.470084439931167,1.5451662301979154,1.4306106515137984,1.4998583863015083,1.5847359824883087
2019-09-23,1.7384661214808,1.5785061724431635,1.8480600399726823,2.2277091868412526,1.4091710174832037,1.4715432547282534,1.5468682338495197,1.4319166402657093,1.501277176005025,1.5863905197338917
2019-09-24,1.7328672631702187,1.5777436047188682,1.8410987922047035,2.2117901901129877,1.4112431822442624,1.4725654861483422,1.5467942137153048,1.4337499235123805,1.5019635634815873,1.5858243074558376
2019-09-25,1.7299965808554973,1.5738820576661328,1.8410898536245226,2.2182523994200256,1.4056311212536188,1.4670405060823284,1.5412312564986537,1.4284197900309072,1.4968439440789725,1.580835654333491
2019-09-26,1.7320500397393386,1.5756557090197505,1.8417972496564485,2.2169759995765137,1.4078831879790306,1.469149078659473,1.5431756689871556,1.4305436459302077,1.4987858436900625,1.582557482949965
2019-09-27,1.7228322523611947,1.571873257075007,1.832800155457553,2.200658615749774,1.4066807306024287,1.4666894614373824,1.5392342830845815,1.429233762727076,1.496156377412393,1.5783387034522582
2019-09-30,1.7253338780554737,1.574335859258996,1.8382441207211313,2.2105037366022877,1.4076131540620869,1.467760830308662,1.5402548366654853,1.4303808245724634,1.4975332255663845,1.579796510789973
2019-10-01,1.7172237437464468,1.5715220139155393,1.8295570408726316,2.1935112540551196,1.407077801352538,1.4660378434209937,1.537281451277188,1.429898729690341,1.4958097657792044,1.5766946030802387
2019-10-02,1.7062078473509628,1.5663889216176359,1.8152752019412888,2.1660584872224544,1.4020229010730347,1.458542855241701,1.5275450078191035,1.4263896659940851,1.4901226063165849,1.5688189705149156
2019-10-03,1.7194092750020005,1.5762879163740808,1.829063619056404,2.1852777666092384,1.4107676169060346,1.4683811750931963,1.5385519440276794,1.43475105448718,1.4995818269329428,1.579542271894792
2019-10-04,1.730103188558417,1.583797855727968,1.8419567730207878,2.206580852322819,1.417636377403967,1.4766628936881496,1.548369251570581,1.4408734169419395,1.5071025943756564,1.5886911716877936
2019-10-07,1.7228181955199182,1.5781492087298117,1.8348872686312552,2.197636459094094,1.4126912677071637,1.471209965896767,1.542323402347395,1.4359551163087267,1.5016503928713034,1.5825714162768494
2019-10-08,1.7140123690894304,1.5734995476294023,1.8232068292125871,2.17534312055212,1.4081877012388322,1.464938732450902,1.5343135531876557,1.4326184420757935,1.4966864540962463,1.5758737776524814
2019-10-09,1.7212132066786965,1.576409159338129,1.8312631860595374,2.1908327915100365,1.4109054402938424,1.4691332785634708,1.5399710254988348,1.4345036733388166,1.4999319161804836,1.5805990985462133
2019-10-10,1.7243835498550808,1.5748741606027146,1.8352751873373256,2.2024387879409106,1.4096882969195328,1.4694517794655937,1.5416268721785826,1.4321627572569133,1.49889991418447,1.580822774955402
2019-10-11,1.7332466321978048,1.5759815936941475,1.8451961927825296,2.2240937751545027,1.4107743014636327,1.4731720975555267,1.5476613383590723,1.4316684321647273,1.5006983770762998,1.5848602224475998
2019-10-14,1.7330376620713963,1.5775496039013595,1.8450507035008128,2.221961275666937,1.41210035482597,1.4739613482680132,1.5480599356763238,1.4334063824824197,1.502017797226825,1.5858481542669773
2019-10-15,1.73949234406347,1.5785480272311798,1.8531201345739616,2.2400311072210055,1.4131065041764865,1.4769908761209507,1.5529555167528917,1.4330966633201714,1.503518054913123,1.5891936930835129
2019-10-16,1.7416100340545242,1.5804555768626107,1.8543255184795862,2.2397815123567337,1.4147221483972139,1.4785282808278173,1.5544038110964444,1.434935215683603,1.5052883320275234,1.5908879452637914
2019-10-17,1.745808820657604,1.5821984411304955,1.8578694111014822,2.2458084003492393,1.4163521061938482,1.4807244983614758,1.5572138317570237,1.4361800738506205,1.5070778229285855,1.5933190423439154
2019-10-18,1.743239474559667,1.5807532804130204,1.8533078030403984,2.236420587341169,1.4153207206301652,1.4788377995581528,1.5544910527831521,1.435469354849842,1.5055548368896408,1.590916916875584
2019-10-21,1.749146856459824,1.5816632258464784,1.859383978398033,2.249776616885519,1.416235221848998,1.4812279243472717,1.5583148943747684,1.4353126035284558,1.506741259398463,1.5935385612640136
2019-10-22,1.7470889758020132,1.5814986683824888,1.8565747181233543,2.2427312228085707,1.4160649354417494,1.4803994194566927,1.5567898780301461,1.4356375684564429,1.5064384337958847,1.592517495714071
2019-10-23,1.7506418927309149,1.5836397725317726,1.8600149340673755,2.2479436530633996,1.418080573528737,1.4828409891213061,1.5596653871820112,1.4374612961468078,1.5086642619464992,1.5951926996066335
2019-10-24,1.7545412029692895,1.5860174354915444,1.8645324479904617,2.2559946057616953,1.4199247989028336,1.4853208047780206,1.5628834303351296,1.4391598760723658,1.5110258680587112,1.5983844141013417
2019-10-25,1.7569019601107025,1.5864688408107346,1.8683554092168864,2.264750484119113,1.4200758227482555,1.4864852705637224,1.5650049866191638,1.438894118649677,1.5116929201007843,1.6000369319285634
2019-10-28,1.7582219687569607,1.5859182814502644,1.8722509539940297,2.2751503910024047,1.4195370022174731,1.4870647196059097,1.5665241766765907,1.4376596805706927,1.5114209010082957,1.6006539172469774
2019-10-29,1.7561068965962043,1.584861587758031,1.8691099955591226,2.2689431280724843,1.418945352984934,1.4858945468258042,1.564815060958348,1.4371909430941507,1.5104104575285466,1.5990757853998523
2019-10-30,1.7634226814470635,1.5911826009127565,1.8766817241519782,2.2782338766717465,1.4244583968311395,1.49182608902629,1.5712341310357123,1.4427040019022503,1.5163884491778323,1.6056269137763057
2019-10-31,1.7645634274561794,1.59542632420893,1.8779844330850777,2.275904463157387,1.4280215130856269,1.4945625153600017,1.5733555334018754,1.4470871753067898,1.5201455589579078,1.6088888475817844
2019-11-01,1.7738199962082655,1.599664506670335,1.8882013976052499,2.294190652408372,1.431645635656556,1.4998960852468788,1.5802712221426598,1.4499323958479646,1.5245344342071878,1.6148562227259127
2019-11-04,1.7755624141898654,1.5980847625142296,1.890991536166155,2.3029558248281417,1.4294130066030828,1.4986675089262766,1.5798918904040367,1.4474067549573677,1.5229177597156673,1.6140876293628525
2019-11-05,1.7669698083790366,1.5913132424756586,1.8854261020652192,2.2988890464683904,1.4226084621323665,1.491728217644536,1.57237698417424,1.440831167932545,1.5161590104876652,1.6067560862170507
2019-11-06,1.7680729956603023,1.5932919335109779,1.88609725671436,2.297776593836222,1.4246705531044215,1.493587729879657,1.5741344973350122,1.4430050739185454,1.5181658427668407,1.6086724512034096
2019-11-07,1.763573437438707,1.5871691819970768,1.8838183917138496,2.300813775185875,1.4183429890594343,1.4878187024351477,1.5685701189778811,1.4364487157579489,1.5120779409928815,1.602781924048401
2019-11-08,1.7605330188179678,1.5858454039817653,1.8826889774755757,2.300905490054702,1.4170996652023757,1.4863423835551512,1.5668513845831837,1.435311025499339,1.5107546970234382,1.6012551175950493
2019-11-11,1.7581545767757485,1.5852234403684513,1.8803932065920432,2.296517555609344,1.416814237814745,1.48557830796681,1.5656351600262992,1.4351421038497307,1.5101527108946589,1.6002086966503857
2019-11-12,1.7572204810035714,1.5858928757531006,1.8809710063553051,2.29759687306489,1.4173504505256052,1.4860365204370694,1.5660446657161193,1.4359384513939426,1.5109007640393186,1.6009398294935517
2019-11-13,1.7586667679642607,1.5882390764050691,1.881718779358871,2.2967225672331852,1.4199454457853673,1.4882723061257985,1.568152019394477,1.438538697439448,1.5132109051150617,1.603135368667426
2019-11-14,1.7626563240996256,1.5928617920750117,1.8852238525984504,2.298768774718649,1.4244156791223546,1.4925529178641346,1.5723980349529538,1.443087953974743,1.5176320226352853,1.6075539857830163
2019-11-15,1.7694104853312282,1.5959452140921122,1.892607904143267,2.312322795573747,1.4266337311710717,1.4957867141123977,1.5766615137706836,1.444888253672063,1.5204195825739955,1.6114190626569016
2019-11-18,1.7721411914235685,1.5984761819432207,1.894934932210111,2.31446239411571,1.429111815679054,1.4982335049885633,1.5791599495562183,1.4473621440245876,1.5228824859446757,1.6139370958712305
2019-11-19,1.773636372845688,1.6001449081052006,1.8965391313458508,2.315993508020131,1.4305624909728198,1.4996818008105886,1.5806359103823784,1.448846358381425,1.5243852203200594,1.6154889190876618
2019-11-20,1.770391595610295,1.6005990915677948,1.893230606446285,2.3073478486209873,1.431526060146402,1.4996735798358274,1.5796549872944996,1.4502454401618863,1.5248769768662536,1.6150005095532651
2019-11-21,1.7636419022103533,1.5962873438080147,1.8881918003430904,2.3012590788769827,1.4274545316712985,1.4952506124919893,1.5746568534314105,1.4465085683912677,1.5207724292807958,1.6103123130676997
2019-11-22,1.763780337852697,1.5967110406528315,1.8892840516589642,2.3033121655527813,1.427716870970226,1.4955858287323902,1.5749823184860297,1.4468636651567628,1.5211968580289839,1.6107407616929779
2019-11-25,1.772126991431718,1.6018806262559555,1.899556521238135,2.320975356320919,1.4315717666297814,1.5005009871923822,1.5808920680030487,1.4504500916684522,1.5258305468140212,1.6164490636059545
2019-11-26,1.776903934284697,1.6052617933617492,1.903037752256777,2.325037409142196,1.4349507565331385,1.503997044245345,1.5847600280725729,1.453570430954431,1.5291051538275517,1.6201048393721016
2019-11-27,1.7794065226190146,1.6055752817457831,1.9063357831863672,2.3330586477627255,1.4348788910804335,1.5044768344408892,1.5858091557349057,1.4531616169059494,1.5292378002947695,1.6208342603939614
2019-11-29,1.7723157908859508,1.6015169961569322,1.898665357514354,2.3210564467743664,1.4317685402037952,1.5006238385263495,1.5814046191414521,1.4502774108436578,1.5256557698169195,1.6166745309781314
2019-12-02,1.762360711355683,1.5945087280981722,1.8882508996156215,2.305004839961291,1.425509369841566,1.4934627074586178,1.5730734699322657,1.4446247933535796,1.519067541686311,1.608841967757932
2019-12-03,1.763698217358902,1.5991957763522755,1.8877311440003777,2.296633017837594,1.4288350079286762,1.4954688381005488,1.573883085097167,1.449542447611941,1.522958225443543,1.6117429792673463
2019-12-04,1.7692104612597332,1.5998625239481594,1.8929865393613232,2.308182215939874,1.4297153835604668,1.4976805190714695,1.5773530110998237,1.4493321162422286,1.5238900762606657,1.6138657769482667
2019-12-05,1.7700800381182815,1.5990835635557692,1.8936638608518077,2.3110320141738048,1.42907198635206,1.4974272577894738,1.5775244077132395,1.4483122818890273,1.5232174567543417,1.613602135286261
2019-12-06,1.7750203824226867,1.6006647930843805,1.9008220735953723,2.3264999247942377,1.4310752736235266,1.5008164947916054,1.5821859978483857,1.4489584191484446,1.5250133898881733,1.6165335807294348
2019-12-09,1.7719262855501703,1.5994622129835256,1.8971035846446493,2.319249076713279,1.4297771363939542,1.4987592014468556,1.5793988027100507,1.4482380307801064,1.5236297270753556,1.6144500319646113
2019-12-10,1.7713580151457298,1.5984915833637332,1.8964116102667772,2.3186211184056984,1.428989479576288,1.4981203403830987,1.578868266505307,1.4473845612999452,1.5228996704306619,1.6138191849811985
2019-12-11,1.7783518180556808,1.604389550319303,1.9048460821071922,2.3299988659379633,1.4343349311000018,1.5042713661004643,1.58577101262328,1.4525362848858359,1.5288356450200737,1.6205549583751053
2019-12-12,1.7809083051811918,1.6017479132365013,1.9092222296279728,2.3440164615088044,1.432845906221734,1.5047728858156382,1.5880871901587192,1.4492198598763735,1.527187446095612,1.6205544473918692
2019-12-13,1.7864464142694376,1.6079965397468217,1.9154802530807586,2.3501094466733936,1.4383630308920337,1.5103481924137314,1.5937235511159422,1.4550602477182275,1.5331335112972275,1.6266202070234492
2019-12-16,1.794677988818688,1.6096678273997003,1.923362039646776,2.3667867835942236,1.440112577674997,1.5138951460748404,1.5990408204110373,1.4553689062416284,1.5350086308740987,1.630197012632988
2019-12-17,1.7935847078587834,1.6094086575344337,1.9234722715220747,2.367267659550316,1.4399452071538605,1.5137307321385491,1.5988461210022857,1.4552068281451531,1.53486261870816,1.6300154672306826
2019-12-18,1.7963769336170485,1.6086302719992447,1.924188178538624,2.369935040639958,1.4388044311139958,1.5130049126741243,1.5985741114098375,1.453752476448662,1.5338044408278315,1.6294446244769105
2019-12-19,1.8017575716125394,1.6121660998037015,1.9294923208718904,2.3783597329095105,1.4419195091773278,1.5165697259460127,1.6027490702488154,1.456564256286942,1.5370666754596498,1.6333451278182072
2019-12-20,1.8057926019321822,1.6143911848788421,1.9335920083291933,2.3854861402017176,1.4439606972645374,1.5191195211001762,1.6059015822364069,1.4582126749810282,1.5391960845588777,1.6360856734100748
2019-12-23,1.8066405173540951,1.6143999161583582,1.9348882588356946,2.3887104658423626,1.444197932680664,1.5198243660386501,1.607107344347931,1.458084267855915,1.5394841107361144,1.6368612539757663
2019-12-24,1.8093539254974373,1.616607923711972,1.936560479419541,2.3898328551076897,1.4460322225313074,1.5216770756471631,1.6091598547006258,1.460112627518351,1.5416039148175116,1.6392608766331818
2019-12-26,1.8185408474015516,1.6220383343054872,1.9456766958606244,2.4043883817536855,1.450855881906721,1.5276659314479213,1.6164672631023458,1.46429074280158,1.5469040735453339,1.645938228031357
2019-12-27,1.820871627828388,1.6238985276223705,1.947638183769889,2.406069847608484,1.4523135570118164,1.5291001706918403,1.6178147273644277,1.4659219871502647,1.5485301631179262,1.6475010693063723
2019-12-30,1.815348563099851,1.620639090952625,1.9407236082973518,2.394033150236823,1.4491460163551835,1.5249046301277769,1.6126553346439534,1.4635024935742402,1.5452013064552537,1.6432406923518879
2019-12-31,1.8186477916229822,1.6198300396892171,1.9424764776241346,2.3993275797794453,1.4484025920166888,1.5250163016763087,1.613650539357351,1.462064567592619,1.5445173375850985,1.6434307635528826
2020-01-02,1.8323659587746766,1.629874637267481,1.9595356658419836,2.426188634890851,1.4576973017983543,1.5363360110944364,1.6269893482426863,1.4702756961845564,1.5546268012509168,1.6555943692739452
2020-01-03,1.8281042185690846,1.6309115488773778,1.9529343179063205,2.409161910931854,1.4588139872701478,1.5357934038044414,1.625182952583919,1.4725088062818241,1.5553596006418753,1.6550211609075085
2020-01-06,1.8330429795316454,1.632730196568791,1.9572185990857485,2.417593004802935,1.4607828614978429,1.538855654602608,1.629675888269838,1.4737512906304586,1.5575891236717077,1.6586328176438516
2020-01-07,1.8293743459114695,1.6301627524317444,1.9539848366344605,2.413432826006554,1.4587573681450539,1.536820832998246,1.627682012368117,1.4716471042085013,1.5554170871228663,1.6564156947258226
2020-01-08,1.8323887388056466,1.6308506440582367,1.9583849217229528,2.4235629967286516,1.4592574179681188,1.5380578385916328,1.6295595368105276,1.4715849093594593,1.5560470200640941,1.6577360637057201
2020-01-09,1.8368768594141673,1.6344215163221691,1.965351932113856,2.435891042564632,1.462444523627598,1.5418662525191298,1.6339029329936836,1.4743850938774024,1.559448011938238,1.6617244909789282
2020-01-10,1.8400035739729526,1.636657086207919,1.9664402994497432,2.4348325540480737,1.4641748819615776,1.5434285596432074,1.6353902156979814,1.4764157985502684,1.5613495905438208,1.6635665827896844
2020-01-13,1.849608155040634,1.6408549613647057,1.9766760539765615,2.453803760645734,1.4673514849061728,1.5479469638699963,1.6411450004809702,1.4788318464020083,1.565065250685644,1.6686451027166278
2020-01-14,1.8468388381431033,1.6405874928393775,1.9743740286714813,2.448447867168933,1.4671768715238207,1.5471871559809531,1.6397307323104477,1.4790642644633494,1.5647655364598894,1.6676913610518178
2020-01-15,1.8500299097232649,1.6435873531436525,1.9766172375459716,2.4501775650658315,1.4700020610843727,1.5499878282100914,1.6427551921404513,1.4819385575582638,1.5676533646093431,1.67081922645164
2020-01-16,1.8576201757491941,1.646922040181439,1.984830479184037,2.4660187920274836,1.4730432018273036,1.554244173153012,1.6483131419864618,1.4841605831949112,1.5710129927889898,1.6755191519999504
2020-01-17,1.861702253427194,1.6482459552027415,1.9889675607716517,2.474267540046764,1.4741570469461016,1.5562395888463687,1.6512596811653304,1.484735500868624,1.572404580929827,1.6778761905443962
2020-01-21,1.857518931079361,1.6493333638381018,1.9849575314653856,2.4646038506579697,1.4754773762160065,1.5560938398398472,1.6499238344115845,1.4868201269403138,1.573178162563278,1.6774597826699367
2020-01-22,1.8591250317525478,1.6504279431969455,1.9875054275772361,2.468845532507563,1.476401299564777,1.557373125587382,1.6514591832784977,1.4876228695806328,1.5742961989279753,1.6788250126237707
2020-01-23,1.8606565093725789,1.6529121878706177,1.9889648952762073,2.469804344677103,1.4786994983757613,1.5594224141361344,1.6534754932670737,1.4900438821612842,1.5765285856317313,1.6810512420131007
2020-01-24,1.8555916206011405,1.6518888099546614,1.9825842789731702,2.455182752723086,1.4777292270611762,1.5571698870533908,1.6499585002486452,1.4900334517033447,1.5753343163480413,1.6785547543647468
2020-01-27,1.8373361279763383,1.6463997420156447,1.9627240269243096,2.415184834673267,1.4732767910302573,1.5490102576672906,1.6382882109174823,1.4878026907971997,1.5696698252332693,1.6692674131821779
2020-01-28,1.8450106389782364,1.649483704288595,1.9729653757426395,2.436497185841816,1.4760006358746003,1.5533076068210592,1.6440688196592546,1.4894293848892457,1.5727667597923571,1.6739179268423312
2020-01-29,1.84832927770425,1.6536598337942032,1.9768124524965893,2.4395709117662157,1.4795817112904137,1.556914574265599,1.647733387158516,1.49324863809009,1.5766423390508209,1.6778710586720869
2020-01-30,1.8469043459787926,1.6541574801693404,1.976687500270544,2.4398533933265667,1.4804257816162527,1.557602476212491,1.6484529350082393,1.4940036067769509,1.5772616233652808,1.6785122506330312
2020-01-31,1.8311693924981438,1.6490628291231648,1.9599882872935528,2.406139466806055,1.4760314548933688,1.5501524991161195,1.63793930056992,1.4915768827749107,1.5719768279837802,1.6700450378794935
2020-02-03,1.8381363930642314,1.6528893759569157,1.9694276243728768,2.4244508664302176,1.4788327993029455,1.554079335621624,1.6429863127815711,1.493842605841965,1.5753463202190983,1.6746243811100665
2020-02-04,1.8539515213143556,1.6579595016703372,1.9875354784393329,2.4613298573371605,1.4784999137511037,1.5557712723334638,1.646871790066709,1.494085343585577,1.5778743315612638,1.6796666981250163
2020-02-05,1.8601053136602315,1.6590267791531252,1.99400215282428,2.475653608351076,1.477802228223017,1.5561395082548652,1.6485256115002116,1.4935313087734388,1.57845354441314,1.6816070373398846
2020-02-06,1.8661018649643755,1.6627448765620545,2.0002965973691955,2.48621661826807,1.480263964196729,1.5592816490180077,1.6526137771730172,1.4960816695919366,1.581705334907128,1.6858306687488442
2020-02-07,1.860592129489857,1.6630945983596697,1.9949943556704308,2.4735060716977935,1.482707480248826,1.5607260091999104,1.652969300343103,1.498347392317938,1.582881061245145,1.6858243293582897
2020-02-10,1.870885301901729,1.6697270707451985,2.005870229906765,2.491306625079605,1.4870731351969835,1.566011295697796,1.6594945080269887,1.5029333137704115,1.5884578246138814,1.6927363146915555
2020-02-11,1.8761739436525944,1.6703061041740042,2.009738774329629,2.4988688205425635,1.4862309774510596,1.5657073586675951,1.6597135330305086,1.502189542833191,1.5883153148539237,1.6931811600120303
2020-02-12,1.8844947307130486,1.673202948733665,2.018298519536805,2.515645335433284,1.4867016190786515,1.5671747336073034,1.6623848058779633,1.502884754634893,1.5901115441372808,1.6962999318866059
2020-02-13,1.8821833533298318,1.6728203847623577,2.015013100819824,2.5092473213505904,1.4873501555758,1.5675090994699565,1.6625949028723692,1.5033906444942933,1.5902252865256221,1.6962004608371108
2020-02-14,1.8872122896963743,1.6764663894474303,2.019055870875932,2.5142156920464007,1.4902997184527642,1.5707474027551354,1.6663380661156326,1.5063781350385275,1.593498014627595,1.6999755673041277
2020-02-18,1.8869836385436871,1.6773911783321318,2.0177976904602657,2.5104303659142353,1.4919966045682558,1.5724380216756988,1.6683096127585957,1.5079244941609125,1.59495670392252,1.7016048670454702
2020-02-19,1.8909529233471951,1.6798846875233862,2.0241795572427637,2.522738344141911,1.493110487827897,1.5743942712526182,1.6713137544297334,1.5092009637764203,1.5971292027858923,1.7048809240134624
2020-02-20,1.8875797911729641,1.6796370643684568,2.018323631268321,2.5091737921946216,1.494879936095662,1.5753371025952418,1.6714417697868456,1.5107092213189381,1.597691876416732,1.7044950609050131
2020-02-21,1.8836685608916244,1.678170812247616,2.0094654068519007,2.488279218579403,1.4961345905068586,1.5758335910266932,1.6712331371976217,1.5115494524741988,1.5975895060768974,1.703434763068043
2020-02-24,1.8500153818898084,1.6645148646841936,1.9718131169587476,2.4158703032581994,1.4921820929952574,1.5676017450302349,1.6581271936202648,1.5066433665887529,1.587997961148732,1.6884673345546233
2020-02-25,1.8216617362102236,1.65147269247568,1.9443640866035679,2.365388322740505,1.485718673982267,1.5575077098884509,1.6430405276923596,1.4996930553074685,1.5772847435526138,1.6726092263445551
2020-02-26,1.8222099557152611,1.6511377190163086,1.9454458704079562,2.3680891459409765,1.4848447356305825,1.5570046475107013,1.6429783217945193,1.498856992191991,1.5768321626348085,1.6725932890670259
2020-02-27,1.7781619845801255,1.629804379693729,1.9001037137757497,2.2853087881883876,1.4742782097382467,1.5417349532545614,1.6217294538203764,1.4873325593247928,1.5602321415448621,1.6495291787010793
2020-02-28,1.7657033886390623,1.632855787138739,1.8977339039628722,2.275362173556339,1.47977907957398,1.5445829606608377,1.6204732072721573,1.4930834247078906,1.56346700990667,1.6489259139404489
2020-03-02,1.8033076103665335,1.6531325464498698,1.9382531519895052,2.3487376275979512,1.4903393878912519,1.5592285098052492,1.6405321941558442,1.5046403285491703,1.5794543500232274,1.6707757093256028
2020-03-03,1.7969981981260248,1.653420230589421,1.9238609882928137,2.3107566237525394,1.4986358397051531,1.5664835396677947,1.6468299372629256,1.5116736265531463,1.5850337595015227,1.6748676001356415
2020-03-04,1.8341890304660635,1.6725314822460657,1.9633843763775114,2.381382641550766,1.504708563030537,1.5757006434626182,1.6598831489280248,1.5193356164526557,1.5963449610148042,1.6906807426783284
2020-03-05,1.8115459456381395,1.6639061361849319,1.9363120897191122,2.3270923556926126,1.5063906553885398,1.5753377079584467,1.6574648520951158,1.519651938599506,1.594190818341922,1.6859173705360622
2020-03-06,1.796403503522162,1.6629912949401544,1.9227765309180072,2.295736401781737,1.5130413154532953,1.5800271642918213,1.6598759452806875,1.525415675731348,1.597734890616442,1.6868611556770337
2020-03-09,1.7172433214723406,1.6255120338774374,1.8425017153070593,2.154449521741152,1.5007398089880735,1.5612587101343305,1.6338620019233119,1.5101606980433633,1.5751124279996254,1.6558064181050305
2020-03-10,1.7532639110918673,1.6339253456431218,1.8811911158354764,2.2371667177620687,1.491535204862937,1.5559761404688257,1.6328799051244354,1.5031559672724046,1.5726982244502037,1.6585473294431903
2020-03-11,1.6937006612083534,1.594809350420988,1.8197658684613418,2.144190225928536,1.4657734199397885,1.5266768836060978,1.5996606313195543,1.4759404075081166,1.5414891719012602,1.6227828516380534
2020-03-12,1.5748275283986433,1.5212140141355959,1.7003276291148572,1.96050022422802,1.4156889004819877,1.47010972155561,1.5366014738529772,1.4226921019104932,1.4808242631303599,1.5543013078298196
2020-03-13,1.640952390993271,1.560317507312165,1.774549491214081,2.086668989635669,1.4355026947404579,1.4934763462767418,1.5632303247176733,1.4451690109601683,1.5076658826326432,1.5855250528836407
2020-03-16,1.5233608878507887,1.5181298836329031,1.6664733658260515,1.8843118868541735,1.4357191952828046,1.4830320319277104,1.540089960315624,1.4406554144622825,1.4911021442021244,1.5544590787634298
2020-03-17,1.5671068019838894,1.5213941981350092,1.7060655559666351,1.9763284121967373,1.4161168236557438,1.469745907574533,1.5346207081358427,1.4236360927149148,1.4811829086453394,1.5533209356169309
2020-03-18,1.4938320017751407,1.4681878181741919,1.634917419038639,1.8823524809711134,1.3715324898740007,1.422737081200802,1.4856519898997196,1.378018767762307,1.4328717141441003,1.502598381977784
2020-03-19,1.5011141554655176,1.4812249136721523,1.6470788414001403,1.8926677059931807,1.3878366166582676,1.4374631184445459,1.4975913612921112,1.3942607477261428,1.4475045868192273,1.514457750664008
2020-03-20,1.488568168047363,1.4854963834328738,1.6337844902836762,1.850745193660148,1.4029427317021994,1.451202310467798,1.5098503549164974,1.407577828958035,1.4589392321878625,1.5237352038632666
2020-03-23,1.4885864568529565,1.498259263032534,1.635089624480539,1.8362666053279368,1.4242525202326217,1.4709917256230478,1.5278132217716807,1.4281416879473314,1.4777717057979212,1.5405109187419082
2020-03-24,1.5675224266296837,1.5381094770143031,1.7114496682201374,1.965228471352284,1.442903065388988,1.4960598839470196,1.5604817394972832,1.4493945009267446,1.506233033319286,1.5776269350751968
2020-03-25,1.5885031318420877,1.5506437655614873,1.7296198621719174,1.9886095506298291,1.4531105418461654,1.506614024886911,1.570767407028493,1.4597960088544675,1.516993685629565,1.5881653820493538
2020-03-26,1.6401200970223646,1.5793930667537914,1.781876900942411,2.075775139032512,1.466678298579993,1.5242354451179578,1.5933707849285061,1.4750856302071798,1.5368801560121312,1.6137582404235382
2020-03-27,1.6123834055848034,1.5694929208182846,1.7521916118521128,2.0189103217386433,1.4669285324457955,1.5211616664662229,1.5865730407737964,1.4741700261454658,1.5322675911492178,1.6049569356549775
2020-03-30,1.6378587072422954,1.5850087641235404,1.7809367994060485,2.0681599677625138,1.474063165026714,1.5304871111819338,1.5986461681538804,1.4823105914402992,1.5429373262832076,1.6188204520429128
2020-03-31,1.6210051179330094,1.5768237704999766,1.768399444902624,2.0483244051455918,1.4694082721945476,1.524568910213368,1.5908780754916978,1.4771623453947582,1.5363901554288832,1.6102333998986909
2020-04-01,1.5782979660159042,1.555203280893234,1.7248453342710286,1.9734635257124877,1.4601625987347169,1.5123575091713877,1.5755906804788338,1.4665679515348118,1.5223174314670105,1.5924008927286144
2020-04-02,1.601582625643777,1.568393141484052,1.7493215509431943,2.012247675222458,1.4675790367313581,1.5222843523615774,1.5876830317786381,1.4740092133281673,1.5324675477727325,1.6050600264443227
2020-04-03,1.5857497391119453,1.5604352099284537,1.7327013335609234,1.9849857809026026,1.4649118696638808,1.5180406166701876,1.5821996830770884,1.471291030579612,1.5280172425421419,1.5991205035881695
2020-04-06,1.654760876951995,1.5986362537889807,1.8023895662471476,2.097525294806884,1.4823635132355373,1.5412935992480263,1.6106833910693479,1.4895154813920668,1.5525854576429774,1.6298128809858914
2020-04-07,1.6573625665928062,1.5985316895900041,1.8039952523956393,2.100803159505618,1.4793274286230182,1.5380538353907154,1.6071124066011735,1.4870400197205098,1.549797966696903,1.6265773053314811
2020-04-08,1.6854129802941893,1.6140720045325097,1.8306187872240611,2.14394927307055,1.4851305797282404,1.5452848036302012,1.6157804087529732,1.493142043374088,1.5575885254046569,1.6361586977536977
2020-04-09,1.7139310785129138,1.6324630937045372,1.8519801901627528,2.169415699853686,1.497556713907744,1.5579443536400204,1.628954734149659,1.5062703933881214,1.5708217522747214,1.6497981388616387
2020-04-13,1.704685895807408,1.6262484731750426,1.8460237687052024,2.1641861956644797,1.4947228736856348,1.5559078605274546,1.6276352926483302,1.5030992833428094,1.5685331429803542,1.6483528349353365
2020-04-14,1.7378808907093433,1.6463806339553884,1.8822868434361664,2.2234691459023197,1.5056795215643857,1.5700447902433008,1.644738622125429,1.5140721274654005,1.583118873748589,1.6665303869864234
2020-04-15,1.7102119182795867,1.637607005063323,1.8594403653995837,2.183551444065892,1.5072166755868794,1.5691196024371559,1.6418223099513736,1.5153929920999754,1.5817976220634657,1.6628939517146097
2020-04-16,1.7143971905935962,1.6422324985316576,1.8680254927056592,2.1983135696690104,1.5103205955896555,1.5729512586614325,1.6462964978861474,1.5186777672868752,1.5859107373337846,1.6677969791964995
2020-04-17,1.7351190778312162,1.652156531967099,1.8897876636181508,2.2349981750823282,1.5114449401661647,1.5757428279748547,1.65030377445678,1.5200796090914797,1.589157128643008,1.672539315401937
2020-04-20,1.715491163205837,1.6421822301905338,1.8713997624776124,2.2053722705507854,1.5089569633510937,1.5722315740986537,1.6459349878425122,1.51715486476477,1.5851090275234436,1.6674673115937155
2020-04-21,1.6852274497175315,1.6254930008294917,1.837692477416255,2.1481085548450274,1.5022250785101754,1.5623049099285078,1.633192411306003,1.5101515875299911,1.5745557217247663,1.6535499537984444
2020-04-22,1.7127434798329249,1.6396331761711582,1.8655906306773713,2.1945508108602043,1.5085033833874173,1.5714359427412936,1.6448901652732353,1.5165962442047094,1.5841168063976987,1.6661097145293646
2020-04-23,1.7116913205943014,1.6402245010488894,1.8646186221725112,2.1918109050235772,1.510212689962401,1.5729781510004957,1.6463626562299292,1.5184017846924254,1.5856910730384521,1.6675397311777402
2020-04-24,1.7204912608460066,1.646230444619613,1.8766709784302453,2.2129141363319205,1.5129120360294839,1.5767389521445734,1.6510761743519657,1.5211560898340175,1.5896712196203824,1.6727045439615669
2020-04-27,1.7369099765535245,1.6508197857780944,1.890423713154958,2.2380515957981437,1.5107114128232582,1.5760169081088604,1.651530686152981,1.5189652990613705,1.5891370380016108,1.6736117982192837
2020-04-28,1.7360763100425332,1.6515927932171302,1.8867979165926725,2.2268993064439946,1.513211139695858,1.5776496116231207,1.652321575471431,1.5213931757241461,1.5905468115557615,1.6739749100991201
2020-04-29,1.7666951091787833,1.6693027753061978,1.9208266520536192,2.2828600732711912,1.5216810595670849,1.589278152447267,1.6666887690723557,1.5300500341731729,1.602701022314952,1.6893963733404438
2020-04-30,1.7475300937390643,1.659041610075251,1.9048383237218882,2.2610754604668797,1.5143191156705917,1.5802853739762277,1.6562672301935288,1.5229404767872652,1.5938763795213355,1.6789693064979647
2020-05-01,1.7157042464579286,1.6419369879100811,1.8715776351948905,2.206662697023746,1.5075016985833012,1.570613855928542,1.644206408182943,1.515965370079766,1.5837445296152692,1.6659755858610081
2020-05-04,1.720946267592006,1.6455458595809256,1.8784490550082773,2.2182376327500335,1.5090859719945477,1.5726383160592738,1.646639033928438,1.5177940399706504,1.586123476743032,1.6689004533445926
2020-05-05,1.7286335975633693,1.6495709241974303,1.8869996933330067,2.23372298652472,1.5096737782550629,1.5738784259042475,1.6485352947707843,1.5186632403208022,1.587824131174169,1.6714890066673531
2020-05-06,1.7181667538673953,1.642349590349417,1.879595254280364,2.226467511738127,1.5035206268865249,1.5674926045617161,1.6418396030059608,1.512460632825429,1.581389265007323,1.6647252575387146
2020-05-07,1.736831761523581,1.6553388605096921,1.8979932193449056,2.2525146097154445,1.5129754049217448,1.5783149727685308,1.654121632659434,1.5218770890802134,1.5924099495328359,1.6775357341164339
2020-05-08,1.7543011752676305,1.6621433011094138,1.9151272810634967,2.283356122387534,1.511535409314203,1.578135110287426,1.655038821756138,1.5210715144181128,1.5932208544155066,1.6798800861091627
2020-05-11,1.7489595866320367,1.6585155732338013,1.9129820009732295,2.2841304787598813,1.5075768315907567,1.5742544869632997,1.6512004157531566,1.5171909656940687,1.5894892621739465,1.6762696288978889
2020-05-12,1.72839837389348,1.6495220842290532,1.8937448448172094,2.249421820675501,1.5082970734747412,1.5738409630810457,1.6496462129537244,1.5171147159684362,1.5879000726145538,1.6730512955319043
2020-05-13,1.7175288331012921,1.6443272418233783,1.8816989011419665,2.226826116819776,1.5090589573809319,1.5739186414892474,1.6490634445292622,1.5173735640294086,1.5872312909208424,1.671415232278215
2020-05-14,1.7250055123323857,1.651033465171068,1.8910478436050493,2.241471689265407,1.5133703410441188,1.5785198096774526,1.6540533239236248,1.5220697951607767,1.5923092000699302,1.6770150397785
2020-05-15,1.7250432542233685,1.6519598246665912,1.8924776468622855,2.244958364105381,1.51360021087913,1.578702506590047,1.6542617209221024,1.5225352375165628,1.5927566220092273,1.6775316277387962
2020-05-18,1.7616250522708659,1.6669737925831332,1.9259531459416084,2.3020728958364614,1.5125252901048878,1.5795750565250668,1.6567449869920918,1.522978393954201,1.5957257906758604,1.6828099530625404
2020-05-19,1.753956295011064,1.6645418185195398,1.9182564203663057,2.287709001822798,1.5145468548445447,1.5811823988291374,1.6580809164097556,1.5245448972268756,1.596725960557951,1.6833662800299452
2020-05-20,1.7728262030035946,1.6761082377063048,1.9395269166935039,2.3225226069783345,1.5188818708421017,1.5866922593506976,1.6646604754645424,1.5296527910926567,1.6033216131334425,1.6914194571623165
2020-05-21,1.7607835648378654,1.6705169039774224,1.9278670121226797,2.3028281966770603,1.5174787066002249,1.5842041808867253,1.6611378136876667,1.5279497435899987,1.6002908614928162,1.6870444116645642
2020-05-22,1.7613709459027402,1.6721955759208584,1.927706830091156,2.301870707607731,1.519674972205359,1.58628425078045,1.6633048954276857,1.5300202964164211,1.6022250809878507,1.6890693480872505
2020-05-26,1.7786742036709349,1.6778903246675467,1.9414669569915826,2.3243396649319994,1.5182010290944419,1.5856825643060208,1.6633296547804455,1.529026948940158,1.6023371941160156,1.6900763205568567
2020-05-27,1.7920993372878886,1.6857379100949221,1.954431826216814,2.344662188994437,1.5214480401735915,1.5895987280623447,1.6679166851222453,1.5326559485449196,1.6068100626277106,1.6954476156182414
2020-05-28,1.7934270061664694,1.6853158912630777,1.9541045247505513,2.3441183709986824,1.520524455804241,1.5887023271710072,1.6670416731671194,1.5317709185395023,1.6059623793444748,1.694633301608992
2020-05-29,1.801498932925033,1.6925023267143635,1.9651601210291476,2.360877199116907,1.526022243498186,1.5949651963175717,1.6740714261757073,1.5373826201004057,1.6124807937684027,1.7021061094162069
2020-06-01,1.8195307898018058,1.699598822625109,1.9790961684994477,2.381987967530531,1.5272729408566839,1.5973281185532047,1.6773922910961014,1.5390546850292874,1.6154779365832959,1.7063185180394662
2020-06-02,1.830671540895356,1.7046993695357946,1.990739247800782,2.401782638842084,1.5282264786749205,1.5990446273076242,1.6797175239242108,1.5404670606666684,1.6178444078307612,1.7094915091084437
2020-06-03,1.8469317906895588,1.7087376009730106,2.0049238878783617,2.428481250783503,1.5246107520641339,1.596434352864896,1.677871747620572,1.5377541830773562,1.616466251134423,1.70922134988491
2020-06-04,1.8387483565763123,1.701907362997991,1.9953327506197658,2.41552747325203,1.5193368410787087,1.5906929490752884,1.6717024998999994,1.5323973129313808,1.6105857812533113,1.7028420052520026
2020-06-05,1.8627742482079355,1.7129553635514707,2.0205454414032733,2.4608005105858353,1.520258118617026,1.5931439735529707,1.6755269095378695,1.5345686806562464,1.6147069434780936,1.7088139999000767
2020-06-08,1.880924451905921,1.7224098816255622,2.03605938464493,2.484923511554255,1.5247610625034367,1.5988376050687017,1.6825030142581074,1.5395819658475796,1.6211038296733489,1.7167377342567876
2020-06-09,1.8751475760140361,1.7222601790812442,2.03255317134128,2.4779213078843076,1.5278335152548008,1.601836284640553,1.6855727565227419,1.5422013634024028,1.6235060177901208,1.71906896365531
2020-06-10,1.8774891128269353,1.7285753056478455,2.038590678333297,2.483671770904292,1.5364269907664891,1.6111450391372106,1.695683421005035,1.550309781830877,1.6322760761509383,1.7285849043206674
2020-06-11,1.8100008606685791,1.6945917055924973,1.970849971173712,2.3681973821775686,1.5251149284229177,1.5943218948283264,1.6733882414821741,1.5365651318178253,1.6119908387327027,1.7016396206261373
2020-06-12,1.8313161873728756,1.7037247739490868,1.9885245543086545,2.3968212841658048,1.5272075368999274,1.5974850723677136,1.6775485296601054,1.5394586818509208,1.6162116239896411,1.707154254700798
2020-06-15,1.8384626287235333,1.7092896220727603,1.9970654325936992,2.4111779327723566,1.5301247269478384,1.6004371740884888,1.680596390726649,1.5428314404010035,1.6196939156690706,1.7108422473196299
2020-06-16,1.854763423208502,1.7168074495062557,2.014162410862115,2.4428607328484726,1.5312798463195094,1.6032995229075706,1.6852305443848163,1.5446701328414167,1.6235353717815497,1.7168071521938615
2020-06-17,1.8547841558557212,1.7170340224541127,2.015466304632006,2.4448069270058834,1.5320718003255251,1.6046503749315497,1.6870927129320634,1.5452397397873505,1.624687446643035,1.7184766764686443
2020-06-18,1.8520931629101325,1.717678391096418,2.01540022110003,2.4442319294723904,1.5340434516595567,1.606670026972376,1.6891833777611094,1.547026115494018,1.6264893445750315,1.7203151174828535
2020-06-19,1.8487858016445933,1.7162168342671387,2.0121223466465388,2.438345231865204,1.5342713908227634,1.6067790666803992,1.6891949166335334,1.5470337342050358,1.6263127876150556,1.7199621565130567
2020-06-22,1.8597578869251783,1.7214405353954723,2.023780351621031,2.458736093421384,1.5359397855781034,1.609658212632049,1.6932510885476286,1.5490171051908863,1.6296946819007936,1.724722466464585
2020-06-23,1.8673397744677107,1.725224794051362,2.0319073026756103,2.472868390969362,1.5374942296920422,1.6121408852327572,1.6966606956735444,1.5507478836857151,1.632478322657648,1.7285686094778445
2020-06-24,1.8402468191022714,1.7117427168978923,2.0046306453215585,2.425651892626069,1.5333773278181662,1.605755951031741,1.6879885201614147,1.545601995389885,1.6246323199727435,1.7179342174368317
2020-06-25,1.8522117396413744,1.7185441968266848,2.0171333378230534,2.4463292187857855,1.5363468477480298,1.6096128558964535,1.6927312517850273,1.548995027789668,1.6290903808288741,1.7234836835714962
2020-06-26,1.832423210637205,1.7086564676136047,1.9946729288945662,2.4048535523802332,1.5343668003067525,1.6055855986315053,1.6866362578993832,1.5461413556095707,1.6238144724089443,1.7157032484588275
2020-06-29,1.8459964809716587,1.7166935368471816,2.0086639070977004,2.4280342511589557,1.5382026432260707,1.6105134338144258,1.6927329829327205,1.5504277409110838,1.6293743145426889,1.7226612936924073
2020-06-30,1.855837783235836,1.7227855446511793,2.0204044651798077,2.4500448074915537,1.5404041250126912,1.613548691642475,1.6967337986217281,1.5531432647278753,1.6330645213930501,1.7275112249535989
2020-07-01,1.8677426654314742,1.7284377407071203,2.031658185577229,2.4694524812526564,1.541468848758047,1.615292258007333,1.6990975176839975,1.5548290330484138,1.635523685624654,1.7307736758667824
2020-07-02,1.8788851676966187,1.7346703002539328,2.0436676841478745,2.4884201435509055,1.544401360842813,1.6191476553394577,1.7038438120950572,1.5581395514689378,1.6399873393705886,1.736315905248734
2020-07-06,1.9033430007610115,1.7465279582491704,2.0702902173329085,2.534945973719375,1.5468162290689933,1.6235935079388355,1.710320475895739,1.5617971321964275,1.6463004649126192,1.7452116487032225
2020-07-07,1.8895229771559063,1.7419332857194454,2.057661911318401,2.5117513395342144,1.548580644471979,1.6246405409753548,1.710708389663978,1.5627374317184644,1.646160375289214,1.7440690565931707
2020-07-08,1.9035227752392339,1.7481276939763126,2.072287564889585,2.537561348421963,1.5493713138633636,1.6265852388952495,1.7138003541685687,1.5642244565421821,1.6491579111904089,1.7485238367964677
2020-07-09,1.9007912712300021,1.7498921480189225,2.0721484371332974,2.5356014922581296,1.5529976948555058,1.6300273455943146,1.7170834213128918,1.567624459858483,1.652268302602218,1.7513980656775976
2020-07-10,1.905121611521619,1.7516403780309475,2.078064016874401,2.5483243294445845,1.5516415715253307,1.6290287478764767,1.7164712182506938,1.5667644223283663,1.6519861734308119,1.7517232096695556
2020-07-13,1.8926119464663225,1.7447966604938518,2.0637234193452554,2.522202313561918,1.5504142680717086,1.6269800588332224,1.7135261637828392,1.5647027390284833,1.64877274946946,1.7472736265461406
2020-07-14,1.9045610774922626,1.75164643377086,2.0761661206707713,2.542914919293228,1.5530539201336264,1.6302250659958517,1.7174113612393893,1.5679035856152754,1.6528413296085,1.7522509142619518
2020-07-15,1.9130832082286364,1.7556940444548332,2.0842527573843315,2.5565876716415854,1.5538928425916347,1.6315621838662335,1.7192691688008348,1.5691708738514911,1.6547889707099426,1.7548950412081679
2020-07-16,1.9008824797931325,1.7508812629371642,2.074418810002808,2.5402538366631613,1.5531067287969005,1.629900329306044,1.7166543621553145,1.5678631511533192,1.65242084222521,1.751415208746849
2020-07-17,1.9097229677419678,1.7548486046318768,2.0807435234086222,2.5494794136945194,1.5547271142064918,1.6318206465637533,1.718904313370405,1.5697406785030108,1.6546869169927745,1.7541037437249054
2020-07-20,1.9217256944486232,1.7633147787416301,2.097898076091524,2.580263889953889,1.5582328613406156,1.6366045099997182,1.725063257018281,1.5740148419525957,1.6606141093279656,1.7617604924927992
2020-07-21,1.9262861179109572,1.7649540315388785,2.0992711852365717,2.5799698434013227,1.5598815534998618,1.638549977210983,1.727333659992286,1.5755721541018095,1.6624245695445399,1.7638284859272335
2020-07-22,1.9355144088231968,1.7697142294227008,2.105846518740757,2.589868640260534,1.5622659640517411,1.6413705426581575,1.7307556205148966,1.5782975249706543,1.6656437883471809,1.7677270452642775
2020-07-23,1.9238830490240049,1.762874478990128,2.089404803545584,2.5582400759381434,1.5618720107548132,1.6398194883429011,1.7279684062137908,1.5768796475512254,1.662637039330762,1.7630617910853297
2020-07-24,1.91871760303754,1.7591787102679723,2.082078672256898,2.5451080021178845,1.5608038016537122,1.638413809077101,1.7262131469018855,1.5754036367437254,1.6606567057181683,1.7605547261927486
2020-07-27,1.9383401316524964,1.7676984876224782,2.0996472594445557,2.575372011798718,1.5625722553241816,1.641714562188925,1.7312100302383344,1.5780941878232215,1.6652399144304382,1.7671551367784162
2020-07-28,1.9374760968523672,1.7669898690698336,2.0934308678676237,2.561013022605935,1.5642810165855257,1.6430575826108573,1.7323048392364404,1.5794364049057983,1.6659207895411758,1.767320087481699
2020-07-29,1.9568573561333278,1.77736583679373,2.1116029009376023,2.5901336428688646,1.5685059799034717,1.6485450567240578,1.7391818753061594,1.584486152647556,1.6725324679375486,1.7756105574248928
2020-07-30,1.9474344663737924,1.7749579460565972,2.1054958284814793,2.580647118775372,1.5689227626957882,1.6483665888299395,1.7384413056801877,1.5846266852193351,1.6719272957030913,1.7743376753422204
2020-07-31,1.948872564529269,1.7781000983433268,2.1101117228155037,2.590858461468119,1.5707215823674274,1.6504726424652159,1.7410925215467514,1.5868077071143694,1.674475536139343,1.7775425500048179
2020-08-03,1.957351856510206,1.783043956031121,2.122005969427441,2.6123917368392835,1.5718903764006076,1.65249507733304,1.7439258552362187,1.5884800529740937,1.67736852171344,1.7815861576386913
2020-08-04,1.973985221585572,1.7921652320205352,2.1346461103584953,2.6294146509277505,1.5774408999257383,1.6589913899621576,1.7515410577473638,1.5949261098585747,1.6849459735391035,1.790452667855516
2020-08-05,1.9794071080558053,1.792569584065987,2.1394337781618535,2.640244038836064,1.5745647021251181,1.6564733370292182,1.749362762202422,1.5928834227270476,1.6836724061079793,1.789881859391047
2020-08-06,1.9897479317812428,1.7992711477565886,2.150382799211806,2.658413299191233,1.5777714183672413,1.6602931228366218,1.7539085093836846,1.5969984774095773,1.6887100333236287,1.7959679022268524
2020-08-07,1.9795467815663248,1.7931023988853692,2.13948254701646,2.6415388001231497,1.5743538972838997,1.6559874676077957,1.7486738343873254,1.593010090912258,1.68349767120665,1.789577879568719
2020-08-10,1.9797083559200106,1.7921651604808146,2.1393115100315048,2.642026648853496,1.5729678166388463,1.6546433202850745,1.7473472750740249,1.5917143653258297,1.6823076777513053,1.788444389738968
2020-08-11,1.954616524019697,1.777817913638284,2.1196061908618264,2.6126797271879667,1.5651590231732002,1.6454754560482363,1.7364370049252145,1.581910978723003,1.6707305347799555,1.7746335114145193
2020-08-12,1.973112395684541,1.785818704763102,2.1404440760843335,2.6524531906882705,1.5638611137018659,1.6453583657454038,1.7375518178409244,1.5827334267921065,1.6736539782063025,1.7796155214517222
2020-08-13,1.972467815223517,1.7830723183895376,2.1379618673476646,2.6508886335948674,1.5604080739931823,1.6423464087174937,1.735106691101839,1.5798245467636396,1.6713007115286813,1.7779054569840438
2020-08-14,1.9690722227538755,1.7815392092335616,2.1352021932778187,2.646797229682001,1.5598798922107706,1.6418469483135,1.7346809593830965,1.5791391233575147,1.6705133188447987,1.7770594299291367
2020-08-17,1.9857337488147855,1.7902706360755425,2.1493751864192303,2.6685349220256898,1.563827010596504,1.6467034580701538,1.7405764769234304,1.5842500484890751,1.6769125663465658,1.7848545816669377
2020-08-18,1.9900418844040102,1.7943135037222193,2.1550848623769077,2.6775736113843727,1.5666979362407258,1.6499273557650844,1.7442296568381281,1.587453800557618,1.6805860785581312,1.7890842396354922
2020-08-19,1.9702119395312951,1.7848328164240834,2.140935544583105,2.657015726136583,1.562452785190289,1.6448039103876695,1.738049381110847,1.5818338171699011,1.673742113106627,1.7808203463172314
2020-08-20,1.9779786058973308,1.7912713489362637,2.1494525231271675,2.6701165525738153,1.5667591535269745,1.6495962873044594,1.7434911300719897,1.5867465610787266,1.6792139113326536,1.787060167207865
2020-08-21,1.979476200899558,1.7935595635990533,2.153423526510237,2.677261169765976,1.5681528803097236,1.651070660719221,1.7450478709516468,1.5882738426328953,1.6808915912171476,1.7889027381861102
2020-08-24,1.9894577871436243,1.7979073526128586,2.164399955322063,2.6974154925370977,1.567929362774999,1.651412770326132,1.745939494366965,1.5890077331883752,1.682662881076692,1.7916370136106958
2020-08-25,1.9948956564913862,1.7989649600285764,2.1699018903230813,2.709476277333742,1.5655604423107423,1.649447881754476,1.7444011575612017,1.5874892011029742,1.6818827508032386,1.7915802848892104
2020-08-26,2.005541408253541,1.8055417415164996,2.1840849173554346,2.7363538468660296,1.5668551044409988,1.6516720168766512,1.7476670720119405,1.590152316810736,1.6860638118244275,1.7973553624451037
2020-08-27,1.9996894393529416,1.8002208601348908,2.1773747420922334,2.728819268470267,1.5616267185501584,1.6460545866405425,1.7416917292845884,1.5850949364327385,1.6805116278622725,1.791389688877774
2020-08-28,2.0143221780161644,1.8079766772269699,2.1899881765766205,2.747959542552325,1.5653615977801882,1.6506436666878868,1.747240551347233,1.589793199373468,1.6863981846107312,1.7985379714943008
2020-08-31,2.0067216860771797,1.8070839647853614,2.1855436066842326,2.7406710421229565,1.567036044237287,1.6517373268306823,1.7477630558100896,1.5909561406993302,1.6867720681665532,1.7982358365802145
2020-09-01,2.0199913625629455,1.8168081123205204,2.2022337846831346,2.7682051060647406,1.5719922362425378,1.6577178987067187,1.7548430404602935,1.5971440225623594,1.6943792464022294,1.8073338016115648
2020-09-02,2.0309821345335295,1.8244904959969879,2.2157379355858726,2.791363213500686,1.5773842529017803,1.6642601960600594,1.7625958905827859,1.6025271756305783,1.7009423432801103,1.815188636689844
2020-09-03,1.993956626733643,1.80406092522386,2.1717109204515817,2.7087481952167645,1.5686631452931825,1.6511345224831662,1.7451207425913733,1.5929034454267916,1.6863260852510042,1.795418414957794
2020-09-04,1.9858611593754216,1.7944635722220794,2.1597563842343908,2.6917541019029247,1.5599717115589884,1.641919984918774,1.735227462781091,1.5841728534166133,1.6770152331984307,1.7853411340911165
2020-09-08,1.9575773445921265,1.7792165823552404,2.1252854749281305,2.6253602476453706,1.5542974008885264,1.6328182065713739,1.7227117373848904,1.5777248745023342,1.6666504190673685,1.770899920009402
2020-09-09,1.9819323889819915,1.7918135875407044,2.1517573649558828,2.673579160502508,1.5596582567860806,1.6408075088251723,1.733258349516691,1.5836620717394099,1.6755784916356724,1.7828769429651876
2020-09-10,1.96257683895344,1.782249773394792,2.1309756650790384,2.635362958642273,1.555895087307825,1.6350167706243082,1.7254960857553037,1.5794628619125703,1.6691001767473304,1.774079814723264
2020-09-11,1.9652222182193828,1.783918087032887,2.1333861267809526,2.637155633962128,1.557638199691581,1.6370741428677893,1.7277289527793314,1.5810720932042281,1.6710164057734003,1.7761518710131194
2020-09-14,1.9854620711149686,1.7933881829989324,2.152063676786727,2.6701750747063984,1.5614063690451532,1.6423771378875314,1.7346160415766885,1.5853865029422134,1.677107161446674,1.784163106770173
2020-09-15,1.9965721637752234,1.798821788283174,2.1635643632471777,2.6908794429190723,1.5635027638817278,1.6454238953511116,1.7385908752319383,1.5877791893358382,1.6806075473322057,1.7887967398799844
2020-09-16,1.9933191016250666,1.7954645452439175,2.1565638517550356,2.6771954043111066,1.5615847143853523,1.6428769120328601,1.7354134335899973,1.585734316486089,1.677820765045602,1.7852392458451491
2020-09-17,1.9806572161205707,1.7891063529072162,2.1446529461824744,2.6555436001621087,1.5588844667693469,1.6392584849845668,1.7307372998570258,1.5826514854811722,1.6736521917775007,1.779770624228383
2020-09-18,1.9650671265167623,1.780509381630506,2.129347356914716,2.629707917926009,1.5540422316297167,1.6332115249773986,1.723415759185656,1.5775468599956444,1.6672045075683113,1.7718406875674972
2020-09-21,1.9423091486226052,1.7724608910076594,2.113879807085591,2.6048899649465715,1.5515390132339002,1.629317829504092,1.7181981452862716,1.5744949125250698,1.662594762011803,1.7656501977043997
2020-09-22,1.9488455405620302,1.777524235228747,2.1232752425489476,2.623123660194699,1.5544007478429043,1.6328624128810079,1.7225666370887613,1.5775704223845661,1.6664394169634649,1.7704584483209342
2020-09-23,1.9173715017773816,1.7607408527875839,2.0927779956627126,2.5701993197002273,1.5463809561152182,1.6225189508094118,1.7097734357128436,1.5685938920078848,1.6547560939003492,1.7557869702784425
2020-09-24,1.9199756171555258,1.7625347291325744,2.095287819728498,2.574598431564564,1.5475476772856582,1.6238609290020032,1.711374309694707,1.5698412060601035,1.65621442634853,1.7575639145480697
2020-09-25,1.9344618696905982,1.7714941434973097,2.112139218009075,2.6054814252217886,1.5525295307622218,1.6303434625360864,1.719509335861867,1.5750755293890277,1.6631296124761503,1.7664041453431119
2020-09-28,1.957017560533816,1.7830384743513759,2.134394064046531,2.6444737293876237,1.5578679908855395,1.6376174381891626,1.7287289100051961,1.5809746233180786,1.6712341795215617,1.776833784584671
2020-09-29,1.9547071866359182,1.7817701199039024,2.130871188858208,2.6370230619473354,1.5574206667041903,1.6368145244913952,1.727550016802629,1.5805319448357862,1.6704315686024,1.775636099745359
2020-09-30,1.9590057362676085,1.7825817419647492,2.136444941202892,2.6499918776873903,1.5561079782792278,1.6362136548778978,1.7276050192420738,1.5793338199732774,1.6700220713439924,1.7759812462059443
2020-10-01,1.9755110478516595,1.7912733446212223,2.1515032390712836,2.675040569400695,1.5601053152368372,1.6410768061257421,1.7334042733803356,1.5839833025455232,1.6757926834754442,1.7830060638698924
2020-10-02,1.9664348287817925,1.7837150031117388,2.1354407271973352,2.6447717947795617,1.5576177888708997,1.6377707853577674,1.7292974308874325,1.5807101085608641,1.671183261292096,1.7770680430694288
2020-10-05,1.9831929038659533,1.7889497630068218,2.153529158122974,2.682595142415637,1.5526276353128086,1.6335615485298294,1.7257565945670785,1.5776729626169945,1.6698022881791745,1.7772716760820657
2020-10-06,1.9692677912664094,1.782438242140969,2.1387249207421535,2.653963505233496,1.553209539738858,1.6335229948830476,1.7250606383742848,1.5768376977532508,1.6677614992658278,1.77392422005884
2020-10-07,1.9819246826595096,1.788498031632337,2.154579725692201,2.685313362757445,1.5519275497099037,1.6328616992478673,1.724949441932557,1.5769118764370909,1.6690967689995533,1.7764824141497304
2020-10-08,1.9950608507709076,1.7959158354383267,2.1666099852039613,2.704077250559547,1.5554577781331533,1.6370433970979823,1.7298410410306828,1.5810855413182479,1.6741696660270822,1.7825503843663868
2020-10-09,2.0081521302233827,1.8027373043620187,2.180401935074778,2.7288156253453795,1.5569096120424712,1.6392623542726705,1.7328499517804348,1.583575087690877,1.677912502836776,1.7876036043659076
2020-10-12,2.024864533789941,1.8144311947126535,2.202955772979428,2.7696352118728664,1.5606456571884686,1.6438587451192417,1.7383337062995252,1.5886508851472647,1.684487982275086,1.7957658112571888
2020-10-13,2.0115632035039246,1.8100989103880245,2.194278149647529,2.7551263224525195,1.5610728985521725,1.6439444019534255,1.7380752756639113,1.58805442245755,1.6832288507054238,1.7937964919735545
2020-10-14,2.00357608898051,1.8062495761877924,2.186012860123342,2.7398831525890337,1.560870697081525,1.6433320330470722,1.737029821873384,1.587244748499484,1.6817638056372453,1.7916227757718604
2020-10-15,1.9984582955983239,1.802799790505711,2.178966304007285,2.728263077558984,1.5591243768301055,1.6411113406693179,1.7344003378798982,1.585340230007759,1.6791914266964645,1.7884767562880444
2020-10-16,1.9960557310601357,1.8008829387142038,2.1768366253135962,2.7248576222027823,1.55805966471028,1.6400690493676806,1.7333049931192785,1.584077245471903,1.6779421468745808,1.7871278101120955
2020-10-19,1.9819821818311305,1.7916144896343233,2.1605266742022717,2.696423828665317,1.5545200101440462,1.6358169049683937,1.7282398784713446,1.57954616408113,1.6722922522692831,1.780190461533856
2020-10-20,1.989728280911051,1.7936463614421359,2.1665200346863225,2.7076236529762414,1.553135814033794,1.63472290307775,1.7273825677521748,1.5788147100177747,1.6721106997763564,1.78051551243429
2020-10-21,1.9890975783426312,1.792055521908233,2.1646380757567334,2.7052669383725676,1.5514968899847574,1.633069145291812,1.7257185210736257,1.5772535744428757,1.6705466121391805,1.778956704980481
2020-10-22,1.9868360434643584,1.7893907296884302,2.1637972791965723,2.7074890982078603,1.5474017920379788,1.628746400780942,1.7210811236147474,1.57347087219748,1.6666768853113616,1.774909887709359
2020-10-23,1.9932108814729022,1.793461450863228,2.1701626855833713,2.716759001428268,1.5498934850142014,1.6315515460204597,1.7241901563257542,1.5761733569639764,1.669801703177116,1.7784494571839662
2020-10-26,1.9742841743873931,1.7853272667230107,2.150404826966607,2.6796193605664453,1.5507588785110376,1.6314125499732475,1.7230994313180983,1.575431941278849,1.667318842978767,1.7742399267600568
2020-10-27,1.9723921934903341,1.7870423045320059,2.1515884828401393,2.6805100007869607,1.5536813066883306,1.6343219824498738,1.7259951979257644,1.57807664880895,1.6698968285269964,1.776738565366679
2020-10-28,1.930537155112616,1.7646110474391197,2.107265234164246,2.602588661686468,1.5481689807720374,1.626575069788199,1.7159795279104744,1.5695743994269307,1.6577998785451271,1.7609085834913518
2020-10-29,1.9413863252132462,1.7682636971368946,2.1191372133465163,2.627460615413076,1.544864585290905,1.6235778827552494,1.7132211639263497,1.5675675149423902,1.6566210394017482,1.7605319201898944
2020-10-30,1.9267500698112678,1.7571686614687236,2.099975962640905,2.595139120650187,1.5393116769515034,1.6171709529817346,1.7059174783887794,1.5612075683428692,1.6489860386320698,1.7515413235512076
2020-11-02,1.9450133416229154,1.7665116092335034,2.1150681321592684,2.617900136825613,1.5433796538526732,1.622023534066098,1.7115976735522127,1.5662907403985529,1.6551889119906713,1.7589453239459736
2020-11-03,1.9663694531503773,1.7761768322897638,2.1361307097309936,2.6559997213802773,1.5446786494224674,1.6246924519742925,1.7156773564451466,1.5689520807866464,1.6597767494318227,1.765516763240898
2020-11-04,1.9973128631796953,1.8000878284872037,2.1761203985191617,2.721215080205934,1.5589603335155742,1.6415684033323974,1.7352502280081525,1.5845529268899199,1.6786240191237873,1.7877339783678063
2020-11-05,2.026319574518441,1.81520604821463,2.206135315225518,2.773465399001991,1.5638832801191858,1.6487276032777602,1.7447084896787686,1.5910888260830982,1.6881000525438687,1.8002199214076318
2020-11-06,2.0254689402107435,1.8124614229980165,2.2051803008209068,2.7747408975166143,1.560119594156659,1.6450787167662946,1.7410800737345486,1.5874698509625493,1.6846919699733147,1.7969094455664458
2020-11-09,2.0273545131681265,1.807011721514928,2.204482741434955,2.7779950174912367,1.5514775346365595,1.6363821805837484,1.7320357043730736,1.5791462357512627,1.6764614163602918,1.7884402436339866
2020-11-10,2.0252096152727717,1.8024367749000652,2.1966468842435045,2.7641741074429524,1.5480974827786504,1.632415579040935,1.7274803993016525,1.5756643443846938,1.6722707223168114,1.7835418357791397
2020-11-11,2.037270437711279,1.8105579997872803,2.212493490157745,2.7923663811019246,1.5513244419691299,1.6367652097222685,1.733007028270653,1.5796225652386562,1.6776935904622836,1.790488321217186
2020-11-12,2.028046544213055,1.8101813435527028,2.2044217844874066,2.7735109969343172,1.5564655500221314,1.6411159898766192,1.7366389545017107,1.583894257123816,1.6808197474286417,1.7925517136859126
2020-11-13,2.049868240086035,1.8197319663986538,2.223349980349208,2.8057227957789177,1.5587224923745076,1.6445896847473653,1.7413840324034562,1.587297952679854,1.6858323394603143,1.799255461997998
2020-11-16,2.0639998641509427,1.8264357595228677,2.237703933385749,2.8311322341641247,1.5601580394606598,1.6470569913723248,1.7448832074693794,1.589526108115443,1.6894169879051928,1.8042025832186368
2020-11-17,2.061669332134932,1.8268067062610436,2.2352057082479604,2.823932165172282,1.5626178762368537,1.6491986979626827,1.7467006590460323,1.591595106342294,1.6910045205630093,1.8053022155571026
2020-11-18,2.0476654368016907,1.82000592118511,2.22259039268585,2.8020330671330655,1.5605764930273671,1.6462038199195195,1.7425872699169318,1.5887123554706917,1.6869126873690505,1.7998054320045522
2020-11-19,2.05445070893112,1.8249214739136495,2.230768076631606,2.815208340286106,1.5633162694951732,1.6492786004130668,1.745994308133508,1.5917614432778149,1.6904485701946799,1.8038341548225565
2020-11-20,2.053088365337665,1.8243405748738106,2.2279756038649334,2.8075748337061848,1.5647236994163922,1.6506618914558995,1.747284662503128,1.592744143369081,1.6912566988134772,1.8043720524085978
2020-11-23,2.050231509169805,1.8228806292102622,2.2280029087097217,2.810137414642218,1.5625795417845572,1.6482603395208795,1.7445181775727088,1.5906538386750975,1.6889783362244102,1.8017997762442166
2020-11-24,2.0628669989535418,1.8290458724953362,2.24465469845583,2.8422936139328576,1.562369261515509,1.6493727076795293,1.746876643692986,1.5913481244212417,1.6914546960252008,1.8059638732308563
2020-11-25,2.062273068625525,1.829268822046577,2.2449113190662033,2.843425692589119,1.5624132550468828,1.6494142462683468,1.7469774964176727,1.591470633607392,1.6915963835463101,1.806195113162776
2020-11-27,2.0675285069252594,1.8344172635608669,2.25385301287411,2.8575978372992052,1.5660437288666396,1.653753424786259,1.751972362519596,1.5951873638300151,1.696145618506741,1.8115014073871247
2020-11-30,2.049640272231357,1.8279967179800136,2.2398531493610743,2.835820429400312,1.5641569881620014,1.6501382979265762,1.7467091216560195,1.5928022447918857,1.6918204657189277,1.8053686453137532
2020-12-01,2.0735757180058645,1.8351918040601178,2.259917520467083,2.873492617806091,1.5619565263215325,1.649686865608675,1.7479658814526253,1.5921502425472922,1.6935326329131901,1.8093877879596085
2020-12-02,2.0740446535146138,1.834395831691064,2.260470537217751,2.876277551605667,1.5604981622639749,1.6485204991542906,1.7470470940984693,1.5907554100863466,1.692453467625898,1.808593944323873
2020-12-03,2.0830997983531994,1.8397119282922825,2.2674609833518176,2.884868512874844,1.56456165088712,1.6530556844745905,1.752085017128261,1.5948747227067315,1.6970817044816155,1.8137887247840008
2020-12-04,2.0928034011387986,1.8412664450284657,2.2755502118447573,2.9025571359527533,1.5626796627172526,1.652222375029783,1.7522734389683765,1.5930336041408786,1.696337852553528,1.8141588454804676
2020-12-07,2.0944395285882482,1.8442975633163152,2.277663669954143,2.904036299243301,1.5658852794194291,1.6555343554846491,1.7557791721426272,1.5963430591333236,1.6998083542871736,1.8178947774640726
2020-12-08,2.0973967287868147,1.8464286583602822,2.2815008284271325,2.91063654130517,1.5672737298357906,1.6574061685142887,1.7581385414646005,1.5977608771493312,1.701758301856704,1.8203996862962777
2020-12-09,2.0802234235545,1.8360923691187774,2.2633019502883425,2.878772981969897,1.5616762193276006,1.650322691150165,1.7494210422575984,1.591826380395245,1.69414580948569,1.8108790800758705
2020-12-10,2.0845164523890976,1.840112299707721,2.269175389173043,2.8866380490263923,1.5649872363461608,1.653988704218425,1.7533381438486628,1.5951590547876395,1.697837562372017,1.8148356742665652
2020-12-11,2.082017097101258,1.8403433565250884,2.2668435975893724,2.88084408727869,1.566436494938327,1.6550652429113974,1.7541214740817066,1.5965968197678386,1.6988981638428586,1.8155855206127383
2020-12-14,2.078631446996449,1.8388550047855006,2.2652777892715945,2.8797259734926923,1.565131080177109,1.6536274947323253,1.7525321015894626,1.5952944963145737,1.6974763650699307,1.8140162109595974
2020-12-15,2.099194848726334,1.8481658928706735,2.28335788106327,2.9113357969172915,1.56909661902404,1.6590993611267122,1.7596054614545074,1.599555681109154,1.7033958749890656,1.8217654271058148
2020-12-16,2.1047746592898293,1.8502194336782463,2.288451542777472,2.9209540749111897,1.56941161952472,1.65995984599873,1.7609917050186699,1.5999675516996306,1.7044063520122141,1.823380565691241
2020-12-17,2.116695389718735,1.8552159335867107,2.298477313727393,2.938513532569789,1.5712946115843167,1.6627480731875437,1.764722134320297,1.6020299437729582,1.7074689704291657,1.8275263639050836
2020-12-18,2.107031961614487,1.850520556192103,2.2911205114028714,2.927114296940082,1.5685441271513634,1.6595456040080838,1.7609358788397151,1.599204516503468,1.7041312355083675,1.823518254665163
2020-12-21,2.0961135291575976,1.8464546596478826,2.2817857808737205,2.9113798473769332,1.5672119231647836,1.6572288656527219,1.7577552063616964,1.5978052505003972,1.7017006490602817,1.8201407574864379
2020-12-22,2.0941153526620866,1.8472757085978846,2.280892922619655,2.9086668438668584,1.568799176186898,1.6583610200719432,1.7585317093085675,1.5993785625732635,1.7028131583504675,1.8208734729395326
2020-12-23,2.0978827739544594,1.8469489989551988,2.282949065119565,2.912579469129784,1.5673630954346458,1.6573831297861659,1.7578217042141446,1.597984059944376,1.7018739750994905,1.8202111559629521
2020-12-24,2.1029435390105613,1.85059306791196,2.2877393504227075,2.9199507844798838,1.5700347006076796,1.6602895227004728,1.7610997697355244,1.6007455813917244,1.7049311449809246,1.8237180695288768
2020-12-28,2.111395023519121,1.8554448638395085,2.2981214788627637,2.9393200134351307,1.5721981613846008,1.6634333706760578,1.765240885805488,1.6029899403217485,1.7082444200281484,1.8281539622168799
2020-12-29,2.1155421241716583,1.8568202689767015,2.3021109308603807,2.945667815861956,1.572495307669368,1.6642995294384866,1.7664872394281967,1.603303491576095,1.709132352512996,1.8294444095407747
2020-12-30,2.123683472031159,1.8604185656503434,2.3081583778912655,2.9544249798052657,1.574561952339811,1.6669189570224192,1.769636133850478,1.6054239634607033,1.7118288112249056,1.832722203149038
2020-12-31,2.127371360852304,1.863090963789892,2.311395291403594,2.9596367740600016,1.5765204237768544,1.6689469764714975,1.771887128722702,1.6074541532024123,1.7139553944090882,1.835114091363229
2021-01-04,2.1202749475856626,1.8574768566836344,2.3012813483024517,2.9397985072497392,1.5733630652065373,1.6654832044580299,1.767840135534749,1.6042749455489316,1.710450417427736,1.8309952886481253
2021-01-05,2.133686726336256,1.862025922506501,2.314451112620377,2.9648302415206116,1.5731207787109471,1.6664826359873162,1.7699476724162284,1.604711347674723,1.7124524865709851,1.8344012859371155
2021-01-06,2.1256446480142173,1.8534790230892622,2.305919954559684,2.9557610091634787,1.5651399261635215,1.6583629922682137,1.7615506945105612,1.596645845160428,1.7042290581733084,1.8258462241981963
2021-01-07,2.136521801128483,1.8588244122286275,2.321822945667102,2.990018880437277,1.5647593803203856,1.6593078242203296,1.7638201182434414,1.5971876636868012,1.7065215891514542,1.829887403496031
2021-01-08,2.1438503520183865,1.861285822870181,2.33351782803136,3.014701204407351,1.5631866627710136,1.6587647957776446,1.764094324125329,1.5958505770639184,1.7064362216973643,1.830784377970394
2021-01-11,2.1257271864527008,1.8512660208280587,2.3151526691781195,2.9840682811651464,1.558170527130488,1.6523422879026184,1.7562583586519915,1.5901059517203804,1.6990093297340203,1.8216586245050421
2021-01-12,2.1317073141835152,1.8535475914247566,2.319248104976856,2.989728115400848,1.559089079128025,1.6534682806987682,1.7575260200710932,1.591227270429097,1.7004142381187564,1.8232793032922792
2021-01-13,2.1383789239305995,1.8598214032615115,2.326905293415636,2.9999998155979646,1.564261687540826,1.6588508986243187,1.7632068464735948,1.5965260740242033,1.705930054273195,1.8291314609740583
2021-01-14,2.141079301767161,1.8579751829807716,2.326330283352392,2.999463964077799,1.5614525363795688,1.6561863983244263,1.7605706826182186,1.593840545263869,1.703416929312529,1.8266567075565008
2021-01-15,2.129670146446988,1.8542454028156752,2.3143910779654346,2.9760065304674597,1.5619782355711136,1.6554346254348076,1.7586965619245472,1.5937227639986131,1.7016541695984753,1.8234459763822817
2021-01-19,2.144074791246438,1.8623024213759531,2.3305737495064247,3.0044561738749556,1.5655879581584318,1.6603337601062436,1.7648468730877613,1.5979750433625313,1.7075207662172733,1.8308768048072919
2021-01-20,2.1703445235905434,1.8752702816603266,2.3560015871204887,3.0498093120806034,1.5703337767815873,1.6671427583778002,1.7738450726723491,1.60418852017163,1.716270378699233,1.842335257691856
2021-01-21,2.17130235057056,1.8751451958760756,2.3585927987011237,3.0571113399513163,1.5689862656487172,1.6662144982766334,1.773322471321776,1.6030225369282078,1.7156369543587733,1.8422064666024072
2021-01-22,2.164757985556064,1.872923809015849,2.3525991234803034,3.0458726344280507,1.5690619210229122,1.665814697491744,1.7725151953335896,1.6027173853227379,1.7146824265965395,1.8406782417082035
2021-01-25,2.174011867894815,1.8803924777969074,2.3629661927736527,3.060975854946066,1.5747888121504545,1.6721934836709667,1.7796422610589167,1.608669015034462,1.721359724281275,1.8481969846515056
2021-01-26,2.17346395989168,1.879881221754335,2.3617785393653667,3.059214323872668,1.574284366271053,1.6715333530943237,1.778867443803987,1.6082198847131108,1.7207166989183265,1.8474202440362495
2021-01-27,2.1385239591314376,1.863105987181911,2.3250057464540985,2.9916811070432328,1.56918801650323,1.6632899328452009,1.7674923180111044,1.6012718448932342,1.7098871668727975,1.83271674213205
2021-01-28,2.1469446456033854,1.865920569766054,2.3335709560974913,3.0091927062262327,1.5684686884675303,1.6632521831319247,1.7680924560911384,1.6011536515537652,1.7106773545706861,1.834375868323361
2021-01-29,2.1192079447737457,1.8509434237584057,2.3031154777023937,2.9554279278335613,1.561926680862294,1.6540428545987373,1.7562315818520666,1.5933976967433556,1.6997151610790318,1.8202346835994707
2021-02-01,2.1499461994452336,1.8666240382874424,2.333710611088229,3.008996091477938,1.5682245267375952,1.6627496907675137,1.7674316831443335,1.6012011240991029,1.7104595757488978,1.8340399117014294
2021-02-02,2.1615769471909867,1.8716099305198952,2.349151460348807,3.0413319815809126,1.5674863718483991,1.6632572053370014,1.7691809060146642,1.6011163350043687,1.7119968849821132,1.8372055765737425
2021-02-03,2.160683509067202,1.8693003071969736,2.3476423516252902,3.0403506078498888,1.564818937163439,1.6605299697277625,1.7663076370807267,1.5984877345493425,1.709341976642558,1.8344231524827739
2021-02-04,2.1633359300408044,1.8720590350885606,2.355598731393819,3.05807958942613,1.5651262983933343,1.6614050222587604,1.7677964008231757,1.5990170324462385,1.7105964013238046,1.8364585373475844
2021-02-05,2.1720085554501942,1.8741925994123356,2.362324584533005,3.0714176800185893,1.564146079631697,1.6610278423216358,1.768030827764777,1.5984860529362013,1.7108628477989265,1.8375432719579858
2021-02-08,2.1827679158947246,1.8799405698053033,2.372638635208049,3.0891554025165555,1.5667649224453912,1.6643379792600306,1.7721025939068116,1.6015737412575148,1.714830323657189,1.8424910919862199
2021-02-09,2.189113901798843,1.8826123566654474,2.3774063149585887,3.095829269771177,1.5681570372169942,1.6661096936627913,1.7742330930857135,1.6030766806051846,1.7167800003749196,1.844861202067261
2021-02-10,2.1917743569712504,1.884891476089401,2.3787652056690005,3.0954404511974722,1.5707842570372075,1.6688338120666981,1.7771328956108423,1.605647625470574,1.719404180653848,1.847625062113403
2021-02-11,2.1963642598654944,1.8862604788369817,2.384445219235926,3.1070718630905283,1.5700635161250494,1.6687022312853461,1.7775438053053283,1.6050763624200202,1.7195577930459232,1.8484425693917719
2021-02-12,2.198845909253946,1.8855345814936384,2.387856564293696,3.117361090807221,1.5669845985844075,1.6660442409050429,1.775284788445372,1.602312440619696,1.7173785911682913,1.846829358186842
2021-02-16,2.191451618877995,1.8770881395106258,2.381276140556258,3.112970137975686,1.5580706478649025,1.656933358076693,1.7657640365002272,1.5934020173822292,1.7083368144600364,1.8374019029690039
2021-02-17,2.186042942687378,1.8759956993651619,2.377635378330414,3.1054196620463848,1.5587709818189421,1.6570215310835579,1.7651727416959693,1.5938292648113634,1.7080352023624419,1.836290603868401
2021-02-18,2.1769615648461524,1.8717270553000036,2.368592506137038,3.0897965304376194,1.5572938317799758,1.6549238527451062,1.762471953505824,1.5920483236993048,1.7054636243351073,1.8329446816808515
2021-02-19,2.1786353088099872,1.8684364733395333,2.3665603178590935,3.0886499378188277,1.5528133947653606,1.6504646466751853,1.7579990637432938,1.5877560421633499,1.7012475294929115,1.828764817272524
2021-02-22,2.165237660086124,1.8583759445091135,2.3453871689342494,3.0501833040416484,1.5482593913283302,1.644687447717275,1.7511102979560205,1.5827110536025848,1.6945769368333974,1.8205923582639598
2021-02-23,2.1676599165198915,1.8595291588913208,2.3468748539566215,3.051615233821483,1.5491788802739557,1.6457070564501959,1.7522475098574124,1.5836247225343731,1.6955832141519758,1.8217080507827692
2021-02-24,2.173527139038468,1.8626049445102086,2.3542531464885696,3.0674038656327207,1.549407581928215,1.6464205799785638,1.753542460294471,1.5843046257152165,1.6969191439400788,1.8238324182181898
2021-02-25,2.1301370542696554,1.8316107156859476,2.306646373084608,2.993157970821361,1.5284417308655183,1.6222320630914255,1.7257677276043184,1.5621414284247008,1.6709293035270034,1.7935607604171335
2021-02-26,2.116607612459883,1.8345535248239067,2.302030634816666,2.978514754096643,1.537122469024937,1.6298478146657724,1.732270768145042,1.5699187114660822,1.6773088157457874,1.7984743990654892
2021-03-01,2.1435229488877865,1.8481556225655191,2.3342025151309844,3.040209968896109,1.5399614856795198,1.6351789451710312,1.7401524958934305,1.5742229858549712,1.684858822410255,1.809340245021743
2021-03-02,2.1336405413494415,1.8434640676143017,2.3222560760578004,3.0158204190579356,1.5383774809321658,1.6324696177721174,1.7362686036852115,1.5728264639825782,1.6822713566357592,1.8054404098097443
2021-03-03,2.1133970005049862,1.8284643785932575,2.2976973408000867,2.9739672978829983,1.5279755985205405,1.6200344551991095,1.721614540033004,1.562443518946414,1.6696091191287659,1.7901630517677223
2021-03-04,2.0895536379528834,1.8140726672733951,2.273152526963877,2.934060207428789,1.5180859103893192,1.6078689617033883,1.7071303025103899,1.5528246789828908,1.657542927690467,1.7754470423506978
2021-03-05,2.1050970899265886,1.821424179152329,2.2906060417633785,2.9685769438311054,1.5214656616340745,1.613275845465452,1.7146328347502826,1.555791286890136,1.6626119852779857,1.7828313929282147
2021-03-08,2.0860293953881937,1.8082932035615398,2.2672424089252807,2.9291510926373583,1.5135433305404995,1.603323963752179,1.702808150946312,1.5475615690223894,1.6521999402119425,1.7702294575045485
2021-03-09,2.1182826623172755,1.8279733049435944,2.3024742579660966,2.9898032438219113,1.525939367837424,1.6190357597590648,1.72189538072452,1.5598110226396145,1.6680121290632628,1.7899175476765437
2021-03-10,2.1242054049475394,1.8320558451610731,2.307131872868822,2.99548940695791,1.5298083448067468,1.6231254172035117,1.726355759108834,1.5635269988175073,1.671989771283417,1.7943082101333652
2021-03-11,2.145240332432815,1.84209185521267,2.3297555398078797,3.0376478569307523,1.534476088818756,1.6301665269672445,1.7357280740744754,1.567832317086706,1.678789434606729,1.8037280231824842
2021-03-12,2.1404807671569506,1.8339112258108992,2.3202302678221267,3.0269483077749006,1.5277053230795543,1.6230686754969572,1.7285263729907347,1.5604000027593214,1.6709433263601843,1.7956577363782138
2021-03-15,2.1516424642229404,1.8403220901619886,2.3309164876036546,3.0452497092822095,1.5321345379779605,1.6282208054189464,1.734626278495468,1.5645935460876563,1.6759929628112276,1.8018212367086468
2021-03-16,2.1532824521273346,1.8410284954055198,2.3333702833808774,3.050345216558951,1.5320497424076114,1.6285364311369697,1.735260224558651,1.5645378156800829,1.6763385852024324,1.8025268130708794
2021-03-17,2.1589459912148117,1.8428788834144214,2.338377959100538,3.0603693568066266,1.5325452029495221,1.6296972563509828,1.7370628471826812,1.5649461970269216,1.6773828409348186,1.804238586864785
2021-03-18,2.132362327390761,1.8249189805025807,2.3074721266855143,3.008045717811613,1.520488703369166,1.6149270859352307,1.7194817749182987,1.5530638931771745,1.662531930636498,1.786127360581529
2021-03-19,2.1341070616351567,1.8257444464721073,2.310454082190744,3.013451656991424,1.5201328426947394,1.6150502073810131,1.719825652649206,1.5529830948027963,1.662863224975394,1.7866694030361785
2021-03-22,2.1435018240936197,1.8337638772748202,2.323439760120528,3.0362243287690607,1.5258123694490042,1.6216545538125673,1.7275284993888123,1.5586191071584532,1.6695915283943945,1.794723448333221
2021-03-23,2.131053322413695,1.8317412102443855,2.3127702214515535,3.013314053466126,1.5269976643502774,1.6209189478670498,1.7250907390539618,1.560220000748379,1.6693860682160615,1.7927706778754693
2021-03-24,2.118078886133528,1.826427347098778,2.29838661440278,2.984991404785144,1.5254109132037315,1.617589869268821,1.7201187996159129,1.5589253128655929,1.6662962756574549,1.7878535384110952
2021-03-25,2.1236220560875227,1.8278629732457643,2.3027954370763974,2.993519024119699,1.5259630762096938,1.6187400431996912,1.7218641897510227,1.559158365937298,1.6670815240970798,1.7892227259383628
2021-03-26,2.1472907349723744,1.8365736317422268,2.3249717672558425,3.036437439678454,1.529425379873097,1.6248504942354969,1.730656085840452,1.5618695200436854,1.6724809254333843,1.7975251043814882
2021-03-29,2.1380181588403406,1.8309801112317987,2.317987698416297,3.0281976341198082,1.5246138578515949,1.6195212718617842,1.7247326363373592,1.557170780606354,1.6671845159498169,1.791522136858244
2021-03-30,2.132244729670027,1.8282460237365439,2.313429012406713,3.0201073438243426,1.5227220097896226,1.6169258298382034,1.7213223613280189,1.5554081355882146,1.6646294781161222,1.7879987676921696
2021-03-31,2.139405016054051,1.8319117845939736,2.3217995457113862,3.0372868074743633,1.5238694118669225,1.6189130151103266,1.7241958184652766,1.556708442864856,1.6668629311218324,1.7912853192896745
2021-04-01,2.1633652981758122,1.8462714912982754,2.3452071147663682,3.075048105503053,1.5338962927741182,1.630810832536993,1.738115071573275,1.5664537851773446,1.6786189013703126,1.805309655799616
2021-04-05,2.1772722801500817,1.8519528387140896,2.362044826447351,3.110959234331439,1.5349280203597901,1.6346636217819328,1.745396721775752,1.5673758164469112,1.682422367192744,1.8127849006775034
2021-04-06,2.180629583854884,1.8568368352903244,2.364954840513427,3.110757416816595,1.5398067217854752,1.6387944378061738,1.74875858582566,1.5724926642201489,1.686952249877492,1.816667971263545
2021-04-07,2.177000168698842,1.8549201536465825,2.3623061471831797,3.10826525838767,1.5383912959728578,1.6374037292810697,1.747463109875839,1.570946706766337,1.6853750693112288,1.8151414558474004
2021-04-08,2.1884469180807393,1.8629777004338983,2.375164594131387,3.128686972473308,1.5438991403188431,1.6441038616795582,1.755541090813515,1.5765740285527892,1.692318312663054,1.823666560600759
2021-04-09,2.187265883837563,1.8620887594316526,2.3769140789286163,3.1362226461436586,1.542170177555232,1.6430036726894406,1.7552203899961318,1.5748072107121067,1.6911436199478351,1.8232769110914209
2021-04-12,2.1835801172774127,1.860333261274039,2.3734170993480737,3.1307874074669666,1.5410859939929353,1.6413298557132272,1.752961783707843,1.5737407463898097,1.6894914882644587,1.8210124381200319
2021-04-13,2.1955483942354332,1.869067274284148,2.3862784944254765,3.1503692384014537,1.547374685007083,1.6485327127170204,1.7612753404018253,1.5801461841618163,1.696942563803406,1.8297757826922942
2021-04-14,2.1895774810578095,1.8646064976309908,2.3790495852155664,3.13715696725074,1.5447216401085189,1.6453507239988447,1.7572683099991688,1.5773871628643072,1.6935253694990544,1.8253442587876592
2021-04-15,2.2135270817760517,1.8800450757451972,2.4023783979186666,3.173327688464875,1.555823755855105,1.6584253437674028,1.7729287869867898,1.588553517874924,1.7068774375006566,1.841621187504101
2021-04-16,2.2183328426288047,1.8796431414111971,2.405442277107726,3.181623414353179,1.5543701216098196,1.6581815015247043,1.7741982683808262,1.5868968036034143,1.7063810528673256,1.842653524021515
2021-04-19,2.212126064309519,1.8753087285363825,2.3972329253721356,3.1666049993661605,1.5520300820442718,1.6549916329540848,1.769980967114609,1.5844660695435546,1.7030007352831389,1.8380821447381013
2021-04-20,2.205317937298115,1.8736945536526708,2.388042975890712,3.1460736051105562,1.5529065649449565,1.6537545221084566,1.7665091936439188,1.585503781854526,1.702019716087554,1.8348487409398258
2021-04-21,2.2198304867441316,1.8810559605920867,2.4021678770410366,3.1710134951915636,1.5573185104772,1.6600205826952235,1.7750907817561195,1.589867484778745,1.708284102479114,1.8435793967153002
2021-04-22,2.2089226643710047,1.8757811476418522,2.3904626675704526,3.1479363972069048,1.5550866586025098,1.6562326922192805,1.7692437005041626,1.587610172884356,1.7043576794868953,1.8373745734827063
2021-04-23,2.2223613684361734,1.8819076053930948,2.4058520099371297,3.1780335018211394,1.5572430545782403,1.6604961231463955,1.7759898562914986,1.5897589151104756,1.7086911329416976,1.844393388769122
2021-04-26,2.226402121116631,1.8832226291421512,2.409913366690384,3.187024265471078,1.557200733408592,1.6610830525288467,1.7774405939639921,1.5897239864560393,1.7093467527652937,1.8460253571754255
2021-04-27,2.2215753183682496,1.878167763251733,2.40407228918499,3.180060717001128,1.5528627096759082,1.6565791638143177,1.7728166853869094,1.5853146243635303,1.7047167799753535,1.8412054032659282
2021-04-28,2.224009499529079,1.8794975204583277,2.4057412609381723,3.1811420339522147,1.5541478589234685,1.6580671094182544,1.7744394712140776,1.5865649704892193,1.7061579073191058,1.842767732135278
2021-04-29,2.2269317158709017,1.880397913246135,2.4091481537441064,3.189531633452634,1.5540226048275527,1.6584618179929789,1.775613439995009,1.5864128839663394,1.706536752609477,1.8439672719958535
2021-04-30,2.2155729778129167,1.8761428692746815,2.3971336988468948,3.1664286633328844,1.5527923074253787,1.6551483447067228,1.7699930649393059,1.585286920349502,1.7033091359585586,1.8383008931789533
2021-05-03,2.2213471760934245,1.8788791040873989,2.4006486921415484,3.1699897979265423,1.5555144758244113,1.6586127551737724,1.7742664025777521,1.587901027358014,1.7065729052079817,1.8422988328002081
2021-05-04,2.2042581734979896,1.8720194938634678,2.3836368208872756,3.1367903890353905,1.5524772698841949,1.6527136041568973,1.7647956271589753,1.5850657084591029,1.7007845833651476,1.8326942121848928
2021-05-05,2.205564794403603,1.8731263644817204,2.3860754054519653,3.139695254069035,1.552760215678616,1.653503639504159,1.7657261515540603,1.5856987660213733,1.701942128913385,1.8340688436015078
2021-05-06,2.2210295412835395,1.8800855661259028,2.399662810846225,3.1636501739031093,1.5571472144791514,1.6599803562473978,1.7749070038836698,1.5899654494498021,1.7083687300657857,1.8433854194198824
2021-05-07,2.2374716565797645,1.8871267290750622,2.41399979665983,3.1891204715493853,1.5616223545357517,1.6665873284831807,1.784286764324642,1.594156098598034,1.714761154032015,1.8527140308121535
2021-05-10,2.220952038337403,1.876554169139487,2.392415842917939,3.1490447670727186,1.5559276366771164,1.6581160949996967,1.7725473808417456,1.5884629399611445,1.7062236292727422,1.840685906504502
2021-05-11,2.209139006810084,1.8697853375861369,2.3811461635259783,3.1311633649429274,1.550545975938213,1.6515939334925869,1.7645908146493907,1.5832481693255311,1.699816728718565,1.8327696645260585
2021-05-12,2.172252381781188,1.849069002542681,2.3436684750207366,3.066923729539273,1.5365161427960456,1.6330687063072968,1.7403533320468307,1.5696234173855967,1.6815501718779116,1.8084485985967036
2021-05-13,2.1853563333500636,1.8579130662195698,2.357421770810144,3.0893451034916195,1.543396204034282,1.6412765349128617,1.7503754096581055,1.5763596531636772,1.6896994789880857,1.8185442549891557
2021-05-14,2.211825272547445,1.872350468608234,2.3850983358665605,3.1382400716555745,1.552549100135011,1.6540258248717674,1.7675886208456335,1.5853381543475813,1.7023967406711642,1.8360056445871484
2021-05-17,2.2117976782314095,1.8706860527967706,2.381667580998503,3.1315440829329413,1.551693046392581,1.6529483604609787,1.7663923836472906,1.5844475516613217,1.701285380842207,1.8347732300671518
2021-05-18,2.2121407060433906,1.8688109569233602,2.378762102725018,3.1246268481169346,1.5502469954377278,1.6512873715091256,1.7642971417568165,1.5829612895908183,1.699558345093696,1.8325738745070872
2021-05-19,2.2065572084892535,1.864726099571841,2.3731700740653157,3.117570422469415,1.5468642410165363,1.6475277748583266,1.7602162915677222,1.5795636073086534,1.6957455488658582,1.8283935186159561
2021-05-20,2.2263718700793564,1.8777028629942134,2.3950063355393345,3.1541544939807524,1.5559451904356107,1.658860358658683,1.7743738659350177,1.588604039497434,1.7071770870451861,1.8428988567329685
2021-05-21,2.221910675899405,1.8759785427064122,2.390234130078283,3.144766963750918,1.5554607423374558,1.6575751079763024,1.772138326135785,1.5881971675315254,1.7059803474200925,1.8407213785529724
2021-05-24,2.2377212929009467,1.8847192216671163,2.4073144393480943,3.1760884976834944,1.5609598122420223,1.665257142634052,1.782680862185493,1.593464302170674,1.7135042173666852,1.8512761081983617
2021-05-25,2.2445453163545284,1.889826422819085,2.4130556476408804,3.181768014304974,1.5651518785788738,1.6696249946703945,1.7871734152220613,1.597819231646699,1.718080545185072,1.8560466840995327
2021-05-26,2.2482453515117355,1.8908895797500698,2.4166528517121693,3.1893680079136386,1.56544181481386,1.6705510555807632,1.7889307153748568,1.5979649373312472,1.7188464369822631,1.8576486802010512
2021-05-27,2.246581311770635,1.888628449748551,2.414332577157765,3.1866369888035626,1.5635191732929277,1.6687256004984294,1.7871931045034444,1.5960027629930627,1.7169543858034486,1.8558220738821758
2021-05-28,2.2531840658232607,1.8912832114357656,2.4197031393198243,3.1960264126794717,1.5652197746303482,1.6711985903810374,1.7906983894051516,1.5975756039508497,1.7193185377216236,1.8592694843586
2021-06-01,2.2628904362800037,1.893861426912558,2.4253831750120836,3.20440064151887,1.566897355828398,1.673555351586992,1.7939889418702786,1.5989895071925455,1.7214384571469077,1.8623341944200027
2021-06-02,2.2706702564526666,1.8979591908613536,2.431128422066768,3.2125354719196944,1.5698251326318586,1.676940260983467,1.7980961310013588,1.6020926299188483,1.7250412207553425,1.8667158018364058
2021-06-03,2.254236485104813,1.8887990000299872,2.416412593009465,3.1892698623821345,1.563625143472344,1.6691398481231925,1.7879439265802752,1.5956786859981265,1.7168668292965634,1.8560311089209853
2021-06-04,2.272375110199122,1.9018850542955472,2.4370888328994535,3.222445329921104,1.5725800097021385,1.6798580640489076,1.8010046193685474,1.6049457477206133,1.7281875782082419,1.870042224163448
2021-06-07,2.276549945173312,1.9027703541080188,2.4388396098333924,3.22586996360717,1.572682647643213,1.6802901615459322,1.8020864089111401,1.6052033462132993,1.7288049404554284,1.8713558271778215
2021-06-08,2.2780975088608577,1.9055908482504837,2.4405016235938692,3.2259708629754877,1.5756374937953757,1.682863320453924,1.8040892417808654,1.6081642739118809,1.731350176682978,1.8733254176105207
2021-06-09,2.277474426443211,1.9077066664876767,2.440741679003639,3.223370383705099,1.578426151027069,1.6851051271465334,1.8054780758406384,1.6108385763204731,1.7334105506942408,1.8744765463769306
2021-06-10,2.289703661651548,1.9159336241773777,2.453617265751081,3.243835840525197,1.5838317670554642,1.6915337173353526,1.8132980832012828,1.6164781250597395,1.7402571607583166,1.882952330987148
2021-06-11,2.2857469186877397,1.9141091373035142,2.4525286608852572,3.244476980017496,1.5817232577373472,1.6892890966000091,1.8107489499732237,1.614486542157889,1.7382086991429522,1.8807143407853844
2021-06-14,2.28831665358501,1.9134218034152282,2.4561098167792847,3.255715531593299,1.578677955549092,1.6870483976296933,1.8097262483231347,1.6117731691613009,1.7365182662429002,1.8805236103614846
2021-06-15,2.280284496256799,1.9102065918355553,2.44956381080348,3.2436139513939786,1.5775921488606428,1.6851747488036846,1.8065971474660802,1.6104391170789956,1.7342662620270675,1.8768470252246945
2021-06-16,2.2626158205890867,1.898596698339724,2.4336725897627143,3.2220918781919097,1.568384769928321,1.6746140553322486,1.7942450010825666,1.6012125327631217,1.7235861184111338,1.8642810273860055
2021-06-17,2.2589242716711526,1.901750425443733,2.4377791416004246,3.2287519805399483,1.5703095837717465,1.6756497480178014,1.7935960337380146,1.603319110578851,1.7249676877939097,1.8642794828929585
2021-06-18,2.241005625823166,1.8976726422696997,2.422720181901311,3.196328736399994,1.571690796391148,1.6742679538034202,1.7881141122015585,1.6038655187538498,1.7223287009769634,1.857064754309648
2021-06-21,2.259035432347646,1.9028838743802028,2.436978999982099,3.225477302983278,1.5721364096907777,1.6772352220009887,1.794967087518284,1.6049681688435717,1.7262858953574565,1.865287859010823
2021-06-22,2.2602566309225356,1.906083258413103,2.4424073051058715,3.2359612592487945,1.5740567661454454,1.679467057098887,1.7975535975142292,1.6069959355748347,1.728763472039399,1.8683158220615774
2021-06-23,2.2585345653344007,1.9042384814763316,2.4406300794675233,3.2343661722156365,1.5721982181624536,1.6775264630259807,1.795572415855755,1.6051793379833585,1.7268674287430832,1.8663803020635625
2021-06-24,2.2665488310146737,1.9081826907920136,2.4501310265148826,3.2523154982549842,1.573526880877919,1.6800645804706646,1.7996663162141768,1.6067883465441122,1.72991005974382,1.871230777434063
2021-06-25,2.271783198458582,1.9082076852877567,2.4530889532004703,3.2594436207927404,1.5721118188182666,1.6794963381186556,1.8003968339412029,1.6055548098383494,1.7296193857094926,1.872335472210313
2021-06-28,2.2752829681222018,1.9136423083638108,2.4602544216646773,3.2708097849779603,1.5762195032308992,1.6837173214304346,1.8047426938556828,1.6097591696577342,1.7340401112744357,1.8770432934900891
2021-06-29,2.2731254024875747,1.913833868549216,2.4609251402941337,3.272647932837983,1.5760752238451126,1.683361992841803,1.803940300805741,1.6096734284243392,1.7338067517012128,1.8764660144047611
2021-06-30,2.2693123027307878,1.9135561109449726,2.458022690752622,3.2665103928965946,1.5771193517359416,1.6839182020685564,1.8038875659735423,1.6105078906926074,1.7340457435229475,1.8759724080987377
2021-07-01,2.2718479211149885,1.9143638449364055,2.4601475977347245,3.2715088874712306,1.5768782423039158,1.6839571403949443,1.804565087191351,1.6105946480221234,1.734586950244554,1.8772922625136155
2021-07-02,2.2823117669944235,1.9225034596035404,2.472633731634374,3.292181232707114,1.5829359340721556,1.6913251196387193,1.8136335476761514,1.6165599274803322,1.7419045328840133,1.8864498820587925
2021-07-06,2.282109610937432,1.9267475940191243,2.472978772555717,3.288023020726776,1.587135196321052,1.6938293254155923,1.8144482390658925,1.621308359788698,1.7452881402139506,1.8883287297602458
2021-07-07,2.28838560106764,1.9316508282712381,2.4794247719525577,3.2968983092194164,1.591061839661604,1.698131192797559,1.8192018218604784,1.625309400608936,1.7497536814881758,1.8933686206046527
2021-07-08,2.2749067778409944,1.9275175204431538,2.4662147956242104,3.2703784230846087,1.589100034913586,1.692896451663188,1.8102694572262104,1.6240586546395994,1.7455438344870413,1.8854982527320279
2021-07-09,2.2925136954522296,1.931051261599786,2.480592221946133,3.301235657468581,1.590155307764193,1.6979637994780892,1.8201388222940422,1.624197489090748,1.7494090871920829,1.8942617745349035
2021-07-12,2.2979730318230684,1.9330789199292382,2.485588429630992,3.3112538269244527,1.5913320710467094,1.700162213828928,1.8236408855628743,1.6251275840255293,1.7513207319972026,1.8975261326556554
2021-07-13,2.290501930651488,1.9276959808422254,2.479118708609964,3.303322722930524,1.5867922618052839,1.695510174929777,1.81879513576772,1.6205132479680655,1.7464801804026489,1.8923701475814623
2021-07-14,2.300619893225483,1.9351229402504304,2.487700664225659,3.313199456591946,1.5928903943202777,1.7017548495840187,1.8252606581575228,1.6268603067709035,1.753112417055783,1.8993939398998525
2021-07-15,2.297885127090164,1.9362544622407247,2.4843237657411894,3.3020054636879306,1.594653715963837,1.701796996179667,1.8232205149652438,1.6290402933783361,1.7536977158535707,1.8978709598423054
2021-07-16,2.285711824222527,1.930105835255369,2.4719172350726577,3.2794214369512407,1.590557198809425,1.6955430347093197,1.8143682421649787,1.6252302359763036,1.7478125136594018,1.8892738973678844
2021-07-19,2.268377480726051,1.92874148644581,2.4573848201179436,3.2440273184402932,1.5916835871426542,1.6917047541321866,1.8045192244985628,1.6276264653177102,1.7456562415993013,1.881060188561487
2021-07-20,2.2843479296853966,1.9355109753902595,2.4727852338691245,3.2746925232242097,1.5959327171095636,1.6989108415594365,1.8155839039825508,1.6311823228955102,1.752049493871411,1.8914461185912492
2021-07-21,2.291151684857373,1.9349264916439495,2.4803982375441755,3.295513407955187,1.594061160795618,1.7001341039601257,1.8204165256124087,1.6285198916617196,1.752192417674689,1.895170563467779
2021-07-22,2.293853210384266,1.9389275763833411,2.486003581835914,3.3041279001522312,1.5972166138868031,1.703683554454633,1.824365845265013,1.63171699119194,1.75576283799073,1.8991216803797262
2021-07-23,2.298967705556091,1.9417155668002908,2.4934955727511356,3.321729980870113,1.598843847300625,1.7068843191356913,1.8297634149083504,1.6329737865632914,1.758604442629355,1.904289906278903
2021-07-26,2.294140888615818,1.9396592781340103,2.489875538022659,3.317265929395172,1.59742915030795,1.7049356362849,1.8273762179935082,1.6316386093590445,1.7568749664490058,1.9022171960337855
2021-07-27,2.287070838094129,1.9389308352658507,2.481079932983315,3.295681564883105,1.5983753312630276,1.7028440246207968,1.8218034009708202,1.6333702707828026,1.7559786881618482,1.8980141434771887
2021-07-28,2.297331013056711,1.9435992769946755,2.4907721326214087,3.3113747691703757,1.6013335677216927,1.7075506986279716,1.8282881833129312,1.6360515160027154,1.7601746631477342,1.9038980342906409
2021-07-29,2.3042868171682134,1.9442400610655048,2.495620424321662,3.322713354528692,1.6010494634957275,1.7089445448652087,1.831729093642136,1.6354963164226488,1.7612257631481087,1.9071163025185442
2021-07-30,2.2965727609116318,1.942682983478651,2.4886414739308598,3.3071356330357267,1.6007831174343037,1.7066079411948007,1.8269157691456708,1.6356296130060435,1.7594500871183683,1.902824384372955
2021-08-02,2.300188288002925,1.946870831321489,2.493048710015932,3.3105718023132154,1.6041358947597781,1.709797601316148,1.8296352883501672,1.6392119052063774,1.7629163137236887,1.9058569241983447
2021-08-03,2.3078595711442067,1.9511406624469503,2.502401860330761,3.3283857661677865,1.6066849951839624,1.7138723194511942,1.8354778759648376,1.641583637115573,1.766800202204846,1.9116408750566793
2021-08-04,2.3065572702959862,1.9501933466450474,2.5009122862172326,3.325569133977133,1.605873206326297,1.7128590832241615,1.8341937449103836,1.6407805476147228,1.7657704222659487,1.9102794710305537
2021-08-05,2.3117202583459333,1.95032435219156,2.5057091011502823,3.3388640148380277,1.6049407011519683,1.7135076375459515,1.836880357872277,1.6394552810545133,1.7659418768934554,1.9125794005024426
2021-08-06,2.2967774267735432,1.9399810659785566,2.4936321413328617,3.3251597024580493,1.5953011389777259,1.703206866887927,1.8255854980528787,1.63028179260242,1.7560797985543002,1.9017453643303768
2021-08-09,2.290251941807065,1.9359664004260613,2.4902522828185276,3.322867039322657,1.5907090929068188,1.6985534179841801,1.8205696510354423,1.6260838218128395,1.7518070829196093,1.897146884151319
2021-08-10,2.286599383836537,1.9328149965189605,2.486912599800463,3.318733265754994,1.5881368276332,1.6959819721564027,1.8178741302585562,1.6234799364465635,1.749215481078629,1.8944519935267923
2021-08-11,2.2956280405122804,1.936943031667275,2.492902549220945,3.326894314422672,1.5919943297561288,1.7005407637873107,1.8234055002692204,1.6269701363872033,1.7534571415700952,1.8997549316577822
2021-08-12,2.2951699271950106,1.9369835753423654,2.4932769922360887,3.3291761182791864,1.5922604914750793,1.7010926474191075,1.8244505701352671,1.6270693125405549,1.753753797484086,1.9004705194637652
2021-08-13,2.305986589902641,1.9456845098720645,2.5029890609092584,3.3403197755760514,1.6001950022099485,1.7094166457844346,1.8333698889158445,1.6348207093000484,1.7619361205987225,1.90926697767254
2021-08-16,2.304526083593771,1.9467877052943134,2.502303768139252,3.338042290455378,1.6018223166901688,1.7107209784982595,1.8344580710839145,1.6363393854715118,1.7630918816722596,1.9101070935104227
2021-08-17,2.2910121509547507,1.9400701301057062,2.4877411900902637,3.3117817278923694,1.597897086710744,1.7045837960623995,1.8258216114647516,1.6326675149522811,1.7571938230709656,1.9014960520791027
2021-08-18,2.2818394127744424,1.9347383517243113,2.4768715532005894,3.290455649466727,1.5945122802020146,1.6993923901169103,1.8183273729604197,1.6296213712928942,1.7524038843871403,1.8942951518315105
2021-08-19,2.277742996558639,1.9358762899539608,2.4750006886428686,3.286265787706399,1.596207300260395,1.7002768940001929,1.8184831260673753,1.6314663162801464,1.7533540372436516,1.8943389856281008
2021-08-20,2.2852564893475296,1.9397937329425714,2.4840972221287476,3.3050236037552088,1.5986576558723935,1.7044582251365163,1.8248636555717712,1.6335257257883438,1.7570363652823007,1.900257777899183
2021-08-23,2.3019411788088906,1.9479022926749798,2.501841901864706,3.3383875355886055,1.6040312864617547,1.7130455346719695,1.8373730487602509,1.638025908893778,1.7646198207190609,1.9118615391458404
2021-08-24,2.307617671203341,1.9482580059859163,2.5074837925902016,3.3511681018603863,1.6028857965570242,1.7133564118989146,1.8392695608328866,1.6366520511706744,1.7647054011441543,1.9136782470437539
2021-08-25,2.305178865767182,1.9449424112075069,2.5058525451845077,3.352622543068681,1.5994631408023734,1.710452635796584,1.8369482737266691,1.6331694854176209,1.761688366117863,1.9112681685258008
2021-08-26,2.2977935201720845,1.941258880561977,2.4969254409636292,3.3353512822459304,1.5976162025579141,1.7070730620922312,1.831825384531867,1.631502903176605,1.7585044089587336,1.906212296136447
2021-08-27,2.3183779985908126,1.9529840754448253,2.5162932786688206,3.3666677743510007,1.6066831618094395,1.7185083967884809,1.8462627251524868,1.6399930270095169,1.7693783420783857,1.9202726367307474
2021-08-30,2.3259005970577826,1.9585881952146535,2.5257583802674004,3.3834540167119243,1.6102633255480527,1.7231536220879604,1.852252726890807,1.643547666594004,1.773953871700563,1.926248591361304
2021-08-31,2.330004209616037,1.9581295212810315,2.527401107619292,3.387310439518465,1.6092600402259978,1.722717431498479,1.8525149018652165,1.6423534569389369,1.7733624825094123,1.9264567690154426
2021-09-01,2.341902147025611,1.9627186198731361,2.5362174303548897,3.4013038370101834,1.6118369222398752,1.7262451371238725,1.8571385073774578,1.6450071361061505,1.7771287694470121,1.9316209060729421
2021-09-02,2.3439437703388206,1.9647531069054356,2.538575440145012,3.4043638215186873,1.613911465551834,1.7284750357002823,1.859564433367694,1.6469809105077213,1.7792136367886566,1.9338456928872287
2021-09-03,2.3496180528060338,1.9649134144698275,2.541871477064658,3.412332083480001,1.6129631810257263,1.7286427186701996,1.8611655263873033,1.6460102678114994,1.7793797159668563,1.9355865269639079
2021-09-07,2.339881284765138,1.9581979271903889,2.5357082169288123,3.4066951666176113,1.6071281942696636,1.7229472792973355,1.8553665552293848,1.6398697890029665,1.7732186416288191,1.9291062444283913
2021-09-08,2.3338761228748766,1.9578668726636284,2.5301221224025676,3.393814015679364,1.6082900050953333,1.7224691410934283,1.853033277194132,1.641174010408764,1.7729070710493662,1.9268437448743867
2021-09-09,2.32765438450296,1.9579725986577394,2.526429293920773,3.383376515412788,1.6092036989082323,1.7220092566488394,1.8505664404003876,1.642548762941498,1.7729890384454503,1.9249247847464939
2021-09-10,2.315002765614856,1.9496963767839324,2.514011521252097,3.3633865724880825,1.602903577617088,1.7144814252162772,1.8412964017429445,1.6363611553735482,1.765544315905235,1.9156367816450546
2021-09-13,2.322221158126468,1.953518178316488,2.5198427798409426,3.3716674530220776,1.6059700036600406,1.7181579898361408,1.8456798352010433,1.639409330057908,1.7692202951260487,1.9200842029664535
2021-09-14,2.319301803786593,1.9546835934455982,2.516316535090531,3.360557325314516,1.6079047417244496,1.718523323169952,1.8441149989916803,1.6417296002366792,1.77009313184089,1.919078469348577
2021-09-15,2.323076804525275,1.9561710392875753,2.522387255520359,3.375349279290349,1.6084348308283563,1.7206428303060686,1.8482977644409808,1.641848426372679,1.771650948817643,1.922602921363894
2021-09-16,2.3113493290932468,1.9497561949557674,2.5138650602594605,3.364613280507293,1.6039709481317295,1.7156551943063407,1.842657556638391,1.6369886820034025,1.766049055335127,1.916009441938308
2021-09-17,2.2959202236963003,1.9406350183016028,2.4970061695058794,3.3348510237519515,1.5976817262325431,1.7068726917258255,1.8307984074360018,1.631057875797695,1.7576984573707317,1.904522994876603
2021-09-20,2.27454665024499,1.933276745916256,2.472711039580271,3.2830907506596017,1.594977955056363,1.698854044957323,1.8162752545526613,1.6292160234409525,1.7507774366677942,1.8910588659246141
2021-09-21,2.281454881256939,1.9355376823783939,2.477837043913657,3.2915369309601767,1.5962236382585284,1.7009683775588282,1.819335440495332,1.6305008829027845,1.7529605959813588,1.8943040033481546
2021-09-22,2.2937908917641048,1.9421077352122247,2.49154604833791,3.317057832176901,1.6003585883362208,1.707221714032257,1.8282589694502986,1.6342905919284496,1.7588215977277857,1.9028853849604608
2021-09-23,2.2972705674042198,1.9384613390163494,2.497526285587786,3.3396342585573837,1.5954545883387075,1.7057671159737293,1.831079496644738,1.628523852793277,1.7561649142204518,1.9043190954602514
2021-09-24,2.2871490642453938,1.9330049289376103,2.4898114794503554,3.3303849467049567,1.5912694264043776,1.7011451138427884,1.8260781718242594,1.6242652814785377,1.7513640106440072,1.8989893315797381
2021-09-27,2.281312131486195,1.9280265618553396,2.4833379273870895,3.3202662386656083,1.5871534838395835,1.6965951925286475,1.820786402284798,1.6202865374717776,1.746968811929829,1.89386697213623
2021-09-28,2.250584588293415,1.9092014266079913,2.448200460088196,3.257501850489854,1.5743157679126178,1.6787177407264329,1.796679955831908,1.6079191526466607,1.7296739119621103,1.8701745659301388
2021-09-29,2.2486638615559498,1.909406144133734,2.4465307918531725,3.253615628620031,1.5752604804092327,1.6791319134874594,1.7965640196089636,1.60879921697796,1.7299893803709154,1.8698674654805596
2021-09-30,2.2460227557695234,1.9075243508341164,2.4413444734719847,3.2413513429823055,1.5733691749556975,1.676036186557127,1.7917955136269452,1.6075216416231364,1.7277395792248698,1.86620128643587
2021-10-01,2.257964505394573,1.9166444565634133,2.4543409508650527,3.261762831739574,1.580666075590753,1.6844353313950082,1.8017484523864942,1.6147170246193396,1.7360588306376352,1.8761401072495463
2021-10-04,2.2421278531762874,1.9071062373086833,2.433383369691559,3.221581617676743,1.5756223391221926,1.676099480533746,1.789382997383222,1.6098729580881135,1.7279554002549005,1.863875964468518
2021-10-05,2.2478292738584065,1.9086761141649937,2.4430774446362946,3.245471866943349,1.5745992578100865,1.6776123318606477,1.7940458481822499,1.608617008938916,1.72916490984701,1.868299415606904
2021-10-06,2.250976709202039,1.9110836378723408,2.446382221822234,3.2520110178773334,1.576259559700419,1.6794810780334055,1.7965198318753939,1.6102979648846762,1.7311210167171087,1.8709496255613431
2021-10-07,2.260977316056567,1.9129473651050546,2.4574301598099257,3.277460150592886,1.575311381696848,1.6814444868568572,1.8020620483959728,1.6090115977641395,1.7326287196595254,1.8760687087242962
2021-10-08,2.256284584753682,1.9086179700154278,2.4523999867114767,3.2706005875428965,1.571692679882743,1.67780650634545,1.7982687035183873,1.6053278892273273,1.7288652510548017,1.8720912985053824
2021-10-11,2.249644590415235,1.9030164634082807,2.4430546518291294,3.2544941024041014,1.5678785059332154,1.6729767905982849,1.7921847907329478,1.6014820232418225,1.7239592390285776,1.8658289260053271
2021-10-12,2.253916500833224,1.907803386134952,2.4450205010241657,3.251468426791689,1.573016770686066,1.67706829845301,1.7950450984338062,1.6068076346166422,1.728343351960484,1.86903305034468
2021-10-13,2.2721542970467157,1.9170962534784943,2.460680934285989,3.2762818186098404,1.5795059005391332,1.6856057572289571,1.806210480187902,1.6132845590346903,1.7369110872627083,1.880400702452925
2021-10-14,2.2912222485792597,1.9289856712165412,2.4827078824563946,3.3163979340993013,1.587027184662236,1.6960336139424248,1.8204922760523732,1.6207166043270456,1.747333911570779,1.8949283541454522
2021-10-15,2.2942055977209237,1.9278277102745303,2.4886412778689935,3.3336023175683076,1.584220298583386,1.6953349416545964,1.822244891649008,1.617610804388718,1.7461943257312447,1.8961876565178015
2021-10-18,2.295462811625181,1.928536403212167,2.4917919838098963,3.3424237234210694,1.5839327299881791,1.6957365207407455,1.8237282187498618,1.617252643194059,1.746523288030338,1.8976316826900699
2021-10-19,2.3047518255410697,1.9301278969671483,2.50113764008349,3.364223482809784,1.5830555925641425,1.6974630461490945,1.828762481019395,1.6161096585886352,1.7479142207900071,1.902411726562764
2021-10-20,2.313234593405844,1.932727923612462,2.5057278706539483,3.3719450237358997,1.5847671768158689,1.6999657848513312,1.8325278679524502,1.6177501315101062,1.7504019873750658,1.9062859080817711
2021-10-21,2.3113494951294125,1.930714084434968,2.504830794524385,3.3746749480431077,1.582423781746799,1.6980442243839893,1.8314022750455718,1.615320560095814,1.7483941562030045,1.9051045347280442
2021-10-22,2.3140669659448583,1.932807980297216,2.5048214952968193,3.369958568649272,1.5851207728058012,1.7001139085679762,1.8326094367937513,1.6181416249716325,1.750650561292367,1.9065375200868466
2021-10-25,2.323142404508802,1.9384835319450124,2.5148188203924224,3.387925108442248,1.588694479145986,1.7049713234638733,1.8392602893672758,1.6217014686245232,1.7555351525015457,1.9133357572555068
2021-10-26,2.322938749866465,1.9402766157829565,2.5165579930802107,3.3901132695644587,1.5904157231984626,1.706423882638858,1.840343366816807,1.6234796899559043,1.7570631227479956,1.9144825856696492
2021-10-27,2.319511808393113,1.9431373481863097,2.5155763938406204,3.3834698795464684,1.593860650164079,1.7084691158547085,1.8405445111701644,1.6271768785982437,1.759441037285647,1.9150145499276015
2021-10-28,2.331895477147671,1.9478129417304375,2.527959271142934,3.409309561833867,1.5958678280452259,1.7128533361792373,1.8481561898148107,1.6289871132839848,1.7636331904036067,1.922575183240608
2021-10-29,2.322284352345606,1.945340204398331,2.523533883538229,3.404062993361607,1.5940091083491597,1.7102285191540822,1.8445990186906083,1.6272086879544962,1.7611119197468397,1.919095176338097
2021-11-01,2.331605566821927,1.9486684989729721,2.5312098338428686,3.41781763668661,1.5956485435005499,1.7133228333920119,1.8494911198128596,1.6287848033258598,1.7641455505791623,1.9240019209629793
2021-11-02,2.3328358377837493,1.9520516098615293,2.5343568453411374,3.422029897031051,1.5986313841092206,1.716055638803506,1.8520777996139954,1.6318685435601599,1.7670340902698491,1.9267614512603273
2021-11-03,2.338522705119973,1.9530779579259143,2.542127670763884,3.441556329912129,1.598154467612942,1.7177865248639421,1.8564374369698546,1.6308971800525092,1.76809525340159,1.9304431040842407
2021-11-04,2.3458646761551796,1.9615190703883472,2.553327970590334,3.4587687686048243,1.6046556248122015,1.7250054392951197,1.8646260422201668,1.6374766289884652,1.7754713175666574,1.9389043001253934
2021-11-05,2.355315717039187,1.9697132173334726,2.5618804634807812,3.4678516452002803,1.6117738580539827,1.7321158938066263,1.8718627086132502,1.644798580755637,1.7829416572141508,1.946659962816067
2021-11-08,2.356810959652707,1.9671412785947275,2.5615454579479184,3.4706411069878023,1.609214139125298,1.7304746963385538,1.8713543238951535,1.6420473643315243,1.7810313924747772,1.9458955299778884
2021-11-09,2.3561169398072206,1.969508817310002,2.559515933775865,3.4606379328795063,1.6121895605078174,1.7318913825334616,1.8708707565007272,1.6454146481031389,1.7829984618305954,1.945998086063881
2021-11-10,2.341994395832746,1.9549975835947013,2.5391006786717645,3.4303680468683275,1.6008657262392454,1.719439526546129,1.8573464085065654,1.6339917600730116,1.7704190253726602,1.9322893388217102
2021-11-11,2.3496293790801603,1.9553853461100854,2.544420169140307,3.4425494281844915,1.6001584908304956,1.7204642768516087,1.8604270141392485,1.6329727351331076,1.7710517859756172,1.9350597979538047
2021-11-12,2.358232599324557,1.9609718031116086,2.5555578314660172,3.4636897323486866,1.6037165202089692,1.7258046293007752,1.8679434554754284,1.6362000620425148,1.7760171478921132,1.942290944872692
2021-11-15,2.3561257893970193,1.956575940034404,2.5516217247522235,3.4612207381522517,1.5997768603015095,1.722294812767458,1.8651514271210607,1.6319768687135332,1.772162617239692,1.9391490759355898
2021-11-16,2.354673773465685,1.9565934214683574,2.5540639846204134,3.4688215438269494,1.5991501984538603,1.7223213997408533,1.8659242130321796,1.6312246880069745,1.771980699521517,1.9396565562905703
2021-11-17,2.357601958326147,1.9602774910735952,2.5557808044855665,3.467385557447149,1.6026902823407068,1.725167903044258,1.868070185053736,1.635007893913049,1.7752036276667322,1.9422643274449842
2021-11-18,2.357929391322906,1.9624834317435074,2.5594220434203474,3.475518595001335,1.604260327428317,1.7271241926403929,1.8706493079496185,1.6365197803441485,1.777075145299999,1.944741011071113
2021-11-19,2.3534602635604553,1.9636303824883854,2.558926126711899,3.473364308447994,1.6052038049217519,1.7271425433316234,1.869511294591128,1.6377234282280064,1.777400335878018,1.9438488463393422
2021-11-22,2.33337382015994,1.9495410966526356,2.5398808768723944,3.446540644883503,1.5941866894095877,1.7147006947321142,1.8551844791792504,1.6266405737667062,1.7647226152834745,1.92898958137844
2021-11-23,2.3292847198956177,1.9439323517529394,2.534254533704482,3.4410649304675784,1.589380363014525,1.7101029139635022,1.8509014316075614,1.6215479445633485,1.7597515961253674,1.9242775039913482
2021-11-24,2.3335535099030422,1.948542098804931,2.538701409787632,3.4461770083173304,1.5932432443008648,1.7136198477028526,1.8542251881743574,1.6255629419776174,1.763534773080561,1.9279466829328504
2021-11-26,2.3011129287764307,1.9432800741569727,2.5100555931078516,3.379488232956902,1.5929165838373809,1.7051621174274838,1.835746051026042,1.6269395239773012,1.7572281961202623,1.9113675560389902
2021-11-29,2.314762962951345,1.9503206448662413,2.5273123767821133,3.4159340091016714,1.5969084517627345,1.7123326883274332,1.8470147217589545,1.6304370508883197,1.7637685000571364,1.9221045109588544
2021-11-30,2.2967094063400015,1.9446381092426046,2.509710531089852,3.3761908053189718,1.5939376412190605,1.7051841261392318,1.834295949689131,1.6282691554177346,1.7575925857602521,1.9101792516259457
2021-12-01,2.2849356675869923,1.938952150542749,2.496038638512725,3.3470099807090725,1.5904527216755764,1.6991460037638615,1.8248541626958898,1.6253389214969642,1.7522427672151502,1.9013505451475032
2021-12-02,2.304739071072385,1.9467275452360577,2.514071312478088,3.38176920184491,1.596359078038446,1.7082978215335045,1.8378089213240274,1.6299344719355848,1.7599257379553772,1.9130714646498777
2021-12-03,2.2961699301883374,1.9460531579685247,2.5028834602679364,3.3522697678013067,1.5974756301865454,1.705938691645609,1.831587219054515,1.6322742229566547,1.759096171533697,1.908223670964456
2021-12-06,2.3088317102283598,1.948158484944646,2.5141358964854774,3.379014846144679,1.5985115782506172,1.710179211056166,1.8395917422996049,1.6318789128791518,1.7616829960848839,1.914765874340666
2021-12-07,2.3378852446911136,1.9603742629008725,2.545767786374169,3.4439090878973864,1.606486762073354,1.724502295405068,1.8612123458707368,1.6377764720829884,1.7735838716648402,1.934406521582697
2021-12-08,2.342382733329294,1.959797602378854,2.5489680652866324,3.4535965864834646,1.6056287787657517,1.7250523628351895,1.8634675419690385,1.636198420638911,1.7733074606702994,1.9359182319454575
2021-12-09,2.326747786771629,1.953590871359384,2.5343205240798525,3.4243008145095293,1.601180187811593,1.7178887673275574,1.85295771485201,1.6327371731823523,1.7672193975284505,1.9262424684613446
2021-12-10,2.3359573398591307,1.959194728604698,2.5455109465336485,3.4461245965037572,1.6050377826116216,1.7234411180583942,1.8606317000881212,1.6361179843181672,1.7723086945368112,1.9336667346508465
2021-12-13,2.3275779713472575,1.9580044787179518,2.5336643612095475,3.4165578543781754,1.6055891686956492,1.7202400388122583,1.8534756383910502,1.6378373572702827,1.7706667236521083,1.927969007035868
2021-12-14,2.312724908021096,1.9494886702658383,2.5195763182596664,3.3926491856832364,1.5989071767965968,1.711898948202414,1.8429498687649333,1.631687398402193,1.7627956646864917,1.917671547080941
2021-12-15,2.331767232856212,1.9586352015451376,2.540708391991089,3.435874909772697,1.605059359901859,1.7218329482706016,1.8575257639480602,1.6365629970229845,1.771385636322299,1.9312997926630533
2021-12-16,2.3265621537437626,1.9554892380927704,2.5288353335266796,3.406370901845562,1.6045491186533563,1.7189791687081293,1.8518919393297684,1.6365495145491002,1.7690958748947032,1.925988318273291
2021-12-17,2.3168354639053788,1.9523166548405921,2.518424771483721,3.384096056217387,1.6023734304538468,1.7141893811955633,1.8442261418538326,1.6352825066571715,1.7654291753148412,1.919332977709672
2021-12-20,2.3018099510186456,1.944087594938173,2.5025771751189083,3.355517547831438,1.5962757754965804,1.7057632526587856,1.833075082726982,1.6298361213280388,1.757721649282712,1.9087010663032984
2021-12-21,2.323127348673644,1.9528983944928502,2.5263772138767333,3.4051543610351365,1.6019407768561773,1.7162194023053952,1.8490421565152118,1.6339932260987642,1.7663954280976797,1.9232029330803133
2021-12-22,2.340020658959297,1.9617047682356707,2.5431613316627866,3.4356538433681356,1.608585176550265,1.7254418770786883,1.8614049615628927,1.6397840458350617,1.7747297622417304,1.9349431143867055
2021-12-23,2.346678938299972,1.9637407877064939,2.5508720634141744,3.4530581285055457,1.6096552213077058,1.7284984444935576,1.8666922938966728,1.6401989512778117,1.77698050182207,1.9395257582687506
2021-12-27,2.365544589334621,1.9736490652227803,2.5708913135819813,3.491243786058017,1.616744390508049,1.7386416818667523,1.880600834557084,1.646272199147463,1.7860888597086595,1.9527427968533515
2021-12-28,2.362808131278839,1.9718716914226264,2.5673619945083215,3.4846129017312126,1.6155566994742054,1.736892896998355,1.8781966914641488,1.6451634460630917,1.7844373332841665,1.9503896498209197
2021-12-29,2.3614632439900625,1.9676234488416835,2.5640161308291143,3.4834881246001346,1.6121683835499483,1.7340173212478405,1.8761139085794833,1.6412748003095494,1.7810014107450984,1.9477698746741723
2021-12-30,2.367249445399721,1.9716500955344052,2.567455354101538,3.4845230588539797,1.6158274655686462,1.7374509316236346,1.879289203983887,1.6450273159168691,1.7845817073934063,1.9510940508784964
2021-12-31,2.3654054397049347,1.9694246681453431,2.562602133286639,3.4750781340896313,1.614741879114045,1.735721589236874,1.876995775604171,1.6439501506174474,1.782908797134981,1.9488231892053283
2022-01-03,2.3623192096844168,1.9621176320731166,2.5629564892607077,3.488841000571337,1.6069903217307988,1.730707968207107,1.8747971138238828,1.6352719797590922,1.7765725479569279,1.9452872659383778
2022-01-04,2.3606824044901105,1.9599670046444047,2.5580719164874637,3.4780119309417454,1.6066572683635578,1.7301759719510046,1.8740394487749912,1.634694335790109,1.7756497469954389,1.9439040702582937
2022-01-05,2.3271571018364123,1.9403886742646006,2.5221028900537013,3.4127681954730082,1.595125383270308,1.7149861132069266,1.8539640018632342,1.6229605392975268,1.7599106363365975,1.9226061834019317
2022-01-06,2.3221022397554405,1.9368279662408827,2.518197779375394,3.40837935133521,1.5918711567270662,1.7113808900819967,1.849762945244105,1.6198329007448966,1.7564178509335497,1.9185240288522425
2022-01-07,2.31901468148013,1.9313843955409449,2.5118439885557686,3.3984858810427268,1.5880130682660916,1.707952831546223,1.8467642395369395,1.615548704845074,1.752293543598359,1.9145046594679367
2022-01-10,2.315032201647959,1.92944122301189,2.508377715069532,3.3932564483677945,1.5865977809939111,1.7061834508877751,1.8446600227733114,1.6141007623634374,1.7504873688374258,1.9123334899709217
2022-01-11,2.33704663619691,1.9410919332800218,2.5310006682016786,3.4332061753015832,1.5939476812490243,1.7166151578238107,1.8589009236031053,1.6212330947261084,1.7606798387338585,1.9264768922512971
2022-01-12,2.3479838175725076,1.9454462599006208,2.5412831179685123,3.451702440463914,1.5963853295689394,1.7208536726076455,1.8652062316597293,1.6234523363588944,1.7645918983118904,1.9324315041513964
2022-01-13,2.3302369539176166,1.938266430361484,2.5202644487376036,3.4058714841296442,1.5946802665078998,1.7157656851410859,1.8557221165826001,1.621754361965771,1.759365697129223,1.9223906487124554
2022-01-14,2.3245752568439686,1.930912865969534,2.5156530899590615,3.4070608859067546,1.5869507927610769,1.7088004549678097,1.8498091836493833,1.613913078538012,1.7522652727032848,1.9163964235588316
2022-01-18,2.2954494041870883,1.910631595971111,2.481440489478371,3.3492774215177823,1.5734627373301489,1.6922511802005014,1.8295925051728315,1.6001218206904877,1.7351422045209721,1.8950726765957777
2022-01-19,2.292825453005679,1.9099940370081803,2.4757485296953403,3.332870266674561,1.575432785559319,1.6935765382159285,1.8300210705750661,1.6017591178969153,1.7358931713052965,1.8945191430248824
2022-01-20,2.2830684614954295,1.9058561189270486,2.4653495868233315,3.309874559178682,1.57410294148788,1.6908881708884143,1.825258353771961,1.6003121055429086,1.7328849198163776,1.8890963506289578
2022-01-21,2.263219419011385,1.89971428817146,2.442351921500637,3.2568376524871985,1.574229629054006,1.686741022750434,1.8155533937391126,1.6005335552967583,1.7286917237501465,1.8788699280532044
2022-01-24,2.260141417212796,1.8984732823589416,2.4398716125921682,3.2550411070396983,1.572959208932302,1.6849943895493391,1.8136690871106644,1.5993642087846869,1.727212194286855,1.8774179770998136
2022-01-25,2.2477577891358225,1.8901336773250552,2.422652404151312,3.220897563571272,1.5690301955770232,1.679359918883561,1.8058405464265639,1.595120596145979,1.7209851765361277,1.8685136363767567
2022-01-26,2.229127423702082,1.877416530264171,2.4073166723666946,3.202842750910424,1.5579204093827517,1.6672513953622827,1.7923650796849313,1.5842024124465977,1.7091031696697936,1.8553162609097875
2022-01-27,2.2146013488037672,1.8749289721037297,2.397178948379821,3.179882140639198,1.5579569184739137,1.6648159017837723,1.7864001618110503,1.5846911962947967,1.7071924716968847,1.8498370098397816
2022-01-28,2.239845886877177,1.8895947414932825,2.4258118324909885,3.235354068725009,1.565420261351025,1.6751377964948235,1.8007529466355048,1.592478093693067,1.7182726895855887,1.8657012681804712
2022-01-31,2.2714238847524535,1.9044251717511687,2.4595995509626363,3.3009194034072418,1.5725748799122927,1.6871465175446037,1.8188676249379805,1.5994775972187147,1.7302199161651077,1.884192151707195
2022-02-01,2.2783104281220927,1.9070940480738159,2.4679627442356797,3.3187288384675973,1.5732607142852624,1.6893073133013379,1.8227973912836304,1.600223810567466,1.73246104744919,1.8883154574511518
2022-02-02,2.290602260404048,1.914400072994145,2.480473879399329,3.3406602168226556,1.5779355493849978,1.6953185137653892,1.8306575014227024,1.604841825919924,1.7384992843519278,1.896389024110571
2022-02-03,2.258811180215117,1.8936346761552483,2.4409327974368145,3.267292647469853,1.5663206884760807,1.6796184709907933,1.8097146000471005,1.5928992080302402,1.722087641136737,1.87397159798021
2022-02-04,2.2586200352169112,1.8885348653591327,2.4423387818593216,3.280947992594585,1.559244673328193,1.6743702890240533,1.806966479794508,1.585655899386114,1.716658674708634,1.8711710623944129
2022-02-07,2.2574189292356825,1.8876330557339225,2.4387243590319865,3.27190694308869,1.5598565232191586,1.6746328611922208,1.8068144193181674,1.586134824042434,1.716675348092249,1.8705801467457803
2022-02-08,2.264797673788271,1.8889381860379963,2.4476754303538195,3.2940726358923733,1.5583685525652853,1.67521862894911,1.810092935490005,1.5845069940286916,1.7171484529461574,1.873922103517128
2022-02-09,2.291842970767269,1.9023044124137334,2.474850496178063,3.344190731536273,1.5654432855847105,1.685793486636913,1.8252068514543147,1.5914697491967025,1.7277453302090264,1.8894532961533033
2022-02-10,2.2615424775428155,1.879575536084071,2.441071507258763,3.291137375138243,1.548930165663097,1.6670527648725937,1.8036144867820707,1.574568845439874,1.7083114114921303,1.8666638002525793
2022-02-11,2.2461245939053143,1.877497436516196,2.4201286977958905,3.2367490625198325,1.5543792429992707,1.6681563367558532,1.79923170332227,1.5798263048065748,1.7090632939327328,1.861349286211788
2022-02-14,2.2372202560812067,1.8683218895879694,2.4101244848339904,3.2267496064261336,1.5461841684049138,1.6600361073496632,1.7915335814225597,1.5714251084720217,1.7006688504194774,1.8533018350937804
2022-02-15,2.2579922099375365,1.8768514763828859,2.434696643863517,3.277981238121561,1.5481121270955946,1.6657944650457899,1.8019430541730306,1.5734336314906283,1.7066248027151825,1.864351882776603
2022-02-16,2.266621573802294,1.8813545579667115,2.441063161828385,3.286416394753574,1.5518597193564152,1.6703217924451061,1.8075277722187426,1.5769769196022567,1.710915751941047,1.8696734521224643
2022-02-17,2.247566754004567,1.8736905226735936,2.4161720546533187,3.230982147849617,1.551445525701122,1.6660276765686501,1.7983663784847652,1.576278858345427,1.7061430276585692,1.8594683433391492
2022-02-18,2.2382990933418467,1.8714748602996005,2.406782050432357,3.2093454554501637,1.5520967299629083,1.6648380916716308,1.794731789296013,1.5769799725672518,1.7049597724618515,1.8556577414603919
2022-02-22,2.224722935433737,1.8644981749866067,2.391320118912076,3.1803889505167144,1.5485140509854696,1.6591499356676296,1.786547573328396,1.5733440220535573,1.6991763280289511,1.8471817181911012
2022-02-23,2.201782878335206,1.8483982776448216,2.3635440555411145,3.131949025835778,1.5385740513579516,1.6469110454034497,1.7714351177499665,1.5630669784491527,1.6862916813363351,1.8308734829569246
2022-02-24,2.2087796575310357,1.8569236870808132,2.3774534177075477,3.160925229477767,1.5425849263315117,1.6510915018583807,1.7763892750628911,1.5676816152026662,1.6915778217688906,1.8376142301455378
2022-02-25,2.236388021759111,1.8698771815861535,2.405624108315614,3.213651780935734,1.549250686690543,1.6617019893275664,1.791907091637607,1.574299135471827,1.7021952718337978,1.853479046984673
2022-02-28,2.2317489383538063,1.877081095661005,2.4055192912610237,3.2034483130416045,1.5579018329791425,1.6679099690052106,1.7951224748546641,1.5832722752710282,1.7089898526410006,1.8574051174286674
2022-03-01,2.2221833665678394,1.8783597448480547,2.3929024408480464,3.1676967721445486,1.5636846999606966,1.6701478257159814,1.7931622724123242,1.5891480510501208,1.7113978372477017,1.8553793317355145
2022-03-02,2.230728913564889,1.8718590887883884,2.400730414480427,3.2010378587577577,1.5538436659106585,1.6642224871252644,1.7920020380112973,1.5778978713423324,1.7039412716559603,1.85312968170994
2022-03-03,2.221881769322078,1.8705882636188136,2.389251283502238,3.1739349090182682,1.5554877196677572,1.6631027423062084,1.788162176964637,1.5799805985410007,1.7034045555878097,1.8496238652850798
2022-03-04,2.2115692999302636,1.8714368689514784,2.376296731477329,3.1402612648967834,1.5599708302393072,1.66405969016973,1.785805625959509,1.584705975309895,1.7048326560628881,1.847423366030749
2022-03-07,2.1703941289815782,1.846606464587543,2.3278140809268004,3.0538325641946757,1.5451343638044,1.6440064582634322,1.7604578809544975,1.569880119715232,1.6846054285323286,1.8209372073173165
2022-03-08,2.1738723880517177,1.8419892449515278,2.32412645527217,3.0500382157493235,1.5432479440928548,1.6439667611431077,1.763087941653409,1.566400061508734,1.6824800508924191,1.8209472313030215
2022-03-09,2.2021662076381636,1.853355453760405,2.3597036111445604,3.124604600312435,1.5453478694139038,1.6512936350713914,1.7754587095571597,1.5685269723057205,1.6899472837867995,1.8344805803043143
2022-03-10,2.188449365881837,1.8425711376642626,2.3426425618533315,3.09875720225433,1.537560265445317,1.6422020343404242,1.76535913351585,1.56034667327979,1.6804395678779367,1.8237535255110702
2022-03-11,2.166587814596416,1.8318989349126338,2.3196977466610993,3.055809461400708,1.530902334667196,1.632076852081548,1.7511878328058779,1.5546126028840197,1.6713281552850974,1.810312736548478
2022-03-14,2.1432326891396376,1.8113567401016546,2.2938889631428068,3.021183584493905,1.513805912871924,1.6137154697416656,1.731204897030898,1.5376107969558372,1.6529435295062191,1.7901376350955223
2022-03-15,2.157337956290367,1.8216827217682838,2.316858697180189,3.0677542782850162,1.5177456493286237,1.6195723583354913,1.7389999599979928,1.5423192926249842,1.6599402631628082,1.7998745395091191
2022-03-16,2.208152617440809,1.8439913449312457,2.3686847045869968,3.1633798452387354,1.5313371984954884,1.6417808802287142,1.7704015157155961,1.553902996276653,1.6796218533786302,1.8292087368519936
2022-03-17,2.221698151603512,1.8507857309196516,2.382272035242176,3.189574910096895,1.535693810589645,1.647730186344373,1.7785726229423178,1.557992503584655,1.6853985253544115,1.8374559602410885
2022-03-18,2.2361180840227908,1.861000591990564,2.4023593666070773,3.226171562630107,1.5412517028541493,1.6552511794261053,1.7879569165038889,1.5637760909664848,1.6932885389814887,1.847692977577363
2022-03-21,2.2234192510884156,1.8460230510815325,2.3867421973504017,3.2115424871701235,1.5288510200887624,1.643447948239949,1.77743650607025,1.5503802638185324,1.6802474835274912,1.8356955964970376
2022-03-22,2.236503628650222,1.8498023761723692,2.402951697198972,3.2484889548925153,1.5286448375408344,1.6463536728773325,1.7836934830832671,1.5497240968002546,1.6826214566287199,1.8417860245228184
2022-03-23,2.226421966975529,1.8485662055656136,2.3907794274610983,3.217662513079264,1.531119592022059,1.6463471618158727,1.7810066586537792,1.5525069815809371,1.6828919803583235,1.838926649802004
2022-03-24,2.2429602279360514,1.8542691516071015,2.408953626706867,3.25805016509981,1.5331875734534055,1.651830605951895,1.7907669774636819,1.5536811572279206,1.6874216347603495,1.8480431479844988
2022-03-25,2.239735963174538,1.8454097805085365,2.4027665045609847,3.257520759565466,1.524667959641911,1.644252017243278,1.7846162178942022,1.5444008075916518,1.6789949545152323,1.8410933424477296
2022-03-28,2.2455808725413693,1.8517205382012167,2.4137316372186643,3.2778028412422935,1.5272838898461663,1.6468940745010197,1.7870312406195907,1.5478620695725276,1.6828074135112279,1.8451845528942803
2022-03-29,2.27661316464516,1.8694970031340123,2.444013370731563,3.3273728720814812,1.5397087548485517,1.6623004932897851,1.8058172160052608,1.5597999210975215,1.6978481771597398,1.8640830661240027
2022-03-30,2.2712120722038813,1.8688900283363195,2.4371409463069975,3.3092887819734997,1.5414232390833142,1.662676004187504,1.804682706681807,1.561690690560044,1.6983503893520615,1.8627876354058688
2022-03-31,2.250769214782385,1.8597967969726068,2.4159508378822023,3.268716654693648,1.5362385374326124,1.6543037923826154,1.7927174481446055,1.5571024231165345,1.6906241436299005,1.8511326575379552
2022-04-01,2.2599565752447286,1.859234643280385,2.420863281111262,3.2807519779662178,1.5347545346812095,1.6544274113629414,1.7945632156696467,1.555199206327911,1.6901369744307964,1.8523861796021333
2022-04-04,2.2743599353790493,1.8667716684248878,2.4385388387182414,3.3159728189386137,1.538329161984066,1.6603223398397733,1.8032967001047857,1.5587656727792623,1.6960599684640698,1.8613718197074984
2022-04-05,2.2458448863308496,1.8438597591223638,2.405029724473259,3.2653277441779784,1.521020982087382,1.6409300614938598,1.7816024196331735,1.541263200977762,1.6762595311732573,1.8388883138148104
2022-04-06,2.2321624791170245,1.833629060633939,2.384765949895461,3.2279075592182673,1.515249354717307,1.6331841064468393,1.7717720872727245,1.535336921249355,1.668270965933146,1.8285337300611575
2022-04-07,2.2295746048445144,1.831320367190981,2.3837844142301297,3.2303855313604415,1.5129576548570758,1.6315199436922214,1.7709569895852302,1.532983510065615,1.66648695229932,1.8275996329455864
2022-04-08,2.2247541669488404,1.8235984129916978,2.3739257746300972,3.2158467519984164,1.5071185851344826,1.6257802482454915,1.7655306222658673,1.5267756348520365,1.6602759313339592,1.8215859003338388
2022-04-11,2.2030436018887274,1.8086234541930706,2.3471788048614926,3.1683693938640287,1.497434944739259,1.613831902007155,1.7508950649462203,1.517235691377423,1.648360942973363,1.8067011176233732
2022-04-12,2.2019795085883245,1.8111846398330051,2.345534582995943,3.1596182695927015,1.5011132975865689,1.6166840417178556,1.7527962222632754,1.521068124563657,1.6514272673086183,1.808814095213501
2022-04-13,2.221513918868142,1.822332892930544,2.3670611389600404,3.1988784346087216,1.5080411498897832,1.6260392622126203,1.7651843355668497,1.527738238604767,1.6605857585922341,1.8212447738974595
2022-04-14,2.2001621181670963,1.8043408499091558,2.3404568828742254,3.1571245017301233,1.494649720154131,1.6110347136905951,1.7483092729017122,1.5141655403255059,1.6452289487637326,1.8037165226713405
2022-04-18,2.1960878293796475,1.8004031679808383,2.336210745178559,3.1533873628359523,1.4912457492646896,1.6078290906060555,1.7455206666037484,1.5106093243189254,1.641827063010141,1.8007064828266195
2022-04-19,2.204521426932459,1.8008674607017525,2.3471371170637516,3.1851968140473548,1.4881896784186812,1.606913417133756,1.7475495790409905,1.5067584844455546,1.6400562139177206,1.8019635241398035
2022-04-20,2.2103839993343386,1.8074872605852588,2.3492442310876855,3.177957042232616,1.4960087211593807,1.6137937112823595,1.7532897343298952,1.5145298528968594,1.6469575417588318,1.8076844043193458
2022-04-21,2.1865531134801817,1.7915004119549323,2.321966935178805,3.13179230185705,1.485032819516492,1.6004055344376544,1.737020293632729,1.5036091783472847,1.6335097719813008,1.7910623776057073
2022-04-22,2.157507615862084,1.7770096042031107,2.291123069417382,3.0715739192460405,1.4763526630989474,1.5875156633652583,1.7185614267642202,1.495622803984201,1.6213131688112026,1.7730195262095148
2022-04-25,2.1568698609891364,1.78426149708371,2.2984529381796284,3.080968384750654,1.4821140093494376,1.5922048564425366,1.7215800851970233,1.5020047118978463,1.6267443168526485,1.7768517722867698
2022-04-26,2.124799343253673,1.7723654027738127,2.2632619545304964,3.0053191526690193,1.4782625686306743,1.582895908313965,1.7053822724831291,1.4989502410687985,1.6182838828606059,1.7611686102469104
2022-04-27,2.1227934215697504,1.767491363817806,2.261801044920352,3.0088858239919603,1.472716039001546,1.578018917058452,1.7011526460261859,1.4933564883089387,1.613291630483054,1.7568184815206496
2022-04-28,2.151560411422579,1.7811831472647108,2.2932008206254997,3.0721472489173456,1.4798787746994693,1.5894716237102036,1.7182307690034704,1.4998000248403123,1.6240437623540664,1.7735109535018263
2022-04-29,2.1121056788371053,1.756066272576888,2.2491465220715554,2.991480659080861,1.462752955120251,1.5681549874898657,1.6911172879083687,1.4835493717923667,1.6034892205634685,1.746800042023763
2022-05-02,2.1015767345052168,1.7486518391874686,2.246432585618936,2.999162124611534,1.4536692844766417,1.5594687048403764,1.6826610196903007,1.474836570121701,1.5951510954112285,1.738759645571409
2022-05-03,2.111802657689412,1.7540487203537327,2.255014394871056,3.0121365875950854,1.4579315982212346,1.5646898988169726,1.688963230515797,1.4789200512856386,1.6001474793632613,1.7448840141078594
2022-05-04,2.1452708732067194,1.7764780336649615,2.2942584944787106,3.0811469936565055,1.4731800424663866,1.5837746223815543,1.7125716463168423,1.4939238750487012,1.6192883180803066,1.769320091746665
2022-05-05,2.0899059614084683,1.7414928122557056,2.232048369797841,2.9736654856957276,1.4500647398131403,1.554510333154049,1.6766371099693902,1.471205094254658,1.5901472395932774,1.7324281875333525
2022-05-06,2.0739067977932613,1.7302892082788002,2.214852076012116,2.9473672369371253,1.4421375526356304,1.5454244567609057,1.666462285340494,1.463249418040329,1.5809373576814116,1.721867173765256
2022-05-09,2.028446500396156,1.7144160289713077,2.17280274946889,2.8613960440487314,1.4338734221848344,1.529406111251836,1.6412406835795625,1.4571655198269573,1.5672792410153011,1.698259764378411
2022-05-10,2.0300250268771585,1.718911856359655,2.1803811552033507,2.8740637621443463,1.4362688219872908,1.5318857854474117,1.643328321858192,1.460143622515508,1.5704380914237142,1.7012017121190839
2022-05-11,2.019616099637849,1.715989979609124,2.1651681422068347,2.836130313050739,1.438110027424211,1.5311872500428632,1.6398220665510959,1.4621267526596111,1.569771424804561,1.6971861053887294
2022-05-12,2.0158055998027007,1.7167174082534298,2.1631593011926538,2.8299180021870622,1.4377438516722951,1.5289914728089027,1.6352793427529018,1.4626425464627428,1.5687205220109242,1.693943113319181
2022-05-13,2.046198541723757,1.7275743570163544,2.19518744586653,2.897140912516922,1.441098900983115,1.537633689162985,1.6495934250946482,1.4649774828437165,1.5762907517894926,1.707905425942306
2022-05-16,2.0440714331816374,1.7283904587275196,2.1915784790308583,2.8852035891869305,1.4440403553263734,1.5399690688804586,1.651338436220839,1.4677765790794188,1.578424805597528,1.7092259102657774
2022-05-17,2.064928055330131,1.7334477218360456,2.2138769776607123,2.9362560383885095,1.4437618499109939,1.5442543403081923,1.6605364939424612,1.4665295089991537,1.5815903169943146,1.7178048046851218
2022-05-18,2.0254418631892537,1.7175933153196248,2.170427382228169,2.8444540668557177,1.4376884695973577,1.531348241073729,1.639777530159995,1.4616292700032578,1.5697603340393953,1.6970749087414547
2022-05-19,2.033364248789847,1.7219957352499788,2.1752962101325126,2.847267694859238,1.4434543880067363,1.5383949360714382,1.6482059484221998,1.4666414968791195,1.575739814425814,1.7041384847219727
2022-05-20,2.039319798480388,1.727152401993823,2.180544868234967,2.8514520664107192,1.448150477431855,1.5431086335389907,1.6528017748365156,1.4713571075096916,1.5804891254797164,1.708773086601713
2022-05-23,2.0557968376774136,1.7313341670364597,2.196799656042452,2.888322853912912,1.449261412112857,1.5478015874608748,1.6616780274622553,1.471571664075931,1.5841661495024393,1.7169549330271106
2022-05-24,2.0522286576842435,1.7349933070357997,2.1902521321826063,2.8639429453500513,1.455581014052931,1.5514058680852583,1.6624408401239053,1.478558853112939,1.5885928324897076,1.7182699127754857
2022-05-25,2.061250817260115,1.7425752590413004,2.202336372986462,2.884405447352128,1.4599604002648607,1.5560366566393249,1.6672705924465387,1.4835496694269061,1.5940407352661476,1.7242158845590283
2022-05-26,2.079320262580137,1.7519226142883093,2.225144463678965,2.9306447890032254,1.4642423021538256,1.5634886857081967,1.6781616139285678,1.4874250960711008,1.6011659619696719,1.7353154233018981
2022-05-27,2.1076334742978675,1.7674983493564693,2.2561382899990106,2.9890185240465827,1.4730297085506239,1.575618736195997,1.6942328088291156,1.4958741711178383,1.6132195245978438,1.7520505031968299
2022-05-31,2.0972514175815995,1.7558259768730773,2.245456918100913,2.979317277702356,1.4624776597877327,1.5656353380043644,1.6845696892868978,1.4851102257091289,1.6026840066619237,1.7416137088697008
2022-06-01,2.0854544578782916,1.7462427751809266,2.231336993111289,2.958259263380634,1.455834606790344,1.5584013298797808,1.6769929631099108,1.478207301405988,1.5950539786849585,1.7333721842967436
2022-06-02,2.1149725952482035,1.7613733775353377,2.2619232236014923,3.0143492857098195,1.4651461521774225,1.5716633559996454,1.6950161451301604,1.4868006033975403,1.6076724106478855,1.7511918409051654
2022-06-03,2.0883868885625976,1.7471021242318874,2.2339485620648265,2.9634365593768415,1.4563461315110866,1.5594978760410112,1.6787732036599667,1.4785517614806531,1.595956752213406,1.7349761126411372
2022-06-06,2.0869955106599125,1.7412437339187095,2.2323896316856526,2.9689990151778174,1.4496073607606326,1.5538484837290483,1.6743274386242444,1.4715178502666812,1.5899501628917347,1.7302607610986547
2022-06-07,2.100664626786082,1.7508196038023787,2.2461976597878177,2.9902919749355314,1.4569512740154038,1.5621578193042176,1.68395011509054,1.4787756281610651,1.5982697434810211,1.74006532460528
2022-06-08,2.085268439589938,1.7406639416252068,2.2313538354474116,2.967426627776917,1.4499147298163055,1.5544442332711768,1.675354906150528,1.4715544601050057,1.590177489810336,1.7307979543366285
2022-06-09,2.0528533825592508,1.724521186954942,2.1977476517304195,2.9052348761738904,1.4414030074440056,1.5421244446624147,1.6586345138078948,1.4633875242863084,1.577984828789056,1.7135426591660456
2022-06-10,2.0208202517949516,1.7006902477531551,2.157769481433868,2.837504158784487,1.4281526569981517,1.527165391462612,1.6421838818620849,1.4490005987128582,1.5611963402941669,1.6941456386810732
2022-06-13,1.9547704119928517,1.6569195566995119,2.090465194793838,2.732147461482926,1.3955464464819187,1.4890162654539254,1.597276475775763,1.4168695590476867,1.5231590002551707,1.6485137834364871
2022-06-14,1.9482843074647618,1.6487835781127356,2.084118426890446,2.7286933503644883,1.387266386156469,1.4810395477121892,1.5895025241393972,1.4085439005218734,1.5150674280108403,1.6406425747219817
2022-06-15,1.980389520956101,1.6731365307518418,2.117793539102455,2.7771573199785258,1.4063062126103503,1.5020774204138223,1.6129196530102234,1.4275899661118006,1.5363639861961467,1.6647370207228214
2022-06-16,1.948504276595381,1.660310124283403,2.082008639131278,2.7026955753820783,1.404070271186505,1.49568770757356,1.6019658492386535,1.4251702632509329,1.5294244561196924,1.6522430909325037
2022-06-17,1.951440853272656,1.6624887623633935,2.0868528832691897,2.7127984736752317,1.4038152925231426,1.4952848229711642,1.6012744724896317,1.4253124327218543,1.5296104718519956,1.652419014535021
2022-06-21,1.9707166356209023,1.6689842702876014,2.108452082868209,2.7602689974012766,1.4040075503396017,1.498592085625333,1.6081675520964933,1.4252445068554909,1.532836657548395,1.659829627823215
2022-06-22,1.973228537015221,1.6785312899620355,2.111812778791665,2.7545108171467323,1.4140133528844951,1.5067295883605258,1.6143152238870149,1.435739106103181,1.541674036024153,1.6666856939084873
2022-06-23,1.9850805734692,1.6886893895564978,2.1261044950417496,2.776740296283821,1.420186039883158,1.5128499206135262,1.620309796750261,1.4424858102331977,1.5486983117776085,1.6740183430784243
2022-06-24,2.0176494720143054,1.7027505601852289,2.1613081364987736,2.8471325660767572,1.4253231213959205,1.5224503317855602,1.6350002763433618,1.4473235406877054,1.5582440731652083,1.6894563594185057
2022-06-27,2.010875390731728,1.6952102158681255,2.1523361296991923,2.835529980632446,1.4193459187654929,1.5164861233236626,1.629112947184383,1.441048561658918,1.5518378173805671,1.6829672353780964
2022-06-28,1.9919794085291742,1.6853568940027293,2.129771244466604,2.7897022937520286,1.4153131158096652,1.5099541147806528,1.6194912516141549,1.4371473559040127,1.5452234833321579,1.6727313102036976
2022-06-29,1.9918956396682153,1.691244791439478,2.1327152060305488,2.788084371048212,1.4210806776767515,1.5145720375980485,1.6226338282474155,1.443464885810412,1.5505459785503932,1.6766371247993832
2022-06-30,1.9855628907761265,1.692726576747196,2.1269798069782984,2.769659399098467,1.4239943695842268,1.5152988928983158,1.6205556643832923,1.4470286347582861,1.5520524782328418,1.6752876262127465
2022-07-01,1.9977620426472729,1.7064252890780702,2.141434763633784,2.7862727775458414,1.4347513772422844,1.5253101852062116,1.6297423541760687,1.4585278194602516,1.563136087427176,1.685841094597327
2022-07-05,1.9906103746828663,1.7079658109230713,2.1418152850207925,2.7881036373882386,1.4326339323122916,1.5207433107004544,1.6223014683232595,1.458113735791192,1.5607166363741851,1.6808501091552286
2022-07-06,1.9836372256717416,1.6999159050173922,2.1368311797410495,2.7893316551682723,1.4233970123949995,1.511851336029643,1.6135373960849242,1.4489841326218205,1.5519843774351683,1.6724907166228111
2022-07-07,2.0002468046042323,1.7051824567761362,2.1553238251683857,2.8290143196183752,1.4256267661826307,1.5180542153260914,1.6238437055841852,1.4502602359176653,1.55714877649686,1.6822395017340426
2022-07-08,1.99700141788502,1.699967845412465,2.151576761314837,2.827733037822847,1.42131515893869,1.5145897515530409,1.6213209529761334,1.4454963592244015,1.5530925348582674,1.6790982440945406
2022-07-11,1.9790290125019405,1.6961900968173882,2.133468733454243,2.7874041678743113,1.419733391670123,1.5081166174926959,1.609723706567379,1.4455273121657257,1.5484456636052035,1.6688860259184124
2022-07-12,1.9724064849656324,1.6938951854299353,2.1261537539757867,2.77107668867698,1.4183991549245663,1.5051778184519657,1.6048782732304265,1.4447638323244931,1.546075013275422,1.6643996258101716
2022-07-13,1.9718153088096233,1.6964275293081539,2.1257515579346644,2.765574800357525,1.421563367803354,1.5075213445933384,1.6063840177454813,1.4482255026183517,1.5487154588003134,1.6660383838941135
2022-07-14,1.958661240369047,1.688179838542538,2.115603548837,2.7542859731651776,1.4131838078126964,1.4978743659062865,1.595267587187629,1.440526816541763,1.5398244547229343,1.6556937900312234
2022-07-15,1.9785406847526747,1.7012740271153546,2.138262166136147,2.793054867341713,1.42162979142398,1.5082719846474184,1.607696785559555,1.4490146034581584,1.550507460034278,1.6689621427875663
2022-07-18,1.973901823665185,1.695615342873101,2.131208908320605,2.781999323474119,1.4178199746399573,1.5047486858767374,1.6042939678633723,1.4447632169350642,1.5463345575813818,1.6647233104763974
2022-07-19,2.0046865153622107,1.708608722607048,2.1631047789608475,2.8448805941167494,1.4252111206854425,1.5174734120708404,1.6227758664234577,1.4508474629669648,1.5578416746683348,1.6828376484263017
2022-07-20,2.0045406492323163,1.70984390750576,2.1676682790629602,2.8571279246271075,1.4239999588197754,1.5162923018610146,1.6215907795448081,1.4500841140787653,1.5573130279616696,1.6826070754714186
2022-07-21,2.026616097400206,1.7279380412428933,2.1916342558221102,2.8902481480587285,1.4392234281278813,1.5330838278676793,1.640204945880297,1.4650827425466266,1.5740349677124623,1.701424281854231
2022-07-22,2.02299636951692,1.7324540609053498,2.186174207856607,2.867536234282279,1.4449081278562879,1.535514976943571,1.6391508459854378,1.4718852731830037,1.577722480445149,1.701272496396123
2022-07-25,2.0225748117198306,1.72878440562098,2.1839590396661497,2.866637081772638,1.4416143131979513,1.532989384992093,1.637283606668912,1.4681641556131586,1.5746764797459547,1.698922077787758
2022-07-26,2.008831788433115,1.7213391728025087,2.166880010990569,2.8335696906260783,1.4371904873390835,1.5259622256344394,1.6275642103612729,1.4642157847851238,1.5680664605430839,1.689191126265074
2022-07-27,2.042344886102615,1.7411912520141395,2.2061729057542543,2.9053978091177104,1.4508824357279,1.5450162301724188,1.6524422350450791,1.4768368577284317,1.5861892214879088,1.7139777511559813
2022-07-28,2.066215297908971,1.7587210438807532,2.228412844342941,2.935644395148681,1.4653455984315327,1.5605491354947656,1.6695630998943023,1.4910103974650304,1.6016923295663998,1.7313989689484437
2022-07-29,2.079722046905864,1.76657654080117,2.2448791884053527,2.967475276781363,1.470201015515689,1.567628906163503,1.6791763260018209,1.495388648713789,1.6084510010256572,1.7411576166582878
2022-08-01,2.0785055636030845,1.7698526202523737,2.2450529398487107,2.9628206924045752,1.4738690844155478,1.570355255200031,1.6809794111276728,1.499436291379999,1.611625626376032,1.7433026653349664
2022-08-02,2.0594885047042832,1.7518681455952945,2.225058395473039,2.9409810377526595,1.4587975581963473,1.5553284729462686,1.6661369755377584,1.48389861753655,1.5958904684198556,1.7275607217601565
2022-08-03,2.0777722227967783,1.7656293146520503,2.2488505619633496,2.982897817609704,1.468304223894175,1.5671546644924188,1.6806262324580608,1.493347584882576,1.6078216322181227,1.742582396919968
2022-08-04,2.0877909666618826,1.7726872696115517,2.257769876729708,2.9940336829987944,1.4749185999919667,1.5748755304636135,1.6897374641758869,1.4996336397357783,1.6152085069248256,1.7514198736452729
2022-08-05,2.0747342337188606,1.7560524202213652,2.241457713878842,2.978520710267781,1.4604703395439707,1.5611254856166832,1.6767925706633489,1.4843968527089721,1.6004010499631587,1.7372748841303314
2022-08-08,2.0816726825142307,1.7625712989182807,2.2464856773530144,2.980285471864973,1.4668843813820738,1.5671666459826978,1.6825393725004258,1.4909017118087762,1.6066021083552717,1.7431605072618253
2022-08-09,2.0761746515476105,1.7570511233777006,2.2372935476263818,2.9647903899213395,1.4633946831600835,1.5630849584496551,1.6779952926139632,1.4871895421456218,1.60221983660087,1.7381490589575614
2022-08-10,2.1020804083657705,1.7715753700400685,2.267033162495858,3.020030709991769,1.472457800827912,1.57599687087548,1.695160957097202,1.495751108335821,1.6147389472464124,1.7554738613496812
2022-08-11,2.0971295298784014,1.7641440760756426,2.2603521316103516,3.014125742057192,1.4661558663708796,1.5704126826250415,1.6903318150035584,1.4889800225587853,1.608510709663732,1.7499197455205833
2022-08-12,2.1207765101432083,1.7791716624515828,2.285459197836003,3.0566236141482794,1.4775122912742604,1.5845800385625906,1.7079340528514328,1.4998385681331576,1.6222946185528464,1.767528479897179
2022-08-15,2.1200855893381476,1.7819992904754254,2.288746099562103,3.0623156329836188,1.478534846914457,1.5847552937372047,1.7070467001467624,1.5013259353739523,1.6231276131534431,1.7674512284794082
2022-08-16,2.117989143622335,1.7801077253897737,2.2869346539618727,3.060710452678862,1.4768527188955234,1.5831736965518002,1.705538406768841,1.4995785686690943,1.6214555754531006,1.7658481527207766
2022-08-17,2.1031875713466324,1.7678229443627962,2.2701939793453456,3.0365640126256555,1.467074346361413,1.5724406225573975,1.6936807282470205,1.4896933021968999,1.6104700034645407,1.753513748559918
2022-08-18,2.100836210223251,1.769282973128099,2.270825431521871,3.0368733292885777,1.4681193443108556,1.5728263292094953,1.6933019800366154,1.4911864184494608,1.6114014452623038,1.7537200745334247
2022-08-19,2.076069538617125,1.7510210484116056,2.2430848560230587,2.9937216399541935,1.4542042169760614,1.5565694678790898,1.6744346801599161,1.4774123210578858,1.5951302820959123,1.734450818758755
2022-08-22,2.047219262576926,1.7331618304122016,2.2118002770416947,2.9393560054620993,1.4414647577475863,1.540291969421527,1.65393763863911,1.465254645731283,1.5792450682413486,1.7137874370736021
2022-08-23,2.0456236328814326,1.7311125357651598,2.210070297876838,2.937552713985623,1.4403159518455326,1.5397208838448826,1.6539822144856298,1.4639959118117991,1.5784239893505587,1.7134890548578614
2022-08-24,2.0481606954564047,1.7299457661703213,2.211355941087953,2.9432797893461125,1.4391021805138913,1.5395432855371456,1.6551619180775075,1.462319848480332,1.57774806980365,1.7142414544064204
2022-08-25,2.072441586149555,1.7461381604193962,2.2376600970168976,2.985566734338315,1.4511101979043128,1.5541489254584273,1.6725679538266833,1.4739926800767091,1.5920800879722434,1.7317078376738977
2022-08-26,2.031585252428874,1.7241656185962113,2.1931973636345754,2.9023700863765116,1.4362864362988548,1.5328077389227697,1.64349533580725,1.4605075197820412,1.5719178896441568,1.7029591062482456
2022-08-29,2.020433902735859,1.7144295143586863,2.180043785877945,2.8833807780073095,1.4288691203465007,1.5249295863603372,1.635139376200753,1.4529257671859517,1.5637499651011284,1.6941402225857853
2022-08-30,2.004643323268882,1.7075735789647055,2.1653552266776424,2.8558803269231174,1.4239729117896698,1.5173005303369589,1.6242415599180404,1.44892306356161,1.5570391014194536,1.6839085351999643
2022-08-31,1.99504850805645,1.6991094869187044,2.154692251765832,2.841159016471751,1.416787384347675,1.5096712055961674,1.6159289301530675,1.441553796923807,1.5490966975211227,1.675139941216292
2022-09-01,1.9857871785170194,1.6910344677044233,2.146035787499941,2.8336003022808907,1.40944835542231,1.5020321538925594,1.6081486741767612,1.4342127414050516,1.5414322947426236,1.6673177383108306
2022-09-02,1.9765798586988166,1.689405704458315,2.1360247904807226,2.809262356037823,1.4105430155885654,1.5009144658377052,1.604724836948586,1.4356055675558412,1.5405690844520392,1.663713346515958
2022-09-06,1.9660009322411724,1.6761799640530812,2.121499193088586,2.79330684447016,1.3991879593614527,1.4896891816740028,1.5938586139740343,1.423704085458318,1.5287166092177067,1.652207593168539
2022-09-07,1.9903020481963554,1.693290483488632,2.1475193248988957,2.8347714305584466,1.4124054757925928,1.505157351679752,1.6120796169149678,1.4367507670279647,1.5442515267570966,1.6709891669058865
2022-09-08,1.9895164045567553,1.691098567391732,2.1479716969743885,2.84080404220659,1.4092800992667158,1.5025653803190502,1.6101100059976625,1.4336154775844356,1.5417722661770732,1.6693933002760348
2022-09-09,2.0128602859109,1.702232276373488,2.1724541850196646,2.886630467601931,1.4165554711553967,1.5140105480072803,1.6260473815800656,1.4399852207900161,1.5523441374574936,1.685040676373119
2022-09-12,2.028633781388831,1.7079193193226683,2.187578574790277,2.916622778195099,1.4202102036474673,1.520958802885128,1.6366005268649357,1.442704177463846,1.5582596989727735,1.6948873681529049
2022-09-13,1.9706821438586837,1.6748216859617386,2.124939023176266,2.804210565762915,1.3974252156698221,1.4898255410918715,1.5960874337569153,1.4213231786228424,1.5281497016696959,1.653900469958985
2022-09-14,1.972237867769894,1.677090076037394,2.130070401587438,2.8142028720117978,1.398407948855296,1.4913265893734509,1.5979055220974556,1.422568736997237,1.529934496345711,1.6561271557116484
2022-09-15,1.9497863268366848,1.6643893648036738,2.1091232598730643,2.7795720842167535,1.387717701880049,1.4776361045106603,1.5804619153034476,1.4128835244966076,1.5172262532672471,1.6393561151346785
2022-09-16,1.9441211217467234,1.6613647353368286,2.1014802088054965,2.764568138569746,1.3864634528983926,1.4752850199863734,1.5771637656872826,1.4115544678000709,1.5147973709709088,1.6357811796448622
2022-09-19,1.9482619256517966,1.6622341922562454,2.106866504560193,2.7779431175313385,1.386395527100745,1.4766735880531687,1.580182891178287,1.4111799527546496,1.515874349152212,1.6386894920489365
2022-09-20,1.9281584632540691,1.6493358571277197,2.087855018911847,2.74958009594266,1.3763926457084306,1.4650787480485012,1.5667546977174889,1.4014095860442308,1.5043297520980514,1.6249440825870511
2022-09-21,1.9116403524718888,1.643770954293735,2.0702962452509683,2.712157099197041,1.3743715614294172,1.459515836593745,1.5574518087479468,1.4001285668650532,1.4994804401224204,1.6157809723731111
2022-09-22,1.8955616923054213,1.6259326744380198,2.0504794027484046,2.688843906665786,1.3602667080111934,1.4460944860035365,1.544874691628308,1.3851426528515767,1.4847835468436537,1.6016171360295113
2022-09-23,1.866729812213348,1.6127188085589776,2.0233879879315397,2.6410617481868965,1.3497767389394864,1.430506468603722,1.5236541572985363,1.3759636994235318,1.4707426563346604,1.5816163564324617
2022-09-26,1.8410787646240399,1.5907894580892006,1.9984440968956787,2.612787684997867,1.3310761416223804,1.4114828858823933,1.504238634903761,1.3569672322636577,1.4511848011913808,1.5614734763560238
2022-09-27,1.8337300420035842,1.583637001809365,1.9911111487800865,2.6057819505676827,1.3254423914366789,1.4063363553171317,1.4997374428736239,1.3509572444066626,1.4454925826132439,1.5563090237549466
2022-09-28,1.8687238658059648,1.6141471810855377,2.029054050356259,2.655312230578457,1.3509026795402284,1.4332648032864928,1.5284611819195364,1.376645756593261,1.4730812552231314,1.586189868317666
2022-09-29,1.8404541800575396,1.596519350186409,1.9983809047775503,2.602776349496642,1.3388629580526659,1.418043166187072,1.5097836578892516,1.3648392651576806,1.4578766350197432,1.5668462322717507
2022-09-30,1.8326786723659623,1.5893361251865206,1.9850734878065617,2.5780399247970873,1.3342867650024233,1.4121392696715893,1.5024899983088795,1.3600861779653886,1.4516187062665709,1.5588148884744077
2022-10-03,1.866429012921031,1.6127282360127957,2.0203430840317274,2.6328642507639937,1.353532092823703,1.4351370617149657,1.529970278536292,1.3784780830922945,1.4739591800902279,1.586198057213404
2022-10-04,1.9071486783777467,1.6337493710008744,2.062293544221637,2.7072002309096623,1.3693473381476433,1.4584502127211896,1.5612798048489367,1.392571090725534,1.4954779559760816,1.6165230138513063
2022-10-05,1.8946062502804515,1.6232285947699312,2.051335327183562,2.696309753093706,1.360565129165219,1.4499679996774468,1.5530216377786652,1.383661941120802,1.486652875453752,1.607782771479259
2022-10-06,1.8756368907083742,1.6113769897161616,2.033573202550666,2.669726515016921,1.351645051013844,1.4394952924581514,1.540853083187047,1.3750002805706372,1.4762878546612592,1.595396882628685
2022-10-07,1.8407635611460869,1.5898148544035653,1.9951142046106143,2.60272712337151,1.3353659961468067,1.4178138458666405,1.5130940137121756,1.3598081280934053,1.4555724575937488,1.5678581620383203
2022-10-10,1.8241043873848275,1.5785368031229072,1.978939158641574,2.5791337530332354,1.3254956279009575,1.406068435457175,1.4991485069314243,1.3504328486556774,1.4442973340077687,1.5541863759279062
2022-10-11,1.8157948160524053,1.5753320172076133,1.9684807736146601,2.5575716192929567,1.3234306558761015,1.4012255251817352,1.4915440439059817,1.3489448977209206,1.440204358738201,1.5471619596498831
2022-10-12,1.8143401526817962,1.5761652001725528,1.9677666193436598,2.554249681378784,1.3246975638630603,1.4020943977554967,1.4919828713601144,1.3502575737503788,1.4411240950861663,1.5475876852537254
2022-10-13,1.8316652518497378,1.583127318431146,1.9879326184449895,2.5971043398905884,1.3279473226586351,1.4095307630888787,1.5039564114498554,1.3525985383583017,1.4477435760654012,1.559393650497413
2022-10-14,1.8016559257193023,1.564171206750692,1.9560130369652031,2.543360733408039,1.3132540861219355,1.3907206459887305,1.4804024622317373,1.3387444967577409,1.4296216152624264,1.5359178316078557
2022-10-17,1.8362467605879962,1.5819342598680017,1.9911712247606466,2.606382603907673,1.3258443406683118,1.4090494372813676,1.5049229530198227,1.350017423584719,1.4466442004966398,1.5598446289488948
2022-10-18,1.8464542331194735,1.5887019993161309,2.0023221997161147,2.6251926381091844,1.3308540603342012,1.4152918446334364,1.5126186722045876,1.3548151985400254,1.4527983052942541,1.5677185818906194
2022-10-19,1.8237443020584259,1.5724533899478674,1.981968012577675,2.5999651865912585,1.316893912413219,1.4000974676753641,1.496029578638424,1.341042794893312,1.4377110693736492,1.5510738264794928
2022-10-20,1.817135355036008,1.5638000470103288,1.9727918409648446,2.589030350401984,1.3099484223354079,1.3937256494658778,1.4901498787073177,1.3335952459685585,1.4306084001636743,1.5443304591763036
2022-10-21,1.8424260482417105,1.5778104443966856,1.999929008094008,2.6378284577061932,1.3210244013021273,1.4096644529138458,1.5115818849143392,1.3434432170461306,1.445356032926025,1.5651599203182562
2022-10-24,1.837780357672202,1.5770653475951726,1.9994178585830535,2.6417405962468608,1.3193409505544356,1.4072541250882755,1.5089511426514315,1.3421475682398833,1.4437395976743677,1.5636549208908548
2022-10-25,1.8679135478462716,1.599160918678722,2.030431650951606,2.68697871445088,1.3362033219358007,1.425997728484334,1.5298101252980703,1.358978895427032,1.462767867320515,1.5853061154862198
2022-10-26,1.870150981049081,1.601188955288133,2.0285357652179563,2.6750095234321773,1.3393486143806677,1.4282272713946556,1.5306804382063262,1.362370055079579,1.4650760774191656,1.5859357514817956
2022-10-27,1.863230409307207,1.6016402449436127,2.02069872775553,2.6534093990326064,1.340692817453749,1.4262584521481534,1.5251408304242042,1.3646930649531597,1.4642219520625201,1.581220917936381
2022-10-28,1.8781671800283468,1.6082162604822825,2.039645859735769,2.6953990560464165,1.3433036558040414,1.4323528502779808,1.5352423932528894,1.366658813154506,1.4698653450117365,1.591543779057018
2022-10-31,1.8667410464057634,1.5995653104159646,2.0265142930941087,2.674836275861395,1.336299918600786,1.4239676322684653,1.5252725636785436,1.3598483749944936,1.4615814187497929,1.581447578276613
2022-11-01,1.8718399685984528,1.600763823398583,2.0279457264780607,2.67392493700004,1.3382979993505506,1.4267437189394208,1.528748619754501,1.3616277987263605,1.463920349032236,1.5843276673867184
2022-11-02,1.8437391265272307,1.5850444614205106,1.9975389931829222,2.61755837082962,1.3290949956465152,1.4132049834662217,1.5097308635717521,1.3526585890328438,1.4503752717138407,1.5646180399226197
2022-11-03,1.8332865845312898,1.57593670731383,1.9833778077419273,2.593670882349995,1.3225341243033544,1.4054883300583012,1.5005395335835117,1.346000840062322,1.44239918953379,1.5548825156398225
2022-11-04,1.868822722023204,1.5895312081959452,2.0138435885512997,2.6478108195431007,1.3319360600355712,1.4218895449055482,1.525442505834305,1.3541135921096807,1.4572527955825783,1.5784485983030443
2022-11-07,1.8718615339483349,1.5894992698820456,2.018906074981642,2.662296426864354,1.3300670871960976,1.421545722949687,1.5269490419085474,1.3521511441780063,1.4568787169660617,1.5801784272866088
2022-11-08,1.8879360326636245,1.6003135382520106,2.033685241996536,2.682765491191489,1.3399780690501724,1.4334026208456991,1.5414099317009375,1.3614883113991705,1.468107755524483,1.5940070125624517
2022-11-09,1.8677346488958175,1.5917792015225287,2.011873160608448,2.6387927537453155,1.3361118566210046,1.4251885256810324,1.5278942316048458,1.3579844343790795,1.4601952569065888,1.5803163623231364
2022-11-10,1.953192860794025,1.648473335189161,2.1010375684176017,2.7812106172141036,1.3770510421318445,1.4752641091169574,1.5891352604817603,1.3988292996684408,1.5107608634612995,1.6434593969278868
2022-11-11,1.9726942406837704,1.6563101079880207,2.1211945795278986,2.819835315472486,1.381097826412132,1.483591819627596,1.6024126300091937,1.4023988033186074,1.518559809802654,1.6565236071024843
2022-11-14,1.957573678625975,1.6475828123808265,2.1069045238314366,2.7967409153067964,1.3757287188356448,1.4769010083398597,1.594201220785174,1.3968678159618557,1.5115661004564431,1.6476974659445736
2022-11-15,1.9775071782074738,1.6622639816374274,2.128475031262534,2.8284951096062096,1.386776178568336,1.4895701456472077,1.6085854935386565,1.4081164773621841,1.5245739517709123,1.6627107371553238
2022-11-16,1.968008789235383,1.6627807806906643,2.1201694304444665,2.805599052066859,1.3898134426847162,1.4892801973253171,1.6041614699346178,1.4117214790663606,1.524906397403205,1.658646995991589
2022-11-17,1.960973054311879,1.655404938560515,2.11302324106181,2.7986103818701475,1.3829982296942132,1.4826511400566127,1.5976435462144924,1.4049073784432147,1.5181958405807696,1.652012123653656
2022-11-18,1.9612066073556986,1.6538250704573092,2.112604375848783,2.80073541053146,1.38049653272349,1.4802890449844375,1.5954867155643457,1.4025819424632855,1.516064681816393,1.650211986694345
2022-11-21,1.9522800092155579,1.6491114785397205,2.1025363125411207,2.7825659184199383,1.377309580596912,1.4752284654762928,1.5882506410107038,1.3996367199033817,1.5112685918075524,1.64312051603667
2022-11-22,1.9673065784681492,1.6609842490371407,2.1208947596727956,2.811876712071263,1.3857996628019262,1.4851923697060885,1.5998647752912905,1.4083325599506153,1.5216208701703706,1.6554709031942285
2022-11-23,1.9806418276250841,1.6715615011023615,2.1360528274172967,2.8339166116732297,1.3942986187536326,1.494880669723063,1.610879016480086,1.416932583391547,1.531478905370976,1.6668061259421592
2022-11-25,1.9808319296214962,1.6710120117261122,2.1343503488571227,2.829832918536513,1.3941571953117542,1.494519541070441,1.6102865135889495,1.4167826655379898,1.5310789180544557,1.6661125946643418
2022-11-28,1.9600018665040455,1.660820393920462,2.114938187351574,2.794814672845544,1.3878865571265622,1.4852327311450289,1.5970976530535894,1.4107362440650681,1.521930565181383,1.6527005910435766
2022-11-29,1.9672416947125182,1.6593143866861868,2.1162979027997864,2.7985102521584198,1.3860200324111251,1.4850891329519436,1.5990248442928898,1.408350389519551,1.521097864363923,1.653883541479128
2022-11-30,2.0104977918534024,1.6873263221604407,2.164625256222555,2.880994780058149,1.4050298141246287,1.5098962048956734,1.6308362816297,1.4271748888295974,1.5460439501947263,1.6867130999958826
2022-12-01,2.020985523209911,1.6989254539122691,2.1750542306320026,2.888695726660405,1.4168481247373093,1.5215046572627375,1.642320105360215,1.4389268333049468,1.5575987401191327,1.6980086745667198
2022-12-02,2.020403604401515,1.7009169200120584,2.175420367858856,2.8856894321953437,1.4190030344270212,1.5227159505729577,1.6422179606924132,1.4414732155909098,1.559199812403295,1.6982005717980941
2022-12-05,1.9919610112504502,1.6807432014404373,2.1461696569948288,2.8415636401445594,1.4029335608903835,1.503755493250704,1.6196260101164714,1.4256331669570508,1.5402978764817588,1.675277015519021
2022-12-06,1.982453379816509,1.6784550524622985,2.1345500895654625,2.8125150913483017,1.4036578110512405,1.5011811254450367,1.6128556079276941,1.4266526307593332,1.538047478291813,1.6685498621897863
2022-12-07,1.9867594789174539,1.6869196987702686,2.1390511957877143,2.810098624476152,1.4125025189586515,1.5081264848905356,1.6175742083308269,1.4359856660639245,1.5456162402261766,1.673824136463439
2022-12-08,1.9955388268202725,1.6877704502030069,2.147431654216822,2.8310505750717394,1.4113242080153503,1.509945931348762,1.623067450876368,1.4344485374323452,1.5469749265335369,1.6790197663791893
2022-12-09,1.9876764919813485,1.6783034236472798,2.1361048972702763,2.816525564152636,1.4035848943714706,1.5023422336718486,1.6158215335184565,1.4264356982237063,1.5389731198278396,1.6712610374538874
2022-12-12,1.9937249123900154,1.6820253254244062,2.145427590773702,2.8368425722666606,1.4049062874070102,1.5051891859185313,1.620561359367457,1.4277835063263928,1.5418962029729422,1.6762854418762787
2022-12-13,2.0163721843144575,1.6977885256829506,2.1665740041631247,2.8659754199192724,1.4179366415535704,1.51996482793319,1.6375668658725855,1.4406357563743881,1.5566322950397653,1.6935066743519946
2022-12-14,2.0117567166364365,1.697191250784211,2.1622007876401144,2.854420032900168,1.4184072892248378,1.5188857732534342,1.634421185946539,1.441373464191965,1.5558298059476094,1.690505534354853
2022-12-15,1.9785198447951973,1.68265387157611,2.128118784226246,2.788019486065582,1.4099283151388828,1.502998998288943,1.6094487234431742,1.4338451395369436,1.5409353169106879,1.6659343120989933
2022-12-16,1.9663914456821026,1.6746533050705716,2.1153496805533565,2.7666567971874394,1.4049371799835944,1.497006838643366,1.6022389301160285,1.4287751272215707,1.5347436155498742,1.6582934142222574
2022-12-19,1.9532472743648788,1.662354840683788,2.099876856413538,2.7450578801730243,1.3950788804906975,1.486778975932872,1.5915009270349958,1.4187796955765968,1.524191366770427,1.647012382813056
2022-12-20,1.9543083125272767,1.6568070970534046,2.09706787955123,2.746810825843915,1.3903263330903706,1.4842953301851871,1.5921337883605389,1.4133278806094336,1.5208701928501034,1.6468467571458125
2022-12-21,1.9686017635373885,1.665619697985995,2.1137885779356758,2.776856897074979,1.3959607065723836,1.492346463365402,1.6030254560484825,1.4189246034303657,1.5289148914506345,1.6579766622990662
2022-12-22,1.9509337053623927,1.656326314931781,2.094292260411976,2.7394527842467724,1.3899187979211265,1.4825459649775055,1.5884720127201568,1.413348519626558,1.5195539399759737,1.6435182213101518
2022-12-23,1.954229421440816,1.654701983471823,2.095812287030223,2.746637016770068,1.3877072843654905,1.4819026339730044,1.589928176648251,1.410811799485475,1.5185346973863474,1.6446872705386846
2022-12-27,1.9521852624757,1.6460455993342746,2.0879461317407984,2.7381115390650876,1.3805460660873996,1.4763746310159849,1.5864145457407957,1.403052730371816,1.512174043012795,1.6402285707594821
2022-12-28,1.9336857381183412,1.636097478816057,2.0697730898629603,2.7068445384002318,1.3738121086818695,1.4667906420154828,1.5734088253848753,1.3966323640083471,1.5028735872149304,1.6272327689984802
2022-12-29,1.9600656197604296,1.6518070611936153,2.0972754998094114,2.753680839838054,1.3846438988095617,1.4814443258342207,1.5926551406112277,1.4071215914509594,1.5172759146036052,1.6466494422849054
2022-12-30,1.9505366180497157,1.6446359102940846,2.0873922650332606,2.7411168178066556,1.3791707218939888,1.4754967774794947,1.5864909807868206,1.4014388988123205,1.511105730766936,1.6402153129587733
2023-01-03,1.957936991704102,1.6519407789274536,2.0932643185976705,2.742365125092611,1.3863530543450717,1.4819907114318496,1.5920015251796238,1.408818761724442,1.5178605133533467,1.645939995827834
2023-01-04,1.9826868506208797,1.6667766223538818,2.1151094860409776,2.772856559699899,1.3986241722922363,1.496983893412716,1.60981299065672,1.4204942610019295,1.53212335117549,1.663151588544685
2023-01-05,1.962416762748287,1.6567490819513329,2.0973343096494603,2.7419709657971727,1.3908262849384287,1.4861286411818926,1.5951700196754794,1.4134840756368892,1.52193608397257,1.6487114265799092
2023-01-06,2.00319185430473,1.684529003496276,2.1390826743276476,2.8054490294507217,1.4131927705844154,1.5131819933534996,1.6275358318726902,1.4352403892171925,1.5485159462539646,1.681211541142814
2023-01-09,2.0095612222223633,1.689301976475754,2.1460047402172435,2.8152355906027005,1.4170433112579877,1.5176937593340796,1.632679385641485,1.4390671833312756,1.5529686229985598,1.6863204811966945
2023-01-10,2.014978460342916,1.6881743435225625,2.1508665064703036,2.8302023047312557,1.4154839894563183,1.519019154334953,1.6372823445772053,1.4367574401606509,1.5533906441229555,1.690231237101055
2023-01-11,2.0374697089417264,1.7035880730554227,2.173180033023945,2.8643492406824067,1.427320035195424,1.5326161826095541,1.653087857888339,1.4484305753049194,1.5670477291039504,1.706495835772889
2023-01-12,2.0550515126370135,1.7171150041214256,2.1896482928007845,2.8842764494621944,1.438883294178636,1.5449055070034612,1.66622117078434,1.460031241597952,1.579488341031599,1.7199194628289354
2023-01-13,2.0600452398197193,1.7159004653711833,2.193636801690368,2.896650838181969,1.4377697337446558,1.546621866888577,1.6711643707347243,1.458133928437398,1.5802553986004477,1.7240941460163794
2023-01-17,2.057273420500867,1.7128962734984619,2.190908555137259,2.894690704226603,1.4347978012667069,1.5437356680695347,1.668353944541836,1.455144581509841,1.5773303401119456,1.7212528158118543
2023-01-18,2.0484609645668788,1.7173410036028196,2.184329720524353,2.8687560942635537,1.4399411607105388,1.5434820675996233,1.6618159118848492,1.4618741065452578,1.5788762275359751,1.7160261158579542
2023-01-19,2.047220142567139,1.713664776074336,2.1786829522769846,2.8584004215367402,1.438067571527391,1.5418109409013094,1.6604174286906228,1.4595978119943351,1.5766478351157616,1.713927544638947
2023-01-20,2.0646597974114593,1.7189130750218722,2.1983817024173167,2.9027854614473947,1.4402578269821602,1.5498115638377261,1.6748828063569774,1.460543764020525,1.5832290688747375,1.7275233860896715
2023-01-23,2.0767506138606353,1.72355791258432,2.2127711170037663,2.93442215197358,1.442741427984495,1.5561301552206848,1.6855812930077645,1.4622119245716791,1.58869786180503,1.7378139177359064
2023-01-24,2.07991891015567,1.728650913454676,2.21591197810997,2.934005957285682,1.4474941478315406,1.5597403752826347,1.6879522458673664,1.467331068279202,1.5927879268531924,1.7406110170703495
2023-01-25,2.0833022946073907,1.7306039835319837,2.218301166853361,2.9363265784911765,1.4493878135214124,1.5619313413587308,1.6904443810323362,1.4691762888393418,1.5949032028178154,1.7430197889454622
2023-01-26,2.0933535342642164,1.734442468712574,2.2309311376460665,2.964513862065167,1.450851519210876,1.5665467390542747,1.6985498709557363,1.4700598094043253,1.5988724223294537,1.7508148307081903
2023-01-27,2.096705416566409,1.7354106419621171,2.234314686554995,2.9732002059334532,1.451014579642175,1.5674769647887186,1.7005740393699436,1.4699891994165681,1.599679990893652,1.7529344475432034
2023-01-30,2.0752174602291955,1.7227147845514872,2.2110827085004714,2.93293631909276,1.4416466453684618,1.5543270319556004,1.6832816591010076,1.4612925303618984,1.5872569436744945,1.7359938350198234
2023-01-31,2.092736887261679,1.7351381020729826,2.22978192536462,2.963232796757098,1.4512128353556735,1.5656450546779905,1.69687761469268,1.4706651715648331,1.5986384520100336,1.750096835056441
2023-02-01,2.115395450132666,1.7517017421286591,2.2548686669491094,3.002318435979812,1.4644819299182774,1.5816200379738123,1.7159665325713473,1.4837345328002804,1.6145257479060622,1.7694837348166272
2023-02-02,2.1274880373365077,1.7604281736833707,2.273608912229907,3.041605074834895,1.4685450288103725,1.587977454092051,1.724995818831949,1.4879492992652263,1.6213658092636487,1.7797301326376
2023-02-03,2.0957138717865127,1.7384281990645754,2.24305358488089,2.997775944305769,1.4499540959599024,1.5665552484491827,1.7001236500728338,1.469803821907607,1.6002027774394,1.7546601025161572
2023-02-06,2.0802443594984115,1.725887610289767,2.2256045640434676,2.973531789977371,1.4402600241894987,1.5556213156779557,1.6881136132139853,1.4600444531439565,1.5891839777926031,1.7424185185215162
2023-02-07,2.0910023307952983,1.7306306675802934,2.2399739817742694,3.0053052911245963,1.4431952134288728,1.562349400090733,1.6990486265912712,1.4621560631666999,1.5950209297820188,1.7529231724367504
2023-02-08,2.082018327926204,1.7272735883311674,2.228455453532695,2.9787289499001686,1.4415301150982491,1.5575809110013055,1.6907918421780808,1.4610921747489645,1.590891288828015,1.7448924796122423
2023-02-09,2.071982232622681,1.7187786131537377,2.217593215636857,2.962565895033533,1.434532133579733,1.550193106783399,1.6825958058267276,1.4540258464522078,1.5831626285828828,1.7360574928264871
2023-02-10,2.066254476715668,1.7125730002836255,2.209881576897319,2.9533673380701457,1.4296445314645747,1.5452416099499164,1.677817116443589,1.4488514991465158,1.577937102425992,1.73103908181776
2023-02-13,2.080666337847396,1.7220800667295943,2.227296368417419,2.984190372689905,1.4363236913400677,1.554455569533243,1.6896942279934584,1.4553117585279745,1.586925554254963,1.7430265300750118
2023-02-14,2.0785802626703647,1.718548338801197,2.226174797311911,2.987773672881877,1.4331938809204032,1.5526239123688748,1.6893034468999497,1.4517321981148577,1.5845416268812005,1.742178674104221
2023-02-15,2.0754558254573423,1.7163830873531203,2.2251962138237964,2.990652062204072,1.4304430106472912,1.549962580391766,1.6868374867116285,1.44909393004966,1.5821037058061576,1.7401123454839866
2023-02-16,2.060802363724715,1.7054372514652254,2.2070328096804848,2.958901947610123,1.4222925983301116,1.5397401738934602,1.674145204357623,1.4410472920918118,1.5718076256116515,1.726898867951368
2023-02-17,2.0571982823025863,1.705589430651976,2.2032953371966713,2.948569813877833,1.4231391927995374,1.5390069415879706,1.6717353275035944,1.442294421094131,1.57153671729584,1.7247705324866447
2023-02-21,2.0283609969254552,1.683607358427793,2.1706077781681365,2.8976361563929074,1.4061026211630276,1.5190212661698599,1.6484210239456942,1.4253308939692262,1.5513865232551207,1.700709796670547
2023-02-22,2.0230283148099413,1.683665299333795,2.168250563801358,2.891960155927685,1.4061266324578767,1.517532625477938,1.6452410801469601,1.4259877214940613,1.550646622148514,1.6981872667286642
2023-02-23,2.032815176115516,1.6912544396229312,2.1793847377079487,2.9089161824950973,1.411913295570665,1.524220025736292,1.6528873063348035,1.4318210735995587,1.5574416349849685,1.70610689004909
2023-02-24,2.0066494047526255,1.6752452124536314,2.1532323758053753,2.867484611499212,1.3993723429437095,1.5080434037275032,1.6328534877886143,1.4198517203388796,1.5419175904290725,1.6863661928135465
2023-02-27,2.0162254755605247,1.6814133901650883,2.1633701226277915,2.8834660218681956,1.4043384857423007,1.5145528492751457,1.6409504265233636,1.424522323654213,1.5480559757016643,1.6941964810499248
2023-02-28,2.0125180044741526,1.680376748781556,2.1592973213314246,2.8750479646980547,1.4038739987711983,1.5128086439360504,1.638009112538755,1.4242534492718675,1.5466683869467739,1.6915938790496803
2023-03-01,2.010785887530861,1.673000466303643,2.154356288330332,2.871814188904858,1.3982373144631375,1.5094771058738319,1.6368819690619119,1.4176655671978675,1.541910447118329,1.6888738396092116
2023-03-02,2.017464531212366,1.6739786630265252,2.1604780742149616,2.8872070401675556,1.3981812426638993,1.511638157790082,1.6417080879097254,1.4171214819526547,1.5435313865769924,1.6933924661236928
2023-03-03,2.0432445742011556,1.692300428487965,2.188312982633266,2.9309290065298597,1.4126317457060946,1.529122791838979,1.6627584039645193,1.4313442005061225,1.560919150190983,1.7147965499411977
2023-03-06,2.038800343493628,1.6891884166593272,2.1850970333790207,2.928274586775613,1.409699650963642,1.5261609606365312,1.6597506652317398,1.4283794003908603,1.5579320402558063,1.7117924368847364
2023-03-07,2.012447510396788,1.677527733590702,2.162192384818151,2.88761952562454,1.400609633606372,1.512078440925295,1.6397912002695247,1.4204059693213538,1.5451119782907319,1.6926793023262592
2023-03-08,2.018961637757628,1.6796930672451673,2.167460562538906,2.8977454602398782,1.4018800892815224,1.5146547989816188,1.6438529782245515,1.421314102682992,1.5472873931788984,1.6964623851530751
2023-03-09,2.0015459337825288,1.6749746168536075,2.1496961586993146,2.8579796346526853,1.4003286362145868,1.5077660186821893,1.630946729543127,1.4208251630375226,1.5416754618690103,1.684376514150828
2023-03-10,1.995230798651391,1.6831567384775719,2.1457917770232315,2.83261397469131,1.4101073013531478,1.511794843673517,1.6283534839877114,1.432055430301608,1.5475699879482891,1.6832867389310453
2023-03-13,2.0096001480560965,1.6970230234514316,2.158521183408327,2.843550112560358,1.4227368644364298,1.5231888931495154,1.638755676932856,1.4449777249068625,1.5597044800761182,1.694679068251673
2023-03-14,2.019685290678442,1.6970318920289844,2.1705676378046603,2.87748307313852,1.4203724807154177,1.5259547410283796,1.6474627212871074,1.441616852076359,1.5612842554852995,1.7026878887924135
2023-03-15,2.0157166002242013,1.7061075178963094,2.1702783274342408,2.8644706280957135,1.4292018159993487,1.5291239933592164,1.644730441892442,1.451958302050473,1.566797683778098,1.7024397142562573
2023-03-16,2.0309053771542223,1.7092567836784553,2.1882971763107575,2.9081700483806285,1.4294345310203822,1.5356616560706469,1.6584101746753332,1.4511439925673093,1.572006664742874,1.7153125376650546
2023-03-17,2.0290950436505315,1.7150606435039184,2.1861596755316497,2.892565717021797,1.4366649239561726,1.5393688179687364,1.6583747196809342,1.459076942150412,1.5768207484697834,1.7163173385812316
2023-03-20,2.037846682178636,1.7155840311693153,2.193236610288941,2.9101479739111973,1.436321310667641,1.5423518552965922,1.6651146457879733,1.4578226633120313,1.5786545538696368,1.7220733570763995
2023-03-21,2.041592745117164,1.7140936691585695,2.2016794035567817,2.935552450151114,1.4326906349392319,1.542705772108182,1.669621943361234,1.4537713598754316,1.5782250424069892,1.7259555168074159
2023-03-22,2.0351134757227314,1.719084754021571,2.196695272232701,2.911384779550481,1.4393850051296997,1.5449019766354541,1.6663798412068245,1.4616888594015833,1.5817955686933631,1.7236184497799734
2023-03-23,2.046442968634574,1.7276796924545137,2.2094047116723,2.9306201833665986,1.4463387568033024,1.5531561997042544,1.676107350463663,1.4684733954336129,1.590007925402059,1.7335776452025335
2023-03-24,2.051031700650775,1.7309528594727972,2.2141533900721075,2.9388144974386723,1.4483363947111456,1.555184367074633,1.6783107837759992,1.47056863822501,1.5922478793069752,1.7361143431261425
2023-03-27,2.0418090475622366,1.7173214484610662,2.2026525125494563,2.9308776196771307,1.4362866493642619,1.5453708482164417,1.6709261197174556,1.4575977837782461,1.581101168630763,1.727302677593487
2023-03-28,2.0445442627080626,1.7166557210232893,2.202670733300204,2.9304594174246232,1.4361665549464142,1.5461093835473294,1.6725449826345837,1.4570849380013624,1.581301929288726,1.7283256835729754
2023-03-29,2.0605381694274114,1.7245829536824777,2.2201026662152255,2.964691637998859,1.4410602049997374,1.5544334260124844,1.6848739277834004,1.4615180930532734,1.5891379247544193,1.7405611834321162
2023-03-30,2.076327828268602,1.732327785420003,2.2342960834361283,2.988836026152306,1.4470215945645095,1.5630927313656608,1.6966447162426865,1.4668974261391634,1.5971578648589406,1.7519407644105287
2023-03-31,2.0919667327809024,1.7447158003014631,2.2530488927591805,3.0196236518340958,1.456096486147628,1.5736723590640422,1.709088223088313,1.4759897932902022,1.60798094339552,1.7650281149978622
2023-04-03,2.097135539948151,1.750469517288137,2.259220907630921,3.0255560353837025,1.4612965060495682,1.5789436064225382,1.7143468079975726,1.4814223999760094,1.6134781584364413,1.770472089942302
2023-04-04,2.1020295670322264,1.7557628190254086,2.261691403199051,3.022338647347349,1.4659501587194723,1.5821765230348634,1.7162166494445807,1.4866156920642117,1.6174925441974901,1.7731782392283486
2023-04-05,2.095281817111049,1.7557607577130043,2.2557559464400465,3.006621117753192,1.4661102147329181,1.5793317636201247,1.7102108152305324,1.4877125727094667,1.615805890281931,1.7681446115898312
2023-04-06,2.1000585127225744,1.7580140008855187,2.261606258393137,3.0185291352280847,1.4675715885441338,1.5822750027351222,1.7146458207265496,1.4887291856068487,1.6182023960976004,1.7721073545355557
2023-04-10,2.0950880615086227,1.7490106834206505,2.2548651165958775,3.016045903120499,1.4600033808824948,1.5764672192720093,1.710664940417865,1.480383024917708,1.6113674772525763,1.7671364628622905
2023-04-11,2.098779412835013,1.7497957099049375,2.255849576002146,3.016153161172715,1.4608165820324521,1.5775525841236715,1.7119891900742248,1.4811800085895432,1.6124038366493312,1.7684342777804725
2023-04-12,2.0963458534705097,1.7496676130880995,2.2522765774728075,3.005891077031217,1.4606589105709713,1.575762670841246,1.708424539283187,1.4815811445357991,1.611353955460847,1.7655832744452655
2023-04-13,2.1136074116698644,1.7566328933089177,2.2707959347031195,3.0438915675676723,1.4667905706022402,1.5872583032109397,1.7257262308467731,1.486388996856517,1.6212809132188726,1.781760110774505
2023-04-14,2.0985634228225933,1.746925185638244,2.2592413526700383,3.0301115850592875,1.4585735496128422,1.5785822987960751,1.7162979492070745,1.4780491822245903,1.612287686859595,1.7717656173131329
2023-04-17,2.10160692703446,1.743364433967737,2.2588853901260153,3.0354600465955923,1.45529755816512,1.577192075135753,1.7170008333232787,1.473999728856917,1.6099789494346606,1.771699814182711
2023-04-18,2.10412647763527,1.7455868487944428,2.2615089478603503,3.0383761256661703,1.4571623862949221,1.579096980457833,1.718950615573603,1.4759728819069304,1.6120530673747138,1.773876153547332
2023-04-19,2.0998180286643926,1.742510435729514,2.256947924755342,3.0324353956817305,1.4544134567470401,1.5756200829994218,1.7148631630303357,1.4733468133329053,1.6088122272841443,1.7700567887773002
2023-04-20,2.0971015729429476,1.7449401500918509,2.254801927461653,3.021612652812311,1.4566538831596856,1.575491945421709,1.7121059495180695,1.4764306707057622,1.6096691666479224,1.7680915516448579
2023-04-21,2.0928067947874642,1.7418624274754357,2.2518219450772854,3.019407099599065,1.4537578201142907,1.5725294075396277,1.7090491729720054,1.4735337149370662,1.6067269168008995,1.7650663296772802
2023-04-24,2.094734388286308,1.7462406905282815,2.2548739536971016,3.0199101643348616,1.4574619663831418,1.5752147097683067,1.7106555779507469,1.47772367601879,1.610044208218423,1.7672885437554982
2023-04-25,2.0800615597165857,1.7453503233498038,2.2396317237403833,2.980487628702715,1.456955340457962,1.5676921660484737,1.6957918380604533,1.4792837962422836,1.6051192036656607,1.7546214721716855
2023-04-26,2.0758634784678014,1.7407570245729205,2.236694380235976,2.980318619687715,1.4531450899024327,1.5650761145098504,1.6942433073291414,1.4749463187685923,1.601709657314446,1.7521755339270366
2023-04-27,2.0978444134579024,1.7476884297660462,2.2592245260193393,3.0302187273681835,1.4585262555037801,1.5775134000129196,1.714402261054233,1.4783549632983175,1.6118681375355757,1.7706670305739458
2023-04-28,2.109692465491295,1.7584925222042755,2.2727683837792156,3.048639516873559,1.4672776723527152,1.5867274548708725,1.724228637124048,1.4871761405113353,1.6212765607735882,1.7808182320631647
2023-05-01,2.0989039531287528,1.745037032349967,2.260715931981153,3.0398253870041105,1.4559755541339996,1.5771744117069508,1.716490862084837,1.4750017903008146,1.61061171262681,1.7720369327285252
2023-05-02,2.0950575594734406,1.7519396154552735,2.257606718260627,3.019428291166933,1.4616716975121626,1.5776472632757361,1.711768568641339,1.4830185477817146,1.6139731839952625,1.7698378116181215
2023-05-03,2.0960058810802478,1.7559260585839636,2.25751069897761,3.0111375193355934,1.4649751443609698,1.5789337434591566,1.7109254237748002,1.48723181130874,1.6163108234578336,1.7698163902885171
2023-05-04,2.098469615942111,1.755216101170955,2.255891158372509,3.0067771513899717,1.4644791342675871,1.5782902291565377,1.7101374990817502,1.48657533263032,1.6154995070532188,1.768854210438048
2023-05-05,2.1137684421642255,1.759887774587867,2.2741611837646163,3.048609305832668,1.468168604725806,1.5878679044316648,1.725675576907268,1.4882105008596653,1.622600193987549,1.782448622728022
2023-05-08,2.1104102600728725,1.7538728639840133,2.2702514572031394,3.048722066665761,1.4633529255465292,1.5846132948232758,1.7240142315574665,1.482566432856176,1.6183394944914549,1.779913599240622
2023-05-09,2.105139459723902,1.750254448244313,2.263192094793802,3.0360040865489024,1.4606006699462384,1.5806348347632748,1.7188880776272248,1.4801093442477204,1.6147550846239733,1.7751047586595352
2023-05-10,2.1143299187983624,1.76077447630093,2.275198199385288,3.0513366419861776,1.468928192021946,1.5884721303652651,1.72643200541887,1.4890135297074079,1.6234794793869556,1.7836928413517463
2023-05-11,2.109740978304508,1.7623521307517314,2.274901005888663,3.0483664013862573,1.4697566048422375,1.5879290249676765,1.7243209074777606,1.4906466598763024,1.6238146525997834,1.782273729535772
2023-05-12,2.1013107722650592,1.7539804076619767,2.265014221803579,3.037017688995272,1.4629608028933618,1.5810658953086865,1.7175056607995651,1.4834913559547032,1.6165821162932534,1.7751338456594101
2023-05-15,2.109290170138537,1.7553275670036674,2.272532283434955,3.0536013991297555,1.4642071452760335,1.5854452959700802,1.7248685958244896,1.4835782061310128,1.6194377169675622,1.781126177867968
2023-05-16,2.092159326641048,1.7467148244726307,2.260133082782975,3.0361117653479726,1.456609286555937,1.5762364268953513,1.7137496817962417,1.4766185910027114,1.6108108590430443,1.7703026262705868
2023-05-17,2.1022144712615316,1.7500938209580048,2.271020560657553,3.0606474748684103,1.459488891802537,1.5823026722156353,1.723267208978474,1.478337736015711,1.6156211988308138,1.7789892196901758
2023-05-18,2.1004463231863735,1.7472712012860696,2.274525082474321,3.077694090054828,1.4568083759711314,1.5822840831582712,1.7260908806847641,1.474687881893107,1.6145494618490837,1.78114106772348
2023-05-19,2.101761101206353,1.7447603153337052,2.2730648927728305,3.0773473873570705,1.4551841058020818,1.5817236702161788,1.7266530591630782,1.472520074726337,1.6133036851075024,1.7810797393478697
2023-05-22,2.105234838885,1.7450606588555253,2.275851398312776,3.083971214628334,1.4553919626759737,1.5830578808891742,1.7290940237266157,1.472280952213457,1.6140769425694035,1.7830403814163294
2023-05-23,2.0894448744484357,1.7388596926971496,2.2594440575151724,3.0510856059304716,1.450162159887645,1.5732652844493766,1.7147150746310673,1.468599053148295,1.6061767783393446,1.7701735976723807
2023-05-24,2.07152368266596,1.72959220206852,2.24427791877277,3.027152668913333,1.4421974320974182,1.5628628870899384,1.7016655442856696,1.4614282333842032,1.5966220325778382,1.7576671847038272
2023-05-25,2.0743358045476787,1.7291624877897624,2.251819166694205,3.050995484131588,1.4414892259999283,1.5653560752972688,1.7076456823534005,1.4596155321683435,1.5979596545625083,1.7629911697866842
2023-05-26,2.096443466180496,1.7411453265568304,2.276403017295667,3.0972147263952006,1.4512568207713135,1.580115532427862,1.7276740857170343,1.4678426190838176,1.6110648123987037,1.7820217676273766
2023-05-30,2.098503623209232,1.7485374569797212,2.280403999893893,3.0971309049373645,1.4571697521414184,1.5834634858163874,1.7288091969715014,1.474981408134008,1.6161917933157457,1.7850132280025583
2023-05-31,2.09393534609986,1.7491788678789477,2.274990046003855,3.082025052290803,1.4575845931369569,1.580733372329879,1.7230521602812103,1.476569382552701,1.6149968133669206,1.7806269459824335
2023-06-01,2.111594908875555,1.759489623299721,2.294008853809488,3.1144715789791535,1.4661066576998132,1.5928621795733866,1.7388574177680791,1.4842472116708834,1.626055404227695,1.7956348312718384
2023-06-02,2.124413490653184,1.7598767732898664,2.305548724057866,3.144478767449696,1.4641297663277442,1.5955863983219642,1.7470022478117755,1.4814151264079052,1.627669324966692,1.802958097904521
2023-06-05,2.1220519344056,1.7588022083355033,2.3033507732810587,3.140792668997251,1.4635712039347701,1.594698041233043,1.7458242126483174,1.480867786060161,1.626801975697026,1.8017683846805816
2023-06-06,2.130516854741339,1.762606813802363,2.310129305270131,3.1512698974494096,1.466340429344202,1.598598480424786,1.7509594729950906,1.483503028355038,1.630529771995295,1.8068076361940695
2023-06-07,2.1200895830742854,1.7518150746406467,2.2945706159139103,3.12755949137947,1.4574327628161532,1.5883163829538298,1.7391765331021611,1.4745816102284415,1.6201643063002749,1.7947647390263675
2023-06-08,2.1345216963580573,1.763479546336626,2.311589473089424,3.153163245586985,1.467014928915263,1.5996368018747542,1.752489910706879,1.4840658167612661,1.6314414991987545,1.8082355279716325
2023-06-09,2.132953235875845,1.760859484094197,2.3111790965174643,3.156896748139764,1.4643637445261632,1.5980264890716969,1.7520715490835272,1.4812114674180046,1.629530414536633,1.8075397741350039
2023-06-12,2.1423162051317197,1.7677662939476333,2.3244833476342457,3.182336759235319,1.4692583898164129,1.6050827256696816,1.7617109649733327,1.4858970830557199,1.6363917058857367,1.8172275385305234
2023-06-13,2.1482047143984664,1.7658718226593066,2.330185391289926,3.2007542782130183,1.4661204140284787,1.6052894347614137,1.7657671692353376,1.4821322128622612,1.6357553180151532,1.8206094809477058
2023-06-14,2.1553316248337686,1.769999812474871,2.3377600669555276,3.213790709897598,1.4690029090655692,1.6093348655051019,1.7711161723546556,1.4848865905347464,1.6396718377993067,1.8259535436235435
2023-06-15,2.1745927211135156,1.7850359581719366,2.3599201629145705,3.2476931777267453,1.4811039209947814,1.6236224413174893,1.7879224882949052,1.4969122143591003,1.6539624633321521,1.8430373738812982
2023-06-16,2.167784320878405,1.778603669896081,2.3512324336049626,3.2351549675601214,1.4758869514313548,1.6179093596101297,1.7816719506933199,1.4916387229996315,1.6481241227590797,1.8365528361547252
2023-06-20,2.1521430443086516,1.7748850135247674,2.3398630292783347,3.2130144062293153,1.4737741488522693,1.6122627797292202,1.7719075291554849,1.4902509615843729,1.643385584658589,1.8275086815658486
2023-06-21,2.1447412757422146,1.7718151063190057,2.331381992237926,3.194159309344915,1.4721539374145647,1.608524475230265,1.765520941073809,1.489050464485818,1.6400763532568505,1.8213191958742472
2023-06-22,2.1369943179213386,1.7658890119320423,2.3283298093402616,3.1983782394023654,1.4663606379581469,1.6040194594835784,1.7625553639806166,1.4829680178191373,1.6351780211615987,1.8180249066869667
2023-06-23,2.1228908197463268,1.7626764139712625,2.315452053946075,3.170091468625289,1.465420662361121,1.5990433628993026,1.7529358318963588,1.4827461894317688,1.6311019686543622,1.8090374110253316
2023-06-26,2.126872123568212,1.7640277344758613,2.313593504223939,3.160886650441926,1.466971179231337,1.5993536688762902,1.7518042359142196,1.4844167357007478,1.631606138204941,1.8080408027983281
2023-06-27,2.14025247860144,1.768644683297099,2.3283051047509447,3.1934062745206315,1.469051676154784,1.605400428776567,1.7625543820891796,1.485861866614651,1.6368994080403156,1.8183642804184559
2023-06-28,2.141101322190921,1.7721938014607514,2.33075427416746,3.194401481817869,1.472243704020733,1.6077491551759817,1.763901025381068,1.4893275842824936,1.6396319827282706,1.820108440687878
2023-06-29,2.1378862360673985,1.7634253980329104,2.324014783983274,3.1923141380914357,1.4642685712199752,1.6014837346368052,1.759976224669365,1.4807057824938412,1.632548674621339,1.8154134056964857
2023-06-30,2.1551753953070762,1.7736415917992803,2.343269346001592,3.227114274282048,1.4717789347539054,1.612376243099226,1.7748938409181951,1.487768268604189,1.6429644145099795,1.8301713533484216
2023-07-03,2.160381172515082,1.7732783356267847,2.3461659446898064,3.2351457053365777,1.4707775909174567,1.6128274152819593,1.77714059451616,1.4865815034861876,1.6431570147695251,1.8322436458362494
2023-07-05,2.1524740231690775,1.7664236522709449,2.3375427283717403,3.225137482649216,1.4651581649008045,1.6068433932585395,1.7709372929371363,1.4807370730904104,1.6369295545471036,1.8257775799029279
2023-07-06,2.1313926639987577,1.7516676052059108,2.315196917171348,3.192206876806268,1.4535104422047325,1.5928045147213958,1.7545414596909938,1.4692187647390478,1.6230324669391085,1.8092531111818029
2023-07-07,2.135896289313804,1.7521686746301004,2.3172956892937293,3.19513044909107,1.4540511714487803,1.5942669208846556,1.7568990834971212,1.4694804226057379,1.6240868372279547,1.811191467992641
2023-07-10,2.1410979595676523,1.7576178679076437,2.323105056226693,3.2011546347208313,1.4585134781226214,1.5985411022451377,1.7609458934631252,1.4741501157310017,1.6286645337449863,1.81557804685978
2023-07-11,2.1552069976641874,1.7651210514886915,2.335970061138134,3.2223273466399114,1.4645155977973998,1.6065494472616129,1.7712017152613928,1.4797112796039855,1.6362046543821833,1.8256104791554135
2023-07-12,2.181834410194913,1.7835742089413071,2.3636184454097533,3.2632456340488667,1.4794128895308523,1.6244587718718426,1.7922921627469286,1.494311969646812,1.6538423601762355,1.8467962575817785
2023-07-13,2.2024425357128137,1.7990308796282877,2.3876513671815003,3.3009744911481285,1.4912704704276534,1.6388132240172895,1.8092146255300923,1.5061080953894739,1.6682311272305514,1.8641709096152717
2023-07-14,2.1950214152718486,1.7921660041348682,2.379944617648427,3.293110510533216,1.485610483018938,1.6332494019824637,1.8038575534180024,1.5001130350333574,1.6622600472909288,1.858393446540524
2023-07-17,2.1977136394912096,1.7954485096118804,2.385769310555898,3.3042422817947106,1.4881308126426118,1.6365482414368793,1.8080358654224205,1.5025542309427973,1.6655009849348477,1.8626344027172281
2023-07-18,2.2039734926916354,1.7997942008758714,2.3936557101019256,3.319427976346354,1.4921044853962675,1.6420949995427254,1.8155980624275794,1.5059991353576478,1.6705218246986946,1.8698520839217068
2023-07-19,2.20870977789203,1.8044169601482731,2.397920030421844,3.323125345731781,1.4959981449551223,1.6454949304103605,1.8185648544714739,1.5101550962162067,1.6743112966163771,1.8732447678715838
2023-07-20,2.1910647135640833,1.790017077813424,2.3758369287026015,3.2870340204921833,1.4849004210301788,1.6322767070576543,1.802927705870018,1.499159320473412,1.6609967552520786,1.8570363061770725
2023-07-21,2.1912464273738896,1.7904937223681192,2.375542726706267,3.28506005242786,1.4852484191230313,1.632207495705439,1.8023532713594335,1.4996868006501014,1.661136503223318,1.8566413628348086
2023-07-24,2.195901821806978,1.7906890650451515,2.379452636476572,3.2950746301757152,1.4851467151366942,1.6337826040731085,1.8057081585662327,1.499039676263523,1.6620051144282133,1.8593949133002206
2023-07-25,2.1998426994624243,1.7915097908717044,2.3842494588070204,3.3068122290657826,1.4857979716190624,1.6362742256309337,1.810237585288196,1.499110326265181,1.6637802187712536,1.863330834601425
2023-07-26,2.2057417520925684,1.7961374256568279,2.388858574905985,3.3101096057661135,1.4898277467376408,1.6401348837172205,1.813885172292884,1.5033046680988618,1.6678390257693216,1.8671457960262294
2023-07-27,2.183516206143392,1.7793537803430275,2.368990311850775,3.286410547715174,1.4755475800943234,1.62523019095189,1.7980374767553737,1.4889632733619174,1.6526720085861863,1.8508470875249763
2023-07-28,2.203753722485834,1.7916845354643989,2.3919935204428002,3.327065179825137,1.4852618665269843,1.6388859042883896,1.8159606307741472,1.4979206902044702,1.6654424181012755,1.8682813201353565
2023-07-31,2.2078101493284175,1.7943378307055564,2.395307510107658,3.331503337074725,1.4875637271015183,1.641384260052542,1.8187777790420925,1.5001708217139107,1.6679263975526966,1.8711364514750213
2023-08-01,2.1926168238144914,1.7833345298026884,2.380397727248469,3.3121551940200837,1.4782238616320253,1.6308066168272382,1.8069660953952682,1.4908766131372715,1.6574146692989595,1.859311066980261
2023-08-02,2.167048678455388,1.7698674665066063,2.3522610405412507,3.2594199072690717,1.4672785060882803,1.6141904136519543,1.7844031115728467,1.4814290530441645,1.642369545948378,1.837524129943755
2023-08-03,2.1592425107828292,1.760654194169808,2.343507375689911,3.2517129124324478,1.4596585830617748,1.6074756827222922,1.7785280197670048,1.4731924518996888,1.6348948312172962,1.8309725833041788
2023-08-04,2.1611073503445555,1.7687922429634697,2.3473768694021766,3.2464944379636815,1.4653941818316398,1.6104000908228997,1.7783045669884556,1.4807140647932473,1.6398748983991873,1.8325483873118114
2023-08-07,2.1696996588802584,1.7720953287790648,2.356254485785798,3.2658866999953733,1.4688245859053386,1.6163280684980919,1.7870354034739346,1.4830976755370904,1.6446018505387563,1.8403044351699367
2023-08-08,2.1599234165420835,1.7711025715995583,2.3483431911715886,3.2461439956346014,1.4676161868068653,1.6119383827133045,1.7791697548083645,1.4831389950254572,1.6415339310936419,1.8332857829994178
2023-08-09,2.1548292006495817,1.7685107984341317,2.3416545804327527,3.2307378975461045,1.4648670203566556,1.6071830287841076,1.7720857875220535,1.4812685645418449,1.637779369140457,1.8270190123777454
2023-08-10,2.1517540871235568,1.761369423684276,2.337401221152893,3.231872019365259,1.4592024713140732,1.603453563094772,1.7703486337000751,1.4745649612409089,1.6328357492437173,1.8242766956040934
2023-08-11,2.142310369546024,1.753968746109487,2.326326082916257,3.215972385989556,1.4540405276929262,1.597527596646987,1.7638270976017028,1.4690942830643228,1.6264507112516982,1.8170453993665174
2023-08-14,2.141057589142605,1.7539720253722548,2.3288309062696637,3.2250123718194246,1.4543693597159697,1.5991425874737821,1.7668865602714687,1.468904112132131,1.6273543299415354,1.819393822728832
2023-08-15,2.123850272286873,1.7443960065685338,2.310803960227528,3.192736112666169,1.4460958596185054,1.5875528973863846,1.751712884788155,1.4616376521465415,1.616847815608422,1.804903241961242
2023-08-16,2.108151124474102,1.7349995503374736,2.2950719981440737,3.1663321730054674,1.4381431891134322,1.5772938203542641,1.7388703266531917,1.4543908295074162,1.6072304073120418,1.7923087729649785
2023-08-17,2.098903486513149,1.7293898006459858,2.2845599374088073,3.146416323912951,1.433064050900915,1.5701857724506003,1.7294529115166912,1.4500745785415747,1.6009492681740687,1.7834895530325037
2023-08-18,2.099240500479386,1.7317178978886,2.2852694626267898,3.14452741184094,1.43510101161604,1.5713860326594014,1.7298384801548172,1.4524303565459462,1.6025121948252479,1.7841151450306125
2023-08-21,2.101954103141326,1.7295645156047443,2.290169980078664,3.163454867754524,1.4337191022475935,1.5736134977467076,1.7359432502923524,1.4495746707387163,1.6030130635253883,1.7888609194191685
2023-08-22,2.101433079910096,1.7296899776596923,2.288756354050184,3.1592659141207466,1.4338037973531026,1.5729309233995923,1.7345085892090437,1.4499511812100399,1.6027018326439642,1.7877576112875866
2023-08-23,2.127603890611556,1.7494277738589346,2.316702912920069,3.2004279797723547,1.450046083834018,1.591492814683545,1.755700313650504,1.466021384546207,1.6212822953457526,1.809412740112004
2023-08-24,2.1109674904029343,1.7383209614803754,2.295568551792628,3.160814239797015,1.4406812357791439,1.5781932989567706,1.73816761618314,1.457802947454876,1.60926045418717,1.7927221614780984
2023-08-25,2.1164254029700063,1.7409330838049475,2.3027199669055993,3.176419295994692,1.4430826671804224,1.5826273409438056,1.744761652334811,1.4594587553078926,1.6128162111637585,1.7986131800716192
2023-08-28,2.129902444717846,1.748689509838114,2.316271444777591,3.1992310808777753,1.4494909613043037,1.5911239091182332,1.7554918086440683,1.4653223243960973,1.6208033641152504,1.80917112275191
2023-08-29,2.155589333213993,1.76616502531476,2.344691552840465,3.24676635930045,1.4642163053963677,1.6097588340038955,1.7784882269958766,1.4791032879789494,1.6385269050551114,1.8318187723571762
2023-08-30,2.1586943829764835,1.7677922001525792,2.348277779176325,3.254816822142986,1.4660540796582566,1.612603642998312,1.7825705189044498,1.4803951276699872,1.6407651247698716,1.8353822191670084
2023-08-31,2.153346452494513,1.767723753459582,2.3455682346877955,3.248823266718704,1.4659118775212951,1.6112681926269217,1.7800077199846065,1.4807691448684868,1.639940403491658,1.8331156607082404
2023-09-01,2.15392712592218,1.762948398367821,2.3439450927142818,3.252373484592747,1.4620315624724987,1.6091545489018673,1.7797518327235173,1.4760275543546653,1.6369003485022122,1.8322169858629962
2023-09-05,2.1401764202139275,1.7531183249088538,2.3317397294135933,3.237750689015072,1.4533609945352648,1.5997147476956664,1.769402257760694,1.4675383643394497,1.6276541204684762,1.8220672388623713
2023-09-06,2.13123470833548,1.7472847929272959,2.321383028506334,3.2191321763686003,1.448790472364001,1.5935283141428176,1.7613269432388678,1.4633295478253545,1.6217756455610297,1.8140247830874439
2023-09-07,2.1282207058212776,1.748282310233638,2.3172773761595638,3.2062795721588806,1.4503866176037463,1.592930305027421,1.7584297032299623,1.46541902316461,1.6217647566869198,1.8114379631075817
2023-09-08,2.1284012327569997,1.7489168617749384,2.3184820261269596,3.208634307388671,1.4508227338515363,1.5935342397620795,1.7591943402941954,1.4659041419929664,1.6224135052901552,1.8122660913897306
2023-09-11,2.139049616967632,1.7527452717241534,2.330208217495266,3.2337714147983387,1.453153888281774,1.5989962848478827,1.7680636592276653,1.4675921723261767,1.6271822444601973,1.8208825112853804
2023-09-12,2.1316443755845205,1.7496117572476733,2.3218103408462905,3.2154797133163493,1.4507926970541674,1.5945259652546322,1.761089344511002,1.4658155943775457,1.6233062542793104,1.8142107498670286
2023-09-13,2.1289897863571037,1.7503339671734404,2.3223558000932285,3.2164133390390663,1.4509727943346413,1.5943017329323035,1.7603051690115525,1.466466643990208,1.6236196149315343,1.8139960749195239
2023-09-14,2.1426700446578932,1.7546977872935332,2.3344273314466943,3.2416243747563085,1.4540206050802356,1.600446249940552,1.7699968100706331,1.46871799569925,1.6289900839581763,1.823440049701834
2023-09-15,2.1324942327846914,1.7464286790059447,2.319180616036984,3.2126888445830803,1.4487789023694282,1.593400632807985,1.7610220699529329,1.4631003919505943,1.6212646977559872,1.8130878143286941
2023-09-18,2.1314823368863975,1.7473030321666383,2.319359381104059,3.2120890765683225,1.4499666675075515,1.5943861175618212,1.761878579253087,1.4642383273467272,1.6221486579282778,1.8136928181235423
2023-09-19,2.1258102824786436,1.7422016445119195,2.3131810129295722,3.2044215087935974,1.445849253024934,1.5901825732350483,1.7576015709199941,1.4599401658414415,1.6176951628576992,1.8090985632551368
2023-09-20,2.117921705357758,1.737017132044279,2.3018304334659367,3.18112301590018,1.4425182750647019,1.5848401437205393,1.7500054581583735,1.4567312928887266,1.6123413634812995,1.8010007246872954
2023-09-21,2.0850993123515025,1.717069467071099,2.2695778427954867,3.128383440061925,1.4266680074655627,1.5649269833760668,1.7253646985939444,1.4415118225875376,1.5928394356785045,1.775971187465185
2023-09-22,2.0889171166382905,1.7216649028687558,2.274418221268367,3.1321820709836565,1.4304760540603059,1.5685824644009587,1.7286449517483744,1.4456339036647146,1.5967447850642142,1.7793512402362555
2023-09-25,2.083238306623325,1.7139272763762259,2.269027961521542,3.1328934492531606,1.423516788028269,1.5629944867178336,1.7247115175302974,1.4380293434423763,1.5905133249375214,1.7750914020339643
2023-09-26,2.0613757470835488,1.7035707431410412,2.247645081911948,3.0924781543117783,1.4153371301674618,1.5505088091754633,1.7072116823185999,1.4309536516951065,1.5791207876979856,1.7580568384115636
2023-09-27,2.0549657052969508,1.6982623499731884,2.2432899827451225,3.090419875615152,1.4097556373752202,1.5451515543136605,1.7018349884093962,1.4257361306856104,1.574182008479387,1.7533354975278685
2023-09-28,2.0639169214254105,1.704828831644205,2.2539512754361564,3.108137247008387,1.4142398546361412,1.5505909254668069,1.7082226460473668,1.4305763753090575,1.5801628025388332,1.7606635363787093
2023-09-29,2.0607993338463126,1.7033458433200122,2.251667164882684,3.104568312313914,1.412161238407616,1.547807393827861,1.7044525039477494,1.4290478344290993,1.5780651571879791,1.757718957121663
2023-10-02,2.0464771301815143,1.6928227669768312,2.2411023416096896,3.096822494769582,1.4022701317510204,1.5379640298256092,1.6945977255834528,1.4193370428038972,1.5684655124703901,1.7483546738307356
2023-10-03,2.0221183853073854,1.6753240817562056,2.214364783743351,3.0545399294666944,1.3887302111012274,1.5217430238384737,1.6753201408082647,1.4058034935176102,1.552117285663461,1.7284945593427983
2023-10-04,2.0335131797484833,1.6864501616849485,2.228703303273438,3.0754929184421425,1.3975548634299013,1.5308894268044644,1.684949436424953,1.4150644443723706,1.56195484692959,1.7391144808339765
2023-10-05,2.0374271024269808,1.6885316971284479,2.231585842176068,3.0784355156904395,1.3990657408432479,1.5326183735005972,1.6867619806004885,1.4166038146142363,1.5637073437607363,1.7409788090116565
2023-10-06,2.0506990713340363,1.6912182192032512,2.2454827260370704,3.1121660281897685,1.400052099164241,1.5384312916637808,1.6982389240829505,1.41648975713492,1.5681530178791605,1.7514225684376483
2023-10-09,2.0654443930760307,1.7068112586616944,2.2609308939222954,3.1277137643703177,1.414025863412452,1.551620355646714,1.7108759119263572,1.4308123402314705,1.5820258821864757,1.7648880871096946
2023-10-10,2.0754752884594874,1.709801972949464,2.27070047348676,3.147906274352364,1.4155389107804432,1.555888720345219,1.718121406790822,1.4318596698201957,1.5856393759563208,1.7716406480177345
2023-10-11,2.090126343915979,1.7199078425034238,2.2843546920628457,3.1672178303462872,1.423708111710077,1.5650326116444189,1.728514310644853,1.4400053927761598,1.5948707787378829,1.7823333293694372
2023-10-12,2.0731563884332713,1.7056727512464098,2.2667866410186193,3.145491592028469,1.4120400547193919,1.5528655089483876,1.7159149572122603,1.4279830998173328,1.5822116958737986,1.7690770925356822
2023-10-13,2.0756918917482827,1.7095209547098502,2.264400295290706,3.1314855022050825,1.417647884739087,1.5566394325512807,1.7180972213714947,1.433384250150585,1.5858325600769607,1.770768328195644
2023-10-16,2.0839496975327947,1.7092349951376749,2.2726186985395467,3.1552850632763407,1.4159392601361231,1.55850926956076,1.7241508481985823,1.430888760421543,1.5867731555038982,1.7762631002568026
2023-10-17,2.0783198919660726,1.6998832073743142,2.2642034826071673,3.1490327779323044,1.4079736805729854,1.5518079920385275,1.7190926387281216,1.422288423861131,1.57921530695743,1.7703028556126748
2023-10-18,2.0589156759243927,1.6872647867674577,2.2418561031673097,3.110825626551333,1.3994001471392816,1.54045172940968,1.7049177486604261,1.4135480786725638,1.5676252765347911,1.7554091025721323
2023-10-19,2.0455421327712804,1.6776488613748033,2.226827298999713,3.0866039304180877,1.3927875914632097,1.532679512801525,1.6960051860861438,1.4065956873464835,1.5593324507030057,1.745572742042033
2023-10-20,2.034734736850407,1.6757052701525734,2.2147687216240106,3.0563401539496367,1.3926453391370395,1.5283909933615027,1.686918746659147,1.4072450691715899,1.5560347687035314,1.737121727842717
2023-10-23,2.0338348656502316,1.679111314117677,2.217100637547227,3.056655373852424,1.3956066795467827,1.5304051897741977,1.6876396796521251,1.4106550576887888,1.5585985545919734,1.7383614145346042
2023-10-24,2.0472948639977444,1.6872503908391674,2.2312670560827144,3.080836003918983,1.4015822984715132,1.5383611769529622,1.6978364400117925,1.4165503656563434,1.5664503059485697,1.7486779819404918
2023-10-25,2.0239653032771727,1.6694418456029054,2.2034813085564307,3.0351908554210274,1.3882510994982815,1.5223938737744311,1.6789002027766844,1.4030913167415902,1.550143044921356,1.7288299902957656
2023-10-26,2.0219588148198935,1.6722160030323185,2.1967857111217244,3.0101903173928792,1.3916759842019133,1.5216572371226755,1.6733564330370356,1.4075603760946782,1.5506979094544313,1.7242906986727138
2023-10-27,2.020595267692422,1.672298610612436,2.19616551839159,3.008629517745745,1.3924619846555628,1.5224395729034987,1.6742692058617998,1.4080232024751722,1.5511261754917887,1.7247500916759182
2023-10-30,2.0305433550505843,1.6750734279108115,2.207683209842804,3.035370772222194,1.3933896656131173,1.526787896882893,1.6824379274024532,1.4083980754595715,1.5547804728222878,1.7325518624336955
2023-10-31,2.034747396643785,1.6762123280969197,2.2115354887667396,3.0449214122214276,1.3935354763235728,1.5277789412575609,1.6845315917972623,1.4085738126251486,1.555890272140183,1.7350201142077313
2023-11-01,2.0527566269333466,1.6939344864285786,2.235370782719884,3.0790799485260614,1.4073759732105544,1.5425837667061595,1.7002670575892682,1.423048123374756,1.5715688251772848,1.751975554146626
2023-11-02,2.084492731990064,1.712743676902567,2.2672798704120183,3.1327449771685294,1.4229537614433818,1.5628270978451266,1.7255821757801213,1.43763404540581,1.590818298512482,1.7768643679596008
2023-11-03,2.1088814370016458,1.7284689496511452,2.2912511304776655,3.169403182473754,1.4358163667279153,1.5783976166158205,1.744033815387993,1.4500246352092483,1.6059165413556893,1.7951537083205347
2023-11-06,2.1026532612342086,1.7223465117588894,2.287679514941672,3.170952847285967,1.4307051350271482,1.5748018105562607,1.7417765862245602,1.4442934893398238,1.6014319736925433,1.7919679276291136
2023-11-07,2.1034237894665706,1.7283897874325622,2.293769990896135,3.178348923633612,1.435237361051205,1.5784839633254721,1.744588974772095,1.4494196176885725,1.6058478199176984,1.7954847060936057
2023-11-08,2.1019100666164974,1.7312015040760924,2.294681571940502,3.1765022722875775,1.4370034212615326,1.5787427574537263,1.7432182859789438,1.4518235311593226,1.6068796948904216,1.7947915299330635
2023-11-09,2.0872927357919586,1.717152612058044,2.27752478980406,3.1542939270901273,1.4258707831525015,1.5675205214572465,1.7318558116720646,1.440286652514134,1.5950959158343578,1.7827715703726474
2023-11-10,2.1010015321090516,1.726478204379685,2.296781991926319,3.1925066371716664,1.4331251697678677,1.5780721040345944,1.7459230144856566,1.4468536560509484,1.6049233143656214,1.7964842054991583
2023-11-13,2.0995381609596553,1.7253511572211306,2.2950261878346137,3.189202956468185,1.4324596894746753,1.5774380406320858,1.7452857680284788,1.4461856747926274,1.6042404941011688,1.7957544010918354
2023-11-14,2.148293014358779,1.7568724425198865,2.34205096336845,3.260623269284829,1.4583387663309884,1.6082091323393362,1.781493642643107,1.4712832322203768,1.6343916969077665,1.8320582491639206
2023-11-15,2.1474084342124966,1.7507806408653623,2.3393366752278317,3.263893995203635,1.453577628798982,1.6055585363999914,1.781001627446153,1.4655776327997618,1.6305597435132402,1.8304845100896285
2023-11-16,2.1508220279527066,1.7576957918287732,2.3439109814850783,3.264943900067288,1.4594383733999892,1.6099105265546885,1.7840762906545313,1.4721233914147298,1.6359098836306614,1.8346178654342666
2023-11-17,2.15567629291129,1.7605774333056938,2.34896145672369,3.272542854897373,1.4617859486252656,1.6131445171044532,1.7880635998079186,1.4744072232886212,1.638979118137899,1.8384408061185065
2023-11-20,2.1679732605404713,1.767739065894096,2.363068741628801,3.29870835379214,1.4675805087539882,1.6214898085821021,1.7990777592116969,1.4796050690768634,1.6466415458812154,1.8490062708527346
2023-11-21,2.1643714218618624,1.7668304607643763,2.3585219758602562,3.288002973845451,1.4672552957568055,1.6198325847130295,1.7962109499233518,1.4796581969886071,1.645494498766478,1.8465959420082345
2023-11-22,2.1670907749572432,1.768725013906482,2.362325429948822,3.2956713639160036,1.4686831951767703,1.621789120512854,1.79876405736365,1.4810225668302335,1.6474060839013704,1.8491868902487423
2023-11-24,2.1686636259344283,1.7649179335186496,2.360930070360885,3.2980115804693537,1.4659772906531492,1.6208022864140958,1.7996139260679909,1.4775702499508823,1.645546702168271,1.8493091491356202
2023-11-27,2.172102176687001,1.7715460765868212,2.3645092790288817,3.2962185623842117,1.4713830541207844,1.6243172598178395,1.8013469546711098,1.483755353047903,1.6501101978585706,1.8520625130176884
2023-11-28,2.183128070764142,1.7793503942264195,2.3739656652629266,3.3076770410460727,1.4781787054375055,1.6316047333698647,1.8093618981457933,1.4905827989283882,1.657520565619746,1.860326635606842
2023-11-29,2.1866744668859104,1.7848019012292475,2.3774819694476514,3.30762154734168,1.482507024567197,1.6345436514880172,1.8109590314964894,1.495551498217983,1.6612985820280897,1.8627415174347148
2023-11-30,2.1861530134909186,1.781143686094542,2.375429730214993,3.3086342432423863,1.4796708853478182,1.632717374089375,1.810209397101096,1.4922186775980149,1.6588714175558645,1.8614552050238866
2023-12-01,2.2090286604879403,1.7974597201554139,2.395058097724753,3.3325856305471397,1.4933754520792024,1.6470646037441843,1.8256637350654297,1.5062049924393561,1.6737974406050176,1.87780738936658
2023-12-04,2.1935803800594584,1.7875448043100377,2.3793327058210902,3.3075882312343836,1.4837595582973173,1.6348718440744239,1.810533956078456,1.497351920629141,1.6623024067234815,1.8629860746726117
2023-12-05,2.1924595888265626,1.7935099727783173,2.382463837172234,3.306232285719763,1.4879031633961304,1.6370802502963353,1.8107895141404766,1.5026252419003503,1.6657326543374071,1.8641695349332772
2023-12-06,2.1922751914000433,1.7955971223790161,2.3816878965528505,3.2992450902561146,1.489044350949977,1.6368928207493607,1.8092014396398284,1.5045577171890405,1.6664383955023103,1.8633567935240236
2023-12-07,2.201724842367752,1.8000624124575382,2.392972047204651,3.3233510286106323,1.4937168209974008,1.6443282278650162,1.8195628565672557,1.5080948185720744,1.672636134767333,1.8727708996262953
2023-12-08,2.196530536430787,1.793969363180167,2.38973039317253,3.326462032854133,1.489141858837991,1.6411926038946083,1.8176687089681818,1.5025301273295193,1.6682679725388474,1.8696516112514252
2023-12-11,2.2001254843157922,1.7963562676750524,2.39607943521656,3.3400585683880397,1.490842569608445,1.644085553092313,1.8215583672801645,1.5038013009464715,1.6706066843940655,1.8730213177983999
2023-12-12,2.205290796081185,1.8014780321919348,2.4038901974318443,3.353185984562847,1.4953051935707635,1.6493159108296045,1.8276377725674555,1.5080971354361585,1.6756512617656165,1.8789595671965718
2023-12-13,2.2436066044153025,1.8287217823634374,2.4397287013762528,3.4026177084992906,1.5178851800621804,1.6742036453332259,1.8555379859333667,1.5307455287435252,1.7010091393639448,1.9079709799964344
2023-12-14,2.2648293058641342,1.8433258518239932,2.4572814455702114,3.4227450604839067,1.5287526112831245,1.6852368076304283,1.8668387743828063,1.5423954953911267,1.7130652406174445,1.9205306788424856
2023-12-15,2.2537841221968216,1.838574389531099,2.450595104977409,3.4145572058019638,1.5248124190626977,1.680504872647006,1.8612165990371707,1.5384253783351203,1.7082157173350754,1.9145605822433938
2023-12-18,2.2570990912079507,1.8388235038291671,2.4546651415575056,3.426285314132132,1.5261850051633787,1.6838220961513994,1.8666651341732856,1.5387713039527404,1.7104326276213278,1.919125605065886
2023-12-19,2.26997172390184,1.845478952071689,2.466729729961744,3.4470581224868084,1.532216553845657,1.6920116062491726,1.8771346120893435,1.5441063418339829,1.717933365414483,1.9292237981099443
2023-12-20,2.251151372238399,1.8405837912475116,2.448771156956868,3.4060415377078543,1.5263258385874185,1.6803910739247474,1.8595792974359795,1.5407132983330216,1.7090066561838388,1.913670621121745
2023-12-21,2.2708825392141048,1.848196266912517,2.4675471629325068,3.4430605499677474,1.5337684478649936,1.6925119826909851,1.8764233623543576,1.5464623049058637,1.719290448019621,1.9292398285085501
2023-12-22,2.2725173000447048,1.8480197377292464,2.4681895925835167,3.445804629176626,1.5341780031583296,1.6935064477254387,1.8782068619950538,1.5464780071770796,1.7199231096609662,1.9307954951315638
2023-12-26,2.2839966997275245,1.8539445543849615,2.4787276690204365,3.4639912944330202,1.5396180328162745,1.7007553693181987,1.8874587569155976,1.5513873771408786,1.7266631102471606,1.939820557810799
2023-12-27,2.294963696531964,1.864402883416623,2.490407965059524,3.4764891491793675,1.54765371066242,1.7085965208362333,1.895133833047229,1.5600538746458912,1.735270370816174,1.9482990111255123
2023-12-28,2.295134994885816,1.8616505459825672,2.4892031248369726,3.477797327179382,1.54521080185018,1.7067984916496952,1.8938646455629113,1.5572725471540996,1.733052351942409,1.9466703753835235
2023-12-29,2.287982054180617,1.8566054577156592,2.482543129435202,3.467934972728451,1.5411610920366616,1.7024414210939347,1.8890006579838285,1.553223560260689,1.7285957039951372,1.9415738429343694
2024-01-02,2.274371479888208,1.846134446426617,2.4641148859174256,3.4360742181330197,1.5318287107807789,1.6903189992458318,1.8741765206850614,1.5446754276375767,1.7173709435214641,1.9274287129911956
2024-01-03,2.2569907300214327,1.840099642498357,2.4500934800923053,3.407712842058401,1.5263608059830316,1.681467038553857,1.8613480280865375,1.5402763704020606,1.709609613675415,1.9152208209704071
2024-01-04,2.2512579323586523,1.8328166779570294,2.441826941457537,3.397586769402491,1.520508976647812,1.6758453954516788,1.8559485938433569,1.53418916723877,1.7036620470644723,1.9095001910320755
2024-01-05,2.2501680223172382,1.829938878899759,2.4405291990251294,3.399374658026233,1.518409107630041,1.6747199188145774,1.8558642684807622,1.5316399783278223,1.7019747447292595,1.908891416501872
2024-01-08,2.2675396148086016,1.8420306346475002,2.4625119408000655,3.4399917821910018,1.5287309128112334,1.6883030937249783,1.8729883885705134,1.5409262281219798,1.7143656997909118,1.924996343651001
2024-01-09,2.2591400827178596,1.8390603960656895,2.4559798436476714,3.429325516996937,1.5265690727804464,1.6847623780306606,1.8682123442766727,1.539063931998052,1.7112190474549536,1.920516938537257
2024-01-10,2.2625688687968077,1.8397190826770822,2.4607574508224643,3.4421388044787173,1.5275224865851758,1.6875436728836157,1.8729579861862078,1.5392345083269017,1.7130802803699807,1.924436501486423
2024-01-11,2.2652384292021948,1.8458073009256126,2.466289299057535,3.4460438318301403,1.5323314977223568,1.6915832446364976,1.876082398822303,1.5446599580411857,1.7178076804178648,1.92815488077267
2024-01-12,2.2734589721890073,1.850679588162531,2.4725694096138473,3.453934733492714,1.5363775529544945,1.6961745450957901,1.881387369996244,1.5487569487725052,1.722568763751366,1.9338387898260145
2024-01-16,2.251610398044213,1.8360283227870002,2.452091686800915,3.4272734770232622,1.52478017095585,1.6828571275643962,1.866498993286482,1.5369841434833296,1.7090338527498554,1.918500703809558
2024-01-17,2.231821969161185,1.8258067256579968,2.4352674136376633,3.4004435547733127,1.516325266899289,1.6719280828221321,1.8527864731921748,1.5290023071974173,1.6985139108245795,1.904789744491526
2024-01-18,2.243060236117403,1.8301713660531007,2.44837864237017,3.429462899164608,1.5207538980555175,1.6802339424723247,1.865336741464561,1.5321613995421968,1.7053546747226125,1.9161884376318197
2024-01-19,2.2600707744036117,1.8388738163068132,2.4675031803755765,3.4683683981628484,1.5285889636154932,1.692111850938322,1.8818022981069102,1.5385998234507559,1.7157117509366944,1.931513002725993
2024-01-22,2.261463038386447,1.8418859138195567,2.470009672296314,3.470525041192745,1.5310332849143613,1.6940307437167943,1.8832044973005138,1.541217517922961,1.7178676228659597,1.9331097122586596
2024-01-23,2.2629112733488865,1.8407579498381132,2.472052764843549,3.478480849785177,1.5304967807574026,1.6951182053010556,1.8860591691121276,1.5400257842779863,1.718186661350594,1.9353131517681672
2024-01-24,2.262467602510837,1.8389306686221656,2.4747109528283113,3.4883178892199154,1.5289576635039737,1.6954866505350563,1.888036827547813,1.5377673752948544,1.7175209861632306,1.9361678485219556
2024-01-25,2.272610263651628,1.8468850287968863,2.4844141084692453,3.5008146257220307,1.5355796922780394,1.7024047991259543,1.8954367539031742,1.5445346020803603,1.7246978442167902,1.9439475937397395
2024-01-26,2.2701381129063947,1.844047791256499,2.4807457202977803,3.4947646702548507,1.5331897594098327,1.699920837361749,1.8926994930026728,1.5421728225550952,1.7221772480965374,1.9411158897099778
2024-01-29,2.2839105055062676,1.854830063760341,2.4963841077211804,3.519387276563452,1.542437540832941,1.7107384434250168,1.9054137373887143,1.551100628608368,1.7327638713925633,1.9538457470262642
2024-01-30,2.277837304623307,1.8536431175536685,2.4912070041159504,3.507266283141859,1.541564805003457,1.708280243785988,1.9012577928552008,1.550822137496262,1.7309639842159017,1.950182782758431
2024-01-31,2.265055763466001,1.8519664460259535,2.4767646735568833,3.467767707172737,1.5388209907117352,1.6998122669169629,1.8863586665151484,1.5503635528294848,1.72514533985611,1.937532700293494
2024-02-01,2.288909751424842,1.86757434945996,2.5010001362569936,3.506859418447069,1.5519464620552605,1.7158642614070578,1.9058425794911344,1.5629684501773415,1.7407683027850265,1.9570192394302173
2024-02-02,2.2810799050954254,1.8572283953944124,2.4978759111686113,3.520873073222422,1.5425848711822585,1.7095293231496036,1.9030872540173729,1.5526667633896367,1.7333231609692867,1.9534425185628415
2024-02-05,2.265933167941045,1.8435268606252166,2.4836403115032475,3.5065903613690974,1.53100902614116,1.698432786776497,1.8923957100608826,1.5406591063428956,1.7215599289465962,1.9419482611946426
2024-02-06,2.2825861061168773,1.8539002260484687,2.4980451226619147,3.5250627151019476,1.5393380440377047,1.7079201714231342,1.9030308873827642,1.5489878451545183,1.7310609000243522,1.9527150226300187
2024-02-07,2.2866422441998364,1.8552247621362223,2.504628347143748,3.5426232401699194,1.5401111446298916,1.7106598214432251,1.908109741603912,1.549267852613323,1.7332881259001487,1.957518486012563
2024-02-08,2.285441169478509,1.8521474260219368,2.5019677090054753,3.541794097237763,1.537548576085299,1.7084885795668288,1.9065856414941487,1.5464298950765833,1.7308404748122803,1.9557947061437524
2024-02-09,2.2910014464077477,1.854493971723556,2.5097295370345574,3.559870813957568,1.5388747398650526,1.7115714922855871,1.9115882508358597,1.5474824674561485,1.7336256641511003,1.9607185827138087
2024-02-12,2.292146560262263,1.8549751688871738,2.510390471273039,3.559574304069084,1.5390079165680712,1.7116520394006542,1.9113922153562575,1.5476919711017112,1.7337604706759757,1.9605543863275925
2024-02-13,2.2582183233640825,1.8318382380100546,2.475596428433952,3.505836080664651,1.5201314154040648,1.6890649231011228,1.8845003521100683,1.529233429169249,1.7114780818262765,1.9334756497597398
2024-02-14,2.275564629906242,1.8430983020446727,2.49516761225404,3.5391250061627675,1.5286963215038702,1.7001041936329524,1.898129082884606,1.537611001960167,1.7223445785623552,1.9472450063951683
2024-02-15,2.2928570238253227,1.852018692899231,2.5094590803759766,3.5619241775946153,1.5360942434539273,1.7095398613840525,1.9100514257773877,1.544577658271336,1.7313717837042595,1.9590153505491392
2024-02-16,2.2865484563245078,1.8451768618735849,2.5006966251753573,3.548362905221887,1.5308046105201258,1.704266963422882,1.9047132682171775,1.5390567842060514,1.725667944965458,1.9530281392478686
2024-02-20,2.286277053067942,1.8450383548168774,2.4979172488853054,3.539165876731184,1.5311627037027757,1.7039773871002164,1.9036542099452956,1.53949348193387,1.7254021683052252,1.9518184070351918
2024-02-21,2.2859919573540766,1.8418434765050526,2.4952569729029546,3.537202203730291,1.5285480950511001,1.7019389997704808,1.902327485205345,1.5365621468133555,1.722973753397109,1.9501149434888494
2024-02-22,2.307651235215811,1.8540586588799945,2.5235590193298387,3.596145036634871,1.537566074610893,1.7164735526895902,1.9231392784778594,1.5445864779492997,1.7364820313268972,1.9705572808692415
2024-02-23,2.310977075969061,1.8586904176396073,2.5269019309938843,3.5965465995784043,1.5418503840198443,1.720202748539118,1.9262835885083864,1.549089983697035,1.7404853057413894,1.9739163342890547
2024-02-26,2.3032242126311484,1.8540923141278074,2.5202792703972303,3.586761697906275,1.5380512899659255,1.7157884846752454,1.9210865098623762,1.54534799495628,1.7360870656907705,1.968626271682234
2024-02-27,2.3049094212227725,1.853430643947976,2.5219123397040857,3.5925465462507176,1.537301834920032,1.7159890601946,1.9223436918048713,1.5443559821590824,1.735987624703677,1.969656170939643
2024-02-28,2.3022354444839177,1.8544465540442385,2.517831599845172,3.580310345591422,1.5387406826026058,1.7154185249507894,1.9197767554300906,1.5462016987459741,1.7360031103622933,1.9675999679240745
2024-02-29,2.311624339659968,1.8603520437868335,2.52737399731857,3.596806235302359,1.5436120711046382,1.721552799764607,1.9275459438605176,1.5508263421300537,1.7419445486512037,1.9753695682503554
2024-03-01,2.336705334270509,1.8751473093291506,2.5519118514163592,3.6381323118416393,1.5561233552605367,1.7378502092269088,1.9485294460064662,1.5625920479918636,1.7574912892107688,1.995970535995799
2024-03-04,2.340040562468217,1.8735863900194512,2.549783148552324,3.635104579351646,1.5559764047983267,1.7384877220249362,1.950648158484589,1.5618117014630841,1.7574747157498067,1.9974858666785482
2024-03-05,2.3303706337829566,1.8732972654381945,2.538998543159654,3.603352737451749,1.5561903840516713,1.7348987621298193,1.9427985546052517,1.5632114083501993,1.7551461509343196,1.990376438406293
2024-03-06,2.3463256560686148,1.8813282750441012,2.55412944038786,3.6295528892429236,1.5629940367579909,1.7445816909296719,1.9556282739869797,1.5693057875740144,1.7639770414119684,2.0025544099034116
2024-03-07,2.3616270253251725,1.8903700393651959,2.5722652689967767,3.6643314313778994,1.5706206481997036,1.7555302690062144,1.9702815155002211,1.5762021655840786,1.7741162903422514,2.0167299614074663
2024-03-08,2.3608093441752036,1.8889700260991353,2.5653626878808184,3.6458990604613484,1.5700884123995096,1.753474937160735,1.9668292455102492,1.575911225943332,1.7723324337520885,2.0133427670705957
2024-03-11,2.35689706962079,1.8861661438850503,2.5609954211016754,3.638798480457176,1.567974629484945,1.7509962129781895,1.9640117031952882,1.5737865393148722,1.7698214291072634,2.01041581592815
2024-03-12,2.3638024869920926,1.887569024973628,2.5722347522375397,3.6686328191199706,1.5684064629608288,1.7547312302780067,1.9709994661721244,1.5734384916275745,1.7725970406827896,2.0167691100228304
2024-03-13,2.359651979080635,1.8834631179601264,2.5657850045223722,3.657649628286079,1.5657631277673354,1.7519655237364478,1.9682670232331212,1.570569770892333,1.7694989971840633,2.0135549463870444
2024-03-14,2.344975387519424,1.8718758833358304,2.551940843754681,3.6413978688957007,1.5563726428402969,1.7422504983234024,1.9581768897677647,1.5609197273602293,1.759399388377803,2.0029577469393884
2024-03-15,2.3357131273277956,1.8663154155551827,2.5406463168559457,3.6188163259551764,1.5518283352582611,1.7357722322596942,1.9494183706822485,1.556863039825884,1.7533555228696929,1.9943299673099673
2024-03-18,2.3405668263740274,1.868272934450287,2.547108797974383,3.6346946082519738,1.553527025060831,1.7391246530407787,1.9547438890594706,1.5580773946762618,1.7562285826230792,1.999408807544965
2024-03-19,2.343096146804977,1.8723314182019988,2.5520690487968096,3.6419794867831228,1.5568807746382913,1.7424627251053764,1.9580766354082884,1.561590159659608,1.7598159342345157,2.003063764310692
2024-03-20,2.3624722165356498,1.8825751471484515,2.5714583975424685,3.6772878873440655,1.565809216050819,1.7550352546046168,1.9748826407481999,1.5695904807767052,1.7713729821491977,2.0192005577024674
2024-03-21,2.3670587660578217,1.8851913783590315,2.576395384386864,3.6869582356847976,1.5678355145815508,1.7576723447786013,1.9782735801011602,1.5715210540038966,1.7739740435409455,2.02270867381805
2024-03-22,2.360329005800478,1.8867314203604912,2.574579472728873,3.6795704822904494,1.5684814052992617,1.7562690423616747,1.9743020169593544,1.573040650572279,1.7735936125304974,2.0196294214023625
2024-03-25,2.355910013270335,1.8826009080313753,2.5689724430621403,3.6711407079193292,1.5653995509968743,1.7530907845513368,1.9710729952464334,1.5698215373404703,1.7701873315733527,2.0160620528936
2024-03-26,2.3550968619925152,1.8830362698715564,2.567838790572919,3.666560966898875,1.5659593185219496,1.7532075769695576,1.9706985053888566,1.5705111852619336,1.7704194356448995,2.015701113510689
2024-03-27,2.3725146674563655,1.8930707471638026,2.58251918187025,3.689317683720775,1.5745912887292217,1.7634661194809296,1.9831181238027282,1.5787679251643978,1.7804211902246796,2.028174614637532
2024-03-28,2.3777329070075046,1.8935309779575016,2.583630307687323,3.691280383401362,1.5757924544958293,1.7656261836193772,1.9867825533990016,1.5794344111421328,1.7820183538264327,2.0313406170529134
2024-04-01,2.370480023775481,1.8835472656063472,2.5749912895018165,3.6862979007269754,1.5683896383205207,1.760036386155202,1.9834906136128396,1.5710532194694544,1.7751952587436202,2.02680721785289
2024-04-02,2.3646892649324833,1.8789483909061633,2.5662302749164416,3.669190831175987,1.565510182529167,1.7562654757016996,1.9788306188040186,1.568248718266255,1.7714626086695273,2.0220377270688243
2024-04-03,2.3710107040183477,1.8821149810223858,2.5714283734980716,3.677604940823852,1.5682909135563396,1.7600666608661448,1.9839169328744286,1.5708276053918162,1.7750630473316154,2.0270546843649924
2024-04-04,2.3573928228613825,1.8779407469019072,2.5570076157831236,3.6430904064770213,1.5652182945957394,1.7526031013861267,1.9711358984375833,1.5687997117439587,1.7688280767957965,2.0150884564526903
2024-04-05,2.3686587649417934,1.8781209518327846,2.5658767666139495,3.669648693936316,1.5654804947711891,1.7573254022436287,1.9815524790371415,1.5678501138775922,1.7721815236841327,2.0246274166087947
2024-04-08,2.376413793390746,1.879171180553781,2.5699739037938545,3.678345488608768,1.5662654753804,1.7598038686413457,1.986073983717702,1.5682104056300465,1.7740753509130092,2.028644510178176
2024-04-09,2.387633985835116,1.8866563295234178,2.5796270014008815,3.69116259896665,1.5723562949016987,1.766467328758719,1.993499090367969,1.5743390591708875,1.78088484496954,2.0363911147496063
2024-04-10,2.3512787675988283,1.861468888891649,2.5462302943975375,3.6456133034489686,1.5519553894160345,1.7438646530711033,1.9682262676033502,1.5538445538607728,1.7579408197372035,2.0103107030474616
2024-04-11,2.367323956330343,1.86819273579142,2.5613988577022093,3.677215323919728,1.5576993900389775,1.7533576184017066,1.9825145147923573,1.5588002070262432,1.7666405707382542,2.0243189974359432
2024-04-12,2.341155184718801,1.8598704762927667,2.5373614448491177,3.6255469791835333,1.5512322903162838,1.7397865616477706,1.960635583334088,1.554042427578341,1.7553498381986845,2.004367871144412
2024-04-15,2.3272957164472183,1.8469973800109847,2.5170365587604326,3.590773644656917,1.5417315948821313,1.728934718651847,1.9484642276969422,1.5444758245050054,1.7443471632625962,1.9918399167866423
2024-04-16,2.3146333891524327,1.8396914663149118,2.5059723543383665,3.5753072288313703,1.5360816880932662,1.7219409184135293,1.9401694404195786,1.5390364731985287,1.7377506843831059,1.9839969818105878
2024-04-17,2.3082467957412565,1.8410679946943795,2.500999212815063,3.556768183106558,1.5374647081365944,1.7202528700730058,1.934534745964064,1.5412488781486091,1.7369702005340515,1.9788729960825724
2024-04-18,2.305678888058053,1.8366292786384704,2.4956536163692826,3.5493499027318594,1.5339731638740544,1.7170074054365008,1.931614347383194,1.537519334159446,1.733339439093169,1.9754738076336469
2024-04-19,2.299324547008492,1.8330590306774144,2.484161002598469,3.5211718425533443,1.5315958511365353,1.711891374847395,1.9232731683139335,1.5357239164046144,1.7288620675349897,1.9674599251975566
2024-04-22,2.3059714834734057,1.837218526383511,2.4958966627795993,3.5463063197112397,1.5336901002252143,1.7161795480864313,1.9295120812936921,1.5373983095104575,1.7323537830716567,1.9727600723993914
2024-04-23,2.3217846299136067,1.8462124551112944,2.5144137626929295,3.582350113474019,1.5405267927487625,1.7264240712954781,1.9436364539060973,1.5436106220171202,1.741808974111237,1.986344444447131
2024-04-24,2.321357760091222,1.843714181883254,2.513523543249006,3.584806850706423,1.5381798066519914,1.724890174943585,1.9430495852613197,1.5409806320764,1.7398857161952832,1.985397231715359
2024-04-25,2.316490748815875,1.838311301598687,2.506332678168361,3.5742424176523953,1.534057372687145,1.7206896819623059,1.938845430527963,1.5367021453971572,1.7354279184698,1.980850254040388
2024-04-26,2.3318255292266588,1.8477106577848814,2.5247063891244466,3.60888103566738,1.5414848028018344,1.731405558695986,1.9533065583504508,1.5434978890421869,1.7453569959957353,1.9947601343393715
2024-04-29,2.3422994191842736,1.8550061881887696,2.5356064213177807,3.625248039029808,1.5471616050736534,1.7381120890263446,1.9610598471764653,1.5490681171300318,1.7518995068117296,2.002391437110961
2024-04-30,2.3109410340500114,1.837795790024497,2.504904977158526,3.5703577405015774,1.5330034517309403,1.7185396885407112,1.934879282059992,1.5359393397712786,1.733417675692395,1.976682366694114
2024-05-01,2.312588819022317,1.840820365918653,2.5045836848098184,3.5627154843866933,1.536021201221779,1.7202249954692665,1.9350984815803003,1.5394227342494364,1.7357177788781184,1.9774448607797788
2024-05-02,2.3361854266044144,1.8546084084606593,2.5295385114661952,3.6054929715319575,1.546440132879061,1.734747923335874,1.9541726029776076,1.5492375721214637,1.7493286536708523,1.9956352985021941
2024-05-03,2.3561158400435525,1.8689109838252804,2.5542437123249835,3.6492984000110256,1.5575722034293344,1.7493379515426564,1.9728158441214538,1.559958863687957,1.763447928582524,2.0140443843668763
2024-05-06,2.3684919902160537,1.8756046405692386,2.5679545394491887,3.67658738686884,1.5628830848181887,1.7575881680974628,1.98474198133675,1.5649247112028337,1.7713558741214008,2.0259421325088596
2024-05-07,2.370786849889887,1.8786282977131799,2.570444044511551,3.6782125771067813,1.565348401475486,1.7594887229555134,1.9859966794151382,1.567487054060448,1.7734350834935413,2.027384067831685
2024-05-08,2.365585942833367,1.8746512787674692,2.5663668420021897,3.674346445113214,1.562014269596636,1.7563064285472283,1.9829367099338575,1.5640644667244619,1.7700606705384625,2.0240363479299286
2024-05-09,2.38321811964048,1.8833008563231368,2.5795199254374914,3.6947724606823886,1.5690591058314254,1.765432351028076,1.9947891525892492,1.5709219733332946,1.7791028068042989,2.036160408797735
2024-05-10,2.3855052982444653,1.8819046456945108,2.5805371763577254,3.7003390974311747,1.5678198061985134,1.7656567588499217,1.9968576561032698,1.5694958627721969,1.7790742344345607,2.0380875580513873
2024-05-13,2.3866662225958164,1.8833045949081009,2.583358753821063,3.7051902269954793,1.5685233211344347,1.7665817902274343,1.9978270957661306,1.5700559372307377,1.7797255296600079,2.0386273697255857
2024-05-14,2.400310783323185,1.8913245518091064,2.596336485848373,3.726424756783156,1.5749857021665723,1.7749838961186977,2.008581906509666,1.576346682518771,1.7879628490823203,2.049422715662672
2024-05-15,2.4274492723139613,1.9092908614386286,2.624623080383257,3.7727612077588453,1.5894922448555675,1.7931509173197817,2.0312018710286095,1.5905402618072753,1.8058882133801113,2.072230587212337
2024-05-16,2.422890061354361,1.906001335094421,2.619865428965018,3.765516911741961,1.5867205110828744,1.789811999194066,2.0271688814687447,1.5878089516242757,1.802560342349691,2.0681210865060504
2024-05-17,2.428581968300479,1.9049495692605842,2.62166719709999,3.7720313343792164,1.5858526308288705,1.7909752551818454,2.03092256006971,1.5866669415076509,1.8033960744354784,2.0717592538624725
2024-05-20,2.4288790402107976,1.9047054638836554,2.6233515468647255,3.7783478582242154,1.5855846484190375,1.7915566182913565,2.032630494026833,1.5863238613633348,1.8039298939481108,2.0735533125383006
2024-05-21,2.428600021241211,1.9071265205483676,2.6250824899670206,3.779742386486804,1.5877625147520813,1.793067794097339,2.0334219799370628,1.588643619701215,1.8057209826254441,2.0746896746827517
2024-05-22,2.414708477613535,1.901219222775215,2.6155575812522036,3.764979463781506,1.582741578311642,1.7860717482592192,2.023906666991352,1.58375912408983,1.7988242278944087,2.0649916290607546
2024-05-23,2.39294406161326,1.890166401237476,2.5985264007178657,3.737964361856508,1.573705167814298,1.7743964313101617,2.0087720539890865,1.5749244583159283,1.7872069880775834,2.04945136936149
2024-05-24,2.4024175823225207,1.8958944827949558,2.6102043267875032,3.760604437011108,1.578046941425644,1.781017616031321,2.018076409357427,1.5789493532088132,1.7934203409284228,2.0584649070887964
2024-05-28,2.4013838406915937,1.8912224275931881,2.6077833211882635,3.763355360759289,1.5740610442419887,1.7786778520626911,2.017910281015954,1.5747159185372555,1.7907858517808797,2.0581804330719065
2024-05-29,2.3795539510747488,1.8788319600579508,2.5868111005806806,3.7291937352203037,1.5642196011286151,1.7653731207453585,2.0006415919157177,1.5652987461110608,1.7780642179520514,2.041332114332583
2024-05-30,2.3835065230236854,1.8828672962096973,2.586481974431667,3.7182794019608463,1.5680206688844989,1.7672387539859384,2.000086866766742,1.569500036791699,1.7804283503385436,2.041167764057576
2024-05-31,2.3918141125090777,1.889864568153443,2.5949244370702425,3.7294256357231244,1.5737183975496059,1.7731640938139335,2.0063525794619532,1.5751418475661705,1.7863667732582797,2.0475012215299615
2024-06-03,2.4032406017942693,1.8999693434014608,2.607623543730409,3.745388575442871,1.5822111057176338,1.7820816908407762,2.0156840644794265,1.5838779209086578,1.7956730818661277,2.0573737649811905
2024-06-04,2.4021819791966017,1.9043193635048907,2.6094022993810513,3.7437072894270256,1.5859712175409615,1.7840009483778012,2.015666855389331,1.5880425117923458,1.798257900815348,2.0579425587947853
2024-06-05,2.4238909033444496,1.9174414149508126,2.634473356364916,3.7907259207569552,1.5972644315846365,1.8004557525849187,2.038072728419952,1.5980573425017375,1.8130550102333074,2.0789224371791346
2024-06-06,2.42907570727139,1.9189889222064007,2.637660349239681,3.796007944802058,1.5983852093972235,1.8023677872661694,2.040873216428303,1.5991739347647638,1.814979111468281,2.081904535344782
2024-06-07,2.402186937223551,1.901013511149149,2.6160256242228117,3.7711816932311235,1.5838334608854037,1.7871477401251024,2.024772650946301,1.5837048012111024,1.798220581504502,2.0634513371848433
2024-06-10,2.4087250966842726,1.9023576502779593,2.6209338355182754,3.7828253654798045,1.5850009360860535,1.790216610444401,2.0301149097655475,1.5844588561850557,1.800775659470146,2.068485319161409
2024-06-11,2.4095293820748487,1.9076313847900266,2.625287396168856,3.787197564631309,1.5900140306635355,1.794377132863725,2.03350128982277,1.5896204241305676,1.8052313467369232,2.072120001769769
2024-06-12,2.429172940474899,1.9208315310013337,2.647135886743249,3.823962273480962,1.6009063723899146,1.80853886917921,2.051384535609032,1.5998205743734226,1.8185224720915811,2.0892970386171634
2024-06-13,2.428831121302125,1.9270250921230971,2.6511609675392815,3.825597375156258,1.6065478159679363,1.8124594538121843,2.053490519556968,1.6057484655313117,1.8228559003675915,2.0915697851165467
2024-06-14,2.4325126716972916,1.9303790997649166,2.654583705794754,3.8302933692784817,1.6097326915185959,1.8156498728625432,2.0569226639582103,1.6089954072599615,1.8262712828729701,2.09541739738984
2024-06-17,2.436712798009501,1.9297539798055143,2.661923057731485,3.853622853893211,1.609514750981934,1.819586157722799,2.0655892217437892,1.607287226607854,1.8281209420051596,2.1019042138321247
2024-06-18,2.4463524797718343,1.9368927472425523,2.6714043525271354,3.8658307872910087,1.6152568698842766,1.825914700094775,2.072500040981519,1.613127360196743,1.8345863225978722,2.1090409552029112
2024-06-20,2.444261539099694,1.9331209213668843,2.6653377259558235,3.8548994642282537,1.611972347414583,1.8219542468501817,2.067805944643574,1.6102886412104018,1.8312860521245629,2.105260144551097
2024-06-21,2.4360302802702956,1.9302664585690863,2.659125429099941,3.843262560574959,1.609637554353168,1.8179563779959595,2.0618624393634124,1.6081105554720827,1.8274013246719678,2.099087788852178
2024-06-24,2.437756210889383,1.9301471495024214,2.6564051371674866,3.8335130904253827,1.6088742190292313,1.815855257448466,2.0581307683646726,1.6080814098487493,1.8263227973498477,2.0965731840055253
2024-06-25,2.4375311966005286,1.9319505356157118,2.6617525999560905,3.8468141541505645,1.610927390700311,1.8194734146500067,2.063527319829883,1.609407965462358,1.8289312672715679,2.1007769590237935
2024-06-26,2.4288717458944555,1.9244765254018974,2.6544272681091896,3.8417100909542032,1.6049983693065335,1.814262475260555,2.0591812551487285,1.6028540400996836,1.8227840818315848,2.0952713860855554
2024-06-27,2.4380631117759974,1.929655150142535,2.6613075675908284,3.8515386920696177,1.6091944499985233,1.8190674105670022,2.06485595899275,1.6071439395679392,1.827879244789597,2.101564692334056
2024-06-28,2.4354394867275557,1.923006713047574,2.654064626529647,3.8426542607562446,1.6031499722341693,1.8133735896637357,2.0595294839158114,1.600959086020794,1.821989573554017,2.0961478140308247
2024-07-01,2.4331544887385688,1.9169478487536096,2.6520967673105877,3.8493551050384927,1.5981225520312838,1.8109897879283328,2.060196396743721,1.5951245508585166,1.818436794775353,2.095696691309063
2024-07-02,2.443632708841622,1.925304490715614,2.6654560269558054,3.8724866931604205,1.6055338053337493,1.8202440580108257,2.0715571577216414,1.6019143956643385,1.8269815286077065,2.1064633058202675
2024-07-03,2.462351229708302,1.93823694341667,2.685386113805106,3.9030912425218447,1.615732131145731,1.832669278215919,2.0862759957242165,1.6121771426924951,1.839592032217194,2.121822433747193
2024-07-05,2.4789389278662703,1.9501705877087678,2.703076138916633,3.9310074698284967,1.6257101743511695,1.8445240200523243,2.1003193251300956,1.6220949592850864,1.8515811863176388,2.136473178304994
2024-07-08,2.4758786341027856,1.9498577839073117,2.7025084367796706,3.9308042604269664,1.6256941047306257,1.8443596606997967,2.100003965969639,1.621727225616025,1.8508547574957492,2.135260026164799
2024-07-09,2.4762309611172064,1.949028867706077,2.702529455010841,3.932697614182652,1.625303690176067,1.8445541048459657,2.1008242788115687,1.6210247059575713,1.850661055555711,2.135736182753036
2024-07-10,2.4927087724340833,1.9571838420301022,2.719962875127502,3.966998808567723,1.6330477902974674,1.8565039754251722,2.1173029030329906,1.6272192964556949,1.8608420666043937,2.1508822642889003
2024-07-11,2.5037007726613623,1.9631958563525649,2.719290373601577,3.949049243450315,1.6366664045993815,1.8564829310055115,2.113642928961651,1.6328160465495993,1.8635658835540831,2.150170385069261
2024-07-12,2.5158293868094064,1.9705883885499642,2.7323580601353084,3.9718745360860597,1.6432527688062861,1.8653795617682931,2.125035858054792,1.638625726098006,1.8715555405131503,2.160827747433411
2024-07-15,2.51250803871995,1.9668325431230422,2.7278400392448248,3.9687810582555305,1.6413503848429256,1.8638509638232854,2.1242540805694365,1.635929141578177,1.8692210590957898,2.1593312765385044
2024-07-16,2.530671697049317,1.9773432582109918,2.7422300033698663,3.9890308635561054,1.6504827843195256,1.8744749662246363,2.13677094314884,1.6449664362651069,1.8800061991092252,2.1725158842049623
2024-07-17,2.5114874704308776,1.9677700815021877,2.7165928356973885,3.9316762464043853,1.6409797044954222,1.8577255623699762,2.112342522142879,1.6380993465311393,1.866376109712269,2.1504874680414305
2024-07-18,2.4949586715594427,1.958614806309837,2.700694754214818,3.9046052102352515,1.6328405742757943,1.8467243322934384,2.098229805173146,1.6308274507267724,1.8563327057939154,2.1370015162736493
2024-07-19,2.4774209821242654,1.9490506275530324,2.6839992920131817,3.8753972555791516,1.6245283958350138,1.835446684740337,2.0836717961258575,1.6230839025015733,1.8455079218764265,2.1222442968462953
2024-07-22,2.493915989013992,1.9559870844339429,2.701580041026889,3.913074074284469,1.6316308683886491,1.8475337385000978,2.1011377523081975,1.6280833526652736,1.8551749673696882,2.137769443043411
2024-07-23,2.4889485056133025,1.9542428630590394,2.6959911800326335,3.901268283635999,1.630129872847937,1.8443670329792052,2.0963624760479616,1.6271502802945461,1.8527468642775182,2.133636779634163
2024-07-24,2.455160415004043,1.9353805633071048,2.6563539794287925,3.821062080955276,1.611849319177412,1.8168851800280554,2.058764037048218,1.6125302954933964,1.8294703491830733,2.0994016250919048
2024-07-25,2.4427971600085456,1.932402881964858,2.6460424340217816,3.796586663328014,1.6084793060333638,1.809842482033108,2.0476835995274674,1.6104352694619348,1.8236568518879874,2.0887577988843358
2024-07-26,2.467539029027673,1.9462644865029186,2.6695694040157103,3.836854466478304,1.6208929501080152,1.8263204572381202,2.068722698806445,1.62150584797893,1.8387627513909286,2.108999642121188
2024-07-29,2.4682300238706096,1.9483476143916425,2.670802106990691,3.83723681440804,1.622762285604849,1.8276150205666877,2.069580348348665,1.6234843781882904,1.840230118593447,2.109944709741077
2024-07-30,2.4686568677705445,1.9482622759029375,2.6657023727544957,3.8210527942738293,1.6220051835295544,1.8245058546480837,2.0640816614075135,1.6238758456206188,1.8386779649679363,2.1060734010430497
2024-07-31,2.501496098161397,1.9691112919308909,2.703769750505246,3.8905025455541127,1.6400352024566738,1.849409480046947,2.0963518473066314,1.6402546772554165,1.8617974220596756,2.1375153754515903
2024-08-01,2.4811521462197645,1.9632267861362624,2.679231779035011,3.831786422276525,1.633163247763549,1.8334538754172152,2.071346910338198,1.6369055260505532,1.850088619387027,2.11580048675404
2024-08-02,2.4662439220592054,1.9674443559534827,2.6635316289946465,3.77745749181983,1.6439884384504135,1.836798993476945,2.0633830578754786,1.6470857416931297,1.8525925888420738,2.106651328309881
2024-08-05,2.4202985618331465,1.9473543218497624,2.6178213305261115,3.685130278370207,1.633724531890714,1.8173066699850837,2.030597768785448,1.6364378309947791,1.832478176334059,2.072737793715791
2024-08-06,2.426853174088338,1.9437724047849625,2.6225237859531823,3.706599269919955,1.627174562031861,1.814096691389559,2.0326725082362413,1.6300619103037592,1.8294335224984846,2.0749624170123435
2024-08-07,2.420534604765639,1.9368551199721273,2.6133526926736845,3.691251581995402,1.6216191033115406,1.8081965196443568,2.0262233825046883,1.6244314310300105,1.8232953041716156,2.0680215282136087
2024-08-08,2.454564416985492,1.950411773056561,2.6487475946045502,3.76725494810659,1.6270562688435233,1.8214013173773453,2.050688274299696,1.6303726118420598,1.8372942803346097,2.093840664836376
2024-08-09,2.464892878755506,1.9583247222462288,2.6601399465893953,3.784407883776632,1.633399171708699,1.828725949133624,2.059208787617746,1.6367005828339731,1.8446536580393473,2.1025068016391333
2024-08-12,2.4708738360745865,1.9626938912928036,2.665441030620043,3.7910627004606994,1.6374283668239562,1.8332326781767625,2.0643599126130843,1.6408465790349884,1.8493754220422063,2.108062609045131
2024-08-13,2.497005803907822,1.9791146610904442,2.696914255200703,3.8502235312114164,1.647751696961285,1.848032889124666,2.085239157783392,1.6513489357082587,1.8645999134027091,2.1298146773933295
2024-08-14,2.496784792556025,1.9809395372583953,2.6988093223919822,3.852582260253024,1.6494106418767664,1.8493801662680895,2.086038296779277,1.6529691670662308,1.8659220511733636,2.1305929630644886
2024-08-15,2.5147138366605044,1.9856053872734123,2.720413458984864,3.9071091884058653,1.648011875649487,1.8537594297728173,2.098908226069538,1.6520694802735318,1.8710607609534289,2.1446760855956355
2024-08-16,2.529424160307671,1.9927721905378912,2.731788771852362,3.9243307534632805,1.653699935087482,1.8614160435842533,2.1093186495036877,1.6579204963442207,1.8789303242202542,2.155446657238527
2024-08-19,2.5464554967135324,2.0016607451539152,2.750795611475389,3.9614306609967276,1.6586031730444153,1.8695722832994845,2.121962995710807,1.6629005748752563,1.887269803292818,2.168486096164
2024-08-20,2.5447537735073498,2.004215938788617,2.7496265893824026,3.9538065881625126,1.6622836300816268,1.8717808353759549,2.1220078287952986,1.6665347593014503,1.8894814014532428,2.168599253888586
2024-08-21,2.5540616150291258,2.009947875821175,2.7596248334483504,3.970718956196113,1.6662463134760361,1.877043625413035,2.1289456207697395,1.6704867659570448,1.8947693519667292,2.175640668557857
2024-08-22,2.5348807836806433,1.9971236037067528,2.7375657371585813,3.9320952037051335,1.6571102834746145,1.8650910713395599,2.1132315904805137,1.6611366669736032,1.882406204024262,2.1591368020361443
2024-08-23,2.5663874050883813,2.01383543214498,2.7665284119965365,3.9809780646862603,1.668791528017994,1.8812423216570893,2.1355513180548074,1.6728601351478223,1.8986814710698172,2.181801795047722
2024-08-26,2.5585039857329877,2.009045225217146,2.756371668649913,3.9613609109921444,1.6661420809438026,1.8771117212558222,2.1295040079419367,1.6701772992363062,1.8944644944767317,2.1755577155344583
2024-08-27,2.563155188398701,2.010904099828544,2.7606934184527825,3.969924826977009,1.6670767826290236,1.8789369673789862,2.132605639959881,1.67119816367976,1.8964131092727212,2.1788513442302646
2024-08-28,2.5505568139010073,2.0044716507911318,2.7474678410838074,3.9439150621012806,1.6633396379082965,1.8728958386924697,2.1232426219975684,1.6672774739556973,1.8900596413411672,2.1689379010554273
2024-08-29,2.551205004747991,2.003028335750119,2.7468397848891852,3.944375653679008,1.661810092502733,1.8719144464816329,2.1231119053661622,1.665828825559772,1.8891674632457371,2.168915269170806
2024-08-30,2.5581749035640415,2.0044736030915318,2.7557392462352577,3.968756403089598,1.6603861624519602,1.8729641028327184,2.127919813037355,1.6645469833261952,1.8904475417691815,2.1740939655450013
2024-09-03,2.5320945994135653,1.9963912662480434,2.725458442117766,3.896417751133483,1.6601309937950763,1.8651132480194843,2.10907333334828,1.6638101254051874,1.881853522136631,2.1539871819152308
2024-09-04,2.5334855404932917,2.0014746552288427,2.727329008459211,3.8918446381138594,1.6655126197133097,1.8690632617175642,2.1109777482737138,1.6692718505631645,1.88595488446204,2.156023771528616
2024-09-05,2.5367104088266603,2.0048136879354237,2.7301204271975443,3.8930020945725006,1.6688849624053976,1.8722027273732795,2.113753572934707,1.672744486288724,1.8892462634319371,2.159008661103501
2024-09-06,2.509407059434176,1.993224731080407,2.6994237379715584,3.827225444573686,1.6632207488353594,1.8600185438923589,2.0929611480445645,1.667223925858551,1.8771555928733883,2.1377767842333464
2024-09-09,2.528326180825246,2.002995496166349,2.7190148105496705,3.8647001635004576,1.6697189767445726,1.8699334589986627,2.1074596885969616,1.673533126525844,1.8869036583507166,2.1523518997673197
2024-09-10,2.5381990947891735,2.011140777247628,2.7291734812202084,3.8799987845115442,1.676572355381984,1.8772739736631294,2.115699683393781,1.680318785345852,1.894331547868903,2.160882222614598
2024-09-11,2.5509584112524033,2.017827657645915,2.746936771578514,3.9195493304239886,1.6795069895764918,1.883482882199815,2.126222796542603,1.6833423017321902,1.9007663782273045,2.17205690602055
2024-09-12,2.568121037927427,2.023811629874566,2.761959562947328,3.9510295952786407,1.6831746374518062,1.8908380687489905,2.1387420755690396,1.6868138124614696,1.9079321264629021,2.184646793873001
2024-09-13,2.581378487488601,2.030996685174422,2.7733688150785896,3.9699059394762073,1.6889768412482733,1.8983552565272728,2.1487057108505176,1.6924497784488404,1.9153039053977916,2.19458445883868
2024-09-16,2.586687899112513,2.034892850956285,2.777891716791278,3.973829366970905,1.6925191048939703,1.9022160787380749,2.1527827863779336,1.6959037316555094,1.9189997525130424,2.1984029090349946
2024-09-17,2.5805692945067626,2.031639280208973,2.7740075650678855,3.969601010017375,1.689519952467525,1.8987013292558723,2.148529035328317,1.6930565778797393,1.9156673483549627,2.1943558559757124
2024-09-18,2.570761630831564,2.0240068134017952,2.763737452946188,3.955059242498831,1.683130676032845,1.891506745762231,2.1403431356078633,1.6866490391656215,1.9083770842979386,2.1859212697676176
2024-09-19,2.6023069562265664,2.0379038108458722,2.7973820636626665,4.024334337863253,1.6910511602558447,1.906355314908585,2.1643688045335914,1.6944261982979538,1.9231323505100408,2.2104140055213506
2024-09-20,2.599761195609806,2.036122437489259,2.7929310458109806,4.015900460611837,1.6903882637120098,1.9050611612109751,2.162521010330393,1.6938113218742383,1.921967836208109,2.2087697990816206
2024-09-23,2.608741114898961,2.0389821039350378,2.7998812769153334,4.029564002947536,1.6920842198723023,1.9084648677218987,2.1682661459457355,1.6952661367815525,1.925046243617579,2.214174578902157
2024-09-24,2.6302691222945476,2.047831193132468,2.8183662049228997,4.061905431023854,1.6981270623780151,1.9182389511852698,2.182739383819494,1.7010543924776578,1.934407218662098,2.2282851654381566
2024-09-25,2.6193416874087,2.0402652252442484,2.8082017960119376,4.049118027268859,1.6917553811196222,1.9109909963635108,2.1745703992849137,1.6947980926468773,1.9273391674027338,2.2203424262438856
2024-09-26,2.6410759013317557,2.0480601878220144,2.829803868557625,4.090889884573964,1.6955486766941992,1.9197407450055484,2.189224421477748,1.6984164959480885,1.9356641707661573,2.234616425613383
2024-09-27,2.635986026620231,2.04915603872744,2.8262981606591744,4.0788203914841,1.6974633211629122,1.9196355932014946,2.18624670527075,1.700430886972631,1.9356925468510635,2.2316667724293104
2024-09-30,2.629755560497869,2.0453650722910273,2.8213951164957947,4.074948784591725,1.6940745155189307,1.9157862101514063,2.1821542208041023,1.6970229897752074,1.9319066554214148,2.227697487000717
2024-10-01,2.6255270157843555,2.04477302406231,2.8135236022563177,4.051250876043683,1.6956230801502203,1.914998449104081,2.1781399820500202,1.6986967139617126,1.9312265751296633,2.223594342946537
2024-10-02,2.6292201509383704,2.043592843316292,2.816502922480046,4.060567047526246,1.692982649747749,1.9133301367602713,2.177892518181068,1.6962396390651888,1.9298933504503655,2.22387565664049
2024-10-03,2.6151396986386444,2.0342694742597494,2.803335385269449,4.043025140809506,1.6855926780305428,1.9049511738190716,2.1684560521032306,1.6889144298330958,1.9214990426115588,2.2142877575951134
2024-10-04,2.6195146292189673,2.0296012706004363,2.8090873915671413,4.069435423230299,1.6778733084049686,1.9003935429058672,2.1689281813112093,1.6815591225713113,1.9174965258492782,2.215560061132257
2024-10-07,2.607688303548055,2.020337839391972,2.7949732679672543,4.044827267239668,1.6705126606781153,1.8913117593580728,2.1573601432299045,1.6742358449918568,1.908452044997619,2.2039683282368014
2024-10-08,2.6059278964557233,2.023559384380347,2.799894830299447,4.057813604992205,1.6733468115375951,1.8947873227557785,2.1619179752451902,1.6770303333338847,1.9117842083012047,2.2082859689003866
2024-10-09,2.605676490417371,2.0218254292999767,2.802135630073165,4.069743311197211,1.670537888554138,1.8932882982857362,2.1625855071478455,1.674283237286124,1.9103504694093982,2.2090196837604257
2024-10-10,2.6042449093345477,2.0207240823357693,2.800348623783381,4.06640599307193,1.6697449232679742,1.8922738356486237,2.1612381792910926,1.6736042461956113,1.9095084257035995,2.207941568195535
2024-10-11,2.6180990850923287,2.0261314453848076,2.8109120163681753,4.085653942948239,1.6732357001422797,1.8978193848514033,2.1699341870588724,1.677092548995312,1.9150968807735027,2.216762756650347
2024-10-14,2.6237951941014077,2.028298070856243,2.818217046090707,4.104237892996137,1.673745316918205,1.9001086994511511,2.175020511590005,1.6776292563068274,1.9174226725509473,2.2219116337108558
2024-10-15,2.612230145123112,2.0270371678190773,2.8034305850376766,4.065765735062072,1.6771155252896102,1.8999770933996603,2.1699194113103264,1.680543946536208,1.916470169000673,2.2154691000088276
2024-10-16,2.6232032822890146,2.0323589837566907,2.812147430825902,4.079762697487635,1.6810324064103832,1.9051963083233998,2.1770591006153204,1.6843943636021266,1.9216374950452852,2.2225877979124333
2024-10-17,2.6191130916411325,2.026088542894969,2.8069841414752523,4.077538447989121,1.6748071235004427,1.89954847999147,2.1725850995951217,1.6783316133188726,1.9162055461013283,2.2183918349707334
2024-10-18,2.6345371216925235,2.032906255016541,2.820273648693102,4.101721214242664,1.6790715263501546,1.9060019302536932,2.182267043362355,1.682682473728891,1.922872809606941,2.2284994554292457
2024-10-21,2.617268850958138,2.0202193572272225,2.805306360433641,4.085668108991817,1.6679393733280543,1.8941482594348331,2.1697932874239148,1.6717857788092516,1.9112752224402354,2.216285854650983
2024-10-22,2.618788723887465,2.0203840521695446,2.8048235604697216,4.084790362359676,1.6684469739575525,1.8948150828535613,2.1709425625621592,1.6723522261002577,1.9119835590170642,2.2174676734944008
2024-10-23,2.6021475970266192,2.0102192757452673,2.7849885029944956,4.046839285561723,1.661835756600554,1.8853889120947263,2.157580337118371,1.66541135212624,1.9019817529231033,2.2030934519797016
2024-10-24,2.611460322641889,2.0162392173167016,2.7946090559056493,4.063278255544648,1.6663774578579265,1.8911213352197602,2.1650137160296734,1.6700335282735477,1.9078715149028467,2.2108387725743412
2024-10-25,2.608297893287937,2.013752124187093,2.7932956506818614,4.065436319156277,1.6636465256035522,1.8886131811061668,2.1629399126349975,1.667479653318385,1.9056190248761684,2.2091431206273193
2024-10-28,2.6131134665386995,2.013637795691241,2.7968752391091307,4.075087746681662,1.6623441399645553,1.8885515157393769,2.16476014134173,1.6662236687870617,1.9056522145637227,2.2111126429051846
2024-10-29,2.6165995804143103,2.016667888546654,2.8020370840315025,4.085779572633744,1.6646630598839982,1.8915572951669721,2.1688573345545596,1.668755857409753,1.9089610218832185,2.215694471224278
2024-10-30,2.610339683620353,2.0123641856384826,2.7924325972120463,4.067137234704591,1.6624701968208446,1.888292079898863,2.1643390279691266,1.6664299241090066,1.905407196899737,2.2106482694189373
2024-10-31,2.5801783956477653,1.9979009540537516,2.761353412662029,4.002861376532525,1.6540715198418234,1.8741764210046428,2.1414941384127277,1.6578574666285961,1.8909222668022152,2.1870653760895298
2024-11-01,2.5768004144268373,1.9931330911270082,2.760996635374032,4.012197812017431,1.648092308887691,1.869249265980325,2.138317239236732,1.6522099504209784,1.8864910539714868,2.1845671970166562
2024-11-04,2.5842802932134687,1.9996927191807388,2.766623968518711,4.01420044018786,1.654009062016661,1.8747049533006463,2.1429753070999356,1.6581883270008948,1.8920849508799151,2.1894213578150317
2024-11-05,2.6058670739379286,2.0102805325543143,2.7886932826198283,4.057140576715923,1.6609252654801083,1.8855621493866466,2.15912605477393,1.6649669565303433,1.9027518538899548,2.205580129059433
2024-11-06,2.5913097905964166,2.001926249693113,2.7905390553400196,4.087320803779161,1.6513783413615781,1.878766994837656,2.156437931393518,1.6553253964819539,1.8958584987093716,2.202979301192378
2024-11-07,2.625116193234339,2.022573894724613,2.8239619843734616,4.141587739221227,1.66723522349562,1.8987931268294467,2.181792622471899,1.6710484611194054,1.915794580089345,2.228571856626016
2024-11-08,2.618252730980113,2.022954043684019,2.8189051481971372,4.1306524944916605,1.668466560429661,1.8978666336549006,2.1784217617615713,1.6725423832420003,1.9154168119297688,2.2259680242310287
2024-11-11,2.6052907883436083,2.0164768686687213,2.8107266369131825,4.120701258739352,1.6628668119831447,1.8914120831415544,2.1706518330406803,1.666964490610795,1.9088981621607313,2.2179605476008857
2024-11-12,2.580440485201527,2.002228614021213,2.788943506444669,4.089307170474241,1.6517336670590437,1.877585801116859,2.1536028420686115,1.6559829972508469,1.8953058360497008,2.2010801080475284
2024-11-13,2.5747134050208453,1.999951231010101,2.7842364134121143,4.081338829122187,1.64998745501157,1.8748558408808562,2.149630637629062,1.6543382537318778,1.892728501015894,2.1972582709470316
2024-11-14,2.565208864370951,1.995355301909958,2.7746767001485004,4.061738507893846,1.6470785168870317,1.8702726779692895,2.142633559771385,1.6514755408375854,1.8881422212617411,2.1900769500068087
2024-11-15,2.551584419914302,1.9875994017590157,2.755358243348561,4.017729962411613,1.64254398747853,1.8620912379961632,2.129336523395019,1.6470643921784835,1.8800159184906495,2.1764937844452836
2024-11-18,2.569581970385438,1.995867975656447,2.7703076177077754,4.044029262276913,1.6485704239069157,1.8706676349752716,2.141459049452716,1.6529135976130422,1.8884396031733344,2.188677371864049
2024-11-19,2.5779411285109317,2.001310647010094,2.778589717028239,4.058423249828123,1.6528622230414947,1.875885432851558,2.1480920085896282,1.6571968590691701,1.8937581762795432,2.195616906387346
2024-11-20,2.5771698131782976,1.9997929263117713,2.776785289424115,4.056587709583422,1.6516383456749977,1.8747086754548006,2.1471357081152687,1.65597402843468,1.892592156117432,2.1946917529681897
2024-11-21,2.584270970257261,2.0023924104390756,2.7824210229400324,4.068841209983466,1.6533014716347119,1.8776379560329155,2.1520454883265057,1.657572807281295,1.8954969095905123,2.199721991494064
2024-11-22,2.5941185972881606,2.006602069107431,2.789348254211537,4.0805882728734,1.6565442940809838,1.8821133853788963,2.1583757717682546,1.6607546307154366,1.8999351722359745,2.206135086646917
2024-11-25,2.599246354310326,2.0185646073497487,2.800951266956196,4.090176205446429,1.666964324697004,1.8914019096294916,2.165446806363579,1.6713477130388958,1.9095060239428256,2.2135129783094145
2024-11-26,2.600441259440795,2.0182063668763015,2.802667358681828,4.09796712442709,1.6661239913535972,1.8913109525474907,2.1666863991276633,1.670506565818439,1.9094784473552844,2.21495762366097
2024-11-27,2.603968073495464,2.0215579066846074,2.8035096433851487,4.091857536892812,1.6696369252406809,1.8940666368196934,2.1682264568344993,1.6740231515402377,1.9122350163944075,2.216435493465897
2024-11-29,2.6175452449235896,2.0314320513562256,2.8195978389521343,4.11883370688476,1.6775635129692497,1.9040009159666846,2.1806755454308933,1.681864946331057,1.9220823273057879,2.2289179925949156
2024-12-02,2.616198196253841,2.03234517925036,2.824485569168239,4.131884064632731,1.6775256250912367,1.904787590887922,2.182356601859349,1.681900797551804,1.922936232916062,2.230703088049232
2024-12-03,2.6173314797549185,2.030634279081357,2.8256336317154673,4.138284997873186,1.6757518477881725,1.9042124893792662,2.183238803151567,1.6799314037805764,1.9220504137357968,2.231277234532429
2024-12-04,2.6269083304929697,2.039072997838356,2.839287360343041,4.162658876237189,1.682781401771396,1.912772291902747,2.193731027413072,1.6867870898820247,1.930456430287749,2.241746962042228
2024-12-05,2.6260632442421485,2.038405299531491,2.8390167726296376,4.161564406263602,1.682022294540775,1.9121181029545875,2.192943573371884,1.6859868103663926,1.9296583517148034,2.240686004556384
2024-12-06,2.6306890409889627,2.0440021171992515,2.8467571619159395,4.174144752158841,1.6868016106747004,1.9173139339339529,2.1986758290972155,1.6907611565900829,1.9349102005798984,2.246553310093822
2024-12-09,2.6350157974424495,2.0407542476641685,2.844560000226716,4.170886555657479,1.6832217835550394,1.914485590899338,2.196673125459899,1.6872092459728805,1.9320451114291894,2.2445876100992046
2024-12-10,2.6231298284884206,2.034866669895215,2.8324217316768547,4.14931583817525,1.6789852570749255,1.9079432887972345,2.1874769441136515,1.6835148304725611,1.9262628692976265,2.236255384526838
2024-12-11,2.6357039548219703,2.0387154456332075,2.8465773130718626,4.1844923292430725,1.6815123292256904,1.9144179420270362,2.1990982780999175,1.6853668883146216,1.931891422945642,2.247231618975051
2024-12-12,2.619276524278166,2.0284270777689635,2.830578107063186,4.1588145227118885,1.6732824854145014,1.9042953792220556,2.1865848427839247,1.6771092522814512,1.921659145351075,2.23432724892409
2024-12-13,2.6134924557283252,2.023147513410383,2.827551092011487,4.161671061964325,1.668731115185865,1.900694932688503,2.184186059498784,1.6720844984741035,1.9173688008916105,2.231061116610938
2024-12-16,2.6169358029064327,2.0267813297271124,2.8349704995444043,4.178873713688193,1.6719064981109553,1.9050174591028495,2.1901517551318985,1.6750507824780356,1.9214929209792355,2.23693347498057
2024-12-17,2.609989717286344,2.023734740148927,2.828321893512982,4.165124251658025,1.6695708665222786,1.901272213691295,2.1845251260821255,1.672951026812941,1.9180193478979,2.231486413632168
2024-12-18,2.548121003089488,1.9899530824116298,2.7657248391118516,4.048634291170627,1.64300616808963,1.8641357165298236,2.1336731070466675,1.6479597807597044,1.8826757118191768,2.1817721758849427
2024-12-19,2.5401406644389395,1.9834444859121967,2.758163124280447,4.039229757644318,1.6376082286987446,1.8585120594762767,2.1276604946327193,1.6426123310690701,1.8770010263839172,2.175605564837254
2024-12-20,2.5576270443981053,1.9941153176193334,2.775291534284734,4.06962017372149,1.6464215180876103,1.86971952709174,2.142220262861954,1.6510658999531453,1.8879008810329698,2.190122258377066
2024-12-23,2.5638836624256127,1.9939050998681935,2.7826074212594625,4.091844518009913,1.6456823278863317,1.8720599348981746,2.1484853619018223,1.649599562169438,1.889234912315557,2.195338155670373
2024-12-24,2.577305864743457,2.0014283158615687,2.798647204651349,4.125365054280067,1.6517219235888505,1.881234558705076,2.1617773512577365,1.6550533203010749,1.8977004581670096,2.208038892435535
2024-12-26,2.5809404222355417,2.003230161403594,2.800660033362475,4.127412219568905,1.6531620203997077,1.8827976786832215,2.1635612208749277,1.656594950100658,1.8994320997563485,2.2100983158561256
2024-12-27,2.564300136578197,1.9932795575296334,2.7824883492559906,4.092580996044596,1.6451213632739585,1.8717990450274247,2.148614847430901,1.649035196216179,1.8889437784213396,2.19544403482972
2024-12-30,2.5520864550899196,1.9918242501811583,2.769808244145014,4.0573628682559555,1.6446522204189256,1.8667115178256846,2.1375152886244564,1.6495200018836056,1.8851343562006506,2.1855514922913906
2024-12-31,2.5507244674064724,1.9886425559210925,2.7634309423601895,4.0442647243079755,1.6419593431802286,1.8631590832915557,2.1330319401226667,1.6470416276173974,1.881874029925711,2.1814129371358506
